1321098795	20250902	202509	2025	2025.6630	LEG	LEGISLATURE						LEG													1	052	052	05	1	3.5	6	1	6	0.20964360587002	3	Oakland, California, United States	US	USCA	CA001	37.8044	-122.271	277566	0								3	Oakland, California, United States	US	USCA	CA001	37.8044	-122.271	277566	20260902123000	https://www.latimes.com/environment/story/2026-09-02/sweeping-climate-energy-legislation-goes-to-newsoms-desk
1321098796	20250902	202509	2025	2025.6630	LEG	LEGISLATURE						LEG													1	052	052	05	1	3.5	4	1	4	0.20964360587002	2	California, United States	US	USCA		36.17	-119.746	CA	0								2	California, United States	US	USCA		36.17	-119.746	CA	20260902123000	https://www.latimes.com/environment/story/2026-09-02/sweeping-climate-energy-legislation-goes-to-newsoms-desk
1321098797	20250902	202509	2025	2025.6630	PAK	PAKISTAN	PAK																		0	036	036	03	1	4.0	2	1	2	-0.14738393515107	4	Islamabad, Islamabad, Pakistan	PK	PK08	23674	33.7	73.1667	-2762812	0								4	Bishkek, Bishkek, Kyrgyzstan	KG	KG01	37216	42.8731	74.6003	-2331392	20260902123000	https://www.samaa.tv/2087356166-pakistan-to-continue-diplomacy-despite-middle-east-tensions-fo
1321098798	20260902	202609	2026	2026.6630											AFRCVL	AFRICA	AFR					CVL			1	112	112	11	3	-2.0	2	1	2	-7.47126436781609	0								4	Johannesburg, Gauteng, South Africa	SF	SF06	77364	-26.2	28.0833	-1240261	4	Johannesburg, Gauteng, South Africa	SF	SF06	77364	-26.2	28.0833	-1240261	20260902123000	https://www.africanews.com/2026/09/02/multimillion-rand-drug-lab-suspects-appear-in-safrica-court/
1321098799	20260902	202609	2026	2026.6630											AUS	AUSTRALIA	AUS								0	020	020	02	1	3.0	4	1	4	-2.46995994659546	0								2	Florida, United States	US	USFL		27.8333	-81.717	FL	2	Florida, United States	US	USFL		27.8333	-81.717	FL	20260902123000	https://www.theguardian.com/technology/2026/sep/02/ai-jobs-freelance-cleanup
1321098800	20260902	202609	2026	2026.6630											AUS	AUSTRALIA	AUS								1	190	190	19	4	-10.0	8	1	8	-4.49678800856531	0								4	Mandurah, Western Australia, Australia	AS	AS08	5522	-32.5269	115.722	-1585527	4	Mandurah, Western Australia, Australia	AS	AS08	5522	-32.5269	115.722	-1585527	20260902123000	https://www.perthnow.com.au/news/crime/police-arrest-teen-over-rock-attack-in-falcon-that-left-man-with-severe-facial-injuries--c-22815522
1321098801	20260902	202609	2026	2026.6630											BUS	BUSINESS						BUS			1	014	014	01	1	0.0	3	1	3	-1.81818181818182	0								4	Naruto, Tokushima, Japan	JA	JA39	36269	34.1833	134.617	-238521	4	Naruto, Tokushima, Japan	JA	JA39	36269	34.1833	134.617	-238521	20260902123000	https://www.manilatimes.net/2026/09/02/entertainment-lifestyle/saint-seiya-anime-author-claims-former-aide-embezzled-29m/2416827
1321098802	20260902	202609	2026	2026.6630											BUS	INVESTOR						BUS			1	040	040	04	1	1.0	10	1	10	5.24691358024692	0								3	San Francisco, California, United States	US	USCA		37.7749	-122.419	277593	3	San Francisco, California, United States	US	USCA		37.7749	-122.419	277593	20260902123000	https://www.standard-freeholder.com/press-releases/newsfile/alliance-advisors-ir-announces-2027-healthcare-meeting-program-san-francisco-and-appoints-vivian-cervantes-as-head-of-healthcare/
1321098803	20260902	202609	2026	2026.6630											BUS	CHAMBER OF COMMERCE AND INDUSTRY						BUS			1	043	043	04	1	2.8	2	1	2	2.11442786069651	0								4	New Delhi, Delhi, India	IN	IN07	17911	28.6	77.2	-2106102	4	New Delhi, Delhi, India	IN	IN07	17911	28.6	77.2	-2106102	20260902123000	https://orissadiary.com/energy-security-inseparable-from-national-security-strategic-autonomy-and-economic-resilience-dr-jitendra-singh/
1321098804	20260902	202609	2026	2026.6630											BUS	COMPANIES						BUS			0	050	050	05	1	3.5	6	1	6	0.40106951871657	0								3	Harwood, North Dakota, United States	US	USND	ND017	46.9794	-96.8806	1029332	3	Harwood, North Dakota, United States	US	USND	ND017	46.9794	-96.8806	1029332	20260902123000	https://kfgo.com/2026/09/02/north-dakota-governor-says-data-center-transparency-bill-not-needed/
1321098805	20260902	202609	2026	2026.6630											BUS	COMPANIES						BUS			0	050	050	05	1	3.5	2	1	2	0.40106951871657	0								3	Harwood, North Dakota, United States	US	USND	ND017	46.9794	-96.8806	1029332	2	North Dakota, United States	US	USND		47.5362	-99.793	ND	20260902123000	https://kfgo.com/2026/09/02/north-dakota-governor-says-data-center-transparency-bill-not-needed/
1321098806	20260902	202609	2026	2026.6630											BUS	COMPANIES						BUS			0	050	050	05	1	3.5	2	1	2	0.40106951871657	0								2	North Dakota, United States	US	USND		47.5362	-99.793	ND	2	North Dakota, United States	US	USND		47.5362	-99.793	ND	20260902123000	https://kfgo.com/2026/09/02/north-dakota-governor-says-data-center-transparency-bill-not-needed/
1321098807	20260902	202609	2026	2026.6630											BUS	BANK						BUS			0	051	051	05	1	3.4	10	1	10	4.20070011668611	0								2	Pennsylvania, United States	US	USPA		40.5773	-77.264	PA	2	Pennsylvania, United States	US	USPA		40.5773	-77.264	PA	20260902123000	https://www.bctv.org/2026/09/02/helping-harvest-calls-on-berks-schuylkill-counties-to-play-your-part/
1321098808	20260902	202609	2026	2026.6630											BUS	INDUSTRY						BUS			0	057	057	05	1	8.0	20	1	10	3.65950676213206	0								4	Tagaytay, Negros Oriental, Philippines	RP	RP46	24254	9.66667	123.133	-2455150	4	Tagaytay, Negros Oriental, Philippines	RP	RP46	24254	9.66667	123.133	-2455150	20260902123000	https://www.manilatimes.net/2026/09/02/tmt-newswire/sm-foundation-upskill-to-work-program-guarantees-jobs-for-underserved-youth/2416802
1321098809	20260902	202609	2026	2026.6630											BUS	BANK						BUS			0	060	060	06	2	6.0	10	2	10	-7.05320076498301	0								2	California, United States	US	USCA		36.17	-119.746	CA	2	California, United States	US	USCA		36.17	-119.746	CA	20260902123000	https://www.winnipegfreepress.com/arts-and-life/life/sci-tech/2026/09/02/scams-in-the-us-are-at-a-record-high-yet-most-victims-get-no-help-and-some-end-up-losing-even-more
1321098810	20260902	202609	2026	2026.6630											BUS	COMPANY						BUS			1	071	071	07	2	7.4	4	1	4	-1.81818181818182	0								4	Tokyo, Tokyo, Japan	JA	JA40	36340	35.685	139.751	-246227	4	Tokyo, Tokyo, Japan	JA	JA40	36340	35.685	139.751	-246227	20260902123000	https://www.manilatimes.net/2026/09/02/entertainment-lifestyle/saint-seiya-anime-author-claims-former-aide-embezzled-29m/2416827
1321098811	20260902	202609	2026	2026.6630											BUS	COMPANY						BUS			0	130	130	13	3	-4.4	10	1	10	-0.13315579227696	0								4	Amherstburg, Ontario, Canada	CA	CA08	29990	42.1	-83.1	-560128	4	Amherstburg, Ontario, Canada	CA	CA08	29990	42.1	-83.1	-560128	20260902123000	https://www.thepeterboroughexaminer.com/politics/political-opinion/in-light-of-trump-ontario-desperately-needs-a-strategy-all-doug-ford-has-is-a-shtick/article_3d72ddc9-904c-502a-9196-1d7b79a1e164.html
1321098812	20260902	202609	2026	2026.6630											BUS	COMPANY						BUS			0	172	172	17	4	-5.0	10	1	10	-0.13315579227696	0								4	Amherstburg, Ontario, Canada	CA	CA08	29990	42.1	-83.1	-560128	4	Amherstburg, Ontario, Canada	CA	CA08	29990	42.1	-83.1	-560128	20260902123000	https://www.thepeterboroughexaminer.com/politics/political-opinion/in-light-of-trump-ontario-desperately-needs-a-strategy-all-doug-ford-has-is-a-shtick/article_3d72ddc9-904c-502a-9196-1d7b79a1e164.html
1321098813	20260902	202609	2026	2026.6630											BUS	BANK						BUS			1	173	173	17	4	-5.0	2	1	2	-11.0671936758894	0								4	Dausa, Rajasthan, India	IN	IN24	70237	26.8833	76.3333	-2094155	4	Dausa, Rajasthan, India	IN	IN24	70237	26.8833	76.3333	-2094155	20260902123000	https://news.webindia123.com/news/Articles/India/20260902/4493856.html
1321098814	20260902	202609	2026	2026.6630											BUS	COMPANY						BUS			0	180	180	18	4	-9.0	6	1	6	-4.16124837451235	0								2	New York, United States	US	USNY		42.1497	-74.9384	NY	2	New York, United States	US	USNY		42.1497	-74.9384	NY	20260902123000	https://www.lbc.co.uk/article/milo-yiannopoulos-deported-ice-detention-5Hjdgr8_2/
1321098815	20260902	202609	2026	2026.6630											BUS	COMPANY						BUS			0	180	180	18	4	-9.0	4	1	4	-4.16124837451235	0								1	United Kingdom	UK	UK		54	-4	UK	2	New York, United States	US	USNY		42.1497	-74.9384	NY	20260902123000	https://www.lbc.co.uk/article/milo-yiannopoulos-deported-ice-detention-5Hjdgr8_2/
1321098816	20260902	202609	2026	2026.6630											CAN	CANADA	CAN								1	043	043	04	1	2.8	2	1	2	-1.18577075098814	0								4	Gulf Islands, British Columbia, Canada	CA	CA02	12541	48.8167	-123.467	-565722	4	Gulf Islands, British Columbia, Canada	CA	CA02	12541	48.8167	-123.467	-565722	20260902123000	https://www.sanjuanjournal.com/2026/09/02/across-the-dotted-line-what-the-cowichan-tribes-v-canada-ruling-means-for-the-san-juan-islands/
1321098817	20260902	202609	2026	2026.6630											CAN	CANADA	CAN								0	043	043	04	1	2.8	2	1	2	-1.18577075098814	0								4	Salt Spring Island, British Columbia, Canada	CA	CA02	12541	48.8333	-123.5	-573115	1	United Kingdom	UK	UK		54	-4	UK	20260902123000	https://www.sanjuanjournal.com/2026/09/02/across-the-dotted-line-what-the-cowichan-tribes-v-canada-ruling-means-for-the-san-juan-islands/
1321098818	20260902	202609	2026	2026.6630											CAN	CANADA	CAN								1	046	046	04	1	7.0	4	1	4	3.1413612565445	0								4	Montreal, Quebec, Canada	CA	CA10	12713	45.5	-73.5833	-569541	4	Montreal, Quebec, Canada	CA	CA10	12713	45.5	-73.5833	-569541	20260902123000	https://www.prnewswire.com/news-releases/equisoft-appoints-bob-thrall-as-chief-sales-officer-302866955.html
1321098819	20260902	202609	2026	2026.6630											CAN	CANADA	CAN								1	180	180	18	4	-9.0	2	1	2	-4.31726907630523	0								4	Toronto, Ontario, Canada	CA	CA08	12686	43.6667	-79.4167	-574890	4	Toronto, Ontario, Canada	CA	CA08	12686	43.6667	-79.4167	-574890	20260902123000	https://www.thepeterboroughexaminer.com/news/peterborough-election-charges/article_db1fceec-91e9-564c-b53d-fb2e0148717c.html
1321098820	20260902	202609	2026	2026.6630											CHE	SWISS	CHE								1	043	043	04	1	2.8	2	1	2	2.98833819241982	0								1	Switzerland	SZ	SZ		47	8	SZ	1	Switzerland	SZ	SZ		47	8	SZ	20260902123000	https://www.hindustantimes.com/lifestyle/travel/i-used-both-budget-and-premium-suitcases-and-the-difference-surprised-me-my-tried-and-tested-insights-101788349484615.html
1321098821	20260902	202609	2026	2026.6630											CHR	CHRISTIAN				CHR					1	042	042	04	1	1.9	4	1	4	-5.3921568627451	0								4	Delhi, Delhi, India	IN	IN07	17911	28.6667	77.2167	-2094230	4	Delhi, Delhi, India	IN	IN07	17911	28.6667	77.2167	-2094230	20260902123000	https://www.barandbench.com/news/delhi-high-court-seeks-response-from-state-mcd-on-pil-flagging-lack-of-burial-spaces-for-christians
1321098822	20260902	202609	2026	2026.6630											COD	KINSHASA	COD								0	042	042	04	1	1.9	1	1	1	2.83842794759826	0								4	Kinshasa, Kinshasa, Democratic Republic Of The Congo	CG	CG06	18585	-4.32972	15.315	-2049111	4	Kinshasa, Kinshasa, Democratic Republic Of The Congo	CG	CG06	18585	-4.32972	15.315	-2049111	20260902123000	https://chimpreports.com/tshisekedi-netanyahu-discuss-security-and-israeli-investment-in-dr-congo/
1321098823	20260902	202609	2026	2026.6630											COD	DEMOCRATIC REPUBLIC OF THE CONGO	COD								0	043	043	04	1	2.8	2	1	2	2.83842794759826	0								4	Kinshasa, Kinshasa, Democratic Republic Of The Congo	CG	CG06	18585	-4.32972	15.315	-2049111	4	Kinshasa, Kinshasa, Democratic Republic Of The Congo	CG	CG06	18585	-4.32972	15.315	-2049111	20260902123000	https://chimpreports.com/tshisekedi-netanyahu-discuss-security-and-israeli-investment-in-dr-congo/
1321098824	20260902	202609	2026	2026.6630											COP	POLICE						COP			1	020	020	02	1	3.0	5	1	5	-0.66225165562914	0								2	West Virginia, United States	US	USWV		38.468	-80.9696	WV	2	West Virginia, United States	US	USWV		38.468	-80.9696	WV	20260902123000	https://www.hindustantimes.com/world-news/us-news/jim-thornton-wheel-of-fortune-stars-family-net-worth-and-salary-in-focus-after-suspension-over-plane-incident-101788344080888.html
1321098825	20260902	202609	2026	2026.6630											COP	PRISON						COP			0	042	042	04	1	1.9	6	1	6	-7.85498489425981	0								1	Uganda	UG	UG		2	33	UG	1	Uganda	UG	UG		2	33	UG	20260902123000	https://www.africanews.com/2026/09/02/activists-blame-kenya-for-ugandan-opposition-figures-plight/
1321098826	20260902	202609	2026	2026.6630											COP	POLICE						COP			1	112	112	11	3	-2.0	3	1	3	-4.31726907630523	0								4	Toronto, Ontario, Canada	CA	CA08	12686	43.6667	-79.4167	-574890	4	Toronto, Ontario, Canada	CA	CA08	12686	43.6667	-79.4167	-574890	20260902123000	https://www.thepeterboroughexaminer.com/news/peterborough-election-charges/article_db1fceec-91e9-564c-b53d-fb2e0148717c.html
1321098827	20260902	202609	2026	2026.6630											CVL	LANDOWNER						CVL			0	020	020	02	1	3.0	7	1	7	-1.18577075098814	0								4	Gulf Islands, British Columbia, Canada	CA	CA02	12541	48.8167	-123.467	-565722	4	Gulf Islands, British Columbia, Canada	CA	CA02	12541	48.8167	-123.467	-565722	20260902123000	https://www.sanjuanjournal.com/2026/09/02/across-the-dotted-line-what-the-cowichan-tribes-v-canada-ruling-means-for-the-san-juan-islands/
1321098828	20260902	202609	2026	2026.6630											CVL	LANDOWNER						CVL			1	020	020	02	1	3.0	10	1	10	-3.2258064516129	0								2	Maine, United States	US	USME		44.6074	-69.3977	ME	2	Maine, United States	US	USME		44.6074	-69.3977	ME	20260902123000	https://wgme.com/news/local/lewiston-talks-trash-as-new-collection-rules-take-effect-maine-environment-cart2curb-program-casella
1321098829	20260902	202609	2026	2026.6630											CVL	VILLAGE						CVL			1	036	036	03	1	4.0	5	1	5	3.91566265060241	0								3	Hollywood, California, United States	US	USCA	CA037	34.0983	-118.327	1660757	3	Hollywood, California, United States	US	USCA	CA037	34.0983	-118.327	1660757	20260902123000	https://theedinburghreporter.co.uk/2026/09/global-stars-bring-brands-to-citys-cocktail-week/
1321098830	20260902	202609	2026	2026.6630											CVL	TOURIST						CVL			1	042	042	04	1	1.9	2	1	2	-8.61244019138758	0								4	Nuweiba, Janub Sina', Egypt	EG	EG26	66032	29.0468	34.6634	-300490	4	Nuweiba, Janub Sina', Egypt	EG	EG26	66032	29.0468	34.6634	-300490	20260902123000	https://www.hurriyetdailynews.com/16-dead-in-bus-crash-in-egypts-sinai-health-ministry-226360
1321098831	20260902	202609	2026	2026.6630											CVL	COMMUNITY						CVL			0	042	042	04	1	1.9	20	1	20	1.91427415589615	0								1	Ghana	GH	GH		8	-2	GH	1	Ghana	GH	GH		8	-2	GH	20260902123000	https://dothaneagle.com/news/community/article_2312cb8b-c579-5698-9f60-3484a82ba49d.html
1321098832	20260902	202609	2026	2026.6630											CVL	RESIDENTS						CVL			0	057	057	05	1	8.0	5	1	5	-0.75901328273245	0								4	Richmond Hill, Ontario, Canada	CA	CA08	12689	43.8667	-79.4333	-572249	4	Richmond Hill, Ontario, Canada	CA	CA08	12689	43.8667	-79.4333	-572249	20260902123000	https://www.yorkregion.com/news/richmond-hill-residents-join-city-fight-at-ontario-tribunal/article_bfd1bc01-7a96-57fb-8899-0dac3ec536a0.html
1321098833	20260902	202609	2026	2026.6630											CVL	ETHNIC GROUP						CVL			0	112	112	11	3	-2.0	8	1	8	-8.27338129496403	0								5	Bong County, Bong, Liberia	LI	LI01	147278	7	-9.66667	-2130603	5	Bong County, Bong, Liberia	LI	LI01	147278	7	-9.66667	-2130603	20260902123000	https://allafrica.com/stories/202609020416.html
1321098834	20260902	202609	2026	2026.6630											CVL	ETHNIC GROUP						CVL			0	112	112	11	3	-2.0	2	1	2	-8.27338129496403	0								4	Monrovia, Montserrado, Liberia	LI	LI14	147290	6.31056	-10.8047	-2134012	4	Monrovia, Montserrado, Liberia	LI	LI14	147290	6.31056	-10.8047	-2134012	20260902123000	https://allafrica.com/stories/202609020416.html
1321098835	20260902	202609	2026	2026.6630											CVL	ETHNIC GROUP						CVL			0	180	180	18	4	-9.0	8	1	8	-8.27338129496403	0								5	Bong County, Bong, Liberia	LI	LI01	147278	7	-9.66667	-2130603	5	Bong County, Bong, Liberia	LI	LI01	147278	7	-9.66667	-2130603	20260902123000	https://allafrica.com/stories/202609020416.html
1321098836	20260902	202609	2026	2026.6630											CVL	ETHNIC GROUP						CVL			0	180	180	18	4	-9.0	2	1	2	-8.27338129496403	0								4	Monrovia, Montserrado, Liberia	LI	LI14	147290	6.31056	-10.8047	-2134012	5	Bong County, Bong, Liberia	LI	LI01	147278	7	-9.66667	-2130603	20260902123000	https://allafrica.com/stories/202609020416.html
1321098837	20260902	202609	2026	2026.6630											EDU	STUDENT						EDU			0	040	040	04	1	1.0	20	1	20	1.91427415589615	0								1	Ghana	GH	GH		8	-2	GH	1	Ghana	GH	GH		8	-2	GH	20260902123000	https://dothaneagle.com/news/community/article_2312cb8b-c579-5698-9f60-3484a82ba49d.html
1321098838	20260902	202609	2026	2026.6630											EDU	SCHOOL						EDU			1	043	043	04	1	2.8	1	1	1	-0.34028073160357	0								4	Ado Ekiti, Ekiti, Nigeria	NI	NI54	22967	7.621	5.2215	-1997414	4	Ado Ekiti, Ekiti, Nigeria	NI	NI54	22967	7.621	5.2215	-1997414	20260902123000	https://techcabal.com/2026/09/02/my-life-in-tech-kayode-adeniyi-geospatial-engineer-ai-water/
1321098839	20260902	202609	2026	2026.6630											EDU	SCHOOL						EDU			1	043	043	04	1	2.8	1	1	1	-0.34028073160357	0								4	Ilorin, Kwara, Nigeria	NI	NI30	191168	8.5	4.55	-2012174	4	Ilorin, Kwara, Nigeria	NI	NI30	191168	8.5	4.55	-2012174	20260902123000	https://techcabal.com/2026/09/02/my-life-in-tech-kayode-adeniyi-geospatial-engineer-ai-water/
1321098840	20260902	202609	2026	2026.6630											EDU	SCHOLAR						EDU			1	043	043	04	1	2.8	4	1	2	3.65950676213206	0								4	Pasay City, Pasay, Philippines	RP	RPE9	24210	14.5518	120.994	-2445008	4	Pasay City, Pasay, Philippines	RP	RPE9	24210	14.5518	120.994	-2445008	20260902123000	https://www.manilatimes.net/2026/09/02/tmt-newswire/sm-foundation-upskill-to-work-program-guarantees-jobs-for-underserved-youth/2416802
1321098841	20260902	202609	2026	2026.6630											EDU	SCHOOL						EDU			1	061	061	06	2	6.4	10	1	10	-2.33333333333333	0								4	Delhi, Delhi, India	IN	IN07	17911	28.6667	77.2167	-2094230	4	Delhi, Delhi, India	IN	IN07	17911	28.6667	77.2167	-2094230	20260902123000	https://www.jagranjosh.com/news/madhya-pradesh-school-closures-2426-schools-shut-or-merged-in-2025-2026-udise-report-reveals-187058
1321098842	20260902	202609	2026	2026.6630											EGY	EGYPT	EGY								1	042	042	04	1	1.9	2	1	2	-8.61244019138758	0								4	Nuweiba, Janub Sina', Egypt	EG	EG26	66032	29.0468	34.6634	-300490	4	Nuweiba, Janub Sina', Egypt	EG	EG26	66032	29.0468	34.6634	-300490	20260902123000	https://www.hurriyetdailynews.com/16-dead-in-bus-crash-in-egypts-sinai-health-ministry-226360
1321098843	20260902	202609	2026	2026.6630											EGY	EGYPTIAN	EGY								0	043	043	04	1	2.8	10	1	10	0	0								4	Giza, Al Jizah, Egypt	EG	EG08	65350	30.0086	31.2122	-290326	4	Giza, Al Jizah, Egypt	EG	EG08	65350	30.0086	31.2122	-290326	20260902123000	https://www.al-monitor.com/originals/2026/09/china-expands-egypt-investments-first-xi-visit-decade
1321098844	20260902	202609	2026	2026.6630											ELI	RETIRED						ELI			1	036	036	03	1	4.0	12	1	12	1.70648464163823	0								4	Presov, Preovský, Slovak Republic	LO	LO05	25473	48.9984	21.2339	-845236	4	Presov, Preovský, Slovak Republic	LO	LO05	25473	48.9984	21.2339	-845236	20260902123000	https://www.penbaypilot.com/affiliate-post/seeing-ourselves-course-human-behavior/273928
1321098845	20260902	202609	2026	2026.6630											ELI	RETIRED						ELI			1	043	043	04	1	2.8	2	1	2	-1.62337662337663	0								5	Uttar Pradesh, Uttar Pradesh, India	IN	IN36	17938	27.25	80.75	-2113996	5	Uttar Pradesh, Uttar Pradesh, India	IN	IN36	17938	27.25	80.75	-2113996	20260902123000	https://www.hindustantimes.com/india-news/retired-air-marshal-jitendra-mishra-who-led-air-ops-in-op-sindoor-to-head-ram-temple-trust-all-you-need-to-know-101788349934693.html
1321098846	20260902	202609	2026	2026.6630											ELIMIL	RETIRED						ELI	MIL		1	043	043	04	1	2.8	8	1	8	-1.62337662337663	0								5	Uttar Pradesh, Uttar Pradesh, India	IN	IN36	17938	27.25	80.75	-2113996	5	Uttar Pradesh, Uttar Pradesh, India	IN	IN36	17938	27.25	80.75	-2113996	20260902123000	https://www.hindustantimes.com/india-news/retired-air-marshal-jitendra-mishra-who-led-air-ops-in-op-sindoor-to-head-ram-temple-trust-all-you-need-to-know-101788349934693.html
1321098847	20260902	202609	2026	2026.6630											ESP	SPANISH	ESP								1	040	040	04	1	1.0	6	1	6	0.24630541871921	0								1	Panama	PM	PM		9	-80	PM	1	Panama	PM	PM		9	-80	PM	20260902123000	https://www.idea.int/news/findings-voter-turnout-among-temporary-indigenous-migrants-ngabe-bugle-comarca-panama
1321098848	20260902	202609	2026	2026.6630											EUR	EUROPEAN	EUR								0	037	037	03	1	5.0	5	1	5	1.38050043140638	0								1	Armenia	AM	AM		40	45	AM	1	Armenia	AM	AM		40	45	AM	20260902123000	http://en.kremlin.ru/events/president/news/80662
1321098849	20260902	202609	2026	2026.6630											GBR	UNITED KINGDOM	GBR								0	010	010	01	1	0.0	4	1	4	-5.55555555555556	0								4	Ayrshire, South Ayrshire, United Kingdom	UK	UKW4	40176	55.5	-4.5	-2588891	4	Ayrshire, South Ayrshire, United Kingdom	UK	UKW4	40176	55.5	-4.5	-2588891	20260902123000	https://www.dailyrecord.co.uk/ayrshire/nurse-struck-after-mortuary-jibe-37618642
1321098850	20260902	202609	2026	2026.6630											GBR	UNITED KINGDOM	GBR								1	020	020	02	1	3.0	8	1	8	-3.94736842105263	0								4	Ellon, Aberdeenshire, United Kingdom	UK	UKT6	40171	57.35	-2.08333	-2595526	4	Ellon, Aberdeenshire, United Kingdom	UK	UKT6	40171	57.35	-2.08333	-2595526	20260902123000	https://www.dailyrecord.co.uk/news/scottish-news/woman-found-dead-aberdeenshire-home-37618421
1321098851	20260902	202609	2026	2026.6630											GBR	UNITED KINGDOM	GBR								1	043	043	04	1	2.8	2	1	2	-3.94736842105263	0								4	Ellon, Aberdeenshire, United Kingdom	UK	UKT6	40171	57.35	-2.08333	-2595526	4	Ellon, Aberdeenshire, United Kingdom	UK	UKT6	40171	57.35	-2.08333	-2595526	20260902123000	https://www.dailyrecord.co.uk/news/scottish-news/woman-found-dead-aberdeenshire-home-37618421
1321098852	20260902	202609	2026	2026.6630											GBRCOP	SCOTLAND	GBR					COP			1	043	043	04	1	2.8	3	1	3	-3.94736842105263	0								4	Ellon, Aberdeenshire, United Kingdom	UK	UKT6	40171	57.35	-2.08333	-2595526	4	Ellon, Aberdeenshire, United Kingdom	UK	UKT6	40171	57.35	-2.08333	-2595526	20260902123000	https://www.dailyrecord.co.uk/news/scottish-news/woman-found-dead-aberdeenshire-home-37618421
1321098853	20260902	202609	2026	2026.6630											GBRGOV	UNITED KINGDOM	GBR					GOV			1	051	051	05	1	3.4	1	1	1	-4.16124837451235	0								2	New York, United States	US	USNY		42.1497	-74.9384	NY	2	New York, United States	US	USNY		42.1497	-74.9384	NY	20260902123000	https://www.lbc.co.uk/article/milo-yiannopoulos-deported-ice-detention-5Hjdgr8_2/
1321098854	20260902	202609	2026	2026.6630											GHA	GHANA	GHA								0	046	046	04	1	7.0	8	1	8	1.91427415589615	0								1	Liberia	LI	LI		6.5	-9.5	LI	1	Liberia	LI	LI		6.5	-9.5	LI	20260902123000	https://dothaneagle.com/news/community/article_2312cb8b-c579-5698-9f60-3484a82ba49d.html
1321098855	20260902	202609	2026	2026.6630											GHA	GHANA	GHA								0	192	192	19	4	-9.5	8	1	8	1.91427415589615	0								1	Ghana	GH	GH		8	-2	GH	1	Ghana	GH	GH		8	-2	GH	20260902123000	https://dothaneagle.com/news/community/article_2312cb8b-c579-5698-9f60-3484a82ba49d.html
1321098856	20260902	202609	2026	2026.6630											GHAEDU	GHANA	GHA					EDU			0	043	043	04	1	2.8	12	1	12	1.91427415589615	0								1	Ghana	GH	GH		8	-2	GH	1	Ghana	GH	GH		8	-2	GH	20260902123000	https://dothaneagle.com/news/community/article_2312cb8b-c579-5698-9f60-3484a82ba49d.html
1321098857	20260902	202609	2026	2026.6630											GOV	GOVERNMENT						GOV			0	014	014	01	1	0.0	6	1	6	-4.7945205479452	0								4	Manila, Manila, Philippines	RP	RPD9	24210	14.6042	120.982	-2437894	4	Manila, Manila, Philippines	RP	RPD9	24210	14.6042	120.982	-2437894	20260902123000	https://www.rappler.com/business/vat-system-loss-removal-november-2026/
1321098858	20260902	202609	2026	2026.6630											GOV	PRESIDENT						GOV			1	036	036	03	1	4.0	5	1	5	0.485436893203883	0								1	Indonesia	ID	ID		-5	120	ID	1	Indonesia	ID	ID		-5	120	ID	20260902123000	http://en.kremlin.ru/events/president/news/80667
1321098859	20260902	202609	2026	2026.6630											GOV	PRESIDENT						GOV			1	040	040	04	1	1.0	5	1	5	1.38050043140638	0								1	Armenia	AM	AM		40	45	AM	1	Russia	RS	RS		60	100	RS	20260902123000	http://en.kremlin.ru/events/president/news/80662
1321098860	20260902	202609	2026	2026.6630											GOV	FOREIGN MINIST						GOV			0	040	040	04	1	1.0	10	1	10	6.73400673400673	0								1	Kyrgyzstan	KG	KG		41	75	KG	1	Kyrgyzstan	KG	KG		41	75	KG	20260902123000	https://www.samaa.tv/2087356158-pakistan-kyrgyzstan-agree-to-maintain-contact-on-regional-global-issues
1321098861	20260902	202609	2026	2026.6630											GOV	MINISTRY						GOV			0	042	042	04	1	1.9	5	1	5	-3.03030303030303	0								5	West Kalimantan, Kalimantan Barat, Indonesia	ID	ID11	18585	0	110.5	-2680737	5	West Kalimantan, Kalimantan Barat, Indonesia	ID	ID11	18585	0	110.5	-2680737	20260902123000	https://kfgo.com/2026/09/02/wildfire-haze-forces-1-4-million-indonesian-students-into-remote-learning/
1321098862	20260902	202609	2026	2026.6630											GOV	MINIST						GOV			1	043	043	04	1	2.8	10	1	10	-1.94174757281553	0								4	Johannesburg, Gauteng, South Africa	SF	SF06	77364	-26.2	28.0833	-1240261	4	Johannesburg, Gauteng, South Africa	SF	SF06	77364	-26.2	28.0833	-1240261	20260902123000	https://www.gov.za/news/media-advisories/government-activities/minister-mmamoloko-kubayi-addresses-university
1321098863	20260902	202609	2026	2026.6630											GOV	PRINCE						GOV			1	043	043	04	1	2.8	6	1	6	3.64963503649635	0								4	Paris, France (general), France	FR	FR00	16282	48.8667	2.33333	-1456928	4	Paris, France (general), France	FR	FR00	16282	48.8667	2.33333	-1456928	20260902123000	https://www.hellomagazine.com/homes/921212/earl-charles-spencer-althorp-security-sign/
1321098864	20260902	202609	2026	2026.6630											GOV	MINIST FOR COMMERCE						GOV			0	043	043	04	1	2.8	10	1	10	6.73400673400673	0								1	Kyrgyzstan	KG	KG		41	75	KG	1	Kyrgyzstan	KG	KG		41	75	KG	20260902123000	https://www.samaa.tv/2087356158-pakistan-kyrgyzstan-agree-to-maintain-contact-on-regional-global-issues
1321098865	20260902	202609	2026	2026.6630											GOV	CHIEF MINISTER						GOV			1	046	046	04	1	7.0	2	1	2	-1.83673469387755	0								4	Midnapore, West Bengal, India	IN	IN28	70296	22.4333	87.3333	-2104355	4	Howrah, West Bengal, India	IN	IN28	70294	22.5892	88.3103	-2097144	20260902123000	https://www.hindustantimes.com/india-news/ncpi-may-form-coalition-with-bjp-in-upcoming-bengal-municipal-polls-say-leaders-101788349835385.html
1321098866	20260902	202609	2026	2026.6630											GOV	CHIEF MINISTER						GOV			1	046	046	04	1	7.0	8	1	8	-1.83673469387755	0								4	Midnapore, West Bengal, India	IN	IN28	70296	22.4333	87.3333	-2104355	4	Midnapore, West Bengal, India	IN	IN28	70296	22.4333	87.3333	-2104355	20260902123000	https://www.hindustantimes.com/india-news/ncpi-may-form-coalition-with-bjp-in-upcoming-bengal-municipal-polls-say-leaders-101788349835385.html
1321098867	20260902	202609	2026	2026.6630											GOV	AUTHORITIES						GOV			1	046	046	04	1	7.0	2	1	2	-3.77358490566038	0								1	Portugal	PO	PO		39.5	-8	PO	1	Portugal	PO	PO		39.5	-8	PO	20260902123000	https://www.lbc.co.uk/article/british-woman-stabbed-portugal-hotel-5HjdgrM_2/
1321098868	20260902	202609	2026	2026.6630											HLH	HOSPITAL						HLH			1	020	020	02	1	3.0	10	1	10	0.20387359836902	0								1	India	IN	IN		20	77	IN	1	India	IN	IN		20	77	IN	20260902123000	https://americanbazaaronline.com/2026/09/02/how-india-built-a-new-model-for-robotic-surgery-487428/
1321098869	20260902	202609	2026	2026.6630											IND	ASSAM	IND								1	0841	084	08	2	7.0	5	1	5	0	0								0								0								20260902123000	https://www.jagranjosh.com/news/assam-neet-counselling-2026-round-1-seat-allotment-result-at-dme-assam-gov-in-pdf-direct-link-here-187056
1321098870	20260902	202609	2026	2026.6630											IRN	IRAN	IRN								0	130	130	13	3	-4.4	2	1	2	-4.78764478764479	0								4	Tehran, Tehran, Iran	IR	IR26	41130	35.75	51.5148	10074674	1	United Arab Emirates	AE	AE		24	54	AE	20260902123000	https://www.npr.org/2026/09/02/g-s1-141500/us-iran-war
1321098871	20260902	202609	2026	2026.6630											ITA	ITALY	ITA								1	042	042	04	1	1.9	2	1	2	-1.93704600484261	0								4	Po River, Italy (general), Italy	IT	IT00	18416	44.9747	12.0544	-125040	4	Adriatic Sea, Oceans (general), Oceans	OS	OS00	14566	43	16	-109964	20260902123000	https://www.manilatimes.net/2026/09/02/business/foreign-business/italy-has-started-exporting-a-delicacy-prized-abroad-reviled-at-home/2416851
1321098872	20260902	202609	2026	2026.6630											JAN	JAIN				JAN					1	040	040	04	1	1.0	8	1	8	-0.32362459546925	0								1	India	IN	IN		20	77	IN	1	India	IN	IN		20	77	IN	20260902123000	https://www.hindustantimes.com/lifestyle/health/the-internet-says-earphones-cause-earwax-build-up-here-s-what-ent-expert-says-about-this-health-claim-101788341800489.html
1321098873	20260902	202609	2026	2026.6630											JEW	RABBI				JEW					1	040	040	04	1	1.0	6	1	6	-6.55737704918033	0								1	Lithuania	LH	LH		56	24	LH	1	Lithuania	LH	LH		56	24	LH	20260902123000	https://www.israelnationalnews.com/news/432597
1321098874	20260902	202609	2026	2026.6630											JPN	JAPAN	JPN								1	010	010	01	1	0.0	1	1	1	-1.81818181818182	0								4	Naruto, Tokushima, Japan	JA	JA39	36269	34.1833	134.617	-238521	4	Naruto, Tokushima, Japan	JA	JA39	36269	34.1833	134.617	-238521	20260902123000	https://www.manilatimes.net/2026/09/02/entertainment-lifestyle/saint-seiya-anime-author-claims-former-aide-embezzled-29m/2416827
1321098875	20260902	202609	2026	2026.6630											JPN	JAPAN	JPN								1	010	010	01	1	0.0	1	1	1	-1.81818181818182	0								1	Greece	GR	GR		39	22	GR	1	Greece	GR	GR		39	22	GR	20260902123000	https://www.manilatimes.net/2026/09/02/entertainment-lifestyle/saint-seiya-anime-author-claims-former-aide-embezzled-29m/2416827
1321098876	20260902	202609	2026	2026.6630											JPN	JAPAN	JPN								1	042	042	04	1	1.9	5	1	5	-0.83160083160083	0								4	Kengamine, Japan (general), Japan	JA	JA00	36585	38.5833	140.017	-246998	4	Kengamine, Japan (general), Japan	JA	JA00	36585	38.5833	140.017	-246998	20260902123000	https://www.jagranjosh.com/general-knowledge/tallest-mountain-in-japan-1820011929-1
1321098877	20260902	202609	2026	2026.6630											JPNBUS	JAPAN	JPN					BUS			1	014	014	01	1	0.0	1	1	1	-1.81818181818182	0								4	Naruto, Tokushima, Japan	JA	JA39	36269	34.1833	134.617	-238521	4	Naruto, Tokushima, Japan	JA	JA39	36269	34.1833	134.617	-238521	20260902123000	https://www.manilatimes.net/2026/09/02/entertainment-lifestyle/saint-seiya-anime-author-claims-former-aide-embezzled-29m/2416827
1321098878	20260902	202609	2026	2026.6630											JUD	PROSECUTOR						JUD			0	020	020	02	1	3.0	6	1	6	-4.94296577946768	0								4	Manila, Manila, Philippines	RP	RPD9	24210	14.6042	120.982	-2437894	4	Manila, Manila, Philippines	RP	RPD9	24210	14.6042	120.982	-2437894	20260902123000	https://www.rappler.com/philippines/senate-impeachment-court-eyes-adjustments-sara-duterte-trial-schedule/
1321098879	20260902	202609	2026	2026.6630											JUD	MAGISTRATE						JUD			0	040	040	04	1	1.0	2	1	2	-1.83673469387755	0								4	Howrah, West Bengal, India	IN	IN28	70294	22.5892	88.3103	-2097144	4	Kolkata, West Bengal, India	IN	IN28	70294	22.5697	88.3697	-2092511	20260902123000	https://www.hindustantimes.com/india-news/ncpi-may-form-coalition-with-bjp-in-upcoming-bengal-municipal-polls-say-leaders-101788349835385.html
1321098880	20260902	202609	2026	2026.6630											JUD	MAGISTRATE						JUD			0	040	040	04	1	1.0	8	1	8	-1.83673469387755	0								4	Jalpaiguri, West Bengal, India	IN	IN28	17952	26.5167	88.7333	-2098161	4	Howrah, West Bengal, India	IN	IN28	70294	22.5892	88.3103	-2097144	20260902123000	https://www.hindustantimes.com/india-news/ncpi-may-form-coalition-with-bjp-in-upcoming-bengal-municipal-polls-say-leaders-101788349835385.html
1321098881	20260902	202609	2026	2026.6630											JUD	SUPREME COURT						JUD			1	040	040	04	1	1.0	10	1	10	2.57826887661142	0								4	Mohana, Orissa, India	IN	IN21	70213	19.45	84.2667	-2104649	4	Mohana, Orissa, India	IN	IN21	70213	19.45	84.2667	-2104649	20260902123000	https://www.barandbench.com/news/litigation/supreme-court-to-consider-bci-reconstitution-after-state-bar-elections-ag-sg-to-be-consulted-before-any-bci-decision
1321098882	20260902	202609	2026	2026.6630											JUD	TRIBUNAL						JUD			0	100	100	10	3	-5.0	7	1	7	-0.75901328273245	0								4	Richmond Hill, Ontario, Canada	CA	CA08	12689	43.8667	-79.4333	-572249	4	Richmond Hill, Ontario, Canada	CA	CA08	12689	43.8667	-79.4333	-572249	20260902123000	https://www.yorkregion.com/news/richmond-hill-residents-join-city-fight-at-ontario-tribunal/article_bfd1bc01-7a96-57fb-8899-0dac3ec536a0.html
1321098883	20260902	202609	2026	2026.6630											JUD	SUPREME COURT						JUD			0	190	190	19	4	-10.0	5	1	5	-7.60667903525046	0								2	Florida, United States	US	USFL		27.8333	-81.717	FL	2	Florida, United States	US	USFL		27.8333	-81.717	FL	20260902123000	https://www.ibtimes.co.uk/whistleblower-reveals-trumps-usps-plan-could-disrupt-mail-ballot-counting-congress-moves-1817440
1321098884	20260902	202609	2026	2026.6630											KGZGOV	KYRGYZ	KGZ					GOV			1	043	043	04	1	2.8	3	1	3	5.39419087136929	0								4	Bishkek, Bishkek, Kyrgyzstan	KG	KG01	37216	42.8731	74.6003	-2331392	4	Bishkek, Bishkek, Kyrgyzstan	KG	KG01	37216	42.8731	74.6003	-2331392	20260902123000	https://www.samaa.tv/2087356154-pakistan-kyrgyzstan-set-trade-target-of-200m-sign-16-agreements
1321098885	20260902	202609	2026	2026.6630											KOR	SOUTH KOREA	KOR								0	042	042	04	1	1.9	1	1	1	5.5379746835443	0								4	Lake Como, Lombardia, Italy	IT	IT09	18360	46	9.28333	-116053	4	Lake Como, Lombardia, Italy	IT	IT09	18360	46	9.28333	-116053	20260902123000	https://www.dailymail.com/tvshowbiz/article-16098763/George-Clooney-fine-spirits-best-moves-Venice-photocall-Lifetime-Achievement-award.html
1321098886	20260902	202609	2026	2026.6630											KOR	SOUTH KOREA	KOR								0	042	042	04	1	1.9	2	1	2	5.5379746835443	0								3	Hollywood, California, United States	US	USCA	CA037	34.0983	-118.327	1660757	3	Hollywood, California, United States	US	USCA	CA037	34.0983	-118.327	1660757	20260902123000	https://www.dailymail.com/tvshowbiz/article-16098763/George-Clooney-fine-spirits-best-moves-Venice-photocall-Lifetime-Achievement-award.html
1321098887	20260902	202609	2026	2026.6630											KWT	KUWAIT	KWT								0	130	130	13	3	-4.4	4	1	4	-5.37931034482759	0								5	Hormozgan, Hormozgan, Iran	IR	IR11	40970	27.75	56.5	-3066740	1	Kuwait	KU	KU		29.5	47.75	KU	20260902123000	https://www.samaa.tv/2087356156-7-irgc-basij-personnel-killed-in-us-strikes-on-iran
1321098888	20260902	202609	2026	2026.6630											KWT	KUWAIT	KWT								0	130	130	13	3	-4.4	2	1	2	-5.37931034482759	0								1	Kuwait	KU	KU		29.5	47.75	KU	1	Jordan	JO	JO		31	36	JO	20260902123000	https://www.samaa.tv/2087356156-7-irgc-basij-personnel-killed-in-us-strikes-on-iran
1321098889	20260902	202609	2026	2026.6630											KWT	KUWAIT	KWT								0	130	130	13	3	-4.4	4	1	4	-5.37931034482759	0								1	Kuwait	KU	KU		29.5	47.75	KU	1	Kuwait	KU	KU		29.5	47.75	KU	20260902123000	https://www.samaa.tv/2087356156-7-irgc-basij-personnel-killed-in-us-strikes-on-iran
1321098890	20260902	202609	2026	2026.6630											LBR	LIBERIAN	LBR								0	112	112	11	3	-2.0	3	1	3	-8.27338129496403	0								5	Bong County, Bong, Liberia	LI	LI01	147278	7	-9.66667	-2130603	5	Bong County, Bong, Liberia	LI	LI01	147278	7	-9.66667	-2130603	20260902123000	https://allafrica.com/stories/202609020416.html
1321098891	20260902	202609	2026	2026.6630											LTUJEW	LITHUANIA	LTU			JEW					1	040	040	04	1	1.0	2	1	2	-6.55737704918033	0								1	Lithuania	LH	LH		56	24	LH	1	Lithuania	LH	LH		56	24	LH	20260902123000	https://www.israelnationalnews.com/news/432597
1321098892	20260902	202609	2026	2026.6630											MAR	MOROCCO	MAR								1	042	042	04	1	1.9	10	1	10	-7.61421319796954	0								4	Rabat, Rabat-Saléemmour-ZaëMO, Morocco	MO	MO49	21812	34.02	-6.83	-43376	4	Rabat, Rabat-Saléemmour-ZaëMO, Morocco	MO	MO49	21812	34.02	-6.83	-43376	20260902123000	https://www.africanews.com/2026/09/02/23-sexual-assaults-reported-in-ceuta-after-migrant-influx/
1321098893	20260902	202609	2026	2026.6630											MED	MEDIA						MED			1	130	130	13	3	-4.4	10	1	10	-0.26737967914438	0								4	London, London, City of, United Kingdom	UK	UKH9	40110	51.5	-0.116667	-2601889	4	London, London, City of, United Kingdom	UK	UKH9	40110	51.5	-0.116667	-2601889	20260902123000	https://www.dailyrecord.co.uk/lifestyle/money/drivers-basic-car-insurance-cover-37618271
1321098894	20260902	202609	2026	2026.6630											MEDLEG	MEDIA						MED	LEG		0	040	040	04	1	1.0	10	1	10	0.37023324694558	0								4	Kramatorsk, Donets'ka Oblast', Ukraine	UP	UP05	28549	48.723	37.5563	-1043300	4	Kramatorsk, Donets'ka Oblast', Ukraine	UP	UP05	28549	48.723	37.5563	-1043300	20260902123000	http://en.kremlin.ru/events/president/news/80665
1321098895	20260902	202609	2026	2026.6630											MNCUSAHLH	BRISTOL MYERS SQUIBB	USA					MNC	HLH		0	057	057	05	1	8.0	3	1	3	0.8604206500956	0								2	Pennsylvania, United States	US	USPA		40.5773	-77.264	PA	2	Pennsylvania, United States	US	USPA		40.5773	-77.264	PA	20260902123000	https://www.biopharmadive.com/?page=2&_sp=e5cf0549-9b0c-41a7-b619-bf344e0e2c26
1321098896	20260902	202609	2026	2026.6630											MOZ	MOZAMBIQUE	MOZ								1	112	112	11	3	-2.0	2	1	2	-7.47126436781609	0								4	Johannesburg, Gauteng, South Africa	SF	SF06	77364	-26.2	28.0833	-1240261	4	Johannesburg, Gauteng, South Africa	SF	SF06	77364	-26.2	28.0833	-1240261	20260902123000	https://www.africanews.com/2026/09/02/multimillion-rand-drug-lab-suspects-appear-in-safrica-court/
1321098897	20260902	202609	2026	2026.6630											NGA	NIGERIA	NGA								0	046	046	04	1	7.0	3	1	3	-0.34028073160357	0								4	London, London, City of, United Kingdom	UK	UKH9	40110	51.5	-0.116667	-2601889	4	London, London, City of, United Kingdom	UK	UKH9	40110	51.5	-0.116667	-2601889	20260902123000	https://techcabal.com/2026/09/02/my-life-in-tech-kayode-adeniyi-geospatial-engineer-ai-water/
1321098898	20260902	202609	2026	2026.6630											PAK	PAKISTAN	PAK								0	040	040	04	1	1.0	2	1	2	0	0								4	London, London, City of, United Kingdom	UK	UKH9	40110	51.5	-0.116667	-2601889	4	London, London, City of, United Kingdom	UK	UKH9	40110	51.5	-0.116667	-2601889	20260902123000	https://www.samaa.tv/2087356157-zardari-naqvi-discuss-law-and-order-security-in-london
1321098899	20260902	202609	2026	2026.6630											PAK	PAKISTAN	PAK								1	057	057	05	1	8.0	5	1	5	5.39419087136929	0								4	Lahore, Punjab, Pakistan	PK	PK04	23677	31.5497	74.3436	-2767043	4	Lahore, Punjab, Pakistan	PK	PK04	23677	31.5497	74.3436	-2767043	20260902123000	https://www.samaa.tv/2087356154-pakistan-kyrgyzstan-set-trade-target-of-200m-sign-16-agreements
1321098900	20260902	202609	2026	2026.6630											PAK	ISLAMABAD	PAK								0	111	111	11	3	-2.0	2	1	2	-0.14738393515107	0								4	Islamabad, Islamabad, Pakistan	PK	PK08	23674	33.7	73.1667	-2762812	4	Islamabad, Islamabad, Pakistan	PK	PK08	23674	33.7	73.1667	-2762812	20260902123000	https://www.samaa.tv/2087356166-pakistan-to-continue-diplomacy-despite-middle-east-tensions-fo
1321098901	20260902	202609	2026	2026.6630											PAK	PAKISTAN	PAK								0	120	120	12	3	-4.0	2	1	2	-0.14738393515107	0								4	Jammu, Jammu and Kashmir, India	IN	IN12	72851	32.7333	74.8667	-2098228	4	Jammu, Jammu and Kashmir, India	IN	IN12	72851	32.7333	74.8667	-2098228	20260902123000	https://www.samaa.tv/2087356166-pakistan-to-continue-diplomacy-despite-middle-east-tensions-fo
1321098902	20260902	202609	2026	2026.6630											PAK	PAKISTAN	PAK								0	120	120	12	3	-4.0	2	1	2	-0.14738393515107	0								5	Balochistan, Balochistan, Pakistan	PK	PK02	40300	28.4785	65.6436	-2755738	5	Balochistan, Balochistan, Pakistan	PK	PK02	40300	28.4785	65.6436	-2755738	20260902123000	https://www.samaa.tv/2087356166-pakistan-to-continue-diplomacy-despite-middle-east-tensions-fo
1321098903	20260902	202609	2026	2026.6630											PAK	PAKISTAN	PAK								0	127	127	12	3	-5.0	2	1	2	-0.14738393515107	0								4	Jammu, Jammu and Kashmir, India	IN	IN12	72851	32.7333	74.8667	-2098228	4	Jammu, Jammu and Kashmir, India	IN	IN12	72851	32.7333	74.8667	-2098228	20260902123000	https://www.samaa.tv/2087356166-pakistan-to-continue-diplomacy-despite-middle-east-tensions-fo
1321098904	20260902	202609	2026	2026.6630											PAK	PAKISTAN	PAK								0	127	127	12	3	-5.0	2	1	2	-0.14738393515107	0								5	Balochistan, Balochistan, Pakistan	PK	PK02	40300	28.4785	65.6436	-2755738	5	Balochistan, Balochistan, Pakistan	PK	PK02	40300	28.4785	65.6436	-2755738	20260902123000	https://www.samaa.tv/2087356166-pakistan-to-continue-diplomacy-despite-middle-east-tensions-fo
1321098905	20260902	202609	2026	2026.6630											PRT	PORTUGAL	PRT								0	051	051	05	1	3.4	1	1	1	0.43668122270742	0								4	Lisbon, Lisboa, Portugal	PO	PO14	24830	38.7167	-9.13333	-2167973	4	Lisbon, Lisboa, Portugal	PO	PO14	24830	38.7167	-9.13333	-2167973	20260902123000	https://aviationweek.com/mro/supply-chain/tap-coo-urges-greater-engine-mro-resilience
1321098906	20260902	202609	2026	2026.6630											QAT	QATAR	QAT								1	061	061	06	2	6.4	5	1	5	-3.24675324675325	0								1	Qatar	QA	QA		25.5	51.25	QA	1	Qatar	QA	QA		25.5	51.25	QA	20260902123000	https://www.samaa.tv/2087356167-power-shortfall-triggers-up-to-8-hours-of-unannounced-loadshedding
1321098907	20260902	202609	2026	2026.6630											RUS	RUSSIAN	RUS								1	040	040	04	1	1.0	1	1	1	1.38050043140638	0								4	Bishkek, Bishkek, Kyrgyzstan	KG	KG01	37216	42.8731	74.6003	-2331392	4	Bishkek, Bishkek, Kyrgyzstan	KG	KG01	37216	42.8731	74.6003	-2331392	20260902123000	http://en.kremlin.ru/events/president/news/80662
1321098908	20260902	202609	2026	2026.6630											RUS	ST PETERSBURG	RUS								0	040	040	04	1	1.0	1	1	1	3.27731092436974	0								4	Bishkek, Bishkek, Kyrgyzstan	KG	KG01	37216	42.8731	74.6003	-2331392	4	Petersburg, Sankt-Peterburg, Russia	RS	RS66	25095	59.8944	30.2642	-2996338	20260902123000	http://en.kremlin.ru/events/president/news/80663
1321098909	20260902	202609	2026	2026.6630											RUS	ST PETERSBURG	RUS								0	040	040	04	1	1.0	4	1	4	3.27731092436974	0								4	Petersburg, Sankt-Peterburg, Russia	RS	RS66	25095	59.8944	30.2642	-2996338	4	Petersburg, Sankt-Peterburg, Russia	RS	RS66	25095	59.8944	30.2642	-2996338	20260902123000	http://en.kremlin.ru/events/president/news/80663
1321098910	20260902	202609	2026	2026.6630											RUSMIL	RUSSIAN	RUS					MIL			0	046	046	04	1	7.0	3	1	3	3.27731092436974	0								4	Petersburg, Sankt-Peterburg, Russia	RS	RS66	25095	59.8944	30.2642	-2996338	4	Petersburg, Sankt-Peterburg, Russia	RS	RS66	25095	59.8944	30.2642	-2996338	20260902123000	http://en.kremlin.ru/events/president/news/80663
1321098911	20260902	202609	2026	2026.6630											SCGSRB	SERBIA	SRB								1	042	042	04	1	1.9	3	1	3	3.02013422818793	0								1	Serbia	RI	RI		44	21	RI	4	Belgrade, Serbia (general),	RB	RB00	47629	44.8186	20.4681	-74897	20260902123000	https://www.cei.int/ansa/179505
1321098912	20260902	202609	2026	2026.6630											SCGSRB	SERBIA	SRB								1	043	043	04	1	2.8	2	1	2	3.02013422818793	0								1	Serbia	RI	RI		44	21	RI	4	Belgrade, Serbia (general),	RB	RB00	47629	44.8186	20.4681	-74897	20260902123000	https://www.cei.int/ansa/179505
1321098913	20260902	202609	2026	2026.6630											SCGSRB	SERBIA	SRB								1	046	046	04	1	7.0	5	1	5	3.02013422818793	0								1	Serbia	RI	RI		44	21	RI	1	Serbia	RI	RI		44	21	RI	20260902123000	https://www.cei.int/ansa/179505
1321098914	20260902	202609	2026	2026.6630											SVKELI	SLOVAK REPUBLIC	SVK					ELI			1	036	036	03	1	4.0	8	1	8	1.70648464163823	0								4	Presov, Preovský, Slovak Republic	LO	LO05	25473	48.9984	21.2339	-845236	4	Presov, Preovský, Slovak Republic	LO	LO05	25473	48.9984	21.2339	-845236	20260902123000	https://www.penbaypilot.com/affiliate-post/seeing-ourselves-course-human-behavior/273928
1321098915	20260902	202609	2026	2026.6630											SWE	GOTHENBURG	SWE								0	042	042	04	1	1.9	10	1	10	-3.22274881516588	0								4	Gothenburg, Vastra Gotalands Lan, Sweden	SW	SW28	26247	57.7167	11.9667	-2482986	4	Gothenburg, Vastra Gotalands Lan, Sweden	SW	SW28	26247	57.7167	11.9667	-2482986	20260902123000	https://www.lbc.co.uk/article/sweden-deported-british-brexit-citizenship-5HjdgrJ_2/
1321098916	20260902	202609	2026	2026.6630											TUN	ARIANA	TUN								1	042	042	04	1	1.9	6	1	6	1.45772594752186	0								1	United States	US	US		39.828175	-98.5795	US	1	United States	US	US		39.828175	-98.5795	US	20260902123000	https://www.lbc.co.uk/article/who-is-ariana-granda-dating-boyfriend-ricky-alvarez-5HjdgrL_2/
1321098917	20260902	202609	2026	2026.6630											TUN	ARIANA	TUN								1	043	043	04	1	2.8	2	1	2	1.45772594752186	0								4	London, London, City of, United Kingdom	UK	UKH9	40110	51.5	-0.116667	-2601889	4	London, London, City of, United Kingdom	UK	UKH9	40110	51.5	-0.116667	-2601889	20260902123000	https://www.lbc.co.uk/article/who-is-ariana-granda-dating-boyfriend-ricky-alvarez-5HjdgrL_2/
1321098918	20260902	202609	2026	2026.6630											TUN	ARIANA	TUN								1	043	043	04	1	2.8	2	1	2	1.45772594752186	0								1	Mexico	MX	MX		23	-102	MX	4	London, London, City of, United Kingdom	UK	UKH9	40110	51.5	-0.116667	-2601889	20260902123000	https://www.lbc.co.uk/article/who-is-ariana-granda-dating-boyfriend-ricky-alvarez-5HjdgrL_2/
1321098919	20260902	202609	2026	2026.6630											TUN	ARIANA	TUN								1	043	043	04	1	2.8	6	1	6	1.45772594752186	0								1	Mexico	MX	MX		23	-102	MX	1	Mexico	MX	MX		23	-102	MX	20260902123000	https://www.lbc.co.uk/article/who-is-ariana-granda-dating-boyfriend-ricky-alvarez-5HjdgrL_2/
1321098920	20260902	202609	2026	2026.6630											USA	A US	USA								0	010	010	01	1	0.0	2	1	2	-8.81987577639751	0								4	Kermanshah, Kermanshah, Iran	IR	IR13	40995	34.3142	47.065	-3070245	5	Khuzestan, Khuzestan, Iran	IR	IR15	40868	31.5	49	-3071486	20260902123000	https://www.al-monitor.com/originals/2026/09/iran-attacks-us-sites-after-american-strikes-wedding-deaths
1321098921	20260902	202609	2026	2026.6630											USA	UNITED STATES	USA								1	013	013	01	1	0.4	6	1	6	1.10775427995971	0								3	Wichita, Kansas, United States	US	USKS	KS173	37.6922	-97.3375	473862	3	Wichita, Kansas, United States	US	USKS	KS173	37.6922	-97.3375	473862	20260902123000	https://kspress.com/news/2026/09/02/a-diehard-wichita-friendship-tested-through-seven-decades-of-life-and-now-death
1321098922	20260902	202609	2026	2026.6630											USA	UNITED STATES	USA								1	014	014	01	1	0.0	2	1	2	0.40106951871657	0								3	Mandan, North Dakota, United States	US	USND	ND059	46.8267	-100.89	1030076	3	Mandan, North Dakota, United States	US	USND	ND059	46.8267	-100.89	1030076	20260902123000	https://kfgo.com/2026/09/02/north-dakota-governor-says-data-center-transparency-bill-not-needed/
1321098923	20260902	202609	2026	2026.6630											USA	UNITED STATES	USA								1	014	014	01	1	0.0	2	1	2	0.40106951871657	0								2	North Dakota, United States	US	USND		47.5362	-99.793	ND	2	North Dakota, United States	US	USND		47.5362	-99.793	ND	20260902123000	https://kfgo.com/2026/09/02/north-dakota-governor-says-data-center-transparency-bill-not-needed/
1321098924	20260902	202609	2026	2026.6630											USA	NASHVILLE	USA								1	036	036	03	1	4.0	10	1	10	3.46020761245675	0								4	London, London, City of, United Kingdom	UK	UKH9	40110	51.5	-0.116667	-2601889	4	London, London, City of, United Kingdom	UK	UKH9	40110	51.5	-0.116667	-2601889	20260902123000	https://www.thenews.com.pk/latest/1414571-justin-baldoni-shares-joyful-family-update-after-blake-lively
1321098925	20260902	202609	2026	2026.6630											USA	UNITED STATES	USA								1	036	036	03	1	4.0	2	1	2	5.24691358024692	0								3	Kensington Park, California, United States	US	USCA		32.7631	-117.106	244254	3	Kensington Park, California, United States	US	USCA		32.7631	-117.106	244254	20260902123000	https://www.standard-freeholder.com/press-releases/newsfile/alliance-advisors-ir-announces-2027-healthcare-meeting-program-san-francisco-and-appoints-vivian-cervantes-as-head-of-healthcare/
1321098926	20260902	202609	2026	2026.6630											USA	SAN FRANCISCO	USA								1	036	036	03	1	4.0	3	1	3	5.24691358024692	0								3	San Francisco, California, United States	US	USCA		37.7749	-122.419	277593	3	Kensington Park, California, United States	US	USCA		32.7631	-117.106	244254	20260902123000	https://www.standard-freeholder.com/press-releases/newsfile/alliance-advisors-ir-announces-2027-healthcare-meeting-program-san-francisco-and-appoints-vivian-cervantes-as-head-of-healthcare/
1321098927	20260902	202609	2026	2026.6630											USA	UNITED STATES	USA								1	040	040	04	1	1.0	4	1	4	0.40106951871657	0								2	North Dakota, United States	US	USND		47.5362	-99.793	ND	2	North Dakota, United States	US	USND		47.5362	-99.793	ND	20260902123000	https://kfgo.com/2026/09/02/north-dakota-governor-says-data-center-transparency-bill-not-needed/
1321098928	20260902	202609	2026	2026.6630											USA	UNITED STATES	USA								0	042	042	04	1	1.9	5	1	5	1.89753320683112	0								3	West Hollywood, California, United States	US	USCA		34.09	-118.362	1652810	3	West Hollywood, California, United States	US	USCA		34.09	-118.362	1652810	20260902123000	https://www.hellomagazine.com/us/921224/jennifer-garner-looks-identical-to-daughter-violet-affleck/
1321098929	20260902	202609	2026	2026.6630											USA	UNITED STATES	USA								1	042	042	04	1	1.9	6	1	6	1.10775427995971	0								3	Wichita, Kansas, United States	US	USKS	KS173	37.6922	-97.3375	473862	3	Wichita, Kansas, United States	US	USKS	KS173	37.6922	-97.3375	473862	20260902123000	https://kspress.com/news/2026/09/02/a-diehard-wichita-friendship-tested-through-seven-decades-of-life-and-now-death
1321098930	20260902	202609	2026	2026.6630											USA	CALIFORNIA	USA								0	042	042	04	1	1.9	3	1	3	1.89753320683112	0								2	California, United States	US	USCA		36.17	-119.746	CA	3	West Hollywood, California, United States	US	USCA		34.09	-118.362	1652810	20260902123000	https://www.hellomagazine.com/us/921224/jennifer-garner-looks-identical-to-daughter-violet-affleck/
1321098931	20260902	202609	2026	2026.6630											USA	UNITED STATES	USA								0	051	051	05	1	3.4	4	1	4	-0.84097859327217	0								3	Iowa Falls, Iowa, United States	US	USIA		42.5225	-93.2513	457829	3	Iowa Falls, Iowa, United States	US	USIA		42.5225	-93.2513	457829	20260902123000	https://www.timescitizen.com/news/iowa-falls-police-chief-still-looking-for-answers/article_0244dc67-71e4-40e1-93c2-430e9031dfe1.html
1321098932	20260902	202609	2026	2026.6630											USA	UNITED STATES	USA								0	057	057	05	1	8.0	2	1	2	0.8604206500956	0								2	Pennsylvania, United States	US	USPA		40.5773	-77.264	PA	2	Pennsylvania, United States	US	USPA		40.5773	-77.264	PA	20260902123000	https://www.biopharmadive.com/?page=2&_sp=e5cf0549-9b0c-41a7-b619-bf344e0e2c26
1321098933	20260902	202609	2026	2026.6630											USA	UNITED STATES	USA								1	062	062	06	2	7.4	6	1	6	-1.66821130676552	0								3	San Juan County, Washington, United States	US	USWA		48.5665	-122.968	1531931	3	San Juan County, Washington, United States	US	USWA		48.5665	-122.968	1531931	20260902123000	https://www.sanjuanjournal.com/2026/09/02/san-juan-county-islands-trust-join-forces-against-proposed-oil-sands-pipeline/
1321098934	20260902	202609	2026	2026.6630											USA	UNITED STATES	USA								0	062	062	06	2	7.4	4	1	4	1.90336749633968	0								2	Pennsylvania, United States	US	USPA		40.5773	-77.264	PA	2	Pennsylvania, United States	US	USPA		40.5773	-77.264	PA	20260902123000	https://pittnews.com/article/202674/arts-and-entertainment/bakery-square-hosts-vintage-art-market-and-twilight-screening-to-kick-off-the-fall-season/
1321098935	20260902	202609	2026	2026.6630											USA	UNITED STATES	USA								1	111	111	11	3	-2.0	4	1	4	-4.74006116207951	0								2	California, United States	US	USCA		36.17	-119.746	CA	2	California, United States	US	USCA		36.17	-119.746	CA	20260902123000	https://www.theguardian.com/us-news/2026/sep/02/tupac-shakur-murder-conviction-fan-reaction
1321098936	20260902	202609	2026	2026.6630											USA	UNITED STATES	USA								1	127	127	12	3	-5.0	4	1	4	-2.25563909774436	0								3	Berkeley, California, United States	US	USCA	CA001	37.8716	-122.273	1658037	3	Berkeley, California, United States	US	USCA	CA001	37.8716	-122.273	1658037	20260902123000	https://www.dailycal.org/news/city/communities/berkeley-daily-planet-ceases-to-spin/article_cc4dcef5-2ce0-4e4e-82f3-44b45a5b3cf6.html
1321098937	20260902	202609	2026	2026.6630											USA	IOWA	USA								1	192	192	19	4	-9.5	50	1	50	-2.53609899403543	0								3	Chicago, Illinois, United States	US	USIL	IL031	41.85	-87.6501	423587	3	Chicago, Illinois, United States	US	USIL	IL031	41.85	-87.6501	423587	20260902123000	https://woodradio.iheart.com/content/2026-09-02-labor-day-weekend-brings-heat-and-rain-across-us/
1321098938	20260902	202609	2026	2026.6630											USAPRI	PUERTO RICO	USA								1	190	190	19	4	-10.0	20	1	20	8.03571428571429	0								1	Puerto Rico	RQ	RQ		18.2359	-66.4838	RQ	1	Puerto Rico	RQ	RQ		18.2359	-66.4838	RQ	20260902123000	https://www.prnewswire.com/news-releases/power-sustainable-portfolio-company-envocore-selected-for-major-puerto-rico-water-infrastructure-modernization-program-302866834.html
1321098939	20260902	202609	2026	2026.6630	AFG	AFGHANISTAN	AFG								IRN	IRAN	IRN								1	040	040	04	1	1.0	1	1	1	0	1	Afghanistan	AF	AF		33	66	AF	1	Afghanistan	AF	AF		33	66	AF	1	Iran	IR	IR		32	53	IR	20260902123000	https://www.afghanislamicpress.com/en/index.php/news/107492
1321098940	20260902	202609	2026	2026.6630	AFG	AFGHAN	AFG								IRN	IRANIAN	IRN								1	040	040	04	1	1.0	4	1	4	0	1	Afghanistan	AF	AF		33	66	AF	1	Iran	IR	IR		32	53	IR	1	Iran	IR	IR		32	53	IR	20260902123000	https://www.afghanislamicpress.com/en/index.php/news/107492
1321098941	20260902	202609	2026	2026.6630	AFG	AFGHANISTAN	AFG								IRN	IRAN	IRN								1	050	050	05	1	3.5	1	1	1	0	1	Afghanistan	AF	AF		33	66	AF	1	Afghanistan	AF	AF		33	66	AF	1	Iran	IR	IR		32	53	IR	20260902123000	https://www.afghanislamicpress.com/en/index.php/news/107492
1321098942	20260902	202609	2026	2026.6630	AFG	AFGHAN	AFG								IRN	IRANIAN	IRN								1	050	050	05	1	3.5	4	1	4	0	1	Afghanistan	AF	AF		33	66	AF	1	Iran	IR	IR		32	53	IR	1	Iran	IR	IR		32	53	IR	20260902123000	https://www.afghanislamicpress.com/en/index.php/news/107492
1321098943	20260902	202609	2026	2026.6630	AFR	AFRICA	AFR																		0	071	071	07	2	7.4	10	1	10	-0.47236655644781	1	South Africa	SF	SF		-30	26	SF	0								1	South Africa	SF	SF		-30	26	SF	20260902123000	https://techcabal.com/2026/09/02/south-africa-startup-funding-recovering-founders-struggle/
1321098944	20260902	202609	2026	2026.6630	AFR	AFRICA	AFR								AFRBUS	AFRICA	AFR					BUS			1	061	061	06	2	6.4	4	1	4	3.98773006134969	1	Nigeria	NI	NI		10	8	NI	1	Nigeria	NI	NI		10	8	NI	1	Nigeria	NI	NI		10	8	NI	20260902123000	https://techcabal.com/2026/09/02/cascador-selects-10-nigerian-companies-for-2026-scaleup-program/
1321098945	20260902	202609	2026	2026.6630	AFR	AFRICA	AFR								BUS	INVESTOR						BUS			0	036	036	03	1	4.0	5	1	5	3.98773006134969	1	Nigeria	NI	NI		10	8	NI	1	Nigeria	NI	NI		10	8	NI	1	Nigeria	NI	NI		10	8	NI	20260902123000	https://techcabal.com/2026/09/02/cascador-selects-10-nigerian-companies-for-2026-scaleup-program/
1321098946	20260902	202609	2026	2026.6630	AFR	AFRICA	AFR								ZAF	SOUTH AFRICAN	ZAF								1	080	080	08	2	5.0	4	1	4	0.45454545454546	4	Haridwar, Uttaranchal, India	IN	IN39	70284	29.9667	78.1667	-2097190	4	Haridwar, Uttaranchal, India	IN	IN39	70284	29.9667	78.1667	-2097190	4	Haridwar, Uttaranchal, India	IN	IN39	70284	29.9667	78.1667	-2097190	20260902123000	https://www.enca.com/news-top-stories/zuma-gupta-india-reunion-dirco-clears-high-commissioner-sooklal
1321098947	20260902	202609	2026	2026.6630	AGR	RANCHER						AGR													0	020	020	02	1	3.0	10	1	10	-2.14362272240086	2	Idaho, United States	US	USID		44.2394	-114.51	ID	0								2	Idaho, United States	US	USID		44.2394	-114.51	ID	20260902123000	https://www.latimes.com/opinion/story/2026-09-02/livestock-public-lands-grazing-wildfire-risk
1321098948	20260902	202609	2026	2026.6630	ARM	ARMENIA	ARM								GOV	PRESIDENT						GOV			1	040	040	04	1	1.0	5	1	5	1.38050043140638	1	Armenia	AM	AM		40	45	AM	1	Armenia	AM	AM		40	45	AM	1	Russia	RS	RS		60	100	RS	20260902123000	http://en.kremlin.ru/events/president/news/80662
1321098949	20260902	202609	2026	2026.6630	AUS	MELBOURNE	AUS								BUS	SERVER						BUS			0	011	011	01	1	-0.1	2	1	2	-2.82167042889391	4	Melbourne, Victoria, Australia	AS	AS07	5430	-37.8167	144.967	-1586844	4	Melbourne, Victoria, Australia	AS	AS07	5430	-37.8167	144.967	-1586844	4	Melbourne, Victoria, Australia	AS	AS07	5430	-37.8167	144.967	-1586844	20260902123000	https://www.itnews.com.au/news/telstra-sowed-seeds-for-its-july-mobile-outage-in-2020-six-years-on-they-sprouted-628636
1321098950	20260902	202609	2026	2026.6630	AUS	MELBOURNE	AUS								BUS	SERVER						BUS			0	011	011	01	1	-0.1	6	1	6	-2.82167042889391	4	Sydney, New South Wales, Australia	AS	AS02	154637	-33.8833	151.217	-1603135	4	Sydney, New South Wales, Australia	AS	AS02	154637	-33.8833	151.217	-1603135	4	Sydney, New South Wales, Australia	AS	AS02	154637	-33.8833	151.217	-1603135	20260902123000	https://www.itnews.com.au/news/telstra-sowed-seeds-for-its-july-mobile-outage-in-2020-six-years-on-they-sprouted-628636
1321098951	20260902	202609	2026	2026.6630	AUS	SYDNEY	AUS								CHN	CHINA	CHN								1	071	071	07	2	7.4	2	1	2	-2.3696682464455	4	Koror, Palau (general), Palau	PS	PS00	23694	7.33333	134.483	226830	1	Taiwan	TW	TW		24	121	TW	1	Taiwan	TW	TW		24	121	TW	20260902123000	https://bworldonline.com/world/2026/09/02/774128/australia-us-commit-580-million-to-support-pacific-island-nations-2/
1321098952	20260902	202609	2026	2026.6630	AUS	SYDNEY	AUS								CHN	CHINA	CHN								1	071	071	07	2	7.4	8	1	8	-2.3696682464455	1	Taiwan	TW	TW		24	121	TW	1	Taiwan	TW	TW		24	121	TW	1	Taiwan	TW	TW		24	121	TW	20260902123000	https://bworldonline.com/world/2026/09/02/774128/australia-us-commit-580-million-to-support-pacific-island-nations-2/
1321098953	20260902	202609	2026	2026.6630	BGR	SOFIA	BGR																		0	172	172	17	4	-5.0	10	1	10	0	3	Pennsylvania State Police, Pennsylvania, United States	US	USPA	PA021	40.4723	-78.7484	1209105	0								3	Pennsylvania State Police, Pennsylvania, United States	US	USPA		40.4723	-78.7484	1209105	20260902123000	https://pittnews.com/article/202651/top-stories/south-side-bar-capos-reaches-agreement-to-remain-open-amid-ongoing-safety-concerns/
1321098954	20260902	202609	2026	2026.6630	BHR	BAHRAINI	BHR																		0	030	030	03	1	4.0	8	1	8	-8.81987577639751	1	Bahrain	BA	BA		26	50.5	BA	0								1	Bahrain	BA	BA		26	50.5	BA	20260902123000	https://www.al-monitor.com/originals/2026/09/iran-attacks-us-sites-after-american-strikes-wedding-deaths
1321098955	20260902	202609	2026	2026.6630	BUS	HOLDING COMPANY						BUS													0	010	010	01	1	0.0	3	1	3	-5.08771929824561	4	Batangas, Batangas City, Philippines	RP	RPA7	24231	13.7567	121.058	-2413040	0								4	Batangas, Batangas City, Philippines	RP	RPA7	24231	13.7567	121.058	-2413040	20260902123000	https://www.rappler.com/business/department-energy-collected-penalties-leandro-leviste-solar-firm/
1321098956	20260902	202609	2026	2026.6630	BUS	COMPANIES						BUS													1	010	010	01	1	0.0	4	1	4	-2.9126213592233	1	Mozambique	MZ	MZ		-18.25	35	MZ	0								1	Mozambique	MZ	MZ		-18.25	35	MZ	20260902123000	https://www.barandbench.com/news/mozambican-and-indian-companies-move-delhi-hc-alleging-icc-arbitrator-did-not-disclose-conflict-of-interest
1321098957	20260902	202609	2026	2026.6630	BUS	COMPANIES						BUS													0	013	013	01	1	0.4	6	1	6	0.24067388688327	4	Kalusugan, Quezon City, Philippines	RP	RPF2	24210	14.6227	121.025	10584885	0								4	Kalusugan, Quezon City, Philippines	RP	RPF2	24210	14.6227	121.025	10584885	20260902123000	https://www.rappler.com/philippines/sara-duterte-office-vice-president-budget-2027/
1321098958	20260902	202609	2026	2026.6630	BUS	COMPANY						BUS													0	020	020	02	1	3.0	20	1	10	0.46153846153846	4	Ausbau, Brandenburg, Germany	GM	GM11	40699	52.5167	12.4	23557	0								4	Ausbau, Brandenburg, Germany	GM	GM11	40699	52.5167	12.4	23557	20260902123000	https://www.finanznachrichten.de/nachrichten-2026-09/69475192-food-culture-inc-appoints-two-independent-directors-and-vice-president-investor-relations-200.htm
1321098959	20260902	202609	2026	2026.6630	BUS	BANK						BUS													0	020	020	02	1	3.0	10	1	10	4.85714285714286	1	Qatar	QA	QA		25.5	51.25	QA	0								1	Qatar	QA	QA		25.5	51.25	QA	20260902123000	https://www.moneycontrol.com/news/business/personal-finance/american-express-to-discontinue-two-card-features-in-india-what-changes-from-september-16-14021007.html
1321098960	20260902	202609	2026	2026.6630	BUS	INVESTOR						BUS													1	040	040	04	1	1.0	10	1	10	5.24691358024692	3	San Francisco, California, United States	US	USCA	CA075	37.7749	-122.419	277593	0								3	San Francisco, California, United States	US	USCA		37.7749	-122.419	277593	20260902123000	https://www.standard-freeholder.com/press-releases/newsfile/alliance-advisors-ir-announces-2027-healthcare-meeting-program-san-francisco-and-appoints-vivian-cervantes-as-head-of-healthcare/
1321098961	20260902	202609	2026	2026.6630	BUS	CHAMBER OF COMMERCE AND INDUSTRY						BUS													1	042	042	04	1	1.9	2	1	2	2.11442786069651	4	New Delhi, Delhi, India	IN	IN07	17911	28.6	77.2	-2106102	0								4	New Delhi, Delhi, India	IN	IN07	17911	28.6	77.2	-2106102	20260902123000	https://orissadiary.com/energy-security-inseparable-from-national-security-strategic-autonomy-and-economic-resilience-dr-jitendra-singh/
1321098962	20260902	202609	2026	2026.6630	BUS	COMPANIES						BUS													0	050	050	05	1	3.5	2	1	2	0.40106951871657	3	Harwood, North Dakota, United States	US	USND	ND017	46.9794	-96.8806	1029332	0								3	Harwood, North Dakota, United States	US	USND	ND017	46.9794	-96.8806	1029332	20260902123000	https://kfgo.com/2026/09/02/north-dakota-governor-says-data-center-transparency-bill-not-needed/
1321098963	20260902	202609	2026	2026.6630	BUS	COMPANIES						BUS													0	050	050	05	1	3.5	6	1	6	0.40106951871657	3	Mandan, North Dakota, United States	US	USND	ND059	46.8267	-100.89	1030076	0								3	Mandan, North Dakota, United States	US	USND	ND059	46.8267	-100.89	1030076	20260902123000	https://kfgo.com/2026/09/02/north-dakota-governor-says-data-center-transparency-bill-not-needed/
1321098964	20260902	202609	2026	2026.6630	BUS	COMPANIES						BUS													0	050	050	05	1	3.5	2	1	2	0.40106951871657	2	North Dakota, United States	US	USND		47.5362	-99.793	ND	0								2	North Dakota, United States	US	USND		47.5362	-99.793	ND	20260902123000	https://kfgo.com/2026/09/02/north-dakota-governor-says-data-center-transparency-bill-not-needed/
1321098965	20260902	202609	2026	2026.6630	BUS	INDUSTRY						BUS													0	057	057	05	1	8.0	20	1	10	3.65950676213206	4	Tagaytay, Negros Oriental, Philippines	RP	RP46	24254	9.66667	123.133	-2455150	0								4	Tagaytay, Negros Oriental, Philippines	RP	RP46	24254	9.66667	123.133	-2455150	20260902123000	https://www.manilatimes.net/2026/09/02/tmt-newswire/sm-foundation-upskill-to-work-program-guarantees-jobs-for-underserved-youth/2416802
1321098966	20260902	202609	2026	2026.6630	BUS	BANK						BUS													1	071	071	07	2	7.4	5	1	5	-0.4424778761062	4	Metro Manila, Philippines (general), Philippines	RP	RP00	24210	14.5833	121	-2439768	0								4	Malacanang, Antique, Philippines	RP	RP06	24250	11.4031	122.055	-2436258	20260902123000	https://www.manilatimes.net/2026/09/02/news/construction-of-water-catchment-basins-in-metro-manila-execution-ready-mmda/2416850
1321098967	20260902	202609	2026	2026.6630	BUS	BANK						BUS													1	071	071	07	2	7.4	4	1	4	-0.4424778761062	4	Metro Manila, Philippines (general), Philippines	RP	RP00	24210	14.5833	121	-2439768	0								4	Metro Manila, Philippines (general), Philippines	RP	RP00	24210	14.5833	121	-2439768	20260902123000	https://www.manilatimes.net/2026/09/02/news/construction-of-water-catchment-basins-in-metro-manila-execution-ready-mmda/2416850
1321098968	20260902	202609	2026	2026.6630	BUS	BANK						BUS													1	071	071	07	2	7.4	1	1	1	-0.4424778761062	1	United Kingdom	UK	UK		54	-4	UK	0								4	Metro Manila, Philippines (general), Philippines	RP	RP00	24210	14.5833	121	-2439768	20260902123000	https://www.manilatimes.net/2026/09/02/news/construction-of-water-catchment-basins-in-metro-manila-execution-ready-mmda/2416850
1321098969	20260902	202609	2026	2026.6630	BUS	BUSINESS						BUS													1	072	072	07	2	8.3	5	1	5	3.10880829015544	1	India	IN	IN		20	77	IN	0								1	India	IN	IN		20	77	IN	20260902123000	https://infotechlead.com/devices/best-ai-laptops-for-business-in-india-2026-lenovo-dell-hp-and-asus-compared-on-price-npu-battery-and-security-98134
1321098970	20260902	202609	2026	2026.6630	BUS	COMPANIES						BUS													1	080	080	08	2	5.0	10	1	10	1.14006514657981	4	Tokyo, Tokyo, Japan	JA	JA40	36340	35.685	139.751	-246227	0								4	Tokyo, Tokyo, Japan	JA	JA40	36340	35.685	139.751	-246227	20260902123000	https://www.themarketsdaily.com/2026/09/02/contrasting-japan-tob-japay-the-competition.html
1321098971	20260902	202609	2026	2026.6630	BUS	COMPANIES						BUS													0	080	080	08	2	5.0	6	2	6	-7.05320076498301	3	Washington, District of Columbia, United States	US	USDC	DC001	38.8951	-77.0364	531871	0								2	Arizona, United States	US	USAZ		33.7712	-111.388	AZ	20260902123000	https://www.winnipegfreepress.com/arts-and-life/life/sci-tech/2026/09/02/scams-in-the-us-are-at-a-record-high-yet-most-victims-get-no-help-and-some-end-up-losing-even-more
1321098972	20260902	202609	2026	2026.6630	BUS	COMPANIES						BUS													0	080	080	08	2	5.0	4	2	4	-7.05320076498301	2	Arizona, United States	US	USAZ		33.7712	-111.388	AZ	0								2	Arizona, United States	US	USAZ		33.7712	-111.388	AZ	20260902123000	https://www.winnipegfreepress.com/arts-and-life/life/sci-tech/2026/09/02/scams-in-the-us-are-at-a-record-high-yet-most-victims-get-no-help-and-some-end-up-losing-even-more
1321098973	20260902	202609	2026	2026.6630	BUS	COMPANIES						BUS													1	080	080	08	2	5.0	10	1	10	3.82165605095541	1	Canada	CA	CA		60	-96	CA	0								1	Canada	CA	CA		60	-96	CA	20260902123000	https://www.themarketsdaily.com/2026/09/02/financial-review-mccoy-global-mccrf-and-its-competitors.html
1321098974	20260902	202609	2026	2026.6630	BUS	SERVER						BUS													0	090	090	09	2	-2.0	2	1	2	-2.82167042889391	4	Melbourne, Victoria, Australia	AS	AS07	5430	-37.8167	144.967	-1586844	0								4	Melbourne, Victoria, Australia	AS	AS07	5430	-37.8167	144.967	-1586844	20260902123000	https://www.itnews.com.au/news/telstra-sowed-seeds-for-its-july-mobile-outage-in-2020-six-years-on-they-sprouted-628636
1321098975	20260902	202609	2026	2026.6630	BUS	SERVER						BUS													0	090	090	09	2	-2.0	3	1	3	-2.82167042889391	4	Sydney, New South Wales, Australia	AS	AS02	154637	-33.8833	151.217	-1603135	0								4	Sydney, New South Wales, Australia	AS	AS02	154637	-33.8833	151.217	-1603135	20260902123000	https://www.itnews.com.au/news/telstra-sowed-seeds-for-its-july-mobile-outage-in-2020-six-years-on-they-sprouted-628636
1321098976	20260902	202609	2026	2026.6630	BUS	BANK						BUS													0	110	110	11	3	-2.0	10	1	10	2.72812793979303	2	Alabama, United States	US	USAL		32.799	-86.8073	AL	0								2	Alabama, United States	US	USAL		32.799	-86.8073	AL	20260902123000	https://www.americanbanker.com/opinion/community-banks-are-no-ones-stalking-horse-in-the-clarity-act-debate
1321098977	20260902	202609	2026	2026.6630	BUS	COMPANY						BUS													0	111	111	11	3	-2.0	5	1	5	0.46153846153846	4	Ausbau, Brandenburg, Germany	GM	GM11	40699	52.5167	12.4	23557	0								4	Ausbau, Brandenburg, Germany	GM	GM11	40699	52.5167	12.4	23557	20260902123000	https://www.finanznachrichten.de/nachrichten-2026-09/69475192-food-culture-inc-appoints-two-independent-directors-and-vice-president-investor-relations-200.htm
1321098978	20260902	202609	2026	2026.6630	BUS	INDUSTRY						BUS													0	111	111	11	3	-2.0	5	1	5	0.11481056257176	1	United Kingdom	UK	UK		54	-4	UK	0								1	United Kingdom	UK	UK		54	-4	UK	20260902123000	https://www.finanznachrichten.de/nachrichten-2026-09/69475243-loopme-launches-brand-lift-integration-with-the-trade-desk-004.htm
1321098979	20260902	202609	2026	2026.6630	BUS	BANK						BUS													1	112	112	11	3	-2.0	10	1	10	-8.07265388496471	1	China	CH	CH		35	105	CH	0								1	China	CH	CH		35	105	CH	20260902123000	https://www.winnipegfreepress.com/arts-and-life/life/sci-tech/2026/09/02/what-to-know-about-the-ap-frontline-investigation-into-scam-victims
1321098980	20260902	202609	2026	2026.6630	BUS	BANK						BUS													0	112	112	11	3	-2.0	20	2	20	-7.05320076498301	2	Colorado, United States	US	USCO		39.0646	-105.327	CO	0								2	Colorado, United States	US	USCO		39.0646	-105.327	CO	20260902123000	https://www.winnipegfreepress.com/arts-and-life/life/sci-tech/2026/09/02/scams-in-the-us-are-at-a-record-high-yet-most-victims-get-no-help-and-some-end-up-losing-even-more
1321098981	20260902	202609	2026	2026.6630	BUS	MANUFACTURER						BUS													0	130	130	13	3	-4.4	10	1	10	-2.82167042889391	4	Melbourne, Victoria, Australia	AS	AS07	5430	-37.8167	144.967	-1586844	0								4	Melbourne, Victoria, Australia	AS	AS07	5430	-37.8167	144.967	-1586844	20260902123000	https://www.itnews.com.au/news/telstra-sowed-seeds-for-its-july-mobile-outage-in-2020-six-years-on-they-sprouted-628636
1321098982	20260902	202609	2026	2026.6630	BUS	INVESTOR						BUS			AFR	AFRICA	AFR								0	036	036	03	1	4.0	5	1	5	3.98773006134969	1	Nigeria	NI	NI		10	8	NI	1	Nigeria	NI	NI		10	8	NI	1	Nigeria	NI	NI		10	8	NI	20260902123000	https://techcabal.com/2026/09/02/cascador-selects-10-nigerian-companies-for-2026-scaleup-program/
1321098983	20260902	202609	2026	2026.6630	BUS	INDUSTRY						BUS			CAN	CANADA	CAN								1	071	071	07	2	7.4	8	1	8	3.1413612565445	4	Montreal, Quebec, Canada	CA	CA10	12713	45.5	-73.5833	-569541	4	Montreal, Quebec, Canada	CA	CA10	12713	45.5	-73.5833	-569541	4	Montreal, Quebec, Canada	CA	CA10	12713	45.5	-73.5833	-569541	20260902123000	https://www.prnewswire.com/news-releases/equisoft-appoints-bob-thrall-as-chief-sales-officer-302866955.html
1321098984	20260902	202609	2026	2026.6630	BUS	COMPANY						BUS			CVL	ENGINEER						CVL			0	071	071	07	2	7.4	10	1	10	-0.47236655644781	1	South Africa	SF	SF		-30	26	SF	1	South Africa	SF	SF		-30	26	SF	1	South Africa	SF	SF		-30	26	SF	20260902123000	https://techcabal.com/2026/09/02/south-africa-startup-funding-recovering-founders-struggle/
1321098985	20260902	202609	2026	2026.6630	BUS	AIRLINE						BUS			FRA	PARIS	FRA								1	080	080	08	2	5.0	10	1	10	1.44230769230769	4	Paris, France (general), France	FR	FR00	16282	48.8667	2.33333	-1456928	4	Paris, France (general), France	FR	FR00	16282	48.8667	2.33333	-1456928	4	Paris, France (general), France	FR	FR00	16282	48.8667	2.33333	-1456928	20260902123000	https://www.samaa.tv/2087356161-pia-to-operate-daily-london-flights
1321098986	20260902	202609	2026	2026.6630	BUS	BANK						BUS			GOV	FINANCE MINIST						GOV			1	046	046	04	1	7.0	8	1	8	1.70212765957447	4	Kampala, Kampala, Uganda	UG	UG37	18585	0.315556	32.5656	-1728891	4	Kampala, Kampala, Uganda	UG	UG37	18585	0.315556	32.5656	-1728891	4	Kampala, Kampala, Uganda	UG	UG37	18585	0.315556	32.5656	-1728891	20260902123000	https://chimpreports.com/afreximbank-backs-ugandas-500-billion-economy-drive/
1321098987	20260902	202609	2026	2026.6630	BUS	INDUSTRY						BUS			GOV	CHIEF EXECUTIVE						GOV			1	071	071	07	2	7.4	6	1	6	3.1413612565445	4	Montreal, Quebec, Canada	CA	CA10	12713	45.5	-73.5833	-569541	4	Montreal, Quebec, Canada	CA	CA10	12713	45.5	-73.5833	-569541	4	Montreal, Quebec, Canada	CA	CA10	12713	45.5	-73.5833	-569541	20260902123000	https://www.prnewswire.com/news-releases/equisoft-appoints-bob-thrall-as-chief-sales-officer-302866955.html
1321098988	20260902	202609	2026	2026.6630	BUS	COMPANIES						BUS			IND	DELHI	IND								1	010	010	01	1	0.0	4	1	4	-2.9126213592233	1	Mozambique	MZ	MZ		-18.25	35	MZ	1	Mozambique	MZ	MZ		-18.25	35	MZ	1	Mozambique	MZ	MZ		-18.25	35	MZ	20260902123000	https://www.barandbench.com/news/mozambican-and-indian-companies-move-delhi-hc-alleging-icc-arbitrator-did-not-disclose-conflict-of-interest
1321098989	20260902	202609	2026	2026.6630	BUS	BANK						BUS			MEDBUS	TELECOM						MED	BUS		0	020	020	02	1	3.0	10	1	10	-8.07265388496471	1	Singapore	SN	SN		1.366667	103.8	SN	1	Singapore	SN	SN		1.366667	103.8	SN	1	Singapore	SN	SN		1.366667	103.8	SN	20260902123000	https://www.winnipegfreepress.com/arts-and-life/life/sci-tech/2026/09/02/what-to-know-about-the-ap-frontline-investigation-into-scam-victims
1321098990	20260902	202609	2026	2026.6630	BUS	INVESTOR						BUS			MNCUSAMED	GOOGLE	USA					MNC	MED		0	071	071	07	2	7.4	5	1	5	3.53200883002207	4	Toronto, Ontario, Canada	CA	CA08	12686	43.6667	-79.4167	-574890	4	Toronto, Ontario, Canada	CA	CA08	12686	43.6667	-79.4167	-574890	4	Toronto, Ontario, Canada	CA	CA08	12686	43.6667	-79.4167	-574890	20260902123000	https://www.standard-freeholder.com/press-releases/business-wire/benchsci-announces-two-year-enterprise-agreement-with-argenx-to-advance-ai-driven-preclinical-drug-discovery/
1321098991	20260902	202609	2026	2026.6630	BUS	COMPANY						BUS			PAKJUD	LAHORE	PAK					JUD			1	020	020	02	1	3.0	10	1	10	0.98039215686275	0								0								0								20260902123000	https://propakistani.pk/2026/09/02/maple-leaf-cement-approves-merger-wiith-pioneer-cement/
1321098992	20260902	202609	2026	2026.6630	BUS	BANK						BUS			SGP	SINGAPORE	SGP								0	020	020	02	1	3.0	10	1	10	-8.07265388496471	1	Singapore	SN	SN		1.366667	103.8	SN	1	Singapore	SN	SN		1.366667	103.8	SN	1	Singapore	SN	SN		1.366667	103.8	SN	20260902123000	https://www.winnipegfreepress.com/arts-and-life/life/sci-tech/2026/09/02/what-to-know-about-the-ap-frontline-investigation-into-scam-victims
1321098993	20260902	202609	2026	2026.6630	BUS	COMPANIES						BUS			UAF	TERRORIST						UAF			0	051	051	05	1	3.4	5	1	5	-4.01203610832498	1	Israel	IS	IS		31.5	34.75	IS	1	Israel	IS	IS		31.5	34.75	IS	1	Israel	IS	IS		31.5	34.75	IS	20260902123000	https://www.thejc.com/news/uk/terror-group-palestine-action-runs-website-that-takes-donations-and-features-map-of-targets-m0zekt0s
1321098994	20260902	202609	2026	2026.6630	BUS	BANK						BUS			UGAGOV	UGANDA	UGA					GOV			1	046	046	04	1	7.0	2	1	2	1.70212765957447	4	Kampala, Kampala, Uganda	UG	UG37	18585	0.315556	32.5656	-1728891	4	Kampala, Kampala, Uganda	UG	UG37	18585	0.315556	32.5656	-1728891	4	Kampala, Kampala, Uganda	UG	UG37	18585	0.315556	32.5656	-1728891	20260902123000	https://chimpreports.com/afreximbank-backs-ugandas-500-billion-economy-drive/
1321098995	20260902	202609	2026	2026.6630	BUS	AEROSPACE						BUS			USA	A US	USA								1	010	010	01	1	0.0	10	1	10	-5.37931034482759	4	Kermanshah, Kermanshah, Iran	IR	IR13	40995	34.3142	47.065	-3070245	4	Kermanshah, Kermanshah, Iran	IR	IR13	40995	34.3142	47.065	-3070245	4	Kermanshah, Kermanshah, Iran	IR	IR13	40995	34.3142	47.065	-3070245	20260902123000	https://www.samaa.tv/2087356156-7-irgc-basij-personnel-killed-in-us-strikes-on-iran
1321098996	20260902	202609	2026	2026.6630	BUS	COMPANY						BUS			USA	PITTSBURGH	USA								1	010	010	01	1	0.0	10	1	10	-1.13960113960114	2	New York, United States	US	USNY		42.1497	-74.9384	NY	2	New York, United States	US	USNY		42.1497	-74.9384	NY	2	New York, United States	US	USNY		42.1497	-74.9384	NY	20260902123000	https://pittnews.com/article/202670/news/pitt-robotics-enthusiasts-question-safety-of-new-waymo-vans-testing-in-pittsburgh/
1321098997	20260902	202609	2026	2026.6630	BUS	COMPANY						BUS			USA	A US	USA								1	020	020	02	1	3.0	2	1	2	-2.55885363357216	4	Beijing, Beijing, China	CH	CH22	13001	39.9289	116.388	-1898541	4	Beijing, Beijing, China	CH	CH22	13001	39.9289	116.388	-1898541	4	Beijing, Beijing, China	CH	CH22	13001	39.9289	116.388	-1898541	20260902123000	https://www.rappler.com/newsbreak/inside-track/did-hackers-hit-ph-nuclear-agency-ship-company-ties-navy-hunt-io/
1321098998	20260902	202609	2026	2026.6630	BUS	BANK						BUS			USA	UNITED STATES	USA								1	020	020	02	1	3.0	2	1	2	4.20070011668611	2	Pennsylvania, United States	US	USPA		40.5773	-77.264	PA	2	Pennsylvania, United States	US	USPA		40.5773	-77.264	PA	2	Pennsylvania, United States	US	USPA		40.5773	-77.264	PA	20260902123000	https://www.bctv.org/2026/09/02/helping-harvest-calls-on-berks-schuylkill-counties-to-play-your-part/
1321098999	20260902	202609	2026	2026.6630	BUS	INVESTOR						BUS			USA	UNITED STATES	USA								1	036	036	03	1	4.0	4	1	4	5.24691358024692	3	San Francisco, California, United States	US	USCA	CA075	37.7749	-122.419	277593	3	Kensington Park, California, United States	US	USCA		32.7631	-117.106	244254	3	Kensington Park, California, United States	US	USCA		32.7631	-117.106	244254	20260902123000	https://www.standard-freeholder.com/press-releases/newsfile/alliance-advisors-ir-announces-2027-healthcare-meeting-program-san-francisco-and-appoints-vivian-cervantes-as-head-of-healthcare/
1321099000	20260902	202609	2026	2026.6630	BUS	INVESTOR						BUS			USA	SAN FRANCISCO	USA								1	036	036	03	1	4.0	1	1	1	5.24691358024692	3	San Francisco, California, United States	US	USCA	CA075	37.7749	-122.419	277593	3	San Francisco, California, United States	US	USCA		37.7749	-122.419	277593	3	Kensington Park, California, United States	US	USCA		32.7631	-117.106	244254	20260902123000	https://www.standard-freeholder.com/press-releases/newsfile/alliance-advisors-ir-announces-2027-healthcare-meeting-program-san-francisco-and-appoints-vivian-cervantes-as-head-of-healthcare/
1321099001	20260902	202609	2026	2026.6630	BUS	COMPANIES						BUS			USA	NEW YORK	USA								1	036	036	03	1	4.0	10	1	10	5.24691358024692	3	San Francisco, California, United States	US	USCA	CA075	37.7749	-122.419	277593	2	New York, United States	US	USNY		42.1497	-74.9384	NY	3	San Francisco, California, United States	US	USCA		37.7749	-122.419	277593	20260902123000	https://www.standard-freeholder.com/press-releases/newsfile/alliance-advisors-ir-announces-2027-healthcare-meeting-program-san-francisco-and-appoints-vivian-cervantes-as-head-of-healthcare/
1321099002	20260902	202609	2026	2026.6630	BUS	BANK						BUS			USA	PENNSYLVANIA	USA								1	046	046	04	1	7.0	2	1	2	4.20070011668611	2	Pennsylvania, United States	US	USPA		40.5773	-77.264	PA	2	Pennsylvania, United States	US	USPA		40.5773	-77.264	PA	2	Pennsylvania, United States	US	USPA		40.5773	-77.264	PA	20260902123000	https://www.bctv.org/2026/09/02/helping-harvest-calls-on-berks-schuylkill-counties-to-play-your-part/
1321099003	20260902	202609	2026	2026.6630	BUSMED	COMPANY						BUS	MED												0	030	030	03	1	4.0	10	1	10	-2.55885363357216	4	Beijing, Beijing, China	CH	CH22	13001	39.9289	116.388	-1898541	0								4	Beijing, Beijing, China	CH	CH22	13001	39.9289	116.388	-1898541	20260902123000	https://www.rappler.com/newsbreak/inside-track/did-hackers-hit-ph-nuclear-agency-ship-company-ties-navy-hunt-io/
1321099004	20260902	202609	2026	2026.6630	CAN	CANADA	CAN																		1	012	012	01	1	-0.4	4	1	4	-0.13315579227696	4	Amherstburg, Ontario, Canada	CA	CA08	29990	42.1	-83.1	-560128	0								4	Amherstburg, Ontario, Canada	CA	CA08	29990	42.1	-83.1	-560128	20260902123000	https://www.thepeterboroughexaminer.com/politics/political-opinion/in-light-of-trump-ontario-desperately-needs-a-strategy-all-doug-ford-has-is-a-shtick/article_3d72ddc9-904c-502a-9196-1d7b79a1e164.html
1321099005	20260902	202609	2026	2026.6630	CAN	CANADA	CAN																		0	020	020	02	1	3.0	4	1	4	-1.18577075098814	4	Gulf Islands, British Columbia, Canada	CA	CA02	12541	48.8167	-123.467	-565722	0								4	Gulf Islands, British Columbia, Canada	CA	CA02	12541	48.8167	-123.467	-565722	20260902123000	https://www.sanjuanjournal.com/2026/09/02/across-the-dotted-line-what-the-cowichan-tribes-v-canada-ruling-means-for-the-san-juan-islands/
1321099006	20260902	202609	2026	2026.6630	CAN	CANADA	CAN																		1	026	026	02	1	4.0	4	1	4	-0.75901328273245	4	Richmond Hill, Ontario, Canada	CA	CA08	12689	43.8667	-79.4333	-572249	0								4	Richmond Hill, Ontario, Canada	CA	CA08	12689	43.8667	-79.4333	-572249	20260902123000	https://www.yorkregion.com/news/richmond-hill-residents-join-city-fight-at-ontario-tribunal/article_bfd1bc01-7a96-57fb-8899-0dac3ec536a0.html
1321099007	20260902	202609	2026	2026.6630	CAN	CANADA	CAN																		1	042	042	04	1	1.9	2	1	2	-1.18577075098814	4	Gulf Islands, British Columbia, Canada	CA	CA02	12541	48.8167	-123.467	-565722	0								4	Gulf Islands, British Columbia, Canada	CA	CA02	12541	48.8167	-123.467	-565722	20260902123000	https://www.sanjuanjournal.com/2026/09/02/across-the-dotted-line-what-the-cowichan-tribes-v-canada-ruling-means-for-the-san-juan-islands/
1321099008	20260902	202609	2026	2026.6630	CAN	CANADA	CAN																		0	042	042	04	1	1.9	2	1	2	-1.18577075098814	4	Salt Spring Island, British Columbia, Canada	CA	CA02	12541	48.8333	-123.5	-573115	0								1	United Kingdom	UK	UK		54	-4	UK	20260902123000	https://www.sanjuanjournal.com/2026/09/02/across-the-dotted-line-what-the-cowichan-tribes-v-canada-ruling-means-for-the-san-juan-islands/
1321099009	20260902	202609	2026	2026.6630	CAN	CANADA	CAN																		1	046	046	04	1	7.0	4	1	4	3.1413612565445	4	Montreal, Quebec, Canada	CA	CA10	12713	45.5	-73.5833	-569541	0								4	Montreal, Quebec, Canada	CA	CA10	12713	45.5	-73.5833	-569541	20260902123000	https://www.prnewswire.com/news-releases/equisoft-appoints-bob-thrall-as-chief-sales-officer-302866955.html
1321099010	20260902	202609	2026	2026.6630	CAN	CANADA	CAN																		1	052	052	05	1	3.5	4	1	4	-0.75901328273245	4	Richmond Hill, Ontario, Canada	CA	CA08	12689	43.8667	-79.4333	-572249	0								4	Richmond Hill, Ontario, Canada	CA	CA08	12689	43.8667	-79.4333	-572249	20260902123000	https://www.yorkregion.com/news/richmond-hill-residents-join-city-fight-at-ontario-tribunal/article_bfd1bc01-7a96-57fb-8899-0dac3ec536a0.html
1321099011	20260902	202609	2026	2026.6630	CAN	CANADA	CAN																		1	080	080	08	2	5.0	4	1	4	-0.13315579227696	4	Amherstburg, Ontario, Canada	CA	CA08	29990	42.1	-83.1	-560128	0								4	Amherstburg, Ontario, Canada	CA	CA08	29990	42.1	-83.1	-560128	20260902123000	https://www.thepeterboroughexaminer.com/politics/political-opinion/in-light-of-trump-ontario-desperately-needs-a-strategy-all-doug-ford-has-is-a-shtick/article_3d72ddc9-904c-502a-9196-1d7b79a1e164.html
1321099012	20260902	202609	2026	2026.6630	CAN	CANADA	CAN																		1	080	080	08	2	5.0	6	1	6	-5.25624178712221	2	Michigan, United States	US	USMI		43.3504	-84.5603	MI	0								4	Quebec, Quebec, Canada	CA	CA10	12750	47.5	-72	-571850	20260902123000	https://www.theguardian.com/commentisfree/2026/sep/02/trump-canada-tariffs-trade-war-backfiring
1321099013	20260902	202609	2026	2026.6630	CAN	CANADA	CAN																		1	080	080	08	2	5.0	4	1	4	-5.25624178712221	2	Michigan, United States	US	USMI		43.3504	-84.5603	MI	0								2	Michigan, United States	US	USMI		43.3504	-84.5603	MI	20260902123000	https://www.theguardian.com/commentisfree/2026/sep/02/trump-canada-tariffs-trade-war-backfiring
1321099014	20260902	202609	2026	2026.6630	CAN	CANADA	CAN																		0	100	100	10	3	-5.0	4	1	4	-4.2483660130719	4	Toronto, Ontario, Canada	CA	CA08	12686	43.6667	-79.4167	-574890	0								4	Toronto, Ontario, Canada	CA	CA08	12686	43.6667	-79.4167	-574890	20260902123000	https://www.saltwire.com/nova-scotia/halifax/toronto-man-accused-breaching-release-conditions-child-sexual-abuse
1321099015	20260902	202609	2026	2026.6630	CAN	TORONTO	CAN																		1	128	128	12	3	-5.0	3	1	3	-4.2483660130719	4	Toronto, Ontario, Canada	CA	CA08	12686	43.6667	-79.4167	-574890	0								4	Toronto, Ontario, Canada	CA	CA08	12686	43.6667	-79.4167	-574890	20260902123000	https://www.saltwire.com/nova-scotia/halifax/toronto-man-accused-breaching-release-conditions-child-sexual-abuse
1321099016	20260902	202609	2026	2026.6630	CAN	ALBERTA	CAN																		0	161	161	16	4	-4.0	2	1	2	-5.25624178712221	4	Quebec, Quebec, Canada	CA	CA10	12750	47.5	-72	-571850	0								4	Quebec, Quebec, Canada	CA	CA10	12750	47.5	-72	-571850	20260902123000	https://www.theguardian.com/commentisfree/2026/sep/02/trump-canada-tariffs-trade-war-backfiring
1321099017	20260902	202609	2026	2026.6630	CAN	CANADA	CAN								COP	POLICE						COP			1	112	112	11	3	-2.0	2	1	2	-4.31726907630523	4	Toronto, Ontario, Canada	CA	CA08	12686	43.6667	-79.4167	-574890	4	Toronto, Ontario, Canada	CA	CA08	12686	43.6667	-79.4167	-574890	4	Toronto, Ontario, Canada	CA	CA08	12686	43.6667	-79.4167	-574890	20260902123000	https://www.thepeterboroughexaminer.com/news/peterborough-election-charges/article_db1fceec-91e9-564c-b53d-fb2e0148717c.html
1321099018	20260902	202609	2026	2026.6630	CAN	CANADA	CAN								CVL	LANDOWNER						CVL			0	020	020	02	1	3.0	3	1	3	-1.18577075098814	4	Gulf Islands, British Columbia, Canada	CA	CA02	12541	48.8167	-123.467	-565722	4	Gulf Islands, British Columbia, Canada	CA	CA02	12541	48.8167	-123.467	-565722	4	Gulf Islands, British Columbia, Canada	CA	CA02	12541	48.8167	-123.467	-565722	20260902123000	https://www.sanjuanjournal.com/2026/09/02/across-the-dotted-line-what-the-cowichan-tribes-v-canada-ruling-means-for-the-san-juan-islands/
1321099019	20260902	202609	2026	2026.6630	CAN	BRITISH COLUMBIA	CAN								CVL	INDIGENOUS PEOPLE						CVL			1	032	032	03	1	4.5	1	1	1	-1.18577075098814	4	Gulf Islands, British Columbia, Canada	CA	CA02	12541	48.8167	-123.467	-565722	4	Gulf Islands, British Columbia, Canada	CA	CA02	12541	48.8167	-123.467	-565722	4	Gulf Islands, British Columbia, Canada	CA	CA02	12541	48.8167	-123.467	-565722	20260902123000	https://www.sanjuanjournal.com/2026/09/02/across-the-dotted-line-what-the-cowichan-tribes-v-canada-ruling-means-for-the-san-juan-islands/
1321099020	20260902	202609	2026	2026.6630	CAN	CANADA	CAN								CVL	COMMUNITY						CVL			1	042	042	04	1	1.9	2	1	2	-1.18577075098814	4	Gulf Islands, British Columbia, Canada	CA	CA02	12541	48.8167	-123.467	-565722	4	Gulf Islands, British Columbia, Canada	CA	CA02	12541	48.8167	-123.467	-565722	4	Gulf Islands, British Columbia, Canada	CA	CA02	12541	48.8167	-123.467	-565722	20260902123000	https://www.sanjuanjournal.com/2026/09/02/across-the-dotted-line-what-the-cowichan-tribes-v-canada-ruling-means-for-the-san-juan-islands/
1321099021	20260902	202609	2026	2026.6630	CAN	CANADA	CAN								GBR	BRITISH	GBR								0	042	042	04	1	1.9	2	1	2	-1.18577075098814	4	Salt Spring Island, British Columbia, Canada	CA	CA02	12541	48.8333	-123.5	-573115	4	Salt Spring Island, British Columbia, Canada	CA	CA02	12541	48.8333	-123.5	-573115	4	Salt Spring Island, British Columbia, Canada	CA	CA02	12541	48.8333	-123.5	-573115	20260902123000	https://www.sanjuanjournal.com/2026/09/02/across-the-dotted-line-what-the-cowichan-tribes-v-canada-ruling-means-for-the-san-juan-islands/
1321099022	20260902	202609	2026	2026.6630	CAN	CANADA	CAN								GBR	UNITED KINGDOM	GBR								0	042	042	04	1	1.9	1	1	1	-1.18577075098814	4	Salt Spring Island, British Columbia, Canada	CA	CA02	12541	48.8333	-123.5	-573115	4	Salt Spring Island, British Columbia, Canada	CA	CA02	12541	48.8333	-123.5	-573115	1	United Kingdom	UK	UK		54	-4	UK	20260902123000	https://www.sanjuanjournal.com/2026/09/02/across-the-dotted-line-what-the-cowichan-tribes-v-canada-ruling-means-for-the-san-juan-islands/
1321099023	20260902	202609	2026	2026.6630	CAN	CANADA	CAN								GBR	UNITED KINGDOM	GBR								0	042	042	04	1	1.9	1	1	1	-1.18577075098814	4	Salt Spring Island, British Columbia, Canada	CA	CA02	12541	48.8333	-123.5	-573115	1	United Kingdom	UK	UK		54	-4	UK	1	United Kingdom	UK	UK		54	-4	UK	20260902123000	https://www.sanjuanjournal.com/2026/09/02/across-the-dotted-line-what-the-cowichan-tribes-v-canada-ruling-means-for-the-san-juan-islands/
1321099024	20260902	202609	2026	2026.6630	CAN	CANADA	CAN								GBR	BRITISH	GBR								0	042	042	04	1	1.9	2	1	2	-1.18577075098814	1	United Kingdom	UK	UK		54	-4	UK	1	United Kingdom	UK	UK		54	-4	UK	1	United Kingdom	UK	UK		54	-4	UK	20260902123000	https://www.sanjuanjournal.com/2026/09/02/across-the-dotted-line-what-the-cowichan-tribes-v-canada-ruling-means-for-the-san-juan-islands/
1321099025	20260902	202609	2026	2026.6630	CAN	CANADA	CAN								JUD	TRIBUNAL						JUD			0	100	100	10	3	-5.0	3	1	3	-0.75901328273245	4	Richmond Hill, Ontario, Canada	CA	CA08	12689	43.8667	-79.4333	-572249	4	Richmond Hill, Ontario, Canada	CA	CA08	12689	43.8667	-79.4333	-572249	4	Richmond Hill, Ontario, Canada	CA	CA08	12689	43.8667	-79.4333	-572249	20260902123000	https://www.yorkregion.com/news/richmond-hill-residents-join-city-fight-at-ontario-tribunal/article_bfd1bc01-7a96-57fb-8899-0dac3ec536a0.html
1321099026	20260902	202609	2026	2026.6630	CAN	MONTREAL	CAN								USA	NEW YORK	USA								1	040	040	04	1	1.0	10	1	10	8.03571428571429	1	Puerto Rico	RQ	RQ		18.2359	-66.4838	RQ	1	Puerto Rico	RQ	RQ		18.2359	-66.4838	RQ	1	United States	US	US		39.828175	-98.5795	US	20260902123000	https://www.prnewswire.com/news-releases/power-sustainable-portfolio-company-envocore-selected-for-major-puerto-rico-water-infrastructure-modernization-program-302866834.html
1321099027	20260902	202609	2026	2026.6630	CANCOP	CANADA	CAN					COP			CAN	TORONTO	CAN								0	173	173	17	4	-5.0	2	1	2	-4.31726907630523	4	Toronto, Ontario, Canada	CA	CA08	12686	43.6667	-79.4167	-574890	4	Toronto, Ontario, Canada	CA	CA08	12686	43.6667	-79.4167	-574890	4	Toronto, Ontario, Canada	CA	CA08	12686	43.6667	-79.4167	-574890	20260902123000	https://www.thepeterboroughexaminer.com/news/peterborough-election-charges/article_db1fceec-91e9-564c-b53d-fb2e0148717c.html
1321099028	20260902	202609	2026	2026.6630	CANGOV	CANADA	CAN					GOV			CAN	CANADA	CAN								1	010	010	01	1	0.0	1	1	1	-2.4390243902439	4	Ottawa, Ontario, Canada	CA	CA08	12755	45.4167	-75.7	-570760	1	Mexico	MX	MX		23	-102	MX	4	Ottawa, Ontario, Canada	CA	CA08	12755	45.4167	-75.7	-570760	20260902123000	https://www.upi.com/Top_News/US/2026/09/02/Apple-relabels-Lake-Ontario-Lake-America/3281788339669/
1321099029	20260902	202609	2026	2026.6630	CANGOV	CANADA	CAN					GOV			CAN	CANADA	CAN								1	020	020	02	1	3.0	1	1	1	-2.4390243902439	4	Lake Ontario, Canada (general), Canada	CA	CA00		43.6667	-78	-570661	4	Ottawa, Ontario, Canada	CA	CA08	12755	45.4167	-75.7	-570760	4	Ottawa, Ontario, Canada	CA	CA08	12755	45.4167	-75.7	-570760	20260902123000	https://www.upi.com/Top_News/US/2026/09/02/Apple-relabels-Lake-Ontario-Lake-America/3281788339669/
1321099030	20260902	202609	2026	2026.6630	CANJUD	CANADA	CAN					JUD													0	013	013	01	1	0.4	2	1	2	-4.2483660130719	4	Toronto, Ontario, Canada	CA	CA08	12686	43.6667	-79.4167	-574890	0								4	Toronto, Ontario, Canada	CA	CA08	12686	43.6667	-79.4167	-574890	20260902123000	https://www.saltwire.com/nova-scotia/halifax/toronto-man-accused-breaching-release-conditions-child-sexual-abuse
1321099031	20260902	202609	2026	2026.6630	CANJUD	CANADA	CAN					JUD			CAN	CANADA	CAN								0	112	112	11	3	-2.0	2	1	2	-4.2483660130719	4	Toronto, Ontario, Canada	CA	CA08	12686	43.6667	-79.4167	-574890	4	Toronto, Ontario, Canada	CA	CA08	12686	43.6667	-79.4167	-574890	4	Toronto, Ontario, Canada	CA	CA08	12686	43.6667	-79.4167	-574890	20260902123000	https://www.saltwire.com/nova-scotia/halifax/toronto-man-accused-breaching-release-conditions-child-sexual-abuse
1321099032	20260902	202609	2026	2026.6630	CHE	SWISS	CHE																		1	042	042	04	1	1.9	2	1	2	2.98833819241982	1	Switzerland	SZ	SZ		47	8	SZ	0								1	Switzerland	SZ	SZ		47	8	SZ	20260902123000	https://www.hindustantimes.com/lifestyle/travel/i-used-both-budget-and-premium-suitcases-and-the-difference-surprised-me-my-tried-and-tested-insights-101788349484615.html
1321099033	20260902	202609	2026	2026.6630	CHE	SWISS	CHE																		1	110	110	11	3	-2.0	2	1	2	2.98833819241982	1	Switzerland	SZ	SZ		47	8	SZ	0								1	Switzerland	SZ	SZ		47	8	SZ	20260902123000	https://www.hindustantimes.com/lifestyle/travel/i-used-both-budget-and-premium-suitcases-and-the-difference-surprised-me-my-tried-and-tested-insights-101788349484615.html
1321099034	20260902	202609	2026	2026.6630	CHN	CHINA	CHN																		0	010	010	01	1	0.0	10	1	10	-3.74812593703148	5	Bagmati, Bagmati, Nepal	NP	NP01	22352	27.9167	85.4167	-1021655	0								5	Bagmati, Bagmati, Nepal	NP	NP01	22352	27.9167	85.4167	-1021655	20260902123000	https://kathmandupost.com/national/2026/09/02/pm-shah-addresses-five-queries-over-government-s-handling-of-bhotekoshi-floods
1321099035	20260902	202609	2026	2026.6630	CHN	CHINA	CHN																		1	010	010	01	1	0.0	12	2	12	5.13998988024962	4	Qilu, Gansu, China	CH	CH15	13270	34.0725	104.348	10650178	0								4	Qilu, Gansu, China	CH	CH15	13270	34.0725	104.348	10650178	20260902123000	https://www.timesargus.com/news/business/biocytogen-enters-into-non-exclusive-licensing-agreement-with-qilu-pharmaceutical-for-a-fully-human-vhh/article_a938416d-1e4e-5853-a5bf-a1aad3f315ff.html
1321099036	20260902	202609	2026	2026.6630	CHN	CHINA	CHN																		1	051	051	05	1	3.4	16	2	16	5.13998988024963	4	Qilu, Gansu, China	CH	CH15	13270	34.0725	104.348	10650178	0								4	Qilu, Gansu, China	CH	CH15	13270	34.0725	104.348	10650178	20260902123000	https://www.timesargus.com/news/business/biocytogen-enters-into-non-exclusive-licensing-agreement-with-qilu-pharmaceutical-for-a-fully-human-vhh/article_a938416d-1e4e-5853-a5bf-a1aad3f315ff.html
1321099037	20260902	202609	2026	2026.6630	CHN	CHINA	CHN								BUS	BUSINESS						BUS			0	172	172	17	4	-5.0	30	2	30	-7.39301847164358	1	China	CH	CH		35	105	CH	1	China	CH	CH		35	105	CH	1	China	CH	CH		35	105	CH	20260902123000	https://www.winnipegfreepress.com/arts-and-life/life/sci-tech/2026/09/02/what-to-know-about-the-ap-frontline-investigation-into-scam-victims
1321099038	20260902	202609	2026	2026.6630	CHN	BEIJING	CHN								CHNBUS	CHINA	CHN					BUS			1	030	030	03	1	4.0	2	1	2	6.19834710743802	4	Beijing, Beijing, China	CH	CH22	13001	39.9289	116.388	-1898541	4	Beijing, Beijing, China	CH	CH22	13001	39.9289	116.388	-1898541	4	Beijing, Beijing, China	CH	CH22	13001	39.9289	116.388	-1898541	20260902123000	https://www.timesargus.com/news/business/biocytogen-enters-into-non-exclusive-licensing-agreement-with-qilu-pharmaceutical-for-a-fully-human-vhh/article_a938416d-1e4e-5853-a5bf-a1aad3f315ff.html
1321099039	20260902	202609	2026	2026.6630	CHN	BEIJING	CHN								EGY	CAIRO	EGY								1	030	030	03	1	4.0	1	1	1	2.88659793814433	4	Beijing, Beijing, China	CH	CH22	13001	39.9289	116.388	-1898541	4	Cairo, Al Qahirah, Egypt	EG	EG11	65350	30.05	31.25	-290692	4	Cairo, Al Qahirah, Egypt	EG	EG11	65350	30.05	31.25	-290692	20260902123000	https://www.al-monitor.com/originals/2026/09/egypt-welcomes-xi-beijing-expands-influence-middle-east
1321099040	20260902	202609	2026	2026.6630	CHN	BEIJING	CHN								EGY	CAIRO	EGY								1	030	030	03	1	4.0	1	1	1	2.88659793814433	4	Cairo, Al Qahirah, Egypt	EG	EG11	65350	30.05	31.25	-290692	4	Beijing, Beijing, China	CH	CH22	13001	39.9289	116.388	-1898541	4	Beijing, Beijing, China	CH	CH22	13001	39.9289	116.388	-1898541	20260902123000	https://www.al-monitor.com/originals/2026/09/egypt-welcomes-xi-beijing-expands-influence-middle-east
1321099041	20260902	202609	2026	2026.6630	CHN	CHINA	CHN								IGOEUREEC	THE EUROPEAN UNION	EUR	EEC				IGO			0	020	020	02	1	3.0	15	2	15	-7.39301847164358	1	China	CH	CH		35	105	CH	1	China	CH	CH		35	105	CH	1	China	CH	CH		35	105	CH	20260902123000	https://www.winnipegfreepress.com/arts-and-life/life/sci-tech/2026/09/02/what-to-know-about-the-ap-frontline-investigation-into-scam-victims
1321099042	20260902	202609	2026	2026.6630	CHNBUS	BEIJING	CHN					BUS			CHN	BEIJING	CHN								1	030	030	03	1	4.0	6	1	6	6.19834710743802	4	Beijing, Beijing, China	CH	CH22	13001	39.9289	116.388	-1898541	4	Beijing, Beijing, China	CH	CH22	13001	39.9289	116.388	-1898541	4	Beijing, Beijing, China	CH	CH22	13001	39.9289	116.388	-1898541	20260902123000	https://www.timesargus.com/news/business/biocytogen-enters-into-non-exclusive-licensing-agreement-with-qilu-pharmaceutical-for-a-fully-human-vhh/article_a938416d-1e4e-5853-a5bf-a1aad3f315ff.html
1321099043	20260902	202609	2026	2026.6630	CHR	CHRISTIAN				CHR															1	043	043	04	1	2.8	4	1	4	-5.3921568627451	4	Delhi, Delhi, India	IN	IN07	17911	28.6667	77.2167	-2094230	0								4	Delhi, Delhi, India	IN	IN07	17911	28.6667	77.2167	-2094230	20260902123000	https://www.barandbench.com/news/delhi-high-court-seeks-response-from-state-mcd-on-pil-flagging-lack-of-burial-spaces-for-christians
1321099044	20260902	202609	2026	2026.6630	CHR	CHRISTIAN				CHR															1	1123	112	11	3	-2.0	2	1	2	-6.90335305719925	4	Brussels, Bruxelles-Capitale, Belgium	BE	BE11	5850	50.8333	4.33333	-1955538	0								4	Brussels, Bruxelles-Capitale, Belgium	BE	BE11	5850	50.8333	4.33333	-1955538	20260902123000	https://aninews.in/news/world/asia/italian-media-flags-europe-aid-to-pak-cites-violence-against-minorities20260902170146/
1321099045	20260902	202609	2026	2026.6630	CHR	CHRISTIAN				CHR															1	1123	112	11	3	-2.0	3	1	3	-6.90335305719925	4	Islamabad, Islamabad, Pakistan	PK	PK08	23674	33.7	73.1667	-2762812	0								4	Islamabad, Islamabad, Pakistan	PK	PK08	23674	33.7	73.1667	-2762812	20260902123000	https://aninews.in/news/world/asia/italian-media-flags-europe-aid-to-pak-cites-violence-against-minorities20260902170146/
1321099046	20260902	202609	2026	2026.6630	CHR	CHRISTIAN				CHR															1	1712	171	17	4	-9.2	2	1	2	-6.90335305719925	4	Jaranwala, Punjab, Pakistan	PK	PK04	23677	31.3333	73.4333	-2763330	0								4	Brussels, Bruxelles-Capitale, Belgium	BE	BE11	5850	50.8333	4.33333	-1955538	20260902123000	https://aninews.in/news/world/asia/italian-media-flags-europe-aid-to-pak-cites-violence-against-minorities20260902170146/
1321099047	20260902	202609	2026	2026.6630	CHR	CHRISTIAN				CHR															1	1712	171	17	4	-9.2	3	1	3	-6.90335305719925	4	Jaranwala, Punjab, Pakistan	PK	PK04	23677	31.3333	73.4333	-2763330	0								4	Jaranwala, Punjab, Pakistan	PK	PK04	23677	31.3333	73.4333	-2763330	20260902123000	https://aninews.in/news/world/asia/italian-media-flags-europe-aid-to-pak-cites-violence-against-minorities20260902170146/
1321099048	20260902	202609	2026	2026.6630	COD	DEMOCRATIC REPUBLIC OF THE CONGO	COD																		0	042	042	04	1	1.9	2	1	2	2.83842794759826	4	Kinshasa, Kinshasa, Democratic Republic Of The Congo	CG	CG06	18585	-4.32972	15.315	-2049111	0								4	Kinshasa, Kinshasa, Democratic Republic Of The Congo	CG	CG06	18585	-4.32972	15.315	-2049111	20260902123000	https://chimpreports.com/tshisekedi-netanyahu-discuss-security-and-israeli-investment-in-dr-congo/
1321099049	20260902	202609	2026	2026.6630	COD	KINSHASA	COD																		0	043	043	04	1	2.8	1	1	1	2.83842794759826	4	Kinshasa, Kinshasa, Democratic Republic Of The Congo	CG	CG06	18585	-4.32972	15.315	-2049111	0								4	Kinshasa, Kinshasa, Democratic Republic Of The Congo	CG	CG06	18585	-4.32972	15.315	-2049111	20260902123000	https://chimpreports.com/tshisekedi-netanyahu-discuss-security-and-israeli-investment-in-dr-congo/
1321099050	20260902	202609	2026	2026.6630	COD	DEMOCRATIC REPUBLIC OF THE CONGO	COD								ISR	ISRAEL	ISR								0	042	042	04	1	1.9	1	1	1	2.83842794759826	4	Kinshasa, Kinshasa, Democratic Republic Of The Congo	CG	CG06	18585	-4.32972	15.315	-2049111	4	Jerusalem, Israel (general), Israel	IS	IS00	18315	31.7667	35.2333	-797092	4	Kinshasa, Kinshasa, Democratic Republic Of The Congo	CG	CG06	18585	-4.32972	15.315	-2049111	20260902123000	https://chimpreports.com/tshisekedi-netanyahu-discuss-security-and-israeli-investment-in-dr-congo/
1321099051	20260902	202609	2026	2026.6630	COD	DEMOCRATIC REPUBLIC OF THE CONGO	COD								ISR	ISRAEL	ISR								0	042	042	04	1	1.9	1	1	1	2.83842794759826	4	Jerusalem, Israel (general), Israel	IS	IS00	18315	31.7667	35.2333	-797092	4	Jerusalem, Israel (general), Israel	IS	IS00	18315	31.7667	35.2333	-797092	4	Jerusalem, Israel (general), Israel	IS	IS00	18315	31.7667	35.2333	-797092	20260902123000	https://chimpreports.com/tshisekedi-netanyahu-discuss-security-and-israeli-investment-in-dr-congo/
1321099052	20260902	202609	2026	2026.6630	COD	KINSHASA	COD								ISR	ISRAELI	ISR								1	046	046	04	1	7.0	2	1	2	2.83842794759826	4	Jerusalem, Israel (general), Israel	IS	IS00	18315	31.7667	35.2333	-797092	4	Kinshasa, Kinshasa, Democratic Republic Of The Congo	CG	CG06	18585	-4.32972	15.315	-2049111	4	Kinshasa, Kinshasa, Democratic Republic Of The Congo	CG	CG06	18585	-4.32972	15.315	-2049111	20260902123000	https://chimpreports.com/tshisekedi-netanyahu-discuss-security-and-israeli-investment-in-dr-congo/
1321099053	20260902	202609	2026	2026.6630	COG	CONGO	COG								UAF	ARMED GROUP						UAF			1	190	190	19	4	-10.0	4	1	4	2.83842794759826	4	Kinshasa, Kinshasa, Democratic Republic Of The Congo	CG	CG06	18585	-4.32972	15.315	-2049111	4	Kinshasa, Kinshasa, Democratic Republic Of The Congo	CG	CG06	18585	-4.32972	15.315	-2049111	4	Kinshasa, Kinshasa, Democratic Republic Of The Congo	CG	CG06	18585	-4.32972	15.315	-2049111	20260902123000	https://chimpreports.com/tshisekedi-netanyahu-discuss-security-and-israeli-investment-in-dr-congo/
1321099054	20260902	202609	2026	2026.6630	COG	CONGO	COG								UAF	ARMED GROUP						UAF			1	190	190	19	4	-10.0	3	1	3	2.83842794759826	4	Jerusalem, Israel (general), Israel	IS	IS00	18315	31.7667	35.2333	-797092	4	Kinshasa, Kinshasa, Democratic Republic Of The Congo	CG	CG06	18585	-4.32972	15.315	-2049111	4	Kinshasa, Kinshasa, Democratic Republic Of The Congo	CG	CG06	18585	-4.32972	15.315	-2049111	20260902123000	https://chimpreports.com/tshisekedi-netanyahu-discuss-security-and-israeli-investment-in-dr-congo/
1321099055	20260902	202609	2026	2026.6630	COG	CONGO	COG								UAF	ARMED GROUP						UAF			1	190	190	19	4	-10.0	2	1	2	2.83842794759826	4	Jerusalem, Israel (general), Israel	IS	IS00	18315	31.7667	35.2333	-797092	4	Jerusalem, Israel (general), Israel	IS	IS00	18315	31.7667	35.2333	-797092	4	Jerusalem, Israel (general), Israel	IS	IS00	18315	31.7667	35.2333	-797092	20260902123000	https://chimpreports.com/tshisekedi-netanyahu-discuss-security-and-israeli-investment-in-dr-congo/
1321099056	20260902	202609	2026	2026.6630	COG	CONGO	COG								UAF	ARMED GROUP						UAF			1	190	190	19	4	-10.0	1	1	1	2.83842794759826	1	Congo	CF	CF		-1	15	CF	1	Congo	CF	CF		-1	15	CF	1	Congo	CF	CF		-1	15	CF	20260902123000	https://chimpreports.com/tshisekedi-netanyahu-discuss-security-and-israeli-investment-in-dr-congo/
1321099057	20260902	202609	2026	2026.6630	COP	POLICE						COP													0	030	030	03	1	4.0	5	1	5	-7.07376058041112	2	Colorado, United States	US	USCO		39.0646	-105.327	CO	0								2	Colorado, United States	US	USCO		39.0646	-105.327	CO	20260902123000	http://www.somdnews.com/ap/nation/scams-in-the-us-are-at-a-record-high-yet-most-victims-get-no-help/article_92d00c73-796b-5a64-894a-d9886581cafa.html
1321099058	20260902	202609	2026	2026.6630	COP	POLICE						COP													0	030	030	03	1	4.0	5	1	5	-7.0326409495549	2	New York, United States	US	USNY		42.1497	-74.9384	NY	0								2	New York, United States	US	USNY		42.1497	-74.9384	NY	20260902123000	https://www.winnipegfreepress.com/arts-and-life/life/sci-tech/2026/09/02/scams-in-the-us-are-at-a-record-high-yet-most-victims-get-no-help-and-some-end-up-losing-even-more
1321099059	20260902	202609	2026	2026.6630	COP	PRISON						COP													0	043	043	04	1	2.8	6	1	6	-7.85498489425981	1	Uganda	UG	UG		2	33	UG	0								1	Uganda	UG	UG		2	33	UG	20260902123000	https://www.africanews.com/2026/09/02/activists-blame-kenya-for-ugandan-opposition-figures-plight/
1321099060	20260902	202609	2026	2026.6630	COP	POLICE						COP													0	051	051	05	1	3.4	10	1	10	-4.49678800856531	4	Mandurah, Western Australia, Australia	AS	AS08	5522	-32.5269	115.722	-1585527	0								4	Mandurah, Western Australia, Australia	AS	AS08	5522	-32.5269	115.722	-1585527	20260902123000	https://www.perthnow.com.au/news/crime/police-arrest-teen-over-rock-attack-in-falcon-that-left-man-with-severe-facial-injuries--c-22815522
1321099061	20260902	202609	2026	2026.6630	COP	POLICEMAN						COP													1	051	051	05	1	3.4	2	1	2	-1.0840108401084	4	Manila, Manila, Philippines	RP	RPD9	24210	14.6042	120.982	-2437894	0								4	Manila, Manila, Philippines	RP	RPD9	24210	14.6042	120.982	-2437894	20260902123000	https://www.manilatimes.net/2026/09/02/regions/pnp-vows-support-for-family-of-batangas-policeman-killed-in-robbery-bust/2416862
1321099062	20260902	202609	2026	2026.6630	COP	POLICE						COP													0	090	090	09	2	-2.0	5	1	5	-4.90654205607477	4	Kathmandu, Bagmati, Nepal	NP	NP01	22353	27.7167	85.3167	-1022136	0								4	Kathmandu, Bagmati, Nepal	NP	NP01	22353	27.7167	85.3167	-1022136	20260902123000	https://www.hindustantimes.com/world-news/very-confident-they-are-alive-official-on-workers-trapped-in-nepals-rasuwagadhi-hydropower-plant-101788347711770.html
1321099063	20260902	202609	2026	2026.6630	COP	POLICE						COP													1	090	090	09	2	-2.0	10	1	10	-3.7037037037037	4	Jabalpur, Madhya Pradesh, India	IN	IN35	17732	23.1667	79.95	-2097915	0								4	Jabalpur, Madhya Pradesh, India	IN	IN35	17732	23.1667	79.95	-2097915	20260902123000	https://aninews.in/news/national/general-news/mp-two-labourers-killed-after-wall-of-factory-collapses-in-jabalpur20260902171313/
1321099064	20260902	202609	2026	2026.6630	COP	POLICE						COP													1	120	120	12	3	-4.0	6	1	6	-4.02298850574713	2	Texas, United States	US	USTX		31.106	-97.6475	TX	0								2	Texas, United States	US	USTX		31.106	-97.6475	TX	20260902123000	https://www.chesterstandard.co.uk/news/26515422.chester-crown-court-jails-pensioner-sex-offender-breach/
1321099065	20260902	202609	2026	2026.6630	COP	POLICE						COP			COPSPY	POLICE						COP	SPY		1	153	153	15	4	-7.2	2	1	2	-1.0840108401084	4	Batangas, Batangas City, Philippines	RP	RPA7	24231	13.7567	121.058	-2413040	4	Batangas, Batangas City, Philippines	RP	RPA7	24231	13.7567	121.058	-2413040	4	Batangas, Batangas City, Philippines	RP	RPA7	24231	13.7567	121.058	-2413040	20260902123000	https://www.manilatimes.net/2026/09/02/regions/pnp-vows-support-for-family-of-batangas-policeman-killed-in-robbery-bust/2416862
1321099066	20260902	202609	2026	2026.6630	COP	POLICE						COP			ISR	ISRAEL	ISR								0	100	100	10	3	-5.0	1	1	1	-4.01203610832498	4	Glasgow, Glasgow City, United Kingdom	UK	UKV2	40176	55.8333	-4.25	-2597039	1	Israel	IS	IS		31.5	34.75	IS	4	Glasgow, Glasgow City, United Kingdom	UK	UKV2	40176	55.8333	-4.25	-2597039	20260902123000	https://www.thejc.com/news/uk/terror-group-palestine-action-runs-website-that-takes-donations-and-features-map-of-targets-m0zekt0s
1321099067	20260902	202609	2026	2026.6630	COP	POLICE						COP			ISR	ISRAEL	ISR								0	100	100	10	3	-5.0	1	1	1	-4.01203610832498	4	Glasgow, Glasgow City, United Kingdom	UK	UKV2	40176	55.8333	-4.25	-2597039	1	Israel	IS	IS		31.5	34.75	IS	1	Israel	IS	IS		31.5	34.75	IS	20260902123000	https://www.thejc.com/news/uk/terror-group-palestine-action-runs-website-that-takes-donations-and-features-map-of-targets-m0zekt0s
1321099068	20260902	202609	2026	2026.6630	COP	POLICE						COP			ISR	ISRAEL	ISR								0	130	130	13	3	-4.4	2	1	2	-4.01203610832498	4	Glasgow, Glasgow City, United Kingdom	UK	UKV2	40176	55.8333	-4.25	-2597039	1	Israel	IS	IS		31.5	34.75	IS	1	Israel	IS	IS		31.5	34.75	IS	20260902123000	https://www.thejc.com/news/uk/terror-group-palestine-action-runs-website-that-takes-donations-and-features-map-of-targets-m0zekt0s
1321099069	20260902	202609	2026	2026.6630	COP	POLICE						COP			PRT	PORTUGAL	PRT								1	173	173	17	4	-5.0	10	1	10	-3.77358490566038	1	Portugal	PO	PO		39.5	-8	PO	1	Portugal	PO	PO		39.5	-8	PO	1	Portugal	PO	PO		39.5	-8	PO	20260902123000	https://www.lbc.co.uk/article/british-woman-stabbed-portugal-hotel-5HjdgrM_2/
1321099070	20260902	202609	2026	2026.6630	COP	POLICE						COP			RUS	RUSSIAN	RUS								1	090	090	09	2	-2.0	2	1	2	-7.69230769230769	4	Danilovgrad, Montenegro (general), Montenegro	MJ	MJ00	47618	42.5472	19.1053	-78124	4	Danilovgrad, Montenegro (general), Montenegro	MJ	MJ00	47618	42.5472	19.1053	-78124	4	Danilovgrad, Montenegro (general), Montenegro	MJ	MJ00	47618	42.5472	19.1053	-78124	20260902123000	https://www.cei.int/ansa/179517
1321099071	20260902	202609	2026	2026.6630	COP	PRISON						COP			UGA	UGANDA	UGA								0	043	043	04	1	2.8	4	1	4	-7.85498489425981	1	Uganda	UG	UG		2	33	UG	1	Uganda	UG	UG		2	33	UG	1	Uganda	UG	UG		2	33	UG	20260902123000	https://www.africanews.com/2026/09/02/activists-blame-kenya-for-ugandan-opposition-figures-plight/
1321099072	20260902	202609	2026	2026.6630	COP	PRISON						COP			USA	AMERICAN	USA								0	0841	084	08	2	7.0	4	1	4	0.37023324694558	4	Slavyansk, Primorskiy Kray, Russia	RS	RS59	25088	42.8696	131.378	-3005615	1	United States	US	US		39.828175	-98.5795	US	1	United States	US	US		39.828175	-98.5795	US	20260902123000	http://en.kremlin.ru/events/president/news/80665
1321099073	20260902	202609	2026	2026.6630	COP	PRISON						COP			USA	AMERICAN	USA								0	0841	084	08	2	7.0	1	1	1	0.37023324694558	1	United States	US	US		39.828175	-98.5795	US	1	United States	US	US		39.828175	-98.5795	US	1	United States	US	US		39.828175	-98.5795	US	20260902123000	http://en.kremlin.ru/events/president/news/80665
1321099074	20260902	202609	2026	2026.6630	COP	DETECTIVE						COP			USA	UNITED STATES	USA								1	112	112	11	3	-2.0	4	1	4	-4.73186119873817	3	Dover, Delaware, United States	US	USDE	DE001	39.1582	-75.5244	217882	3	Dover, Delaware, United States	US	USDE	DE001	39.1582	-75.5244	217882	3	Dover, Delaware, United States	US	USDE	DE001	39.1582	-75.5244	217882	20260902123000	https://www.wdel.com/news/dover-man-accused-of-selling-meth-to-undercover-federal-detective-seven-times/article_3fecb298-d30e-539d-8d6c-d46086933a64.html
1321099075	20260902	202609	2026	2026.6630	COP	DETECTIVE						COP			USA	UNITED STATES	USA								1	112	112	11	3	-2.0	4	1	4	-4.73186119873817	2	Delaware, United States	US	USDE		39.3498	-75.5148	DE	2	Delaware, United States	US	USDE		39.3498	-75.5148	DE	2	Delaware, United States	US	USDE		39.3498	-75.5148	DE	20260902123000	https://www.wdel.com/news/dover-man-accused-of-selling-meth-to-undercover-federal-detective-seven-times/article_3fecb298-d30e-539d-8d6c-d46086933a64.html
1321099076	20260902	202609	2026	2026.6630	CRM	CRIMINAL						CRM			JPNPTY	JAPAN	JPN								0	043	043	04	1	2.8	3	1	3	-3.45721694036301	4	Yasukuni, Hokkaido, Japan	JA	JA12	34385	43.9894	143.537	-248436	4	Yasukuni, Hokkaido, Japan	JA	JA12	34385	43.9894	143.537	-248436	4	Yasukuni, Hokkaido, Japan	JA	JA12	34385	43.9894	143.537	-248436	20260902123000	https://www.manilatimes.net/2026/09/02/supplements/the-philippines-must-not-trade-historical-memory-for-strategic-convenience/2416785
1321099077	20260902	202609	2026	2026.6630	CVL	COMMUNITY						CVL													0	010	010	01	1	0.0	5	1	5	0	3	Pennsylvania State Police, Pennsylvania, United States	US	USPA	PA021	40.4723	-78.7484	1209105	0								3	Pennsylvania State Police, Pennsylvania, United States	US	USPA		40.4723	-78.7484	1209105	20260902123000	https://pittnews.com/article/202651/top-stories/south-side-bar-capos-reaches-agreement-to-remain-open-amid-ongoing-safety-concerns/
1321099078	20260902	202609	2026	2026.6630	CVL	COMMUNITY						CVL													0	012	012	01	1	-0.4	5	1	5	0	3	Pennsylvania State Police, Pennsylvania, United States	US	USPA	PA021	40.4723	-78.7484	1209105	0								3	Pennsylvania State Police, Pennsylvania, United States	US	USPA		40.4723	-78.7484	1209105	20260902123000	https://pittnews.com/article/202651/top-stories/south-side-bar-capos-reaches-agreement-to-remain-open-amid-ongoing-safety-concerns/
1321099079	20260902	202609	2026	2026.6630	CVL	NON RESIDENT						CVL													1	020	020	02	1	3.0	5	1	5	0.202839756592292	4	Montreal, Quebec, Canada	CA	CA10	12713	45.5	-73.5833	-569541	0								4	Montreal, Quebec, Canada	CA	CA10	12713	45.5	-73.5833	-569541	20260902123000	https://www.standard-freeholder.com/press-releases/pr-newswire/desjardins-announces-reinvested-distributions-for-some-etfs/
1321099080	20260902	202609	2026	2026.6630	CVL	NEIGHBORHOOD						CVL													0	022	022	02	1	3.2	10	1	10	-1.13960113960114	2	New York, United States	US	USNY		42.1497	-74.9384	NY	0								2	New York, United States	US	USNY		42.1497	-74.9384	NY	20260902123000	https://pittnews.com/article/202670/news/pitt-robotics-enthusiasts-question-safety-of-new-waymo-vans-testing-in-pittsburgh/
1321099081	20260902	202609	2026	2026.6630	CVL	COMMUNITY						CVL													1	030	030	03	1	4.0	5	1	5	6.32911392405063	1	United States	US	US		39.828175	-98.5795	US	0								1	United States	US	US		39.828175	-98.5795	US	20260902123000	https://www.bctv.org/2026/09/02/yocum-institute-presents-sort-of-wind-the-north-american-debut-of-syrian-born-artist-nasr-warour/
1321099082	20260902	202609	2026	2026.6630	CVL	VILLAGE						CVL													1	036	036	03	1	4.0	1	1	1	3.91566265060241	3	Tigerlily, California, United States	US	USCA	CA017	38.681	-120.775	1660000	0								3	Tigerlily, California, United States	US	USCA	CA017	38.681	-120.775	1660000	20260902123000	https://theedinburghreporter.co.uk/2026/09/global-stars-bring-brands-to-citys-cocktail-week/
1321099083	20260902	202609	2026	2026.6630	CVL	VILLAGE						CVL													1	036	036	03	1	4.0	4	1	4	3.91566265060241	3	Hollywood, California, United States	US	USCA	CA037	34.0983	-118.327	1660757	0								3	Hollywood, California, United States	US	USCA	CA037	34.0983	-118.327	1660757	20260902123000	https://theedinburghreporter.co.uk/2026/09/global-stars-bring-brands-to-citys-cocktail-week/
1321099084	20260902	202609	2026	2026.6630	CVL	TOURIST						CVL													1	043	043	04	1	2.8	2	1	2	-8.61244019138758	4	Dahab, Janub Sina', Egypt	EG	EG26	25317	28.4975	34.5162	-293084	0								4	Dahab, Janub Sina', Egypt	EG	EG26	25317	28.4975	34.5162	-293084	20260902123000	https://www.hurriyetdailynews.com/16-dead-in-bus-crash-in-egypts-sinai-health-ministry-226360
1321099085	20260902	202609	2026	2026.6630	CVL	COMMUNITY						CVL													0	043	043	04	1	2.8	20	1	20	1.91427415589615	1	Ghana	GH	GH		8	-2	GH	0								1	Ghana	GH	GH		8	-2	GH	20260902123000	https://dothaneagle.com/news/community/article_2312cb8b-c579-5698-9f60-3484a82ba49d.html
1321099086	20260902	202609	2026	2026.6630	CVL	COMMUNITY						CVL													1	051	051	05	1	3.4	8	1	8	4.20070011668611	3	Berks County, Pennsylvania, United States	US	USPA	PA011	40.6254	-75.8749	1209172	0								3	Berks County, Pennsylvania, United States	US	USPA		40.6254	-75.8749	1209172	20260902123000	https://www.bctv.org/2026/09/02/helping-harvest-calls-on-berks-schuylkill-counties-to-play-your-part/
1321099087	20260902	202609	2026	2026.6630	CVL	RESIDENTS						CVL													1	051	051	05	1	3.4	10	1	10	-2.28310502283105	2	Illinois, United States	US	USIL		40.3363	-89.0022	IL	0								2	Illinois, United States	US	USIL		40.3363	-89.0022	IL	20260902123000	https://www.wfiwradio.com/2026/09/02/extreme-heat-warning-continues-for-southern-illinois-through-saturday/
1321099088	20260902	202609	2026	2026.6630	CVL	COMMUNITY						CVL													1	051	051	05	1	3.4	2	1	2	4.20070011668611	2	Pennsylvania, United States	US	USPA		40.5773	-77.264	PA	0								2	Pennsylvania, United States	US	USPA		40.5773	-77.264	PA	20260902123000	https://www.bctv.org/2026/09/02/helping-harvest-calls-on-berks-schuylkill-counties-to-play-your-part/
1321099089	20260902	202609	2026	2026.6630	CVL	RESIDENTS						CVL													0	057	057	05	1	8.0	5	1	5	-0.75901328273245	4	Richmond Hill, Ontario, Canada	CA	CA08	12689	43.8667	-79.4333	-572249	0								4	Richmond Hill, Ontario, Canada	CA	CA08	12689	43.8667	-79.4333	-572249	20260902123000	https://www.yorkregion.com/news/richmond-hill-residents-join-city-fight-at-ontario-tribunal/article_bfd1bc01-7a96-57fb-8899-0dac3ec536a0.html
1321099090	20260902	202609	2026	2026.6630	CVL	COMMUNITY						CVL													0	070	070	07	2	7.0	10	1	10	1.08303249097473	4	Bellair Hill, Offaly, Ireland	EI	EI23	18307	53.3394	-7.74222	405498	0								4	Bellair Hill, Offaly, Ireland	EI	EI23	18307	53.3394	-7.74222	405498	20260902123000	https://www.westmeathindependent.ie/2026/09/02/public-information-events-on-bellair-wind-farm-plan/
1321099091	20260902	202609	2026	2026.6630	CVL	COMMUNITY						CVL													1	110	110	11	3	-2.0	4	1	4	-4.48	4	Berlin, Berlin, Germany	GM	GM16	16538	52.5167	13.4	-1746443	0								4	Berlin, Berlin, Germany	GM	GM16	16538	52.5167	13.4	-1746443	20260902123000	https://euobserver.com/234728/right-of-reply-attacks-on-lgbti-community-are-warning-sign-of-wider-backlash-against-democracy/
1321099092	20260902	202609	2026	2026.6630	CVL	COMMUNITY						CVL													1	110	110	11	3	-2.0	6	1	6	-4.48	1	United Kingdom	UK	UK		54	-4	UK	0								1	United Kingdom	UK	UK		54	-4	UK	20260902123000	https://euobserver.com/234728/right-of-reply-attacks-on-lgbti-community-are-warning-sign-of-wider-backlash-against-democracy/
1321099093	20260902	202609	2026	2026.6630	CVL	VILLAGE						CVL													1	111	111	11	3	-2.0	5	1	5	3.91566265060241	3	Hollywood, California, United States	US	USCA	CA037	34.0983	-118.327	1660757	0								3	Hollywood, California, United States	US	USCA	CA037	34.0983	-118.327	1660757	20260902123000	https://theedinburghreporter.co.uk/2026/09/global-stars-bring-brands-to-citys-cocktail-week/
1321099094	20260902	202609	2026	2026.6630	CVL	VOTER						CVL													1	120	120	12	3	-4.0	10	1	10	-10.4166666666666	2	Michigan, United States	US	USMI		43.3504	-84.5603	MI	0								2	Michigan, United States	US	USMI		43.3504	-84.5603	MI	20260902123000	https://wibc.com/896016/michigan-democrats-red-green-alliance/
1321099095	20260902	202609	2026	2026.6630	CVL	VILLAGE						CVL													1	172	172	17	4	-5.0	10	1	10	3.91566265060241	3	Tigerlily, California, United States	US	USCA	CA017	38.681	-120.775	1660000	0								3	Tigerlily, California, United States	US	USCA	CA017	38.681	-120.775	1660000	20260902123000	https://theedinburghreporter.co.uk/2026/09/global-stars-bring-brands-to-citys-cocktail-week/
1321099096	20260902	202609	2026	2026.6630	CVL	VILLAGE						CVL													1	172	172	17	4	-5.0	5	1	5	3.91566265060241	3	Hollywood, California, United States	US	USCA	CA037	34.0983	-118.327	1660757	0								3	Hollywood, California, United States	US	USCA	CA037	34.0983	-118.327	1660757	20260902123000	https://theedinburghreporter.co.uk/2026/09/global-stars-bring-brands-to-citys-cocktail-week/
1321099097	20260902	202609	2026	2026.6630	CVL	COMMUNITY						CVL			AUS	VICTORIA	AUS								1	051	051	05	1	3.4	5	1	5	-0.76923076923077	0								0								0								20260902123000	https://www.sthelensstar.co.uk/news/26514286.norman-harvey-memorial-plaque-returned-vandalism-scare/
1321099098	20260902	202609	2026	2026.6630	CVL	COMMUNITY						CVL			CAN	CANADA	CAN								1	043	043	04	1	2.8	2	1	2	-1.18577075098814	4	Gulf Islands, British Columbia, Canada	CA	CA02	12541	48.8167	-123.467	-565722	4	Gulf Islands, British Columbia, Canada	CA	CA02	12541	48.8167	-123.467	-565722	4	Gulf Islands, British Columbia, Canada	CA	CA02	12541	48.8167	-123.467	-565722	20260902123000	https://www.sanjuanjournal.com/2026/09/02/across-the-dotted-line-what-the-cowichan-tribes-v-canada-ruling-means-for-the-san-juan-islands/
1321099099	20260902	202609	2026	2026.6630	CVL	COMMUNITY						CVL			EDU	UNIVERSITY						EDU			1	043	043	04	1	2.8	10	1	10	1.12676056338028	2	Georgia, United States	US	USGA		32.9866	-83.6487	GA	2	Georgia, United States	US	USGA		32.9866	-83.6487	GA	2	Georgia, United States	US	USGA		32.9866	-83.6487	GA	20260902123000	https://www.prnewswire.com/news-releases/wilson-legal-becomes-love-legacy-estate-planning-cumming-law-firm-helps-clients-commemorate-heart-message-in-their-estate-plans-302867076.html
1321099100	20260902	202609	2026	2026.6630	CVL	TOURIST						CVL			EGY	EGYPT	EGY								1	043	043	04	1	2.8	6	1	6	-8.61244019138758	4	Dahab, Janub Sina', Egypt	EG	EG26	25317	28.4975	34.5162	-293084	4	Dahab, Janub Sina', Egypt	EG	EG26	25317	28.4975	34.5162	-293084	4	Dahab, Janub Sina', Egypt	EG	EG26	25317	28.4975	34.5162	-293084	20260902123000	https://www.hurriyetdailynews.com/16-dead-in-bus-crash-in-egypts-sinai-health-ministry-226360
1321099101	20260902	202609	2026	2026.6630	CVL	VILLAGE						CVL			FRA	CHAMPAGNE	FRA								1	172	172	17	4	-5.0	5	1	5	3.91566265060241	3	Hollywood, California, United States	US	USCA	CA037	34.0983	-118.327	1660757	3	Hollywood, California, United States	US	USCA	CA037	34.0983	-118.327	1660757	3	Hollywood, California, United States	US	USCA	CA037	34.0983	-118.327	1660757	20260902123000	https://theedinburghreporter.co.uk/2026/09/global-stars-bring-brands-to-citys-cocktail-week/
1321099102	20260902	202609	2026	2026.6630	CVL	COMMUNITY						CVL			GOV	PRESIDENT						GOV			0	036	036	03	1	4.0	5	1	5	4.20070011668611	3	Berks County, Pennsylvania, United States	US	USPA	PA011	40.6254	-75.8749	1209172	3	Berks County, Pennsylvania, United States	US	USPA		40.6254	-75.8749	1209172	3	Berks County, Pennsylvania, United States	US	USPA		40.6254	-75.8749	1209172	20260902123000	https://www.bctv.org/2026/09/02/helping-harvest-calls-on-berks-schuylkill-counties-to-play-your-part/
1321099103	20260902	202609	2026	2026.6630	CVL	CITIZEN						CVL			GOV	ADMINISTRATION						GOV			1	042	042	04	1	1.9	5	1	5	-0.86956521739131	5	Tamil Nadu, Tamil Nadu, India	IN	IN25	70248	11	78	-2112557	5	Tamil Nadu, Tamil Nadu, India	IN	IN25	70248	11	78	-2112557	5	Tamil Nadu, Tamil Nadu, India	IN	IN25	70248	11	78	-2112557	20260902123000	https://www.deccanchronicle.com/southern-states/tamil-nadu/tn-govt-to-introduce-digital-services-for-driving-licences-vehicle-registration-from-sep-15-1984301
1321099104	20260902	202609	2026	2026.6630	CVL	COMMUNITY						CVL			HLH	DOCTOR						HLH			1	010	010	01	1	0.0	3	1	3	-4.10958904109589	4	Bogor, Jawa Barat, Indonesia	ID	ID30	18585	-6.1522	106.991	-2673682	4	Bogor, Jawa Barat, Indonesia	ID	ID30	18585	-6.1522	106.991	-2673682	4	Bogor, Jawa Barat, Indonesia	ID	ID30	18585	-6.1522	106.991	-2673682	20260902123000	https://www.enca.com/opinion/what-rainbow-lgbtq-indonesians-edge-hostility-mounts
1321099105	20260902	202609	2026	2026.6630	CVL	COMMUNITY						CVL			HLH	DOCTOR						HLH			1	010	010	01	1	0.0	2	1	2	-4.10958904109589	4	Bogor, Jawa Barat, Indonesia	ID	ID30	18585	-6.1522	106.991	-2673682	4	Bogor, Jawa Barat, Indonesia	ID	ID30	18585	-6.1522	106.991	-2673682	4	Jakarta, Jakarta Raya, Indonesia	ID	ID04	18585	-6.17444	106.829	-2679652	20260902123000	https://www.enca.com/opinion/what-rainbow-lgbtq-indonesians-edge-hostility-mounts
1321099106	20260902	202609	2026	2026.6630	CVL	VILLAGE						CVL			ISR	ISRAEL	ISR								1	100	100	10	3	-5.0	4	1	4	-3.57568533969011	4	Ashkelon, HaDarom, Israel	IS	IS01	18315	31.6693	34.5715	-779275	4	Ashkelon, HaDarom, Israel	IS	IS01	18315	31.6693	34.5715	-779275	4	Ashkelon, HaDarom, Israel	IS	IS01	18315	31.6693	34.5715	-779275	20260902123000	https://mondoweiss.net/2026/09/they-destroy-we-build-gazans-rebuild-their-homes-out-of-mud-and-rubble/
1321099107	20260902	202609	2026	2026.6630	CVL	CONSTITUENT						CVL			RUS	RUSSIAN FEDERATION	RUS								0	050	050	05	1	3.5	7	1	7	3.27731092436974	4	Issyk-Kul, Ysyk-KöG, Kyrgyzstan	KG	KG07	18631	42.4557	76.1861	-2333239	4	Petersburg, Sankt-Peterburg, Russia	RS	RS66	25095	59.8944	30.2642	-2996338	4	Petersburg, Sankt-Peterburg, Russia	RS	RS66	25095	59.8944	30.2642	-2996338	20260902123000	http://en.kremlin.ru/events/president/news/80663
1321099108	20260902	202609	2026	2026.6630	CVL	CONSTITUENT						CVL			RUS	RUSSIA	RUS								0	050	050	05	1	3.5	1	1	1	3.27731092436974	4	Petersburg, Sankt-Peterburg, Russia	RS	RS66	25095	59.8944	30.2642	-2996338	4	Petersburg, Sankt-Peterburg, Russia	RS	RS66	25095	59.8944	30.2642	-2996338	4	Petersburg, Sankt-Peterburg, Russia	RS	RS66	25095	59.8944	30.2642	-2996338	20260902123000	http://en.kremlin.ru/events/president/news/80663
1321099109	20260902	202609	2026	2026.6630	CVL	ENGINEER						CVL			USA	FLORIDA	USA								0	020	020	02	1	3.0	2	1	2	-4.04411764705882	3	Cape Coral, Florida, United States	US	USFL	FL071	26.5629	-81.9495	279997	3	Cape Coral, Florida, United States	US	USFL		26.5629	-81.9495	279997	3	Cape Coral, Florida, United States	US	USFL		26.5629	-81.9495	279997	20260902123000	https://www.gulfcoastnewsnow.com/article/cape-coral-sinking-street-emergency-repair-funds/73590426
1321099110	20260902	202609	2026	2026.6630	CVL	TOURIST						CVL			USA	OHIO	USA								1	036	036	03	1	4.0	5	1	5	-1.43540669856459	2	Ohio, United States	US	USOH		40.3736	-82.7755	OH	2	Ohio, United States	US	USOH		40.3736	-82.7755	OH	2	Ohio, United States	US	USOH		40.3736	-82.7755	OH	20260902123000	https://wgme.com/news/local/caught-on-camera-great-white-shark-attacks-seal-off-bar-harbor
1321099111	20260902	202609	2026	2026.6630	DEU	GERMANY	DEU																		1	030	030	03	1	4.0	2	1	2	-5.26315789473684	4	Preilack, Brandenburg, Germany	GM	GM11	16538	51.8833	14.4167	-1844653	0								4	Preilack, Brandenburg, Germany	GM	GM11	16538	51.8833	14.4167	-1844653	20260902123000	https://www.cei.int/ansa/179499
1321099112	20260902	202609	2026	2026.6630	DEU	GERMANY	DEU								IDN	YOGYAKARTA	IDN								0	051	051	05	1	3.4	2	1	2	-4.48	4	Berlin, Berlin, Germany	GM	GM16	16538	52.5167	13.4	-1746443	4	Berlin, Berlin, Germany	GM	GM16	16538	52.5167	13.4	-1746443	4	Berlin, Berlin, Germany	GM	GM16	16538	52.5167	13.4	-1746443	20260902123000	https://euobserver.com/234728/right-of-reply-attacks-on-lgbti-community-are-warning-sign-of-wider-backlash-against-democracy/
1321099113	20260902	202609	2026	2026.6630	DEU	GERMANY	DEU								LEG	PARLIAMENT						LEG			0	042	042	04	1	1.9	8	1	4	-4.84633569739952	1	Germany	GM	GM		51.5	10.5	GM	1	Germany	GM	GM		51.5	10.5	GM	1	Germany	GM	GM		51.5	10.5	GM	20260902123000	https://www.lbc.co.uk/article/nottingham-attacks-stalker-barnaby-webber-5HjdgrQ_2/
1321099114	20260902	202609	2026	2026.6630	EDU	PROFESSOR						EDU													0	010	010	01	1	0.0	7	1	7	-2.16986980781153	1	Israel	IS	IS		31.5	34.75	IS	0								1	Israel	IS	IS		31.5	34.75	IS	20260902123000	https://pittnews.com/article/202665/featured/faculty-groups-criticize-new-university-antisemitism-report/
1321099115	20260902	202609	2026	2026.6630	EDU	SCHOOL						EDU													1	017	017	01	1	0.0	10	1	10	4.6875	4	Ashford Castle, Ireland (general), Ireland	EI	EI00	18298	53.5333	-9.28333	-1500254	0								4	Ashford Castle, Ireland (general), Ireland	EI	EI00	18298	53.5333	-9.28333	-1500254	20260902123000	https://www.westernpeople.ie/news/part-of-the-family-passing-of-beloved-bird-mourned-at-luxury-mayo-estate_arid-110181.html
1321099116	20260902	202609	2026	2026.6630	EDU	SCHOOL						EDU													1	020	020	02	1	3.0	5	1	5	-3.03030303030303	5	West Kalimantan, Kalimantan Barat, Indonesia	ID	ID11	18585	0	110.5	-2680737	0								5	West Kalimantan, Kalimantan Barat, Indonesia	ID	ID11	18585	0	110.5	-2680737	20260902123000	https://kfgo.com/2026/09/02/wildfire-haze-forces-1-4-million-indonesian-students-into-remote-learning/
1321099117	20260902	202609	2026	2026.6630	EDU	STUDENT						EDU													0	040	040	04	1	1.0	2	1	2	4.8941798941799	4	Nalgonda, Andhra Pradesh, India	IN	IN02	17560	17.05	79.2667	-2105509	0								4	Adilabad, Andhra Pradesh, India	IN	IN02	17785	19.6667	78.5333	-2088159	20260902123000	https://www.jagranjosh.com/articles/telangana-school-holidays-in-september-2026-complete-list-districtwise-updates-here-1800016099-1
1321099118	20260902	202609	2026	2026.6630	EDU	STUDENT						EDU													0	040	040	04	1	1.0	20	1	20	1.91427415589615	1	Ghana	GH	GH		8	-2	GH	0								1	Ghana	GH	GH		8	-2	GH	20260902123000	https://dothaneagle.com/news/community/article_2312cb8b-c579-5698-9f60-3484a82ba49d.html
1321099119	20260902	202609	2026	2026.6630	EDU	SCHOOL						EDU													1	042	042	04	1	1.9	2	1	2	-0.34028073160357	4	Ijebu, Nigeria (general), Nigeria	NI	NI00	191253	7.18333	3.4	-2011407	0								4	Ijebu, Nigeria (general), Nigeria	NI	NI00	191253	7.18333	3.4	-2011407	20260902123000	https://techcabal.com/2026/09/02/my-life-in-tech-kayode-adeniyi-geospatial-engineer-ai-water/
1321099120	20260902	202609	2026	2026.6630	EDU	SCHOLAR						EDU													1	042	042	04	1	1.9	4	1	2	3.65950676213206	4	Pasay City, Pasay, Philippines	RP	RPE9	24210	14.5518	120.994	-2445008	0								4	Pasay City, Pasay, Philippines	RP	RPE9	24210	14.5518	120.994	-2445008	20260902123000	https://www.manilatimes.net/2026/09/02/tmt-newswire/sm-foundation-upskill-to-work-program-guarantees-jobs-for-underserved-youth/2416802
1321099121	20260902	202609	2026	2026.6630	EDU	UNIVERSITY						EDU													0	051	051	05	1	3.4	1	1	1	1.19521912350597	3	Prairie View, Texas, United States	US	USTX	TX473	30.0933	-95.9877	1344521	0								3	Prairie View, Texas, United States	US	USTX		30.0933	-95.9877	1344521	20260902123000	https://www.yahoo.com/entertainment/music/articles/turns-150-prairie-view-m-120000652.html
1321099122	20260902	202609	2026	2026.6630	EDU	STUDENT						EDU													0	090	090	09	2	-2.0	2	1	2	4.8941798941799	4	Nalgonda, Andhra Pradesh, India	IN	IN02	17560	17.05	79.2667	-2105509	0								4	Nalgonda, Andhra Pradesh, India	IN	IN02	17560	17.05	79.2667	-2105509	20260902123000	https://www.jagranjosh.com/articles/telangana-school-holidays-in-september-2026-complete-list-districtwise-updates-here-1800016099-1
1321099123	20260902	202609	2026	2026.6630	EDU	STUDENT						EDU													0	090	090	09	2	-2.0	8	1	8	4.8941798941799	4	Telangana, Andhra Pradesh, India	IN	IN02	17568	18	79.5	-2112824	0								4	Telangana, Andhra Pradesh, India	IN	IN02	17568	18	79.5	-2112824	20260902123000	https://www.jagranjosh.com/articles/telangana-school-holidays-in-september-2026-complete-list-districtwise-updates-here-1800016099-1
1321099124	20260902	202609	2026	2026.6630	EDU	SCHOOL						EDU													0	100	100	10	3	-5.0	4	1	4	4.8941798941799	4	Hyderabad, Andhra Pradesh, India	IN	IN02	17564	17.3753	78.4744	-2097701	0								4	Hyderabad, Andhra Pradesh, India	IN	IN02	17564	17.3753	78.4744	-2097701	20260902123000	https://www.jagranjosh.com/articles/telangana-school-holidays-in-september-2026-complete-list-districtwise-updates-here-1800016099-1
1321099125	20260902	202609	2026	2026.6630	EDU	SCHOOL						EDU													0	100	100	10	3	-5.0	1	1	1	4.8941798941799	4	Nizamabad, Andhra Pradesh, India	IN	IN02	17560	16.5333	78.6667	-2106324	0								4	Nizamabad, Andhra Pradesh, India	IN	IN02	17560	16.5333	78.6667	-2106324	20260902123000	https://www.jagranjosh.com/articles/telangana-school-holidays-in-september-2026-complete-list-districtwise-updates-here-1800016099-1
1321099126	20260902	202609	2026	2026.6630	EDU	SCHOOL						EDU													0	100	100	10	3	-5.0	5	1	5	4.8941798941799	4	Telangana, Andhra Pradesh, India	IN	IN02	17568	18	79.5	-2112824	0								4	Telangana, Andhra Pradesh, India	IN	IN02	17568	18	79.5	-2112824	20260902123000	https://www.jagranjosh.com/articles/telangana-school-holidays-in-september-2026-complete-list-districtwise-updates-here-1800016099-1
1321099127	20260902	202609	2026	2026.6630	EDU	STUDENT						EDU													1	120	120	12	3	-4.0	1	1	1	1.19521912350597	3	Prairie View, Texas, United States	US	USTX	TX473	30.0933	-95.9877	1344521	0								3	Prairie View, Texas, United States	US	USTX		30.0933	-95.9877	1344521	20260902123000	https://www.yahoo.com/entertainment/music/articles/turns-150-prairie-view-m-120000652.html
1321099128	20260902	202609	2026	2026.6630	EDU	UNIVERSITY						EDU			CVL	COMMUNITY						CVL			1	042	042	04	1	1.9	10	1	10	1.12676056338028	2	Georgia, United States	US	USGA		32.9866	-83.6487	GA	2	Georgia, United States	US	USGA		32.9866	-83.6487	GA	2	Georgia, United States	US	USGA		32.9866	-83.6487	GA	20260902123000	https://www.prnewswire.com/news-releases/wilson-legal-becomes-love-legacy-estate-planning-cumming-law-firm-helps-clients-commemorate-heart-message-in-their-estate-plans-302867076.html
1321099129	20260902	202609	2026	2026.6630	EDU	STUDENT						EDU			CVL	NEIGHBORHOOD						CVL			0	172	172	17	4	-5.0	10	1	10	0	3	Pennsylvania State Police, Pennsylvania, United States	US	USPA	PA021	40.4723	-78.7484	1209105	3	Pennsylvania State Police, Pennsylvania, United States	US	USPA		40.4723	-78.7484	1209105	3	Pennsylvania State Police, Pennsylvania, United States	US	USPA		40.4723	-78.7484	1209105	20260902123000	https://pittnews.com/article/202651/top-stories/south-side-bar-capos-reaches-agreement-to-remain-open-amid-ongoing-safety-concerns/
1321099130	20260902	202609	2026	2026.6630	EDU	UNIVERSITY						EDU			GBR	SCOT	GBR								1	042	042	04	1	1.9	9	1	9	0.92592592592592	4	Edinburgh, Edinburgh, City of, United Kingdom	UK	UKU8	40173	55.95	-3.2	-2595386	4	Edinburgh, Edinburgh, City of, United Kingdom	UK	UKU8	40173	55.95	-3.2	-2595386	4	Edinburgh, Edinburgh, City of, United Kingdom	UK	UKU8	40173	55.95	-3.2	-2595386	20260902123000	https://www.scottishlegal.com/articles/aberdeen-law-centre-hosts-double-book-launch
1321099131	20260902	202609	2026	2026.6630	EDU	PROFESSOR						EDU			GOV	GOVERNANCE						GOV			0	040	040	04	1	1.0	6	1	6	-2.16986980781153	1	Israel	IS	IS		31.5	34.75	IS	1	Israel	IS	IS		31.5	34.75	IS	1	Israel	IS	IS		31.5	34.75	IS	20260902123000	https://pittnews.com/article/202665/featured/faculty-groups-criticize-new-university-antisemitism-report/
1321099132	20260902	202609	2026	2026.6630	EDU	SCHOOL						EDU			GOV	GOVERNMENT						GOV			1	042	042	04	1	1.9	2	1	2	-0.34028073160357	4	Ijebu, Nigeria (general), Nigeria	NI	NI00	191253	7.18333	3.4	-2011407	4	Ijebu, Nigeria (general), Nigeria	NI	NI00	191253	7.18333	3.4	-2011407	4	Ijebu, Nigeria (general), Nigeria	NI	NI00	191253	7.18333	3.4	-2011407	20260902123000	https://techcabal.com/2026/09/02/my-life-in-tech-kayode-adeniyi-geospatial-engineer-ai-water/
1321099133	20260902	202609	2026	2026.6630	EDU	SCHOOL						EDU			GOV	GOVERNMENT						GOV			1	042	042	04	1	1.9	1	1	1	-0.34028073160357	4	London, London, City of, United Kingdom	UK	UKH9	40110	51.5	-0.116667	-2601889	4	London, London, City of, United Kingdom	UK	UKH9	40110	51.5	-0.116667	-2601889	4	London, London, City of, United Kingdom	UK	UKH9	40110	51.5	-0.116667	-2601889	20260902123000	https://techcabal.com/2026/09/02/my-life-in-tech-kayode-adeniyi-geospatial-engineer-ai-water/
1321099134	20260902	202609	2026	2026.6630	EDU	UNIVERSITY						EDU			GOV	MINIST						GOV			1	043	043	04	1	2.8	4	1	4	-1.94174757281553	4	Johannesburg, Gauteng, South Africa	SF	SF06	77364	-26.2	28.0833	-1240261	4	Johannesburg, Gauteng, South Africa	SF	SF06	77364	-26.2	28.0833	-1240261	4	Johannesburg, Gauteng, South Africa	SF	SF06	77364	-26.2	28.0833	-1240261	20260902123000	https://www.gov.za/news/media-advisories/government-activities/minister-mmamoloko-kubayi-addresses-university
1321099135	20260902	202609	2026	2026.6630	EDU	SCHOOL						EDU			NGAEDU	NIGERIA	NGA					EDU			1	043	043	04	1	2.8	2	1	2	-0.34028073160357	4	Ado Ekiti, Ekiti, Nigeria	NI	NI54	22967	7.621	5.2215	-1997414	4	Ado Ekiti, Ekiti, Nigeria	NI	NI54	22967	7.621	5.2215	-1997414	4	Ado Ekiti, Ekiti, Nigeria	NI	NI54	22967	7.621	5.2215	-1997414	20260902123000	https://techcabal.com/2026/09/02/my-life-in-tech-kayode-adeniyi-geospatial-engineer-ai-water/
1321099136	20260902	202609	2026	2026.6630	EDU	SCHOLAR						EDU			PHL	PHILIPPINE	PHL								1	042	042	04	1	1.9	16	1	8	3.65950676213206	4	Pasay City, Pasay, Philippines	RP	RPE9	24210	14.5518	120.994	-2445008	4	Pasay City, Pasay, Philippines	RP	RPE9	24210	14.5518	120.994	-2445008	4	Pasay City, Pasay, Philippines	RP	RPE9	24210	14.5518	120.994	-2445008	20260902123000	https://www.manilatimes.net/2026/09/02/tmt-newswire/sm-foundation-upskill-to-work-program-guarantees-jobs-for-underserved-youth/2416802
1321099137	20260902	202609	2026	2026.6630	EDU	PROFESSOR						EDU			PHL	MANILA	PHL								1	060	060	06	2	6.0	10	1	10	-3.125	0								0								0								20260902123000	https://www.rappler.com/philippines/in-the-public-square-vice-president-sara-duterte-impeachment-trial/
1321099138	20260902	202609	2026	2026.6630	EDU	UNIVERSITY						EDU			USA	UNITED STATES	USA								1	010	010	01	1	0.0	1	1	1	-2.25563909774436	3	Berkeley, California, United States	US	USCA	CA001	37.8716	-122.273	1658037	3	Berkeley, California, United States	US	USCA	CA001	37.8716	-122.273	1658037	3	Berkeley, California, United States	US	USCA	CA001	37.8716	-122.273	1658037	20260902123000	https://www.dailycal.org/news/city/communities/berkeley-daily-planet-ceases-to-spin/article_cc4dcef5-2ce0-4e4e-82f3-44b45a5b3cf6.html
1321099139	20260902	202609	2026	2026.6630	EDU	UNIVERSITY						EDU			USA	CALIFORNIA	USA								1	010	010	01	1	0.0	1	1	1	-2.25563909774436	3	Berkeley, California, United States	US	USCA	CA001	37.8716	-122.273	1658037	2	California, United States	US	USCA		36.17	-119.746	CA	2	California, United States	US	USCA		36.17	-119.746	CA	20260902123000	https://www.dailycal.org/news/city/communities/berkeley-daily-planet-ceases-to-spin/article_cc4dcef5-2ce0-4e4e-82f3-44b45a5b3cf6.html
1321099140	20260902	202609	2026	2026.6630	EDU	UNIVERSITY						EDU			USA	UNITED STATES	USA								1	010	010	01	1	0.0	1	1	1	-2.25563909774436	2	California, United States	US	USCA		36.17	-119.746	CA	3	Berkeley, California, United States	US	USCA	CA001	37.8716	-122.273	1658037	3	Berkeley, California, United States	US	USCA	CA001	37.8716	-122.273	1658037	20260902123000	https://www.dailycal.org/news/city/communities/berkeley-daily-planet-ceases-to-spin/article_cc4dcef5-2ce0-4e4e-82f3-44b45a5b3cf6.html
1321099141	20260902	202609	2026	2026.6630	EDU	SCHOOL						EDU			USA	IOWA	USA								0	020	020	02	1	3.0	6	1	6	-0.84097859327217	3	Iowa Falls, Iowa, United States	US	USIA	IA083	42.5225	-93.2513	457829	3	Iowa Falls, Iowa, United States	US	USIA		42.5225	-93.2513	457829	3	Iowa Falls, Iowa, United States	US	USIA		42.5225	-93.2513	457829	20260902123000	https://www.timescitizen.com/news/iowa-falls-police-chief-still-looking-for-answers/article_0244dc67-71e4-40e1-93c2-430e9031dfe1.html
1321099142	20260902	202609	2026	2026.6630	EDU	SCHOOL						EDU			USA	IOWA	USA								0	020	020	02	1	3.0	4	1	4	-0.84097859327217	2	Iowa, United States	US	USIA		42.0046	-93.214	IA	2	Iowa, United States	US	USIA		42.0046	-93.214	IA	2	Iowa, United States	US	USIA		42.0046	-93.214	IA	20260902123000	https://www.timescitizen.com/news/iowa-falls-police-chief-still-looking-for-answers/article_0244dc67-71e4-40e1-93c2-430e9031dfe1.html
1321099143	20260902	202609	2026	2026.6630	EDU	COLLEGE						EDU			USA	UNITED STATES	USA								1	036	036	03	1	4.0	1	1	1	1.9047619047619	3	Wayne City High School, Illinois, United States	US	USIL	IL191	38.345	-88.5853	1823933	3	Wayne City High School, Illinois, United States	US	USIL		38.345	-88.5853	1823933	3	Wayne City High School, Illinois, United States	US	USIL		38.345	-88.5853	1823933	20260902123000	https://www.wfiwradio.com/2026/09/02/clara-manning-named-wayne-city-high-school-senior-of-the-month/
1321099144	20260902	202609	2026	2026.6630	EDU	COLLEGE						EDU			USA	UNITED STATES	USA								1	036	036	03	1	4.0	2	1	2	1.9047619047619	3	Rend Lake College, Illinois, United States	US	USIL	IL081	38.1309	-88.9187	416526	3	Wayne City High School, Illinois, United States	US	USIL		38.345	-88.5853	1823933	3	Rend Lake College, Illinois, United States	US	USIL		38.1309	-88.9187	416526	20260902123000	https://www.wfiwradio.com/2026/09/02/clara-manning-named-wayne-city-high-school-senior-of-the-month/
1321099145	20260902	202609	2026	2026.6630	EDU	UNIVERSITY						EDU			USA	LOS ANGELES	USA								1	043	043	04	1	2.8	10	1	10	1.89753320683112	3	West Hollywood, California, United States	US	USCA	CA037	34.09	-118.362	1652810	3	West Hollywood, California, United States	US	USCA		34.09	-118.362	1652810	3	West Hollywood, California, United States	US	USCA		34.09	-118.362	1652810	20260902123000	https://www.hellomagazine.com/us/921224/jennifer-garner-looks-identical-to-daughter-violet-affleck/
1321099146	20260902	202609	2026	2026.6630	EDU	STUDENT						EDU			USA	UNITED STATES	USA								1	120	120	12	3	-4.0	6	1	6	1.19521912350597	3	Prairie View, Texas, United States	US	USTX	TX473	30.0933	-95.9877	1344521	3	Prairie View, Texas, United States	US	USTX		30.0933	-95.9877	1344521	3	Prairie View, Texas, United States	US	USTX		30.0933	-95.9877	1344521	20260902123000	https://www.yahoo.com/entertainment/music/articles/turns-150-prairie-view-m-120000652.html
1321099147	20260902	202609	2026	2026.6630	EDUCOP	UNIVERSITY						EDU	COP												1	060	060	06	2	6.0	10	1	10	0	0								0								0								20260902123000	https://today.duke.edu/2026/09/experience-work-campus-safety-firsthand-dukes-citizens-police-academy
1321099148	20260902	202609	2026	2026.6630	EGY	EGYPTIAN	EGY																		0	042	042	04	1	1.9	10	1	10	0	4	Giza, Al Jizah, Egypt	EG	EG08	65350	30.0086	31.2122	-290326	0								4	Giza, Al Jizah, Egypt	EG	EG08	65350	30.0086	31.2122	-290326	20260902123000	https://www.al-monitor.com/originals/2026/09/china-expands-egypt-investments-first-xi-visit-decade
1321099149	20260902	202609	2026	2026.6630	EGY	EGYPT	EGY																		1	043	043	04	1	2.8	2	1	2	-8.61244019138758	4	Dahab, Janub Sina', Egypt	EG	EG26	25317	28.4975	34.5162	-293084	0								4	Dahab, Janub Sina', Egypt	EG	EG26	25317	28.4975	34.5162	-293084	20260902123000	https://www.hurriyetdailynews.com/16-dead-in-bus-crash-in-egypts-sinai-health-ministry-226360
1321099150	20260902	202609	2026	2026.6630	EGY	CAIRO	EGY								CHN	BEIJING	CHN								1	030	030	03	1	4.0	1	1	1	2.88659793814433	4	Beijing, Beijing, China	CH	CH22	13001	39.9289	116.388	-1898541	4	Cairo, Al Qahirah, Egypt	EG	EG11	65350	30.05	31.25	-290692	4	Beijing, Beijing, China	CH	CH22	13001	39.9289	116.388	-1898541	20260902123000	https://www.al-monitor.com/originals/2026/09/egypt-welcomes-xi-beijing-expands-influence-middle-east
1321099151	20260902	202609	2026	2026.6630	EGY	CAIRO	EGY								CHN	BEIJING	CHN								1	030	030	03	1	4.0	1	1	1	2.88659793814433	4	Cairo, Al Qahirah, Egypt	EG	EG11	65350	30.05	31.25	-290692	4	Beijing, Beijing, China	CH	CH22	13001	39.9289	116.388	-1898541	4	Cairo, Al Qahirah, Egypt	EG	EG11	65350	30.05	31.25	-290692	20260902123000	https://www.al-monitor.com/originals/2026/09/egypt-welcomes-xi-beijing-expands-influence-middle-east
1321099152	20260902	202609	2026	2026.6630	EGY	EGYPTIAN	EGY								CHN	CHINA	CHN								0	061	061	06	2	6.4	2	1	2	2.88659793814433	4	Beijing, Beijing, China	CH	CH22	13001	39.9289	116.388	-1898541	4	Suez Canal, As Suways, Egypt	EG	EG15	66052	29.9314	32.5628	-303685	4	Suez Canal, As Suways, Egypt	EG	EG15	66052	29.9314	32.5628	-303685	20260902123000	https://www.al-monitor.com/originals/2026/09/egypt-welcomes-xi-beijing-expands-influence-middle-east
1321099153	20260902	202609	2026	2026.6630	EGY	EGYPTIAN	EGY								CHN	CHINA	CHN								0	061	061	06	2	6.4	2	1	2	2.88659793814433	4	Suez Canal, As Suways, Egypt	EG	EG15	66052	29.9314	32.5628	-303685	4	Beijing, Beijing, China	CH	CH22	13001	39.9289	116.388	-1898541	4	Beijing, Beijing, China	CH	CH22	13001	39.9289	116.388	-1898541	20260902123000	https://www.al-monitor.com/originals/2026/09/egypt-welcomes-xi-beijing-expands-influence-middle-east
1321099154	20260902	202609	2026	2026.6630	EGY	EGYPT	EGY								CVL	TOURIST						CVL			1	042	042	04	1	1.9	6	1	6	-8.61244019138758	4	Nuweiba, Janub Sina', Egypt	EG	EG26	66032	29.0468	34.6634	-300490	4	Nuweiba, Janub Sina', Egypt	EG	EG26	66032	29.0468	34.6634	-300490	4	Nuweiba, Janub Sina', Egypt	EG	EG26	66032	29.0468	34.6634	-300490	20260902123000	https://www.hurriyetdailynews.com/16-dead-in-bus-crash-in-egypts-sinai-health-ministry-226360
1321099155	20260902	202609	2026	2026.6630	EGY	EGYPT	EGY								GOV	PRESIDENTIAL PALACE						GOV			1	043	043	04	1	2.8	4	1	4	0	4	Cairo, Al Qahirah, Egypt	EG	EG11	65350	30.05	31.25	-290692	4	Cairo, Al Qahirah, Egypt	EG	EG11	65350	30.05	31.25	-290692	4	Cairo, Al Qahirah, Egypt	EG	EG11	65350	30.05	31.25	-290692	20260902123000	https://www.al-monitor.com/originals/2026/09/china-expands-egypt-investments-first-xi-visit-decade
1321099156	20260902	202609	2026	2026.6630	EGY	EGYPT	EGY								GOV	PRESIDENTIAL PALACE						GOV			1	043	043	04	1	2.8	1	1	1	0	4	Cairo, Al Qahirah, Egypt	EG	EG11	65350	30.05	31.25	-290692	4	Cairo, Al Qahirah, Egypt	EG	EG11	65350	30.05	31.25	-290692	1	Iran	IR	IR		32	53	IR	20260902123000	https://www.al-monitor.com/originals/2026/09/china-expands-egypt-investments-first-xi-visit-decade
1321099157	20260902	202609	2026	2026.6630	EGY	EGYPT	EGY								JOR	JORDAN	JOR								1	190	190	19	4	-10.0	1	1	1	-10.9243697478991	4	Beni Suef, Bani Suwayf, Egypt	EG	EG18	65350	29.0744	31.0978	-292155	4	Ismailia, Al Ismailiyah, Egypt	EG	EG07	65752	30.6043	32.2723	-290266	4	Ismailia, Al Ismailiyah, Egypt	EG	EG07	65752	30.6043	32.2723	-290266	20260902123000	https://www.perthnow.com.au/news/world/egypt-bus-tragedy-at-least-22-dead-in-south-sinai-road-accident-c-22814262
1321099158	20260902	202609	2026	2026.6630	EGY	EGYPT	EGY								JOR	JORDANIAN	JOR								1	190	190	19	4	-10.0	2	1	2	-10.9243697478991	4	Beni Suef, Bani Suwayf, Egypt	EG	EG18	65350	29.0744	31.0978	-292155	4	Ismailia, Al Ismailiyah, Egypt	EG	EG07	65752	30.6043	32.2723	-290266	4	Beni Suef, Bani Suwayf, Egypt	EG	EG18	65350	29.0744	31.0978	-292155	20260902123000	https://www.perthnow.com.au/news/world/egypt-bus-tragedy-at-least-22-dead-in-south-sinai-road-accident-c-22814262
1321099159	20260902	202609	2026	2026.6630	EGY	EGYPT	EGY								MIL	MILITARY						MIL			1	043	043	04	1	2.8	5	1	5	2.88659793814433	4	Cairo, Al Qahirah, Egypt	EG	EG11	65350	30.05	31.25	-290692	4	Cairo, Al Qahirah, Egypt	EG	EG11	65350	30.05	31.25	-290692	4	Cairo, Al Qahirah, Egypt	EG	EG11	65350	30.05	31.25	-290692	20260902123000	https://www.al-monitor.com/originals/2026/09/egypt-welcomes-xi-beijing-expands-influence-middle-east
1321099160	20260902	202609	2026	2026.6630	EGY	EGYPT	EGY								USAMED	REUTERS	USA					MED			1	013	013	01	1	0.4	10	1	10	2.88659793814433	4	Cairo, Al Qahirah, Egypt	EG	EG11	65350	30.05	31.25	-290692	4	Beijing, Beijing, China	CH	CH22	13001	39.9289	116.388	-1898541	4	Beijing, Beijing, China	CH	CH22	13001	39.9289	116.388	-1898541	20260902123000	https://www.al-monitor.com/originals/2026/09/egypt-welcomes-xi-beijing-expands-influence-middle-east
1321099161	20260902	202609	2026	2026.6630	EGYGOV	EGYPTIAN	EGY					GOV			CHN	CHINA	CHN								0	061	061	06	2	6.4	4	1	4	2.88659793814433	4	Suez Canal, As Suways, Egypt	EG	EG15	66052	29.9314	32.5628	-303685	4	Beijing, Beijing, China	CH	CH22	13001	39.9289	116.388	-1898541	4	Beijing, Beijing, China	CH	CH22	13001	39.9289	116.388	-1898541	20260902123000	https://www.al-monitor.com/originals/2026/09/egypt-welcomes-xi-beijing-expands-influence-middle-east
1321099162	20260902	202609	2026	2026.6630	EGYGOV	EGYPT	EGY					GOV			CHN	CHINA	CHN								0	061	061	06	2	6.4	2	1	2	2.88659793814433	4	Suez Canal, As Suways, Egypt	EG	EG15	66052	29.9314	32.5628	-303685	4	Beijing, Beijing, China	CH	CH22	13001	39.9289	116.388	-1898541	4	Suez Canal, As Suways, Egypt	EG	EG15	66052	29.9314	32.5628	-303685	20260902123000	https://www.al-monitor.com/originals/2026/09/egypt-welcomes-xi-beijing-expands-influence-middle-east
1321099163	20260902	202609	2026	2026.6630	ELI	RETIRED						ELI													1	036	036	03	1	4.0	12	1	12	1.70648464163823	1	United States	US	US		39.828175	-98.5795	US	0								1	United States	US	US		39.828175	-98.5795	US	20260902123000	https://www.penbaypilot.com/affiliate-post/seeing-ourselves-course-human-behavior/273928
1321099164	20260902	202609	2026	2026.6630	ELI	RETIRED						ELI													1	042	042	04	1	1.9	2	1	2	-1.62337662337663	4	Ayodhya, Uttar Pradesh, India	IN	IN36	17913	26.8	82.2	-2089412	0								4	Ayodhya, Uttar Pradesh, India	IN	IN36	17913	26.8	82.2	-2089412	20260902123000	https://www.hindustantimes.com/india-news/retired-air-marshal-jitendra-mishra-who-led-air-ops-in-op-sindoor-to-head-ram-temple-trust-all-you-need-to-know-101788349934693.html
1321099165	20260902	202609	2026	2026.6630	ELI	ACTOR						ELI													0	051	051	05	1	3.4	1	1	1	5.5379746835443	4	Lake Como, Lombardia, Italy	IT	IT09	18360	46	9.28333	-116053	0								4	Lake Como, Lombardia, Italy	IT	IT09	18360	46	9.28333	-116053	20260902123000	https://www.dailymail.com/tvshowbiz/article-16098763/George-Clooney-fine-spirits-best-moves-Venice-photocall-Lifetime-Achievement-award.html
1321099166	20260902	202609	2026	2026.6630	ELI	ACTOR						ELI			CVL	POPULATION						CVL			0	051	051	05	1	3.4	1	1	1	5.5379746835443	4	Lake Como, Lombardia, Italy	IT	IT09	18360	46	9.28333	-116053	4	Lake Como, Lombardia, Italy	IT	IT09	18360	46	9.28333	-116053	4	Lake Como, Lombardia, Italy	IT	IT09	18360	46	9.28333	-116053	20260902123000	https://www.dailymail.com/tvshowbiz/article-16098763/George-Clooney-fine-spirits-best-moves-Venice-photocall-Lifetime-Achievement-award.html
1321099167	20260902	202609	2026	2026.6630	ELI	ACTOR						ELI			USA	UNITED STATES	USA								0	043	043	04	1	2.8	2	1	2	1.89753320683112	3	West Hollywood, California, United States	US	USCA	CA037	34.09	-118.362	1652810	3	West Hollywood, California, United States	US	USCA		34.09	-118.362	1652810	3	West Hollywood, California, United States	US	USCA		34.09	-118.362	1652810	20260902123000	https://www.hellomagazine.com/us/921224/jennifer-garner-looks-identical-to-daughter-violet-affleck/
1321099168	20260902	202609	2026	2026.6630	ELIMIL	RETIRED						ELI	MIL												1	042	042	04	1	1.9	8	1	8	-1.62337662337663	4	Ayodhya, Uttar Pradesh, India	IN	IN36	17913	26.8	82.2	-2089412	0								4	Ayodhya, Uttar Pradesh, India	IN	IN36	17913	26.8	82.2	-2089412	20260902123000	https://www.hindustantimes.com/india-news/retired-air-marshal-jitendra-mishra-who-led-air-ops-in-op-sindoor-to-head-ram-temple-trust-all-you-need-to-know-101788349934693.html
1321099169	20260902	202609	2026	2026.6630	ESP	VALENCIA	ESP																		1	014	014	01	1	0.0	1	1	1	-0.84097859327217	3	Iowa Falls, Iowa, United States	US	USIA	IA083	42.5225	-93.2513	457829	0								3	Iowa Falls, Iowa, United States	US	USIA		42.5225	-93.2513	457829	20260902123000	https://www.timescitizen.com/news/iowa-falls-police-chief-still-looking-for-answers/article_0244dc67-71e4-40e1-93c2-430e9031dfe1.html
1321099170	20260902	202609	2026	2026.6630	ESP	SPANISH	ESP																		1	040	040	04	1	1.0	6	1	6	0.24630541871921	1	Panama	PM	PM		9	-80	PM	0								1	Panama	PM	PM		9	-80	PM	20260902123000	https://www.idea.int/news/findings-voter-turnout-among-temporary-indigenous-migrants-ngabe-bugle-comarca-panama
1321099171	20260902	202609	2026	2026.6630	ESP	SPANISH	ESP																		1	071	071	07	2	7.4	10	1	10	0.24630541871921	1	Panama	PM	PM		9	-80	PM	0								1	Panama	PM	PM		9	-80	PM	20260902123000	https://www.idea.int/news/findings-voter-turnout-among-temporary-indigenous-migrants-ngabe-bugle-comarca-panama
1321099172	20260902	202609	2026	2026.6630	ESP	VALENCIA	ESP								GOV	MAYOR						GOV			0	020	020	02	1	3.0	2	1	2	-0.84097859327217	4	Valencia, Carabobo, Venezuela	VE	VE07	31933	10.1806	-68.0039	-960192	4	Valencia, Carabobo, Venezuela	VE	VE07	31933	10.1806	-68.0039	-960192	4	Valencia, Carabobo, Venezuela	VE	VE07	31933	10.1806	-68.0039	-960192	20260902123000	https://www.timescitizen.com/news/iowa-falls-police-chief-still-looking-for-answers/article_0244dc67-71e4-40e1-93c2-430e9031dfe1.html
1321099173	20260902	202609	2026	2026.6630	ESP	SPANISH	ESP								MAR	MOROCCAN	MAR								1	180	180	18	4	-9.0	2	1	2	-7.61421319796954	4	Melilla, Spain (general), Spain	SP	SP00	25821	35.2839	-2.94307	-391809	4	Rabat, Rabat-Saléemmour-ZaëMO, Morocco	MO	MO49	21812	34.02	-6.83	-43376	4	Rabat, Rabat-Saléemmour-ZaëMO, Morocco	MO	MO49	21812	34.02	-6.83	-43376	20260902123000	https://www.africanews.com/2026/09/02/23-sexual-assaults-reported-in-ceuta-after-migrant-influx/
1321099174	20260902	202609	2026	2026.6630	ESP	SPANISH	ESP								MAR	MOROCCAN	MAR								1	180	180	18	4	-9.0	2	1	2	-7.61421319796954	4	Rabat, Rabat-Saléemmour-ZaëMO, Morocco	MO	MO49	21812	34.02	-6.83	-43376	4	Rabat, Rabat-Saléemmour-ZaëMO, Morocco	MO	MO49	21812	34.02	-6.83	-43376	4	Melilla, Spain (general), Spain	SP	SP00	25821	35.2839	-2.94307	-391809	20260902123000	https://www.africanews.com/2026/09/02/23-sexual-assaults-reported-in-ceuta-after-migrant-influx/
1321099175	20260902	202609	2026	2026.6630	ESP	SPANISH	ESP								MAR	MOROCCO	MAR								1	192	192	19	4	-9.5	2	1	2	-7.61421319796954	4	Rabat, Rabat-Saléemmour-ZaëMO, Morocco	MO	MO49	21812	34.02	-6.83	-43376	4	Rabat, Rabat-Saléemmour-ZaëMO, Morocco	MO	MO49	21812	34.02	-6.83	-43376	4	Rabat, Rabat-Saléemmour-ZaëMO, Morocco	MO	MO49	21812	34.02	-6.83	-43376	20260902123000	https://www.africanews.com/2026/09/02/23-sexual-assaults-reported-in-ceuta-after-migrant-influx/
1321099176	20260902	202609	2026	2026.6630	ESP	SPANISH	ESP								PAN	PANAMA	PAN								1	040	040	04	1	1.0	4	1	4	0.24630541871921	1	Panama	PM	PM		9	-80	PM	1	Panama	PM	PM		9	-80	PM	1	Panama	PM	PM		9	-80	PM	20260902123000	https://www.idea.int/news/findings-voter-turnout-among-temporary-indigenous-migrants-ngabe-bugle-comarca-panama
1321099177	20260902	202609	2026	2026.6630	ESP	VALENCIA	ESP								VEN	VENEZUELA	VEN								1	014	014	01	1	0.0	2	1	2	-0.84097859327217	3	Iowa Falls, Iowa, United States	US	USIA	IA083	42.5225	-93.2513	457829	3	Iowa Falls, Iowa, United States	US	USIA		42.5225	-93.2513	457829	3	Iowa Falls, Iowa, United States	US	USIA		42.5225	-93.2513	457829	20260902123000	https://www.timescitizen.com/news/iowa-falls-police-chief-still-looking-for-answers/article_0244dc67-71e4-40e1-93c2-430e9031dfe1.html
1321099178	20260902	202609	2026	2026.6630	ESPMED	SPANISH	ESP					MED			MAR	MOROCCAN	MAR								1	180	180	18	4	-9.0	6	1	6	-7.61421319796954	4	Melilla, Spain (general), Spain	SP	SP00	25821	35.2839	-2.94307	-391809	4	Rabat, Rabat-Saléemmour-ZaëMO, Morocco	MO	MO49	21812	34.02	-6.83	-43376	4	Rabat, Rabat-Saléemmour-ZaëMO, Morocco	MO	MO49	21812	34.02	-6.83	-43376	20260902123000	https://www.africanews.com/2026/09/02/23-sexual-assaults-reported-in-ceuta-after-migrant-influx/
1321099179	20260902	202609	2026	2026.6630	EST	ESTONIA	EST																		1	020	020	02	1	3.0	4	1	4	-0.7255139056832	1	United States	US	US		39.828175	-98.5795	US	0								1	United States	US	US		39.828175	-98.5795	US	20260902123000	https://www.nutraingredients.com/Article/2026/09/02/substantial-gaps-in-mushroom-trials-impact-efficacy-of-product-innovations-argues-musheez-md/
1321099180	20260902	202609	2026	2026.6630	EUR	EUROPEAN	EUR																		0	037	037	03	1	5.0	5	1	5	1.38050043140638	1	Armenia	AM	AM		40	45	AM	0								1	Armenia	AM	AM		40	45	AM	20260902123000	http://en.kremlin.ru/events/president/news/80662
1321099181	20260902	202609	2026	2026.6630	FIN	FINLAND	FIN																		1	190	190	19	4	-10.0	10	1	10	-3.2258064516129	1	Finland	FI	FI		64	26	FI	0								1	Finland	FI	FI		64	26	FI	20260902123000	https://www.airforce-technology.com/features/forecasts-finland-defence-market-data-2026-2035/
1321099182	20260902	202609	2026	2026.6630	FRA	BURGUNDY	FRA																		1	010	010	01	1	0.0	2	1	2	0.36231884057971	1	China	CH	CH		35	105	CH	0								1	China	CH	CH		35	105	CH	20260902123000	https://www.pcmag.com/news/new-iphone-18-pro-leak-points-to-3-colors-skips-a-regular-shade
1321099183	20260902	202609	2026	2026.6630	FRA	FRANCE	FRA																		1	051	051	05	1	3.4	2	1	2	4.6908315565032	4	Blazy, Midi-Pyrées, France	FR	FRB3	16303	44.7173	1.55322	-1413042	0								4	Blazy, Midi-Pyrées, France	FR	FRB3	16303	44.7173	1.55322	-1413042	20260902123000	https://10magazine.com/10-magazine-issue-77-editors-letter/
1321099184	20260902	202609	2026	2026.6630	FRA	FRANCE	FRA																		1	111	111	11	3	-2.0	3	1	3	4.6908315565032	4	Blazy, Midi-Pyrées, France	FR	FRB3	16303	44.7173	1.55322	-1413042	0								4	Blazy, Midi-Pyrées, France	FR	FRB3	16303	44.7173	1.55322	-1413042	20260902123000	https://10magazine.com/10-magazine-issue-77-editors-letter/
1321099185	20260902	202609	2026	2026.6630	FRA	FRANCE	FRA																		1	111	111	11	3	-2.0	1	1	1	4.6908315565032	4	Moussy, Bourgogne, France	FR	FRA1	16253	47.1924	3.45262	-1454064	0								4	Moussy, Bourgogne, France	FR	FRA1	16253	47.1924	3.45262	-1454064	20260902123000	https://10magazine.com/10-magazine-issue-77-editors-letter/
1321099186	20260902	202609	2026	2026.6630	FRA	FRANCE	FRA																		1	193	193	19	4	-10.0	5	1	5	4.6908315565032	4	Moussy, Bourgogne, France	FR	FRA1	16253	47.1924	3.45262	-1454064	0								4	Moussy, Bourgogne, France	FR	FRA1	16253	47.1924	3.45262	-1454064	20260902123000	https://10magazine.com/10-magazine-issue-77-editors-letter/
1321099187	20260902	202609	2026	2026.6630	FRA	FRENCH	FRA								FRAGOV	FRANCE	FRA					GOV			0	120	120	12	3	-4.0	1	1	1	-5.55555555555555	4	Paris, France (general), France	FR	FR00	16282	48.8667	2.33333	-1456928	4	Paris, France (general), France	FR	FR00	16282	48.8667	2.33333	-1456928	4	Paris, France (general), France	FR	FR00	16282	48.8667	2.33333	-1456928	20260902123000	https://www.hurriyetdailynews.com/eu-summons-russian-envoy-eyes-sanctions-after-germany-drone-attack-226359
1321099188	20260902	202609	2026	2026.6630	FRA	FRENCH	FRA								FRAGOV	FRANCE	FRA					GOV			0	120	120	12	3	-4.0	1	1	1	-5.55555555555555	4	Paris, France (general), France	FR	FR00	16282	48.8667	2.33333	-1456928	4	Paris, France (general), France	FR	FR00	16282	48.8667	2.33333	-1456928	4	Moscow, Moskva, Russia	RS	RS48	25106	55.7522	37.6156	-2960561	20260902123000	https://www.hurriyetdailynews.com/eu-summons-russian-envoy-eyes-sanctions-after-germany-drone-attack-226359
1321099189	20260902	202609	2026	2026.6630	FRA	FRANCE	FRA								GOV	PRINCE						GOV			1	042	042	04	1	1.9	3	1	3	3.64963503649635	4	Paris, France (general), France	FR	FR00	16282	48.8667	2.33333	-1456928	4	Paris, France (general), France	FR	FR00	16282	48.8667	2.33333	-1456928	4	Paris, France (general), France	FR	FR00	16282	48.8667	2.33333	-1456928	20260902123000	https://www.hellomagazine.com/homes/921212/earl-charles-spencer-althorp-security-sign/
1321099190	20260902	202609	2026	2026.6630	FRA	LORRAINE	FRA								GOV	KING						GOV			0	186	186	18	4	-10.0	3	1	3	1.19521912350597	3	Prairie View, Texas, United States	US	USTX	TX473	30.0933	-95.9877	1344521	3	Prairie View, Texas, United States	US	USTX		30.0933	-95.9877	1344521	3	Prairie View, Texas, United States	US	USTX		30.0933	-95.9877	1344521	20260902123000	https://www.yahoo.com/entertainment/music/articles/turns-150-prairie-view-m-120000652.html
1321099191	20260902	202609	2026	2026.6630	FRA	LORRAINE	FRA								GOV	KING						GOV			0	186	186	18	4	-10.0	3	1	3	1.19521912350597	3	Prairie View, Texas, United States	US	USTX	TX473	30.0933	-95.9877	1344521	1	Greece	GR	GR		39	22	GR	1	Greece	GR	GR		39	22	GR	20260902123000	https://www.yahoo.com/entertainment/music/articles/turns-150-prairie-view-m-120000652.html
1321099192	20260902	202609	2026	2026.6630	FRA	LORRAINE	FRA								USA	UNITED STATES	USA								0	186	186	18	4	-10.0	2	1	2	1.19521912350597	3	Prairie View, Texas, United States	US	USTX	TX473	30.0933	-95.9877	1344521	3	Prairie View, Texas, United States	US	USTX		30.0933	-95.9877	1344521	3	Prairie View, Texas, United States	US	USTX		30.0933	-95.9877	1344521	20260902123000	https://www.yahoo.com/entertainment/music/articles/turns-150-prairie-view-m-120000652.html
1321099193	20260902	202609	2026	2026.6630	FRA	LORRAINE	FRA								USAGOV	UNITED STATES	USA					GOV			0	186	186	18	4	-10.0	2	1	2	1.19521912350597	3	Prairie View, Texas, United States	US	USTX	TX473	30.0933	-95.9877	1344521	3	Prairie View, Texas, United States	US	USTX		30.0933	-95.9877	1344521	3	Prairie View, Texas, United States	US	USTX		30.0933	-95.9877	1344521	20260902123000	https://www.yahoo.com/entertainment/music/articles/turns-150-prairie-view-m-120000652.html
1321099194	20260902	202609	2026	2026.6630	GBR	UNITED KINGDOM	GBR																		1	010	010	01	1	0.0	8	1	4	-5.55555555555556	4	Ayrshire, South Ayrshire, United Kingdom	UK	UKW4	40176	55.5	-4.5	-2588891	0								4	Ayrshire, South Ayrshire, United Kingdom	UK	UKW4	40176	55.5	-4.5	-2588891	20260902123000	https://www.dailyrecord.co.uk/ayrshire/nurse-struck-after-mortuary-jibe-37618642
1321099195	20260902	202609	2026	2026.6630	GBR	UNITED KINGDOM	GBR																		1	010	010	01	1	0.0	5	1	5	-0.84745762711864	4	Clacton, Essex, United Kingdom	UK	UKE4	40108	51.7833	1.16667	-2592633	0								4	Clacton, Essex, United Kingdom	UK	UKE4	40108	51.7833	1.16667	-2592633	20260902123000	https://www.lbc.co.uk/article/tories-overtake-reform-in-polls-5HjdgrD_2/
1321099196	20260902	202609	2026	2026.6630	GBR	UNITED KINGDOM	GBR																		1	010	010	01	1	0.0	2	1	2	-4.16124837451235	2	New York, United States	US	USNY		42.1497	-74.9384	NY	0								2	New York, United States	US	USNY		42.1497	-74.9384	NY	20260902123000	https://www.lbc.co.uk/article/milo-yiannopoulos-deported-ice-detention-5Hjdgr8_2/
1321099197	20260902	202609	2026	2026.6630	GBR	UNITED KINGDOM	GBR																		1	042	042	04	1	1.9	2	1	2	-3.94736842105263	4	Ellon, Aberdeenshire, United Kingdom	UK	UKT6	40171	57.35	-2.08333	-2595526	0								4	Ellon, Aberdeenshire, United Kingdom	UK	UKT6	40171	57.35	-2.08333	-2595526	20260902123000	https://www.dailyrecord.co.uk/news/scottish-news/woman-found-dead-aberdeenshire-home-37618421
1321099198	20260902	202609	2026	2026.6630	GBR	UNITED KINGDOM	GBR																		0	0874	087	08	2	10.0	2	1	2	-3.90707497360085	1	United Kingdom	UK	UK		54	-4	UK	0								1	United Kingdom	UK	UK		54	-4	UK	20260902123000	https://www.dailyrecord.co.uk/lifestyle/money/crypto-investors-hmrc-tax-warning-37618416
1321099199	20260902	202609	2026	2026.6630	GBR	UNITED KINGDOM	GBR																		0	100	100	10	3	-5.0	2	1	2	-3.22274881516588	5	Essex, Essex, United Kingdom	UK	UKE4	40108	51.8333	0.583333	-2595724	0								5	Essex, Essex, United Kingdom	UK	UKE4	40108	51.8333	0.583333	-2595724	20260902123000	https://www.lbc.co.uk/article/sweden-deported-british-brexit-citizenship-5HjdgrJ_2/
1321099200	20260902	202609	2026	2026.6630	GBR	UNITED KINGDOM	GBR																		1	125	125	12	3	-5.0	4	1	4	-5.55555555555556	4	Ayrshire, South Ayrshire, United Kingdom	UK	UKW4	40176	55.5	-4.5	-2588891	0								4	Ayrshire, South Ayrshire, United Kingdom	UK	UKW4	40176	55.5	-4.5	-2588891	20260902123000	https://www.dailyrecord.co.uk/ayrshire/nurse-struck-after-mortuary-jibe-37618642
1321099201	20260902	202609	2026	2026.6630	GBR	UNITED KINGDOM	GBR																		0	174	174	17	4	-5.0	2	1	2	-3.22274881516588	5	Essex, Essex, United Kingdom	UK	UKE4	40108	51.8333	0.583333	-2595724	0								5	Essex, Essex, United Kingdom	UK	UKE4	40108	51.8333	0.583333	-2595724	20260902123000	https://www.lbc.co.uk/article/sweden-deported-british-brexit-citizenship-5HjdgrJ_2/
1321099202	20260902	202609	2026	2026.6630	GBR	UNITED KINGDOM	GBR								BUS	INVESTOR						BUS			0	020	020	02	1	3.0	4	1	4	-3.90707497360085	1	United Kingdom	UK	UK		54	-4	UK	1	United Kingdom	UK	UK		54	-4	UK	1	United Kingdom	UK	UK		54	-4	UK	20260902123000	https://www.dailyrecord.co.uk/lifestyle/money/crypto-investors-hmrc-tax-warning-37618416
1321099203	20260902	202609	2026	2026.6630	GBR	UNITED KINGDOM	GBR								BUS	INVESTOR						BUS			0	025	025	02	1	-0.3	2	1	2	-3.90707497360085	1	United Kingdom	UK	UK		54	-4	UK	1	United Kingdom	UK	UK		54	-4	UK	1	United Kingdom	UK	UK		54	-4	UK	20260902123000	https://www.dailyrecord.co.uk/lifestyle/money/crypto-investors-hmrc-tax-warning-37618416
1321099204	20260902	202609	2026	2026.6630	GBR	UNITED KINGDOM	GBR								BUS	INVESTOR						BUS			0	130	130	13	3	-4.4	4	1	4	-3.90707497360085	1	United Kingdom	UK	UK		54	-4	UK	1	United Kingdom	UK	UK		54	-4	UK	1	United Kingdom	UK	UK		54	-4	UK	20260902123000	https://www.dailyrecord.co.uk/lifestyle/money/crypto-investors-hmrc-tax-warning-37618416
1321099205	20260902	202609	2026	2026.6630	GBR	UNITED KINGDOM	GBR								CAN	CANADIAN	CAN								0	040	040	04	1	1.0	1	1	1	-1.66821130676552	1	United Kingdom	UK	UK		54	-4	UK	4	Haro Strait, British Columbia, Canada	CA	CA02	12541	48.6667	-123.25	-565926	4	Haro Strait, British Columbia, Canada	CA	CA02	12541	48.6667	-123.25	-565926	20260902123000	https://www.sanjuanjournal.com/2026/09/02/san-juan-county-islands-trust-join-forces-against-proposed-oil-sands-pipeline/
1321099206	20260902	202609	2026	2026.6630	GBR	UNITED KINGDOM	GBR								CAN	CANADIAN	CAN								0	040	040	04	1	1.0	1	1	1	-1.66821130676552	1	United Kingdom	UK	UK		54	-4	UK	4	Haro Strait, British Columbia, Canada	CA	CA02	12541	48.6667	-123.25	-565926	4	Roberts Bank, British Columbia, Canada	CA	CA02	12552	49.0667	-123.183	-572338	20260902123000	https://www.sanjuanjournal.com/2026/09/02/san-juan-county-islands-trust-join-forces-against-proposed-oil-sands-pipeline/
1321099207	20260902	202609	2026	2026.6630	GBR	BRITISH	GBR								CAN	CANADA	CAN								0	043	043	04	1	2.8	2	1	2	-1.18577075098814	4	Salt Spring Island, British Columbia, Canada	CA	CA02	12541	48.8333	-123.5	-573115	4	Salt Spring Island, British Columbia, Canada	CA	CA02	12541	48.8333	-123.5	-573115	4	Salt Spring Island, British Columbia, Canada	CA	CA02	12541	48.8333	-123.5	-573115	20260902123000	https://www.sanjuanjournal.com/2026/09/02/across-the-dotted-line-what-the-cowichan-tribes-v-canada-ruling-means-for-the-san-juan-islands/
1321099208	20260902	202609	2026	2026.6630	GBR	UNITED KINGDOM	GBR								CAN	CANADA	CAN								0	043	043	04	1	2.8	1	1	1	-1.18577075098814	4	Salt Spring Island, British Columbia, Canada	CA	CA02	12541	48.8333	-123.5	-573115	4	Salt Spring Island, British Columbia, Canada	CA	CA02	12541	48.8333	-123.5	-573115	1	United Kingdom	UK	UK		54	-4	UK	20260902123000	https://www.sanjuanjournal.com/2026/09/02/across-the-dotted-line-what-the-cowichan-tribes-v-canada-ruling-means-for-the-san-juan-islands/
1321099209	20260902	202609	2026	2026.6630	GBR	UNITED KINGDOM	GBR								CAN	CANADA	CAN								0	043	043	04	1	2.8	1	1	1	-1.18577075098814	1	United Kingdom	UK	UK		54	-4	UK	4	Salt Spring Island, British Columbia, Canada	CA	CA02	12541	48.8333	-123.5	-573115	1	United Kingdom	UK	UK		54	-4	UK	20260902123000	https://www.sanjuanjournal.com/2026/09/02/across-the-dotted-line-what-the-cowichan-tribes-v-canada-ruling-means-for-the-san-juan-islands/
1321099210	20260902	202609	2026	2026.6630	GBR	BRITISH	GBR								CAN	CANADA	CAN								0	043	043	04	1	2.8	2	1	2	-1.18577075098814	1	United Kingdom	UK	UK		54	-4	UK	1	United Kingdom	UK	UK		54	-4	UK	1	United Kingdom	UK	UK		54	-4	UK	20260902123000	https://www.sanjuanjournal.com/2026/09/02/across-the-dotted-line-what-the-cowichan-tribes-v-canada-ruling-means-for-the-san-juan-islands/
1321099211	20260902	202609	2026	2026.6630	GBR	UNITED KINGDOM	GBR								COP	POLICE						COP			1	120	120	12	3	-4.0	4	1	4	-4.02298850574713	2	Texas, United States	US	USTX		31.106	-97.6475	TX	4	Holyhead, Isle of Anglesey, United Kingdom	UK	UKX1	40182	53.3	-4.63333	-2598938	4	Holyhead, Isle of Anglesey, United Kingdom	UK	UKX1	40182	53.3	-4.63333	-2598938	20260902123000	https://www.chesterstandard.co.uk/news/26515422.chester-crown-court-jails-pensioner-sex-offender-breach/
1321099212	20260902	202609	2026	2026.6630	GBR	BRITISH	GBR								COPCOP	CONSTABLE						COP	COP		0	180	180	18	4	-9.0	10	1	10	-11.5942028985507	0								0								0								20260902123000	https://www.bicesteradvertiser.net/news/26515542.face-predator-jailed-sexual-assault-station/
1321099213	20260902	202609	2026	2026.6630	GBR	UNITED KINGDOM	GBR								CVL	INDIGENOUS PEOPLE						CVL			1	032	032	03	1	4.5	2	1	2	-1.18577075098814	4	Gulf Islands, British Columbia, Canada	CA	CA02	12541	48.8167	-123.467	-565722	4	Gulf Islands, British Columbia, Canada	CA	CA02	12541	48.8167	-123.467	-565722	4	Gulf Islands, British Columbia, Canada	CA	CA02	12541	48.8167	-123.467	-565722	20260902123000	https://www.sanjuanjournal.com/2026/09/02/across-the-dotted-line-what-the-cowichan-tribes-v-canada-ruling-means-for-the-san-juan-islands/
1321099214	20260902	202609	2026	2026.6630	GBR	UNITED KINGDOM	GBR								CVL	INDIGENOUS PEOPLE						CVL			1	032	032	03	1	4.5	1	1	1	-1.18577075098814	1	United Kingdom	UK	UK		54	-4	UK	1	United Kingdom	UK	UK		54	-4	UK	4	Gulf Islands, British Columbia, Canada	CA	CA02	12541	48.8167	-123.467	-565722	20260902123000	https://www.sanjuanjournal.com/2026/09/02/across-the-dotted-line-what-the-cowichan-tribes-v-canada-ruling-means-for-the-san-juan-islands/
1321099215	20260902	202609	2026	2026.6630	GBR	UNITED KINGDOM	GBR								CVL	INDIGENOUS PEOPLE						CVL			1	032	032	03	1	4.5	1	1	1	-1.18577075098814	1	United Kingdom	UK	UK		54	-4	UK	1	United Kingdom	UK	UK		54	-4	UK	1	United Kingdom	UK	UK		54	-4	UK	20260902123000	https://www.sanjuanjournal.com/2026/09/02/across-the-dotted-line-what-the-cowichan-tribes-v-canada-ruling-means-for-the-san-juan-islands/
1321099216	20260902	202609	2026	2026.6630	GBR	SCOT	GBR								EDU	UNIVERSITY						EDU			1	043	043	04	1	2.8	9	1	9	0.92592592592592	4	Edinburgh, Edinburgh, City of, United Kingdom	UK	UKU8	40173	55.95	-3.2	-2595386	4	Edinburgh, Edinburgh, City of, United Kingdom	UK	UKU8	40173	55.95	-3.2	-2595386	4	Edinburgh, Edinburgh, City of, United Kingdom	UK	UKU8	40173	55.95	-3.2	-2595386	20260902123000	https://www.scottishlegal.com/articles/aberdeen-law-centre-hosts-double-book-launch
1321099217	20260902	202609	2026	2026.6630	GBR	UNITED KINGDOM	GBR								EDU	SCHOOL						EDU			1	090	090	09	2	-2.0	4	1	4	-4.02298850574713	4	Holyhead, Isle of Anglesey, United Kingdom	UK	UKX1	40182	53.3	-4.63333	-2598938	4	Holyhead, Isle of Anglesey, United Kingdom	UK	UKX1	40182	53.3	-4.63333	-2598938	4	Holyhead, Isle of Anglesey, United Kingdom	UK	UKX1	40182	53.3	-4.63333	-2598938	20260902123000	https://www.chesterstandard.co.uk/news/26515422.chester-crown-court-jails-pensioner-sex-offender-breach/
1321099218	20260902	202609	2026	2026.6630	GBR	BRITISH	GBR								GBRBUS	UNITED KINGDOM	GBR					BUS			1	010	010	01	1	0.0	4	1	4	-4.01203610832498	4	Glasgow, Glasgow City, United Kingdom	UK	UKV2	40176	55.8333	-4.25	-2597039	4	Glasgow, Glasgow City, United Kingdom	UK	UKV2	40176	55.8333	-4.25	-2597039	4	Glasgow, Glasgow City, United Kingdom	UK	UKV2	40176	55.8333	-4.25	-2597039	20260902123000	https://www.thejc.com/news/uk/terror-group-palestine-action-runs-website-that-takes-donations-and-features-map-of-targets-m0zekt0s
1321099219	20260902	202609	2026	2026.6630	GBR	UNITED KINGDOM	GBR								GBRCOP	SCOTLAND	GBR					COP			0	040	040	04	1	1.0	6	1	6	-3.94736842105263	4	Ellon, Aberdeenshire, United Kingdom	UK	UKT6	40171	57.35	-2.08333	-2595526	4	Ellon, Aberdeenshire, United Kingdom	UK	UKT6	40171	57.35	-2.08333	-2595526	4	Ellon, Aberdeenshire, United Kingdom	UK	UKT6	40171	57.35	-2.08333	-2595526	20260902123000	https://www.dailyrecord.co.uk/news/scottish-news/woman-found-dead-aberdeenshire-home-37618421
1321099220	20260902	202609	2026	2026.6630	GBR	UNITED KINGDOM	GBR								GBRCOP	SCOTLAND	GBR					COP			1	043	043	04	1	2.8	2	1	2	-3.94736842105263	4	Ellon, Aberdeenshire, United Kingdom	UK	UKT6	40171	57.35	-2.08333	-2595526	4	Ellon, Aberdeenshire, United Kingdom	UK	UKT6	40171	57.35	-2.08333	-2595526	4	Ellon, Aberdeenshire, United Kingdom	UK	UKT6	40171	57.35	-2.08333	-2595526	20260902123000	https://www.dailyrecord.co.uk/news/scottish-news/woman-found-dead-aberdeenshire-home-37618421
1321099221	20260902	202609	2026	2026.6630	GBR	SCOT	GBR								GBREDU	UNITED KINGDOM	GBR					EDU			1	043	043	04	1	2.8	1	1	1	0.92592592592592	4	Edinburgh, Edinburgh, City of, United Kingdom	UK	UKU8	40173	55.95	-3.2	-2595386	4	Edinburgh, Edinburgh, City of, United Kingdom	UK	UKU8	40173	55.95	-3.2	-2595386	4	Edinburgh, Edinburgh, City of, United Kingdom	UK	UKU8	40173	55.95	-3.2	-2595386	20260902123000	https://www.scottishlegal.com/articles/aberdeen-law-centre-hosts-double-book-launch
1321099222	20260902	202609	2026	2026.6630	GBR	UNITED KINGDOM	GBR								GOV	ADMINISTRATION						GOV			1	012	012	01	1	-0.4	1	1	1	-4.16124837451235	1	United Kingdom	UK	UK		54	-4	UK	2	Louisiana, United States	US	USLA		31.1801	-91.8749	LA	1	United Kingdom	UK	UK		54	-4	UK	20260902123000	https://www.lbc.co.uk/article/milo-yiannopoulos-deported-ice-detention-5Hjdgr8_2/
1321099223	20260902	202609	2026	2026.6630	GBR	UNITED KINGDOM	GBR								GOV	ADMINISTRATION						GOV			1	012	012	01	1	-0.4	1	1	1	-4.16124837451235	1	United Kingdom	UK	UK		54	-4	UK	1	United Kingdom	UK	UK		54	-4	UK	1	United Kingdom	UK	UK		54	-4	UK	20260902123000	https://www.lbc.co.uk/article/milo-yiannopoulos-deported-ice-detention-5Hjdgr8_2/
1321099224	20260902	202609	2026	2026.6630	GBR	UNITED KINGDOM	GBR								GOV	PRESIDENT						GOV			1	051	051	05	1	3.4	1	1	1	-4.16124837451235	2	New York, United States	US	USNY		42.1497	-74.9384	NY	2	New York, United States	US	USNY		42.1497	-74.9384	NY	2	New York, United States	US	USNY		42.1497	-74.9384	NY	20260902123000	https://www.lbc.co.uk/article/milo-yiannopoulos-deported-ice-detention-5Hjdgr8_2/
1321099225	20260902	202609	2026	2026.6630	GBR	UNITED KINGDOM	GBR								HLH	SOCIAL WORKER						HLH			0	010	010	01	1	0.0	20	2	20	-7.05320076498301	1	United Kingdom	UK	UK		54	-4	UK	1	United Kingdom	UK	UK		54	-4	UK	1	United Kingdom	UK	UK		54	-4	UK	20260902123000	https://www.winnipegfreepress.com/arts-and-life/life/sci-tech/2026/09/02/scams-in-the-us-are-at-a-record-high-yet-most-victims-get-no-help-and-some-end-up-losing-even-more
1321099226	20260902	202609	2026	2026.6630	GBR	UNITED KINGDOM	GBR								HLH	SOCIAL WORKER						HLH			0	084	084	08	2	7.0	20	2	20	-7.05320076498301	1	United Kingdom	UK	UK		54	-4	UK	1	United Kingdom	UK	UK		54	-4	UK	1	United Kingdom	UK	UK		54	-4	UK	20260902123000	https://www.winnipegfreepress.com/arts-and-life/life/sci-tech/2026/09/02/scams-in-the-us-are-at-a-record-high-yet-most-victims-get-no-help-and-some-end-up-losing-even-more
1321099227	20260902	202609	2026	2026.6630	GBR	BRITISH	GBR								IGOEUREEC	THE EU	EUR	EEC				IGO			0	100	100	10	3	-5.0	2	1	2	-3.22274881516588	4	Gothenburg, Vastra Gotalands Lan, Sweden	SW	SW28	26247	57.7167	11.9667	-2482986	5	Essex, Essex, United Kingdom	UK	UKE4	40108	51.8333	0.583333	-2595724	5	Essex, Essex, United Kingdom	UK	UKE4	40108	51.8333	0.583333	-2595724	20260902123000	https://www.lbc.co.uk/article/sweden-deported-british-brexit-citizenship-5HjdgrJ_2/
1321099228	20260902	202609	2026	2026.6630	GBR	BRITISH	GBR								IGOEUREEC	THE EU	EUR	EEC				IGO			0	100	100	10	3	-5.0	2	1	2	-3.22274881516588	5	Essex, Essex, United Kingdom	UK	UKE4	40108	51.8333	0.583333	-2595724	5	Essex, Essex, United Kingdom	UK	UKE4	40108	51.8333	0.583333	-2595724	5	Essex, Essex, United Kingdom	UK	UKE4	40108	51.8333	0.583333	-2595724	20260902123000	https://www.lbc.co.uk/article/sweden-deported-british-brexit-citizenship-5HjdgrJ_2/
1321099229	20260902	202609	2026	2026.6630	GBR	BRITISH	GBR								IGOEUREEC	THE EU	EUR	EEC				IGO			0	174	174	17	4	-5.0	2	1	2	-3.22274881516588	4	Gothenburg, Vastra Gotalands Lan, Sweden	SW	SW28	26247	57.7167	11.9667	-2482986	5	Essex, Essex, United Kingdom	UK	UKE4	40108	51.8333	0.583333	-2595724	5	Essex, Essex, United Kingdom	UK	UKE4	40108	51.8333	0.583333	-2595724	20260902123000	https://www.lbc.co.uk/article/sweden-deported-british-brexit-citizenship-5HjdgrJ_2/
1321099230	20260902	202609	2026	2026.6630	GBR	BRITISH	GBR								IGOEUREEC	THE EU	EUR	EEC				IGO			0	174	174	17	4	-5.0	2	1	2	-3.22274881516588	5	Essex, Essex, United Kingdom	UK	UKE4	40108	51.8333	0.583333	-2595724	5	Essex, Essex, United Kingdom	UK	UKE4	40108	51.8333	0.583333	-2595724	5	Essex, Essex, United Kingdom	UK	UKE4	40108	51.8333	0.583333	-2595724	20260902123000	https://www.lbc.co.uk/article/sweden-deported-british-brexit-citizenship-5HjdgrJ_2/
1321099231	20260902	202609	2026	2026.6630	GBR	UNITED KINGDOM	GBR								JUD	LAWYER						JUD			1	043	043	04	1	2.8	5	1	5	-1.51975683890577	4	London, London, City of, United Kingdom	UK	UKH9	40110	51.5	-0.116667	-2601889	4	London, London, City of, United Kingdom	UK	UKH9	40110	51.5	-0.116667	-2601889	4	London, London, City of, United Kingdom	UK	UKH9	40110	51.5	-0.116667	-2601889	20260902123000	https://www.lbc.co.uk/article/learn-lessons-inquest-richard-bransons-wife-5Hjdgrk_2/
1321099232	20260902	202609	2026	2026.6630	GBR	SCOTLAND	GBR								LEG	PARLIAMENT						LEG			1	012	012	01	1	-0.4	4	1	4	5.77617328519856	1	United Kingdom	UK	UK		54	-4	UK	1	United Kingdom	UK	UK		54	-4	UK	1	United Kingdom	UK	UK		54	-4	UK	20260902123000	https://www.scottishlegal.com/articles/high-stakes-for-access-to-justice-as-scottish-government-confirms-legal-aid-reforms-by-2027
1321099233	20260902	202609	2026	2026.6630	GBR	UNITED KINGDOM	GBR								MIL	COAST GUARD						MIL			0	030	030	03	1	4.0	1	1	1	-1.66821130676552	3	San Juan County, Washington, United States	US	USWA	WA055	48.5665	-122.968	1531931	3	San Juan County, Washington, United States	US	USWA		48.5665	-122.968	1531931	3	San Juan County, Washington, United States	US	USWA		48.5665	-122.968	1531931	20260902123000	https://www.sanjuanjournal.com/2026/09/02/san-juan-county-islands-trust-join-forces-against-proposed-oil-sands-pipeline/
1321099234	20260902	202609	2026	2026.6630	GBR	UNITED KINGDOM	GBR								MIL	COAST GUARD						MIL			0	030	030	03	1	4.0	1	1	1	-1.66821130676552	2	Washington, United States	US	USWA		47.3917	-121.571	WA	2	Washington, United States	US	USWA		47.3917	-121.571	WA	2	Washington, United States	US	USWA		47.3917	-121.571	WA	20260902123000	https://www.sanjuanjournal.com/2026/09/02/san-juan-county-islands-trust-join-forces-against-proposed-oil-sands-pipeline/
1321099235	20260902	202609	2026	2026.6630	GBR	UNITED KINGDOM	GBR								PSE	PALESTINE	PSE								1	010	010	01	1	0.0	6	1	6	3.56234096692111	4	Edinburgh, Edinburgh, City of, United Kingdom	UK	UKU8	40173	55.95	-3.2	-2595386	4	Edinburgh, Edinburgh, City of, United Kingdom	UK	UKU8	40173	55.95	-3.2	-2595386	4	Edinburgh, Edinburgh, City of, United Kingdom	UK	UKU8	40173	55.95	-3.2	-2595386	20260902123000	https://www.scottishlegal.com/articles/palestinian-lawyer-and-writers-archive-preserved-at-university-of-edinburgh
1321099236	20260902	202609	2026	2026.6630	GBR	UNITED KINGDOM	GBR								PSE	PALESTINE	PSE								1	010	010	01	1	0.0	4	1	4	3.56234096692111	4	Gaza, Israel (general), Israel	IS	IS00	18315	31.4167	34.3333	-797156	4	Gaza, Israel (general), Israel	IS	IS00	18315	31.4167	34.3333	-797156	4	Gaza, Israel (general), Israel	IS	IS00	18315	31.4167	34.3333	-797156	20260902123000	https://www.scottishlegal.com/articles/palestinian-lawyer-and-writers-archive-preserved-at-university-of-edinburgh
1321099237	20260902	202609	2026	2026.6630	GBR	UNITED KINGDOM	GBR								TUN	ARIANA	TUN								1	042	042	04	1	1.9	2	1	2	1.45772594752186	4	London, London, City of, United Kingdom	UK	UKH9	40110	51.5	-0.116667	-2601889	4	London, London, City of, United Kingdom	UK	UKH9	40110	51.5	-0.116667	-2601889	4	London, London, City of, United Kingdom	UK	UKH9	40110	51.5	-0.116667	-2601889	20260902123000	https://www.lbc.co.uk/article/who-is-ariana-granda-dating-boyfriend-ricky-alvarez-5HjdgrL_2/
1321099238	20260902	202609	2026	2026.6630	GBR	BRITISH	GBR								USA	RICHMOND	USA								1	042	042	04	1	1.9	2	1	2	-1.18577075098814	4	Gulf Islands, British Columbia, Canada	CA	CA02	12541	48.8167	-123.467	-565722	4	Gulf Islands, British Columbia, Canada	CA	CA02	12541	48.8167	-123.467	-565722	4	Gulf Islands, British Columbia, Canada	CA	CA02	12541	48.8167	-123.467	-565722	20260902123000	https://www.sanjuanjournal.com/2026/09/02/across-the-dotted-line-what-the-cowichan-tribes-v-canada-ruling-means-for-the-san-juan-islands/
1321099239	20260902	202609	2026	2026.6630	GBR	EDINBURGH	GBR								USA	UNITED STATES	USA								1	042	042	04	1	1.9	6	1	6	3.91566265060241	3	Tigerlily, California, United States	US	USCA	CA017	38.681	-120.775	1660000	3	Tigerlily, California, United States	US	USCA	CA017	38.681	-120.775	1660000	3	Tigerlily, California, United States	US	USCA	CA017	38.681	-120.775	1660000	20260902123000	https://theedinburghreporter.co.uk/2026/09/global-stars-bring-brands-to-citys-cocktail-week/
1321099240	20260902	202609	2026	2026.6630	GBR	UNITED KINGDOM	GBR								apa	APACHE			apa						1	190	190	19	4	-10.0	5	1	5	0	4	Edinburgh, Edinburgh, City of, United Kingdom	UK	UKU8	40173	55.95	-3.2	-2595386	4	Edinburgh, Edinburgh, City of, United Kingdom	UK	UKU8	40173	55.95	-3.2	-2595386	4	Edinburgh, Edinburgh, City of, United Kingdom	UK	UKU8	40173	55.95	-3.2	-2595386	20260902123000	https://www.airforce-technology.com/news/tekever-acquires-flowcopter-following-ar6-reveal/
1321099241	20260902	202609	2026	2026.6630	GBR	UNITED KINGDOM	GBR								idg	INDIGENOUS			idg						1	032	032	03	1	4.5	1	1	1	-1.18577075098814	1	United Kingdom	UK	UK		54	-4	UK	4	Gulf Islands, British Columbia, Canada	CA	CA02	12541	48.8167	-123.467	-565722	4	Gulf Islands, British Columbia, Canada	CA	CA02	12541	48.8167	-123.467	-565722	20260902123000	https://www.sanjuanjournal.com/2026/09/02/across-the-dotted-line-what-the-cowichan-tribes-v-canada-ruling-means-for-the-san-juan-islands/
1321099242	20260902	202609	2026	2026.6630	GBR	UNITED KINGDOM	GBR								idg	INDIGENOUS			idg						1	032	032	03	1	4.5	1	1	1	-1.18577075098814	1	United Kingdom	UK	UK		54	-4	UK	1	United Kingdom	UK	UK		54	-4	UK	1	United Kingdom	UK	UK		54	-4	UK	20260902123000	https://www.sanjuanjournal.com/2026/09/02/across-the-dotted-line-what-the-cowichan-tribes-v-canada-ruling-means-for-the-san-juan-islands/
1321099243	20260902	202609	2026	2026.6630	GBR	SCOTLAND	GBR								scoGOV	SCOTTISH			sco			GOV			1	012	012	01	1	-0.4	2	1	2	5.77617328519856	1	United Kingdom	UK	UK		54	-4	UK	1	United Kingdom	UK	UK		54	-4	UK	1	United Kingdom	UK	UK		54	-4	UK	20260902123000	https://www.scottishlegal.com/articles/high-stakes-for-access-to-justice-as-scottish-government-confirms-legal-aid-reforms-by-2027
1321099244	20260902	202609	2026	2026.6630	GBRBUS	BRITISH	GBR					BUS													1	010	010	01	1	0.0	6	1	6	-4.01203610832498	4	Glasgow, Glasgow City, United Kingdom	UK	UKV2	40176	55.8333	-4.25	-2597039	0								4	Glasgow, Glasgow City, United Kingdom	UK	UKV2	40176	55.8333	-4.25	-2597039	20260902123000	https://www.thejc.com/news/uk/terror-group-palestine-action-runs-website-that-takes-donations-and-features-map-of-targets-m0zekt0s
1321099245	20260902	202609	2026	2026.6630	GBRCOP	SCOTLAND	GBR					COP													0	012	012	01	1	-0.4	2	1	2	-3.94736842105263	4	Ellon, Aberdeenshire, United Kingdom	UK	UKT6	40171	57.35	-2.08333	-2595526	0								4	Ellon, Aberdeenshire, United Kingdom	UK	UKT6	40171	57.35	-2.08333	-2595526	20260902123000	https://www.dailyrecord.co.uk/news/scottish-news/woman-found-dead-aberdeenshire-home-37618421
1321099246	20260902	202609	2026	2026.6630	GBRCOP	SCOTLAND	GBR					COP													1	042	042	04	1	1.9	3	1	3	-3.94736842105263	4	Ellon, Aberdeenshire, United Kingdom	UK	UKT6	40171	57.35	-2.08333	-2595526	0								4	Ellon, Aberdeenshire, United Kingdom	UK	UKT6	40171	57.35	-2.08333	-2595526	20260902123000	https://www.dailyrecord.co.uk/news/scottish-news/woman-found-dead-aberdeenshire-home-37618421
1321099247	20260902	202609	2026	2026.6630	GBRCOP	SCOTLAND	GBR					COP			GBR	UNITED KINGDOM	GBR								0	012	012	01	1	-0.4	6	1	6	-3.94736842105263	4	Ellon, Aberdeenshire, United Kingdom	UK	UKT6	40171	57.35	-2.08333	-2595526	4	Ellon, Aberdeenshire, United Kingdom	UK	UKT6	40171	57.35	-2.08333	-2595526	4	Ellon, Aberdeenshire, United Kingdom	UK	UKT6	40171	57.35	-2.08333	-2595526	20260902123000	https://www.dailyrecord.co.uk/news/scottish-news/woman-found-dead-aberdeenshire-home-37618421
1321099248	20260902	202609	2026	2026.6630	GBRCOP	SCOTLAND	GBR					COP			GBR	UNITED KINGDOM	GBR								0	020	020	02	1	3.0	6	1	6	-3.94736842105263	4	Ellon, Aberdeenshire, United Kingdom	UK	UKT6	40171	57.35	-2.08333	-2595526	4	Ellon, Aberdeenshire, United Kingdom	UK	UKT6	40171	57.35	-2.08333	-2595526	4	Ellon, Aberdeenshire, United Kingdom	UK	UKT6	40171	57.35	-2.08333	-2595526	20260902123000	https://www.dailyrecord.co.uk/news/scottish-news/woman-found-dead-aberdeenshire-home-37618421
1321099249	20260902	202609	2026	2026.6630	GBRCOP	SCOTLAND	GBR					COP			GBR	UNITED KINGDOM	GBR								0	040	040	04	1	1.0	6	1	6	-3.94736842105263	4	Ellon, Aberdeenshire, United Kingdom	UK	UKT6	40171	57.35	-2.08333	-2595526	4	Ellon, Aberdeenshire, United Kingdom	UK	UKT6	40171	57.35	-2.08333	-2595526	4	Ellon, Aberdeenshire, United Kingdom	UK	UKT6	40171	57.35	-2.08333	-2595526	20260902123000	https://www.dailyrecord.co.uk/news/scottish-news/woman-found-dead-aberdeenshire-home-37618421
1321099250	20260902	202609	2026	2026.6630	GBRCOP	SCOTLAND	GBR					COP			GBR	UNITED KINGDOM	GBR								1	042	042	04	1	1.9	2	1	2	-3.94736842105263	4	Ellon, Aberdeenshire, United Kingdom	UK	UKT6	40171	57.35	-2.08333	-2595526	4	Ellon, Aberdeenshire, United Kingdom	UK	UKT6	40171	57.35	-2.08333	-2595526	4	Ellon, Aberdeenshire, United Kingdom	UK	UKT6	40171	57.35	-2.08333	-2595526	20260902123000	https://www.dailyrecord.co.uk/news/scottish-news/woman-found-dead-aberdeenshire-home-37618421
1321099251	20260902	202609	2026	2026.6630	GBRCVL	BRITISH	GBR					CVL			IGOEUREEC	THE EU	EUR	EEC				IGO			0	100	100	10	3	-5.0	6	1	6	-3.22274881516588	5	Essex, Essex, United Kingdom	UK	UKE4	40108	51.8333	0.583333	-2595724	5	Essex, Essex, United Kingdom	UK	UKE4	40108	51.8333	0.583333	-2595724	5	Essex, Essex, United Kingdom	UK	UKE4	40108	51.8333	0.583333	-2595724	20260902123000	https://www.lbc.co.uk/article/sweden-deported-british-brexit-citizenship-5HjdgrJ_2/
1321099252	20260902	202609	2026	2026.6630	GBRCVL	BRITISH	GBR					CVL			IGOEUREEC	THE EU	EUR	EEC				IGO			0	174	174	17	4	-5.0	6	1	6	-3.22274881516588	5	Essex, Essex, United Kingdom	UK	UKE4	40108	51.8333	0.583333	-2595724	5	Essex, Essex, United Kingdom	UK	UKE4	40108	51.8333	0.583333	-2595724	5	Essex, Essex, United Kingdom	UK	UKE4	40108	51.8333	0.583333	-2595724	20260902123000	https://www.lbc.co.uk/article/sweden-deported-british-brexit-citizenship-5HjdgrJ_2/
1321099253	20260902	202609	2026	2026.6630	GBREDU	UNITED KINGDOM	GBR					EDU			GBR	SCOT	GBR								1	042	042	04	1	1.9	1	1	1	0.92592592592592	4	Edinburgh, Edinburgh, City of, United Kingdom	UK	UKU8	40173	55.95	-3.2	-2595386	4	Edinburgh, Edinburgh, City of, United Kingdom	UK	UKU8	40173	55.95	-3.2	-2595386	4	Edinburgh, Edinburgh, City of, United Kingdom	UK	UKU8	40173	55.95	-3.2	-2595386	20260902123000	https://www.scottishlegal.com/articles/aberdeen-law-centre-hosts-double-book-launch
1321099254	20260902	202609	2026	2026.6630	GBRGOV	SCOTLAND	GBR					GOV			GBR	SCOTLAND	GBR								1	012	012	01	1	-0.4	6	1	6	5.77617328519856	1	United Kingdom	UK	UK		54	-4	UK	1	United Kingdom	UK	UK		54	-4	UK	1	United Kingdom	UK	UK		54	-4	UK	20260902123000	https://www.scottishlegal.com/articles/high-stakes-for-access-to-justice-as-scottish-government-confirms-legal-aid-reforms-by-2027
1321099255	20260902	202609	2026	2026.6630	GBRGOV	UNITED KINGDOM	GBR					GOV			GBR	LONDON	GBR								1	046	046	04	1	7.0	1	1	1	0	4	London, London, City of, United Kingdom	UK	UKH9	40110	51.5	-0.116667	-2601889	1	Pakistan	PK	PK		30	70	PK	4	London, London, City of, United Kingdom	UK	UKH9	40110	51.5	-0.116667	-2601889	20260902123000	https://www.samaa.tv/2087356157-zardari-naqvi-discuss-law-and-order-security-in-london
1321099256	20260902	202609	2026	2026.6630	GBRGOV	UNITED KINGDOM	GBR					GOV			RADSET	EXTREMIST						RAD	SET		0	111	111	11	3	-2.0	1	1	1	-4.92730210016155	4	Heaton Park, Manchester, United Kingdom	UK	UKI2	40118	53.5333	-2.26667	-2598411	4	Heaton Park, Manchester, United Kingdom	UK	UKI2	40118	53.5333	-2.26667	-2598411	4	Heaton Park, Manchester, United Kingdom	UK	UKI2	40118	53.5333	-2.26667	-2598411	20260902123000	https://www.thejc.com/news/uk/listen-to-the-chief-rabbi-dont-sanction-israel-mps-urge-burnham-s5qkxyd1
1321099257	20260902	202609	2026	2026.6630	GBRGOV	SCOTLAND	GBR					GOV			scoGOV	SCOTTISH			sco			GOV			1	012	012	01	1	-0.4	6	1	6	5.77617328519856	1	United Kingdom	UK	UK		54	-4	UK	1	United Kingdom	UK	UK		54	-4	UK	1	United Kingdom	UK	UK		54	-4	UK	20260902123000	https://www.scottishlegal.com/articles/high-stakes-for-access-to-justice-as-scottish-government-confirms-legal-aid-reforms-by-2027
1321099258	20260902	202609	2026	2026.6630	GBRJEW	UNITED KINGDOM	GBR			JEW					GBR	BRITISH	GBR								1	180	180	18	4	-9.0	2	1	2	-4.92730210016155	4	Heaton Park, Manchester, United Kingdom	UK	UKI2	40118	53.5333	-2.26667	-2598411	4	Heaton Park, Manchester, United Kingdom	UK	UKI2	40118	53.5333	-2.26667	-2598411	4	Heaton Park, Manchester, United Kingdom	UK	UKI2	40118	53.5333	-2.26667	-2598411	20260902123000	https://www.thejc.com/news/uk/listen-to-the-chief-rabbi-dont-sanction-israel-mps-urge-burnham-s5qkxyd1
1321099259	20260902	202609	2026	2026.6630	GBRPTY	UNITED KINGDOM	GBR																		0	020	020	02	1	3.0	4	1	2	-1.43540669856459	4	Greater Manchester, United Kingdom (general), United Kingdom	UK	UK00	40111	53.45	-2.23333	-2597513	0								4	Greater Manchester, United Kingdom (general), United Kingdom	UK	UK00	40111	53.45	-2.23333	-2597513	20260902123000	https://www.lbc.co.uk/article/andy-burnham-budget-tax-rises-debt-5HjdgrR_2/
1321099260	20260902	202609	2026	2026.6630	GHA	GHANA	GHA																		0	046	046	04	1	7.0	8	1	8	1.91427415589615	1	Ghana	GH	GH		8	-2	GH	0								1	Ghana	GH	GH		8	-2	GH	20260902123000	https://dothaneagle.com/news/community/article_2312cb8b-c579-5698-9f60-3484a82ba49d.html
1321099261	20260902	202609	2026	2026.6630	GHA	GHANA	GHA								GHAEDU	GHANA	GHA					EDU			0	043	043	04	1	2.8	8	1	8	1.91427415589615	1	Ghana	GH	GH		8	-2	GH	1	Ghana	GH	GH		8	-2	GH	1	Ghana	GH	GH		8	-2	GH	20260902123000	https://dothaneagle.com/news/community/article_2312cb8b-c579-5698-9f60-3484a82ba49d.html
1321099262	20260902	202609	2026	2026.6630	GHAEDU	GHANA	GHA					EDU													0	042	042	04	1	1.9	12	1	12	1.91427415589615	3	Auburn University, Alabama, United States	US	USAL	AL081	32.6021	-85.4849	113278	0								3	Auburn University, Alabama, United States	US	USAL		32.6021	-85.4849	113278	20260902123000	https://dothaneagle.com/news/community/article_2312cb8b-c579-5698-9f60-3484a82ba49d.html
1321099263	20260902	202609	2026	2026.6630	GHAEDU	GHANA	GHA					EDU			GHA	GHANA	GHA								0	042	042	04	1	1.9	8	1	8	1.91427415589615	1	Ghana	GH	GH		8	-2	GH	1	Ghana	GH	GH		8	-2	GH	1	Ghana	GH	GH		8	-2	GH	20260902123000	https://dothaneagle.com/news/community/article_2312cb8b-c579-5698-9f60-3484a82ba49d.html
1321099264	20260902	202609	2026	2026.6630	GOV	MINISTRY						GOV													0	010	010	01	1	0.0	5	1	5	0.37023324694558	4	Peski-Radkovskiye, Kharkivs'ka Oblast', Ukraine	UP	UP07	28549	49.265	37.6086	-1050343	0								4	Peski-Radkovskiye, Kharkivs'ka Oblast', Ukraine	UP	UP07	28549	49.265	37.6086	-1050343	20260902123000	http://en.kremlin.ru/events/president/news/80665
1321099265	20260902	202609	2026	2026.6630	GOV	PRESIDENT						GOV													1	010	010	01	1	0.0	4	2	4	3.48810225603309	4	Chhattisgarh, Chhattisgarh, India	IN	IN37	70116	21.5	81.75	-2093188	0								4	Raipur, Chhattisgarh, India	IN	IN37	70116	21.2333	81.6333	-2108614	20260902123000	https://orissadiary.com/aiims-raipur-symbolises-chhattisgarhs-journey-from-the-fear-of-left-wing-extremism-to-peace-progress-and-opportunity-vice-president/
1321099266	20260902	202609	2026	2026.6630	GOV	PRESIDENT						GOV													1	010	010	01	1	0.0	24	2	16	3.48810225603309	4	Raipur, Chhattisgarh, India	IN	IN37	70116	21.2333	81.6333	-2108614	0								4	Raipur, Chhattisgarh, India	IN	IN37	70116	21.2333	81.6333	-2108614	20260902123000	https://orissadiary.com/aiims-raipur-symbolises-chhattisgarhs-journey-from-the-fear-of-left-wing-extremism-to-peace-progress-and-opportunity-vice-president/
1321099267	20260902	202609	2026	2026.6630	GOV	PRESIDENT						GOV													0	010	010	01	1	0.0	3	1	3	-5.34653465346535	5	Bong County, Bong, Liberia	LI	LI01	147278	7	-9.66667	-2130603	0								5	Bong County, Bong, Liberia	LI	LI01	147278	7	-9.66667	-2130603	20260902123000	https://allafrica.com/stories/202609020415.html
1321099268	20260902	202609	2026	2026.6630	GOV	GOVERNMENT						GOV													0	010	010	01	1	0.0	10	1	10	-4.01203610832498	4	Glasgow, Glasgow City, United Kingdom	UK	UKV2	40176	55.8333	-4.25	-2597039	0								4	Glasgow, Glasgow City, United Kingdom	UK	UKV2	40176	55.8333	-4.25	-2597039	20260902123000	https://www.thejc.com/news/uk/terror-group-palestine-action-runs-website-that-takes-donations-and-features-map-of-targets-m0zekt0s
1321099269	20260902	202609	2026	2026.6630	GOV	FOREIGN OFFICE						GOV													0	010	010	01	1	0.0	2	1	2	-0.14738393515107	5	Balochistan, Balochistan, Pakistan	PK	PK02	40300	28.4785	65.6436	-2755738	0								4	Shanghai, Shanghai, China	CH	CH23	13243	31.2222	121.458	-1924465	20260902123000	https://www.samaa.tv/2087356166-pakistan-to-continue-diplomacy-despite-middle-east-tensions-fo
1321099270	20260902	202609	2026	2026.6630	GOV	FOREIGN OFFICE						GOV													0	010	010	01	1	0.0	8	1	8	-0.14738393515107	5	Balochistan, Balochistan, Pakistan	PK	PK02	40300	28.4785	65.6436	-2755738	0								5	Balochistan, Balochistan, Pakistan	PK	PK02	40300	28.4785	65.6436	-2755738	20260902123000	https://www.samaa.tv/2087356166-pakistan-to-continue-diplomacy-despite-middle-east-tensions-fo
1321099271	20260902	202609	2026	2026.6630	GOV	FOREIGN OFFICE						GOV													0	010	010	01	1	0.0	2	1	2	-0.14738393515107	4	Makkah, Makkah, Saudi Arabia	SA	SA14	25312	21.4267	39.8261	-3096949	0								4	Islamabad, Islamabad, Pakistan	PK	PK08	23674	33.7	73.1667	-2762812	20260902123000	https://www.samaa.tv/2087356166-pakistan-to-continue-diplomacy-despite-middle-east-tensions-fo
1321099272	20260902	202609	2026	2026.6630	GOV	PRESIDENT						GOV													1	010	010	01	1	0.0	2	1	2	-2.4390243902439	4	Lake Ontario, Canada (general), Canada	CA	CA00		43.6667	-78	-570661	0								4	Ottawa, Ontario, Canada	CA	CA08	12755	45.4167	-75.7	-570760	20260902123000	https://www.upi.com/Top_News/US/2026/09/02/Apple-relabels-Lake-Ontario-Lake-America/3281788339669/
1321099273	20260902	202609	2026	2026.6630	GOV	PRESIDENT						GOV													1	010	010	01	1	0.0	6	1	6	-2.4390243902439	4	Lake Ontario, Canada (general), Canada	CA	CA00		43.6667	-78	-570661	0								1	Mexico	MX	MX		23	-102	MX	20260902123000	https://www.upi.com/Top_News/US/2026/09/02/Apple-relabels-Lake-Ontario-Lake-America/3281788339669/
1321099274	20260902	202609	2026	2026.6630	GOV	PRESIDENT						GOV													1	010	010	01	1	0.0	2	1	2	-2.4390243902439	4	Ottawa, Ontario, Canada	CA	CA08	12755	45.4167	-75.7	-570760	0								4	Ottawa, Ontario, Canada	CA	CA08	12755	45.4167	-75.7	-570760	20260902123000	https://www.upi.com/Top_News/US/2026/09/02/Apple-relabels-Lake-Ontario-Lake-America/3281788339669/
1321099275	20260902	202609	2026	2026.6630	GOV	UNDERSECRETARY						GOV													0	010	010	01	1	0.0	6	1	6	0.24067388688327	4	Kalusugan, Quezon City, Philippines	RP	RPF2	24210	14.6227	121.025	10584885	0								4	Kalusugan, Quezon City, Philippines	RP	RPF2	24210	14.6227	121.025	10584885	20260902123000	https://www.rappler.com/philippines/sara-duterte-office-vice-president-budget-2027/
1321099276	20260902	202609	2026	2026.6630	GOV	PRESIDENT						GOV													0	010	010	01	1	0.0	6	1	6	0	3	Pennsylvania State Police, Pennsylvania, United States	US	USPA	PA021	40.4723	-78.7484	1209105	0								3	Pennsylvania State Police, Pennsylvania, United States	US	USPA		40.4723	-78.7484	1209105	20260902123000	https://pittnews.com/article/202651/top-stories/south-side-bar-capos-reaches-agreement-to-remain-open-amid-ongoing-safety-concerns/
1321099277	20260902	202609	2026	2026.6630	GOV	MAYOR						GOV													0	010	010	01	1	0.0	3	1	3	-0.84097859327217	3	Iowa Falls, Iowa, United States	US	USIA	IA083	42.5225	-93.2513	457829	0								3	Iowa Falls, Iowa, United States	US	USIA		42.5225	-93.2513	457829	20260902123000	https://www.timescitizen.com/news/iowa-falls-police-chief-still-looking-for-answers/article_0244dc67-71e4-40e1-93c2-430e9031dfe1.html
1321099278	20260902	202609	2026	2026.6630	GOV	FOREIGN OFFICE						GOV													0	010	010	01	1	0.0	4	1	4	-0.14738393515107	1	United Kingdom	UK	UK		54	-4	UK	0								5	Balochistan, Balochistan, Pakistan	PK	PK02	40300	28.4785	65.6436	-2755738	20260902123000	https://www.samaa.tv/2087356166-pakistan-to-continue-diplomacy-despite-middle-east-tensions-fo
1321099279	20260902	202609	2026	2026.6630	GOV	REGULATOR						GOV													0	012	012	01	1	-0.4	10	1	10	0.8604206500956	2	Pennsylvania, United States	US	USPA		40.5773	-77.264	PA	0								2	Pennsylvania, United States	US	USPA		40.5773	-77.264	PA	20260902123000	https://www.biopharmadive.com/?page=2&_sp=e5cf0549-9b0c-41a7-b619-bf344e0e2c26
1321099280	20260902	202609	2026	2026.6630	GOV	PRESIDENT						GOV													1	014	014	01	1	0.0	10	1	10	0.65359477124183	4	Mohana, Orissa, India	IN	IN21	70213	19.45	84.2667	-2104649	0								4	Mohana, Orissa, India	IN	IN21	70213	19.45	84.2667	-2104649	20260902123000	https://www.barandbench.com/news/supreme-court-seeks-structured-plan-to-fix-vacancies-pendency-in-district-and-state-consumer-commissions
1321099281	20260902	202609	2026	2026.6630	GOV	MINIST						GOV													1	014	014	01	1	0.0	4	2	4	3.52996138034135	4	New Delhi, Delhi, India	IN	IN07	17911	28.6	77.2	-2106102	0								4	New Delhi, Delhi, India	IN	IN07	17911	28.6	77.2	-2106102	20260902123000	https://indiaeducationdiary.in/union-environment-minister-inaugurates-international-workshop-themed-tiger-landscapes-conservation-bioeconomy-and-ecotourism-for-livelihood-and-income-generation-in-new-delhi/
1321099282	20260902	202609	2026	2026.6630	GOV	MINIST						GOV													1	014	014	01	1	0.0	16	2	16	3.52996138034135	1	Bangladesh	BG	BG		24	90	BG	0								1	Bangladesh	BG	BG		24	90	BG	20260902123000	https://indiaeducationdiary.in/union-environment-minister-inaugurates-international-workshop-themed-tiger-landscapes-conservation-bioeconomy-and-ecotourism-for-livelihood-and-income-generation-in-new-delhi/
1321099283	20260902	202609	2026	2026.6630	GOV	ATTORNEY GENERAL						GOV													1	020	020	02	1	3.0	20	1	10	0.65359477124183	4	Mohana, Orissa, India	IN	IN21	70213	19.45	84.2667	-2104649	0								4	Mohana, Orissa, India	IN	IN21	70213	19.45	84.2667	-2104649	20260902123000	https://www.barandbench.com/news/supreme-court-seeks-structured-plan-to-fix-vacancies-pendency-in-district-and-state-consumer-commissions
1321099284	20260902	202609	2026	2026.6630	GOV	AUTHORITIES						GOV													1	020	020	02	1	3.0	10	1	10	-3.13837375178317	4	Manila, Manila, Philippines	RP	RPD9	24210	14.6042	120.982	-2437894	0								4	Manila, Manila, Philippines	RP	RPD9	24210	14.6042	120.982	-2437894	20260902123000	https://www.manilatimes.net/2026/09/02/news/marcos-nlex-traffic-situation-improving-as-floods-recede/2416870
1321099285	20260902	202609	2026	2026.6630	GOV	PRESIDENT						GOV													0	020	020	02	1	3.0	3	1	3	-7.61421319796954	4	Melilla, Spain (general), Spain	SP	SP00	25821	35.2839	-2.94307	-391809	0								4	Melilla, Spain (general), Spain	SP	SP00	25821	35.2839	-2.94307	-391809	20260902123000	https://www.africanews.com/2026/09/02/23-sexual-assaults-reported-in-ceuta-after-migrant-influx/
1321099286	20260902	202609	2026	2026.6630	GOV	PRESIDENT						GOV													1	0256	025	02	1	-0.3	4	1	4	0	4	Beijing, Beijing, China	CH	CH22	13001	39.9289	116.388	-1898541	0								4	Beijing, Beijing, China	CH	CH22	13001	39.9289	116.388	-1898541	20260902123000	https://www.al-monitor.com/originals/2026/09/china-expands-egypt-investments-first-xi-visit-decade
1321099287	20260902	202609	2026	2026.6630	GOV	PRESIDENT						GOV													1	0256	025	02	1	-0.3	1	1	1	0	4	Banque Misr, Al Jizah, Egypt	EG	EG08	65350	30.0032	31.1843	11240489	0								4	Banque Misr, Al Jizah, Egypt	EG	EG08	65350	30.0032	31.1843	11240489	20260902123000	https://www.al-monitor.com/originals/2026/09/china-expands-egypt-investments-first-xi-visit-decade
1321099288	20260902	202609	2026	2026.6630	GOV	GOVERNMENT						GOV													0	036	036	03	1	4.0	4	1	4	3.11203319502075	2	California, United States	US	USCA		36.17	-119.746	CA	0								2	California, United States	US	USCA		36.17	-119.746	CA	20260902123000	https://www.tucsonlocalmedia.com/marana/news/marana-gets-a-new-town-manager/article_b813ae37-3ead-4ee0-9d88-e0c1db1b674d.html
1321099289	20260902	202609	2026	2026.6630	GOV	PRESIDENT						GOV													1	036	036	03	1	4.0	5	1	5	0.485436893203883	1	Indonesia	ID	ID		-5	120	ID	0								1	Indonesia	ID	ID		-5	120	ID	20260902123000	http://en.kremlin.ru/events/president/news/80667
1321099290	20260902	202609	2026	2026.6630	GOV	FOREIGN MINIST						GOV													0	040	040	04	1	1.0	10	1	10	6.73400673400673	1	Kyrgyzstan	KG	KG		41	75	KG	0								1	Kyrgyzstan	KG	KG		41	75	KG	20260902123000	https://www.samaa.tv/2087356158-pakistan-kyrgyzstan-agree-to-maintain-contact-on-regional-global-issues
1321099291	20260902	202609	2026	2026.6630	GOV	MINIST						GOV													1	042	042	04	1	1.9	10	1	10	-1.94174757281553	4	Johannesburg, Gauteng, South Africa	SF	SF06	77364	-26.2	28.0833	-1240261	0								4	Johannesburg, Gauteng, South Africa	SF	SF06	77364	-26.2	28.0833	-1240261	20260902123000	https://www.gov.za/news/media-advisories/government-activities/minister-mmamoloko-kubayi-addresses-university
1321099292	20260902	202609	2026	2026.6630	GOV	PRINCE						GOV													1	042	042	04	1	1.9	6	1	6	3.64963503649635	4	Paris, France (general), France	FR	FR00	16282	48.8667	2.33333	-1456928	0								4	Paris, France (general), France	FR	FR00	16282	48.8667	2.33333	-1456928	20260902123000	https://www.hellomagazine.com/homes/921212/earl-charles-spencer-althorp-security-sign/
1321099293	20260902	202609	2026	2026.6630	GOV	MINISTRY						GOV													0	043	043	04	1	2.8	5	1	5	-3.03030303030303	5	West Kalimantan, Kalimantan Barat, Indonesia	ID	ID11	18585	0	110.5	-2680737	0								5	West Kalimantan, Kalimantan Barat, Indonesia	ID	ID11	18585	0	110.5	-2680737	20260902123000	https://kfgo.com/2026/09/02/wildfire-haze-forces-1-4-million-indonesian-students-into-remote-learning/
1321099294	20260902	202609	2026	2026.6630	GOV	CHIEF MINISTER						GOV													1	046	046	04	1	7.0	10	1	10	-1.83673469387755	4	Kolkata, West Bengal, India	IN	IN28	70294	22.5697	88.3697	-2092511	0								4	Kolkata, West Bengal, India	IN	IN28	70294	22.5697	88.3697	-2092511	20260902123000	https://www.hindustantimes.com/india-news/ncpi-may-form-coalition-with-bjp-in-upcoming-bengal-municipal-polls-say-leaders-101788349835385.html
1321099295	20260902	202609	2026	2026.6630	GOV	CHIEF MINISTER						GOV													1	051	051	05	1	3.4	2	1	2	1.66270783847981	4	Godavari, Andhra Pradesh, India	IN	IN02	17551	16.9333	82.2167	-2098992	0								4	Godavari, Andhra Pradesh, India	IN	IN02	17551	16.9333	82.2167	-2098992	20260902123000	https://www.deccanchronicle.com/southern-states/andhra-pradesh/naidu-releases-godavari-water-to-north-andhra-through-polavaram-canal-1984299
1321099296	20260902	202609	2026	2026.6630	GOV	CHIEF MINISTER						GOV													1	051	051	05	1	3.4	8	1	8	1.66270783847981	4	Visakhapatnam, Andhra Pradesh, India	IN	IN02	17566	17.7	83.3	-2114520	0								4	Visakhapatnam, Andhra Pradesh, India	IN	IN02	17566	17.7	83.3	-2114520	20260902123000	https://www.deccanchronicle.com/southern-states/andhra-pradesh/naidu-releases-godavari-water-to-north-andhra-through-polavaram-canal-1984299
1321099297	20260902	202609	2026	2026.6630	GOV	PRESIDENT						GOV													0	051	051	05	1	3.4	3	1	3	-7.61421319796954	4	Melilla, Spain (general), Spain	SP	SP00	25821	35.2839	-2.94307	-391809	0								4	Melilla, Spain (general), Spain	SP	SP00	25821	35.2839	-2.94307	-391809	20260902123000	https://www.africanews.com/2026/09/02/23-sexual-assaults-reported-in-ceuta-after-migrant-influx/
1321099298	20260902	202609	2026	2026.6630	GOV	AUTHORITIES						GOV													1	060	060	06	2	6.0	10	1	10	-2.0746887966805	5	National Capital Territory Of Delhi, Delhi, India	IN	IN07	17633	28.6667	77.1	-2094231	0								5	National Capital Territory Of Delhi, Delhi, India	IN	IN07	17633	28.6667	77.1	-2094231	20260902123000	https://news.webindia123.com/news/Articles/India/20260902/4493861.html
1321099299	20260902	202609	2026	2026.6630	GOV	GOVERNMENT						GOV													0	071	071	07	2	7.4	5	1	5	-4.01203610832498	1	Israel	IS	IS		31.5	34.75	IS	0								1	Israel	IS	IS		31.5	34.75	IS	20260902123000	https://www.thejc.com/news/uk/terror-group-palestine-action-runs-website-that-takes-donations-and-features-map-of-targets-m0zekt0s
1321099300	20260902	202609	2026	2026.6630	GOV	PRESIDENT						GOV													0	090	090	09	2	-2.0	6	1	6	5.39419087136929	4	Bishkek, Bishkek, Kyrgyzstan	KG	KG01	37216	42.8731	74.6003	-2331392	0								4	Bishkek, Bishkek, Kyrgyzstan	KG	KG01	37216	42.8731	74.6003	-2331392	20260902123000	https://www.samaa.tv/2087356154-pakistan-kyrgyzstan-set-trade-target-of-200m-sign-16-agreements
1321099301	20260902	202609	2026	2026.6630	GOV	GOVERNMENT						GOV													0	100	100	10	3	-5.0	10	1	10	-4.01203610832498	1	Israel	IS	IS		31.5	34.75	IS	0								1	Israel	IS	IS		31.5	34.75	IS	20260902123000	https://www.thejc.com/news/uk/terror-group-palestine-action-runs-website-that-takes-donations-and-features-map-of-targets-m0zekt0s
1321099302	20260902	202609	2026	2026.6630	GOV	ENERGY SECRETARY						GOV													0	130	130	13	3	-4.4	6	1	6	-4.7945205479452	4	Manila, Manila, Philippines	RP	RPD9	24210	14.6042	120.982	-2437894	0								4	Manila, Manila, Philippines	RP	RPD9	24210	14.6042	120.982	-2437894	20260902123000	https://www.rappler.com/business/vat-system-loss-removal-november-2026/
1321099303	20260902	202609	2026	2026.6630	GOV	PRESIDENT						GOV													1	160	160	16	4	-4.0	6	1	6	-2.4390243902439	4	Lake Ontario, Canada (general), Canada	CA	CA00		43.6667	-78	-570661	0								4	Lake Ontario, Canada (general), Canada	CA	CA00		43.6667	-78	-570661	20260902123000	https://www.upi.com/Top_News/US/2026/09/02/Apple-relabels-Lake-Ontario-Lake-America/3281788339669/
1321099304	20260902	202609	2026	2026.6630	GOV	GOVERNMENT						GOV													0	190	190	19	4	-10.0	16	2	16	-7.05320076498301	3	White House, District of Columbia, United States	US	USDC		38.8951	-77.0364	531871	0								2	Arizona, United States	US	USAZ		33.7712	-111.388	AZ	20260902123000	https://www.winnipegfreepress.com/arts-and-life/life/sci-tech/2026/09/02/scams-in-the-us-are-at-a-record-high-yet-most-victims-get-no-help-and-some-end-up-losing-even-more
1321099305	20260902	202609	2026	2026.6630	GOV	PRIME MINISTER						GOV			ARM	ARMENIA	ARM								0	051	051	05	1	3.4	1	1	1	1.38050043140638	1	Armenia	AM	AM		40	45	AM	1	Armenia	AM	AM		40	45	AM	1	Armenia	AM	AM		40	45	AM	20260902123000	http://en.kremlin.ru/events/president/news/80662
1321099306	20260902	202609	2026	2026.6630	GOV	CHIEF EXECUTIVE						GOV			AUS	QUEENSLAND	AUS								0	013	013	01	1	0.4	10	1	10	-2.63157894736842	0								0								0								20260902123000	https://www.perthnow.com.au/news/hughenden-residents-buying-bottled-water-as-ageing-infrastructure-worsens-town-supply-c-22815514
1321099307	20260902	202609	2026	2026.6630	GOV	ADMINISTRATION						GOV			BUS	BUSINESS						BUS			0	020	020	02	1	3.0	4	1	4	3.27868852459016	4	Perth, Western Australia, Australia	AS	AS08	5533	-31.9333	115.833	-1594675	4	Glasgow, Glasgow City, United Kingdom	UK	UKV2	40176	55.8333	-4.25	-2597039	4	Perth, Western Australia, Australia	AS	AS08	5533	-31.9333	115.833	-1594675	20260902123000	https://www.dailyrecord.co.uk/news/scottish-news/firm-owns-iconic-scots-ice-37618468
1321099308	20260902	202609	2026	2026.6630	GOV	ADMINISTRATION						GOV			BUS	BUSINESS						BUS			0	020	020	02	1	3.0	1	1	1	3.27868852459016	4	Glasgow, Glasgow City, United Kingdom	UK	UKV2	40176	55.8333	-4.25	-2597039	4	Strathmore, Victoria, Australia	AS	AS07	5415	-37.6333	142.483	-1602586	4	Glasgow, Glasgow City, United Kingdom	UK	UKV2	40176	55.8333	-4.25	-2597039	20260902123000	https://www.dailyrecord.co.uk/news/scottish-news/firm-owns-iconic-scots-ice-37618468
1321099309	20260902	202609	2026	2026.6630	GOV	GOVERNMENT						GOV			BUS	BANK						BUS			0	020	020	02	1	3.0	4	2	4	-7.05320076498301	1	Australia	AS	AS		-25	135	AS	1	Australia	AS	AS		-25	135	AS	1	Australia	AS	AS		-25	135	AS	20260902123000	https://www.winnipegfreepress.com/arts-and-life/life/sci-tech/2026/09/02/scams-in-the-us-are-at-a-record-high-yet-most-victims-get-no-help-and-some-end-up-losing-even-more
1321099310	20260902	202609	2026	2026.6630	GOV	GOVERNMENT						GOV			BUS	BANK						BUS			0	020	020	02	1	3.0	16	2	16	-7.05320076498301	1	Singapore	SN	SN		1.366667	103.8	SN	1	Singapore	SN	SN		1.366667	103.8	SN	1	Singapore	SN	SN		1.366667	103.8	SN	20260902123000	https://www.winnipegfreepress.com/arts-and-life/life/sci-tech/2026/09/02/scams-in-the-us-are-at-a-record-high-yet-most-victims-get-no-help-and-some-end-up-losing-even-more
1321099311	20260902	202609	2026	2026.6630	GOV	FINANCE MINIST						GOV			BUS	BANK						BUS			1	046	046	04	1	7.0	8	1	8	1.70212765957447	4	Kampala, Kampala, Uganda	UG	UG37	18585	0.315556	32.5656	-1728891	4	Kampala, Kampala, Uganda	UG	UG37	18585	0.315556	32.5656	-1728891	4	Kampala, Kampala, Uganda	UG	UG37	18585	0.315556	32.5656	-1728891	20260902123000	https://chimpreports.com/afreximbank-backs-ugandas-500-billion-economy-drive/
1321099312	20260902	202609	2026	2026.6630	GOV	PRESIDENT						GOV			CAN	CANADA	CAN								1	020	020	02	1	3.0	1	1	1	-2.4390243902439	4	Lake Ontario, Canada (general), Canada	CA	CA00		43.6667	-78	-570661	4	Ottawa, Ontario, Canada	CA	CA08	12755	45.4167	-75.7	-570760	4	Ottawa, Ontario, Canada	CA	CA08	12755	45.4167	-75.7	-570760	20260902123000	https://www.upi.com/Top_News/US/2026/09/02/Apple-relabels-Lake-Ontario-Lake-America/3281788339669/
1321099313	20260902	202609	2026	2026.6630	GOV	PRESIDENT						GOV			CAN	CANADA	CAN								1	020	020	02	1	3.0	1	1	1	-2.4390243902439	4	Ottawa, Ontario, Canada	CA	CA08	12755	45.4167	-75.7	-570760	1	Mexico	MX	MX		23	-102	MX	1	Mexico	MX	MX		23	-102	MX	20260902123000	https://www.upi.com/Top_News/US/2026/09/02/Apple-relabels-Lake-Ontario-Lake-America/3281788339669/
1321099314	20260902	202609	2026	2026.6630	GOV	PREMIER						GOV			CAN	NOVA SCOTIA	CAN								1	020	020	02	1	3.0	10	1	10	1.62074554294975	3	Houston, Texas, United States	US	USTX	TX201	29.7633	-95.3633	1380948	3	Houston, Texas, United States	US	USTX	TX201	29.7633	-95.3633	1380948	3	Houston, Texas, United States	US	USTX	TX201	29.7633	-95.3633	1380948	20260902123000	https://www.saltwire.com/nova-scotia/halifax/opinion-halifax/opinion-nova-scotia-has-a-resource-based-roadmap-to-diversification
1321099315	20260902	202609	2026	2026.6630	GOV	INTERIOR SECRETARY						GOV			CAN	CANADA	CAN								1	020	020	02	1	3.0	1	1	1	-2.4390243902439	1	Mexico	MX	MX		23	-102	MX	3	Washington, District of Columbia, United States	US	USDC	DC001	38.8951	-77.0364	531871	3	Washington, District of Columbia, United States	US	USDC	DC001	38.8951	-77.0364	531871	20260902123000	https://www.upi.com/Top_News/US/2026/09/02/Apple-relabels-Lake-Ontario-Lake-America/3281788339669/
1321099316	20260902	202609	2026	2026.6630	GOV	PRESIDENT						GOV			CAN	CANADA	CAN								1	020	020	02	1	3.0	1	1	1	-2.4390243902439	1	Mexico	MX	MX		23	-102	MX	1	Mexico	MX	MX		23	-102	MX	1	Mexico	MX	MX		23	-102	MX	20260902123000	https://www.upi.com/Top_News/US/2026/09/02/Apple-relabels-Lake-Ontario-Lake-America/3281788339669/
1321099317	20260902	202609	2026	2026.6630	GOV	PRESIDENT						GOV			CAN	CANADA	CAN								1	160	160	16	4	-4.0	2	1	2	-2.4390243902439	4	Lake Ontario, Canada (general), Canada	CA	CA00		43.6667	-78	-570661	4	Ottawa, Ontario, Canada	CA	CA08	12755	45.4167	-75.7	-570760	4	Ottawa, Ontario, Canada	CA	CA08	12755	45.4167	-75.7	-570760	20260902123000	https://www.upi.com/Top_News/US/2026/09/02/Apple-relabels-Lake-Ontario-Lake-America/3281788339669/
1321099318	20260902	202609	2026	2026.6630	GOV	PRESIDENT						GOV			CAN	CANADA	CAN								1	160	160	16	4	-4.0	2	1	2	-2.4390243902439	4	Ottawa, Ontario, Canada	CA	CA08	12755	45.4167	-75.7	-570760	4	Ottawa, Ontario, Canada	CA	CA08	12755	45.4167	-75.7	-570760	4	Ottawa, Ontario, Canada	CA	CA08	12755	45.4167	-75.7	-570760	20260902123000	https://www.upi.com/Top_News/US/2026/09/02/Apple-relabels-Lake-Ontario-Lake-America/3281788339669/
1321099319	20260902	202609	2026	2026.6630	GOV	PRESIDENT						GOV			CAN	CANADA	CAN								1	186	186	18	4	-10.0	1	1	1	2.17391304347826	4	Copenhagen, Køavn*, Denmark	DA	DA05	15213	55.6667	12.5833	-2745636	4	Copenhagen, Køavn*, Denmark	DA	DA05	15213	55.6667	12.5833	-2745636	4	Copenhagen, Køavn*, Denmark	DA	DA05	15213	55.6667	12.5833	-2745636	20260902123000	https://www.winnipegfreepress.com/arts-and-life/entertainment/2026/09/02/hot-docs-promotes-diana-sanchez-from-executive-director-to-president
1321099320	20260902	202609	2026	2026.6630	GOV	PRESIDENT						GOV			CAN	CANADA	CAN								1	186	186	18	4	-10.0	1	1	1	2.17391304347826	4	Winnipeg, Manitoba, Canada	CA	CA03	12577	49.8833	-97.1667	-576096	4	Copenhagen, Køavn*, Denmark	DA	DA05	15213	55.6667	12.5833	-2745636	4	Winnipeg, Manitoba, Canada	CA	CA03	12577	49.8833	-97.1667	-576096	20260902123000	https://www.winnipegfreepress.com/arts-and-life/entertainment/2026/09/02/hot-docs-promotes-diana-sanchez-from-executive-director-to-president
1321099321	20260902	202609	2026	2026.6630	GOV	PRESIDENT						GOV			CVL	COMMUNITY						CVL			0	036	036	03	1	4.0	5	1	5	4.20070011668611	3	Berks County, Pennsylvania, United States	US	USPA	PA011	40.6254	-75.8749	1209172	3	Berks County, Pennsylvania, United States	US	USPA		40.6254	-75.8749	1209172	3	Berks County, Pennsylvania, United States	US	USPA		40.6254	-75.8749	1209172	20260902123000	https://www.bctv.org/2026/09/02/helping-harvest-calls-on-berks-schuylkill-counties-to-play-your-part/
1321099322	20260902	202609	2026	2026.6630	GOV	ADMINISTRATION						GOV			CVL	CITIZEN						CVL			1	043	043	04	1	2.8	5	1	5	-0.86956521739131	5	Tamil Nadu, Tamil Nadu, India	IN	IN25	70248	11	78	-2112557	5	Tamil Nadu, Tamil Nadu, India	IN	IN25	70248	11	78	-2112557	5	Tamil Nadu, Tamil Nadu, India	IN	IN25	70248	11	78	-2112557	20260902123000	https://www.deccanchronicle.com/southern-states/tamil-nadu/tn-govt-to-introduce-digital-services-for-driving-licences-vehicle-registration-from-sep-15-1984301
1321099323	20260902	202609	2026	2026.6630	GOV	MINIST						GOV			EDU	UNIVERSITY						EDU			1	010	010	01	1	0.0	4	1	4	-1.94174757281553	4	Johannesburg, Gauteng, South Africa	SF	SF06	77364	-26.2	28.0833	-1240261	4	Johannesburg, Gauteng, South Africa	SF	SF06	77364	-26.2	28.0833	-1240261	4	Johannesburg, Gauteng, South Africa	SF	SF06	77364	-26.2	28.0833	-1240261	20260902123000	https://www.gov.za/news/media-advisories/government-activities/minister-mmamoloko-kubayi-addresses-university
1321099324	20260902	202609	2026	2026.6630	GOV	PRESIDENT						GOV			EDU	STUDENT						EDU			1	020	020	02	1	3.0	16	2	16	3.48810225603309	4	Chhattisgarh, Chhattisgarh, India	IN	IN37	70116	21.5	81.75	-2093188	4	Chhattisgarh, Chhattisgarh, India	IN	IN37	70116	21.5	81.75	-2093188	4	Chhattisgarh, Chhattisgarh, India	IN	IN37	70116	21.5	81.75	-2093188	20260902123000	https://orissadiary.com/aiims-raipur-symbolises-chhattisgarhs-journey-from-the-fear-of-left-wing-extremism-to-peace-progress-and-opportunity-vice-president/
1321099325	20260902	202609	2026	2026.6630	GOV	PRESIDENT						GOV			EDU	STUDENT						EDU			1	020	020	02	1	3.0	4	2	4	3.48810225603309	4	Raipur, Chhattisgarh, India	IN	IN37	70116	21.2333	81.6333	-2108614	4	Chhattisgarh, Chhattisgarh, India	IN	IN37	70116	21.5	81.75	-2093188	4	Chhattisgarh, Chhattisgarh, India	IN	IN37	70116	21.5	81.75	-2093188	20260902123000	https://orissadiary.com/aiims-raipur-symbolises-chhattisgarhs-journey-from-the-fear-of-left-wing-extremism-to-peace-progress-and-opportunity-vice-president/
1321099326	20260902	202609	2026	2026.6630	GOV	GOVERNANCE						GOV			EDU	PROFESSOR						EDU			0	040	040	04	1	1.0	6	1	6	-2.16986980781153	1	United States	US	US		39.828175	-98.5795	US	1	United States	US	US		39.828175	-98.5795	US	1	United States	US	US		39.828175	-98.5795	US	20260902123000	https://pittnews.com/article/202665/featured/faculty-groups-criticize-new-university-antisemitism-report/
1321099327	20260902	202609	2026	2026.6630	GOV	MINIST						GOV			EDU	UNIVERSITY						EDU			1	042	042	04	1	1.9	4	1	4	-1.94174757281553	4	Johannesburg, Gauteng, South Africa	SF	SF06	77364	-26.2	28.0833	-1240261	4	Johannesburg, Gauteng, South Africa	SF	SF06	77364	-26.2	28.0833	-1240261	4	Johannesburg, Gauteng, South Africa	SF	SF06	77364	-26.2	28.0833	-1240261	20260902123000	https://www.gov.za/news/media-advisories/government-activities/minister-mmamoloko-kubayi-addresses-university
1321099328	20260902	202609	2026	2026.6630	GOV	GOVERNMENT						GOV			EDU	SCHOOL						EDU			1	043	043	04	1	2.8	2	1	2	-0.34028073160357	4	Ado Ekiti, Ekiti, Nigeria	NI	NI54	22967	7.621	5.2215	-1997414	4	Ado Ekiti, Ekiti, Nigeria	NI	NI54	22967	7.621	5.2215	-1997414	4	Ado Ekiti, Ekiti, Nigeria	NI	NI54	22967	7.621	5.2215	-1997414	20260902123000	https://techcabal.com/2026/09/02/my-life-in-tech-kayode-adeniyi-geospatial-engineer-ai-water/
1321099329	20260902	202609	2026	2026.6630	GOV	GOVERNMENT						GOV			EDU	SCHOOL						EDU			1	043	043	04	1	2.8	1	1	1	-0.34028073160357	4	Ado Ekiti, Ekiti, Nigeria	NI	NI54	22967	7.621	5.2215	-1997414	4	Ilorin, Kwara, Nigeria	NI	NI30	191168	8.5	4.55	-2012174	4	Ilorin, Kwara, Nigeria	NI	NI30	191168	8.5	4.55	-2012174	20260902123000	https://techcabal.com/2026/09/02/my-life-in-tech-kayode-adeniyi-geospatial-engineer-ai-water/
1321099330	20260902	202609	2026	2026.6630	GOV	PRESIDENT						GOV			EDU	STUDENT						EDU			1	073	073	07	2	7.4	8	1	8	0.24067388688327	4	Kalusugan, Quezon City, Philippines	RP	RPF2	24210	14.6227	121.025	10584885	4	Kalusugan, Quezon City, Philippines	RP	RPF2	24210	14.6227	121.025	10584885	4	Kalusugan, Quezon City, Philippines	RP	RPF2	24210	14.6227	121.025	10584885	20260902123000	https://www.rappler.com/philippines/sara-duterte-office-vice-president-budget-2027/
1321099331	20260902	202609	2026	2026.6630	GOV	PRESIDENTIAL PALACE						GOV			EGY	EGYPT	EGY								1	042	042	04	1	1.9	4	1	4	0	4	Beijing, Beijing, China	CH	CH22	13001	39.9289	116.388	-1898541	4	Banque Misr, Al Jizah, Egypt	EG	EG08	65350	30.0032	31.1843	11240489	4	Banque Misr, Al Jizah, Egypt	EG	EG08	65350	30.0032	31.1843	11240489	20260902123000	https://www.al-monitor.com/originals/2026/09/china-expands-egypt-investments-first-xi-visit-decade
1321099332	20260902	202609	2026	2026.6630	GOV	PRESIDENTIAL PALACE						GOV			EGY	EGYPT	EGY								1	042	042	04	1	1.9	1	1	1	0	4	Beijing, Beijing, China	CH	CH22	13001	39.9289	116.388	-1898541	4	Banque Misr, Al Jizah, Egypt	EG	EG08	65350	30.0032	31.1843	11240489	1	Iran	IR	IR		32	53	IR	20260902123000	https://www.al-monitor.com/originals/2026/09/china-expands-egypt-investments-first-xi-visit-decade
1321099333	20260902	202609	2026	2026.6630	GOV	PRESIDENTIAL PALACE						GOV			EGY	EGYPTIAN	EGY								1	051	051	05	1	3.4	5	1	5	0	4	Cairo, Al Qahirah, Egypt	EG	EG11	65350	30.05	31.25	-290692	4	Cairo, Al Qahirah, Egypt	EG	EG11	65350	30.05	31.25	-290692	4	Cairo, Al Qahirah, Egypt	EG	EG11	65350	30.05	31.25	-290692	20260902123000	https://www.al-monitor.com/originals/2026/09/china-expands-egypt-investments-first-xi-visit-decade
1321099334	20260902	202609	2026	2026.6630	GOV	PRINCE						GOV			FRA	FRANCE	FRA								1	043	043	04	1	2.8	3	1	3	3.64963503649635	4	Paris, France (general), France	FR	FR00	16282	48.8667	2.33333	-1456928	4	Paris, France (general), France	FR	FR00	16282	48.8667	2.33333	-1456928	4	Paris, France (general), France	FR	FR00	16282	48.8667	2.33333	-1456928	20260902123000	https://www.hellomagazine.com/homes/921212/earl-charles-spencer-althorp-security-sign/
1321099335	20260902	202609	2026	2026.6630	GOV	INTERIOR MINIST						GOV			GBR	LONDON	GBR								1	046	046	04	1	7.0	6	1	6	0	1	Pakistan	PK	PK		30	70	PK	1	Pakistan	PK	PK		30	70	PK	1	Pakistan	PK	PK		30	70	PK	20260902123000	https://www.samaa.tv/2087356157-zardari-naqvi-discuss-law-and-order-security-in-london
1321099336	20260902	202609	2026	2026.6630	GOV	INTERIOR MINIST						GOV			GBR	LONDON	GBR								1	100	100	10	3	-5.0	3	1	3	0	4	London, London, City of, United Kingdom	UK	UKH9	40110	51.5	-0.116667	-2601889	4	London, London, City of, United Kingdom	UK	UKH9	40110	51.5	-0.116667	-2601889	4	London, London, City of, United Kingdom	UK	UKH9	40110	51.5	-0.116667	-2601889	20260902123000	https://www.samaa.tv/2087356157-zardari-naqvi-discuss-law-and-order-security-in-london
1321099337	20260902	202609	2026	2026.6630	GOV	PRIME MINISTER						GOV			GOVMIL	NATIONAL SECURITY COUNCIL						GOV	MIL		0	010	010	01	1	0.0	10	1	10	-7.61421319796954	4	Melilla, Spain (general), Spain	SP	SP00	25821	35.2839	-2.94307	-391809	4	Melilla, Spain (general), Spain	SP	SP00	25821	35.2839	-2.94307	-391809	4	Melilla, Spain (general), Spain	SP	SP00	25821	35.2839	-2.94307	-391809	20260902123000	https://www.africanews.com/2026/09/02/23-sexual-assaults-reported-in-ceuta-after-migrant-influx/
1321099338	20260902	202609	2026	2026.6630	GOV	PRESIDENT						GOV			GOVMIL	DEFENCE MINIST						GOV	MIL		1	040	040	04	1	1.0	8	1	8	-5.55555555555555	4	Moscow, Moskva, Russia	RS	RS48	25106	55.7522	37.6156	-2960561	4	Berlin, Berlin, Germany	GM	GM16	16538	52.5167	13.4	-1746443	4	Berlin, Berlin, Germany	GM	GM16	16538	52.5167	13.4	-1746443	20260902123000	https://www.hurriyetdailynews.com/eu-summons-russian-envoy-eyes-sanctions-after-germany-drone-attack-226359
1321099339	20260902	202609	2026	2026.6630	GOV	PRIME MINISTER						GOV			GOVMIL	NATIONAL SECURITY COUNCIL						GOV	MIL		0	042	042	04	1	1.9	10	1	10	-7.61421319796954	4	Melilla, Spain (general), Spain	SP	SP00	25821	35.2839	-2.94307	-391809	4	Melilla, Spain (general), Spain	SP	SP00	25821	35.2839	-2.94307	-391809	4	Melilla, Spain (general), Spain	SP	SP00	25821	35.2839	-2.94307	-391809	20260902123000	https://www.africanews.com/2026/09/02/23-sexual-assaults-reported-in-ceuta-after-migrant-influx/
1321099340	20260902	202609	2026	2026.6630	GOV	FOREIGN OFFICE						GOV			IGOUNO	THE UN		UNO				IGO			0	036	036	03	1	4.0	10	1	10	-0.14738393515107	4	Islamabad, Islamabad, Pakistan	PK	PK08	23674	33.7	73.1667	-2762812	4	Islamabad, Islamabad, Pakistan	PK	PK08	23674	33.7	73.1667	-2762812	4	Islamabad, Islamabad, Pakistan	PK	PK08	23674	33.7	73.1667	-2762812	20260902123000	https://www.samaa.tv/2087356166-pakistan-to-continue-diplomacy-despite-middle-east-tensions-fo
1321099341	20260902	202609	2026	2026.6630	GOV	PRESIDENT						GOV			IND	CHHATTISGARH	IND								1	010	010	01	1	0.0	8	2	8	3.48810225603309	4	Raipur, Chhattisgarh, India	IN	IN37	70116	21.2333	81.6333	-2108614	4	Chhattisgarh, Chhattisgarh, India	IN	IN37	70116	21.5	81.75	-2093188	4	Raipur, Chhattisgarh, India	IN	IN37	70116	21.2333	81.6333	-2108614	20260902123000	https://orissadiary.com/aiims-raipur-symbolises-chhattisgarhs-journey-from-the-fear-of-left-wing-extremism-to-peace-progress-and-opportunity-vice-president/
1321099342	20260902	202609	2026	2026.6630	GOV	PRESIDENT						GOV			IND	CHHATTISGARH	IND								1	010	010	01	1	0.0	4	2	4	3.48810225603309	4	Raipur, Chhattisgarh, India	IN	IN37	70116	21.2333	81.6333	-2108614	4	Raipur, Chhattisgarh, India	IN	IN37	70116	21.2333	81.6333	-2108614	4	Raipur, Chhattisgarh, India	IN	IN37	70116	21.2333	81.6333	-2108614	20260902123000	https://orissadiary.com/aiims-raipur-symbolises-chhattisgarhs-journey-from-the-fear-of-left-wing-extremism-to-peace-progress-and-opportunity-vice-president/
1321099343	20260902	202609	2026	2026.6630	GOV	GOVERNMENT						GOV			INDGOV	JAMMU AND KASHMIR	IND					GOV			1	084	084	08	2	7.0	5	1	5	8.30188679245283	0								0								0								20260902123000	https://www.jagranjosh.com/articles/jammu-and-kashmir-school-holiday-list-for-september-2026-check-complete-list-of-dates-here-1800016100-1
1321099344	20260902	202609	2026	2026.6630	GOV	FOREIGN MINIST						GOV			IRL	IRELAND	IRL								0	040	040	04	1	1.0	1	1	1	-5.55555555555555	4	Dublin, Dublin, Ireland	EI	EI07	18288	53.3331	-6.24889	-1502554	4	Dublin, Dublin, Ireland	EI	EI07	18288	53.3331	-6.24889	-1502554	4	Dublin, Dublin, Ireland	EI	EI07	18288	53.3331	-6.24889	-1502554	20260902123000	https://www.hurriyetdailynews.com/eu-summons-russian-envoy-eyes-sanctions-after-germany-drone-attack-226359
1321099345	20260902	202609	2026	2026.6630	GOV	FOREIGN MINIST						GOV			IRL	IRELAND	IRL								0	040	040	04	1	1.0	1	1	1	-5.55555555555555	4	Moscow, Moskva, Russia	RS	RS48	25106	55.7522	37.6156	-2960561	4	Dublin, Dublin, Ireland	EI	EI07	18288	53.3331	-6.24889	-1502554	4	Moscow, Moskva, Russia	RS	RS48	25106	55.7522	37.6156	-2960561	20260902123000	https://www.hurriyetdailynews.com/eu-summons-russian-envoy-eyes-sanctions-after-germany-drone-attack-226359
1321099346	20260902	202609	2026	2026.6630	GOV	PRESIDENT						GOV			JEW	JEWISH				JEW					0	012	012	01	1	-0.4	3	1	3	-2.16986980781153	1	Israel	IS	IS		31.5	34.75	IS	1	Israel	IS	IS		31.5	34.75	IS	1	Israel	IS	IS		31.5	34.75	IS	20260902123000	https://pittnews.com/article/202665/featured/faculty-groups-criticize-new-university-antisemitism-report/
1321099347	20260902	202609	2026	2026.6630	GOV	GOVERNMENT						GOV			JUD	ADVOCATE						JUD			1	010	010	01	1	0.0	5	1	5	-6.11353711790393	4	Bombay, Maharashtra, India	IN	IN16	70184	18.975	72.8258	-2092174	4	Bombay, Maharashtra, India	IN	IN16	70184	18.975	72.8258	-2092174	4	Bombay, Maharashtra, India	IN	IN16	70184	18.975	72.8258	-2092174	20260902123000	https://www.barandbench.com/interviews/government-has-been-lackadaisical-in-addressing-nclts-problems-senior-advocate-sanjiv-sen
1321099348	20260902	202609	2026	2026.6630	GOV	PRIME MINISTER						GOV			KGZ	BISHKEK	KGZ								0	046	046	04	1	7.0	3	1	3	-0.14738393515107	4	Shanghai, Shanghai, China	CH	CH23	13243	31.2222	121.458	-1924465	4	Bishkek, Bishkek, Kyrgyzstan	KG	KG01	37216	42.8731	74.6003	-2331392	4	Bishkek, Bishkek, Kyrgyzstan	KG	KG01	37216	42.8731	74.6003	-2331392	20260902123000	https://www.samaa.tv/2087356166-pakistan-to-continue-diplomacy-despite-middle-east-tensions-fo
1321099349	20260902	202609	2026	2026.6630	GOV	PRIME MINISTER						GOV			KGZ	KYRGYZ	KGZ								1	050	050	05	1	3.5	1	1	1	5.39419087136929	4	Bishkek, Bishkek, Kyrgyzstan	KG	KG01	37216	42.8731	74.6003	-2331392	4	Bishkek, Bishkek, Kyrgyzstan	KG	KG01	37216	42.8731	74.6003	-2331392	4	Lahore, Punjab, Pakistan	PK	PK04	23677	31.5497	74.3436	-2767043	20260902123000	https://www.samaa.tv/2087356154-pakistan-kyrgyzstan-set-trade-target-of-200m-sign-16-agreements
1321099350	20260902	202609	2026	2026.6630	GOV	PRIME MINISTER						GOV			KGZ	KYRGYZSTAN	KGZ								0	051	051	05	1	3.4	2	1	2	5.39419087136929	4	Bishkek, Bishkek, Kyrgyzstan	KG	KG01	37216	42.8731	74.6003	-2331392	4	Bishkek, Bishkek, Kyrgyzstan	KG	KG01	37216	42.8731	74.6003	-2331392	4	Lahore, Punjab, Pakistan	PK	PK04	23677	31.5497	74.3436	-2767043	20260902123000	https://www.samaa.tv/2087356154-pakistan-kyrgyzstan-set-trade-target-of-200m-sign-16-agreements
1321099351	20260902	202609	2026	2026.6630	GOV	PRESIDENT						GOV			KGZ	KYRGYZSTAN	KGZ								0	051	051	05	1	3.4	4	1	4	5.39419087136929	4	Lahore, Punjab, Pakistan	PK	PK04	23677	31.5497	74.3436	-2767043	4	Bishkek, Bishkek, Kyrgyzstan	KG	KG01	37216	42.8731	74.6003	-2331392	4	Lahore, Punjab, Pakistan	PK	PK04	23677	31.5497	74.3436	-2767043	20260902123000	https://www.samaa.tv/2087356154-pakistan-kyrgyzstan-set-trade-target-of-200m-sign-16-agreements
1321099352	20260902	202609	2026	2026.6630	GOV	PRESIDENT						GOV			KGZ	KYRGYZSTAN	KGZ								0	051	051	05	1	3.4	2	1	2	5.39419087136929	4	Lahore, Punjab, Pakistan	PK	PK04	23677	31.5497	74.3436	-2767043	4	Lahore, Punjab, Pakistan	PK	PK04	23677	31.5497	74.3436	-2767043	4	Lahore, Punjab, Pakistan	PK	PK04	23677	31.5497	74.3436	-2767043	20260902123000	https://www.samaa.tv/2087356154-pakistan-kyrgyzstan-set-trade-target-of-200m-sign-16-agreements
1321099353	20260902	202609	2026	2026.6630	GOV	PRESIDENT						GOV			KGZ	KYRGYZ	KGZ								1	051	051	05	1	3.4	1	1	1	3.27731092436974	4	Petersburg, Sankt-Peterburg, Russia	RS	RS66	25095	59.8944	30.2642	-2996338	4	Bishkek, Bishkek, Kyrgyzstan	KG	KG01	37216	42.8731	74.6003	-2331392	4	Bishkek, Bishkek, Kyrgyzstan	KG	KG01	37216	42.8731	74.6003	-2331392	20260902123000	http://en.kremlin.ru/events/president/news/80663
1321099354	20260902	202609	2026	2026.6630	GOV	PRESIDENT						GOV			KGZ	KYRGYZ	KGZ								1	051	051	05	1	3.4	1	1	1	3.27731092436974	4	Petersburg, Sankt-Peterburg, Russia	RS	RS66	25095	59.8944	30.2642	-2996338	4	Petersburg, Sankt-Peterburg, Russia	RS	RS66	25095	59.8944	30.2642	-2996338	4	Bishkek, Bishkek, Kyrgyzstan	KG	KG01	37216	42.8731	74.6003	-2331392	20260902123000	http://en.kremlin.ru/events/president/news/80663
1321099355	20260902	202609	2026	2026.6630	GOV	INTERIOR MINIST						GOV			LAB	EMPLOYEE						LAB			1	193	193	19	4	-10.0	5	1	5	-7.69230769230769	4	Danilovgrad, Montenegro (general), Montenegro	MJ	MJ00	47618	42.5472	19.1053	-78124	4	Danilovgrad, Montenegro (general), Montenegro	MJ	MJ00	47618	42.5472	19.1053	-78124	4	Danilovgrad, Montenegro (general), Montenegro	MJ	MJ00	47618	42.5472	19.1053	-78124	20260902123000	https://www.cei.int/ansa/179517
1321099356	20260902	202609	2026	2026.6630	GOV	INTERIOR MINIST						GOV			LAB	EMPLOYEE						LAB			1	193	193	19	4	-10.0	2	1	2	-7.69230769230769	1	Russia	RS	RS		60	100	RS	4	Danilovgrad, Montenegro (general), Montenegro	MJ	MJ00	47618	42.5472	19.1053	-78124	1	Russia	RS	RS		60	100	RS	20260902123000	https://www.cei.int/ansa/179517
1321099357	20260902	202609	2026	2026.6630	GOV	PRESIDENT						GOV			LBR	LIBERIA	LBR								0	010	010	01	1	0.0	1	1	1	-5.34653465346535	5	Bong County, Bong, Liberia	LI	LI01	147278	7	-9.66667	-2130603	5	Montserrado County, Montserrado, Liberia	LI	LI14	147263	6.5	-10.5	-2134017	5	Bong County, Bong, Liberia	LI	LI01	147278	7	-9.66667	-2130603	20260902123000	https://allafrica.com/stories/202609020415.html
1321099358	20260902	202609	2026	2026.6630	GOV	PRESIDENT						GOV			LBR	LIBERIA	LBR								0	010	010	01	1	0.0	1	1	1	-5.34653465346535	5	Montserrado County, Montserrado, Liberia	LI	LI14	147263	6.5	-10.5	-2134017	5	Montserrado County, Montserrado, Liberia	LI	LI14	147263	6.5	-10.5	-2134017	5	Montserrado County, Montserrado, Liberia	LI	LI14	147263	6.5	-10.5	-2134017	20260902123000	https://allafrica.com/stories/202609020415.html
1321099359	20260902	202609	2026	2026.6630	GOV	MINIST						GOV			LBR	LIBERIA	LBR								0	138	138	13	3	-7.0	6	1	6	-8.27338129496403	5	Bong County, Bong, Liberia	LI	LI01	147278	7	-9.66667	-2130603	5	Bong County, Bong, Liberia	LI	LI01	147278	7	-9.66667	-2130603	5	Bong County, Bong, Liberia	LI	LI01	147278	7	-9.66667	-2130603	20260902123000	https://allafrica.com/stories/202609020416.html
1321099360	20260902	202609	2026	2026.6630	GOV	MINIST						GOV			LBR	LIBERIA	LBR								0	138	138	13	3	-7.0	2	1	2	-8.27338129496403	4	Monrovia, Montserrado, Liberia	LI	LI14	147290	6.31056	-10.8047	-2134012	4	Monrovia, Montserrado, Liberia	LI	LI14	147290	6.31056	-10.8047	-2134012	4	Monrovia, Montserrado, Liberia	LI	LI14	147290	6.31056	-10.8047	-2134012	20260902123000	https://allafrica.com/stories/202609020416.html
1321099361	20260902	202609	2026	2026.6630	GOV	MINIST						GOV			LBR	LIBERIA	LBR								0	138	138	13	3	-7.0	2	1	2	-8.27338129496403	2	Maryland, United States	US	USMD		39.0724	-76.7902	MD	2	Maryland, United States	US	USMD		39.0724	-76.7902	MD	2	Maryland, United States	US	USMD		39.0724	-76.7902	MD	20260902123000	https://allafrica.com/stories/202609020416.html
1321099362	20260902	202609	2026	2026.6630	GOV	MINIST						GOV			LBR	LIBERIA	LBR								0	190	190	19	4	-10.0	6	1	6	-8.27338129496403	5	Bong County, Bong, Liberia	LI	LI01	147278	7	-9.66667	-2130603	5	Bong County, Bong, Liberia	LI	LI01	147278	7	-9.66667	-2130603	5	Bong County, Bong, Liberia	LI	LI01	147278	7	-9.66667	-2130603	20260902123000	https://allafrica.com/stories/202609020416.html
1321099363	20260902	202609	2026	2026.6630	GOV	MINIST						GOV			LBR	LIBERIA	LBR								0	190	190	19	4	-10.0	2	1	2	-8.27338129496403	4	Monrovia, Montserrado, Liberia	LI	LI14	147290	6.31056	-10.8047	-2134012	4	Monrovia, Montserrado, Liberia	LI	LI14	147290	6.31056	-10.8047	-2134012	4	Monrovia, Montserrado, Liberia	LI	LI14	147290	6.31056	-10.8047	-2134012	20260902123000	https://allafrica.com/stories/202609020416.html
1321099364	20260902	202609	2026	2026.6630	GOV	MINIST						GOV			LBR	LIBERIA	LBR								0	190	190	19	4	-10.0	2	1	2	-8.27338129496403	2	Maryland, United States	US	USMD		39.0724	-76.7902	MD	2	Maryland, United States	US	USMD		39.0724	-76.7902	MD	2	Maryland, United States	US	USMD		39.0724	-76.7902	MD	20260902123000	https://allafrica.com/stories/202609020416.html
1321099365	20260902	202609	2026	2026.6630	GOV	GOVERNOR						GOV			LEG	LEGISLATURE						LEG			0	020	020	02	1	3.0	10	1	10	-0.82644628099174	2	Pennsylvania, United States	US	USPA		40.5773	-77.264	PA	2	Pennsylvania, United States	US	USPA		40.5773	-77.264	PA	2	Pennsylvania, United States	US	USPA		40.5773	-77.264	PA	20260902123000	https://www.bctv.org/2026/09/02/exploring-the-data-center-boom/
1321099366	20260902	202609	2026	2026.6630	GOV	GOVERNMENT						GOV			MEDBUS	TELECOM						MED	BUS		0	020	020	02	1	3.0	4	2	4	-7.05320076498301	1	Australia	AS	AS		-25	135	AS	1	Australia	AS	AS		-25	135	AS	1	Australia	AS	AS		-25	135	AS	20260902123000	https://www.winnipegfreepress.com/arts-and-life/life/sci-tech/2026/09/02/scams-in-the-us-are-at-a-record-high-yet-most-victims-get-no-help-and-some-end-up-losing-even-more
1321099367	20260902	202609	2026	2026.6630	GOV	GOVERNMENT						GOV			MEDBUS	TELECOM						MED	BUS		0	020	020	02	1	3.0	16	2	16	-7.05320076498301	1	Singapore	SN	SN		1.366667	103.8	SN	1	Singapore	SN	SN		1.366667	103.8	SN	1	Singapore	SN	SN		1.366667	103.8	SN	20260902123000	https://www.winnipegfreepress.com/arts-and-life/life/sci-tech/2026/09/02/scams-in-the-us-are-at-a-record-high-yet-most-victims-get-no-help-and-some-end-up-losing-even-more
1321099368	20260902	202609	2026	2026.6630	GOV	PRIME MINISTER						GOV			PAK	PAKISTAN	PAK								0	010	010	01	1	0.0	6	1	6	5.39419087136929	4	Bishkek, Bishkek, Kyrgyzstan	KG	KG01	37216	42.8731	74.6003	-2331392	4	Lahore, Punjab, Pakistan	PK	PK04	23677	31.5497	74.3436	-2767043	4	Bishkek, Bishkek, Kyrgyzstan	KG	KG01	37216	42.8731	74.6003	-2331392	20260902123000	https://www.samaa.tv/2087356154-pakistan-kyrgyzstan-set-trade-target-of-200m-sign-16-agreements
1321099369	20260902	202609	2026	2026.6630	GOV	FOREIGN OFFICE						GOV			PAK	PAKISTAN	PAK								0	036	036	03	1	4.0	10	1	10	-0.14738393515107	4	Islamabad, Islamabad, Pakistan	PK	PK08	23674	33.7	73.1667	-2762812	4	Islamabad, Islamabad, Pakistan	PK	PK08	23674	33.7	73.1667	-2762812	4	Islamabad, Islamabad, Pakistan	PK	PK08	23674	33.7	73.1667	-2762812	20260902123000	https://www.samaa.tv/2087356166-pakistan-to-continue-diplomacy-despite-middle-east-tensions-fo
1321099370	20260902	202609	2026	2026.6630	GOV	FOREIGN OFFICE						GOV			PAK	PAKISTAN	PAK								0	040	040	04	1	1.0	10	1	10	-0.14738393515107	4	Islamabad, Islamabad, Pakistan	PK	PK08	23674	33.7	73.1667	-2762812	4	Islamabad, Islamabad, Pakistan	PK	PK08	23674	33.7	73.1667	-2762812	4	Islamabad, Islamabad, Pakistan	PK	PK08	23674	33.7	73.1667	-2762812	20260902123000	https://www.samaa.tv/2087356166-pakistan-to-continue-diplomacy-despite-middle-east-tensions-fo
1321099371	20260902	202609	2026	2026.6630	GOV	PRESIDENT						GOV			PAK	PAKISTAN	PAK								0	051	051	05	1	3.4	6	1	6	5.39419087136929	4	Lahore, Punjab, Pakistan	PK	PK04	23677	31.5497	74.3436	-2767043	4	Lahore, Punjab, Pakistan	PK	PK04	23677	31.5497	74.3436	-2767043	4	Lahore, Punjab, Pakistan	PK	PK04	23677	31.5497	74.3436	-2767043	20260902123000	https://www.samaa.tv/2087356154-pakistan-kyrgyzstan-set-trade-target-of-200m-sign-16-agreements
1321099372	20260902	202609	2026	2026.6630	GOV	GOVERNMENT						GOV			PHL	MANILA	PHL								1	010	010	01	1	0.0	2	1	2	-0.4424778761062	4	Metro Manila, Philippines (general), Philippines	RP	RP00	24210	14.5833	121	-2439768	4	Metro Manila, Philippines (general), Philippines	RP	RP00	24210	14.5833	121	-2439768	4	Metro Manila, Philippines (general), Philippines	RP	RP00	24210	14.5833	121	-2439768	20260902123000	https://www.manilatimes.net/2026/09/02/news/construction-of-water-catchment-basins-in-metro-manila-execution-ready-mmda/2416850
1321099373	20260902	202609	2026	2026.6630	GOV	GOVERNMENT						GOV			PHL	PHILIPPINE	PHL								1	010	010	01	1	0.0	1	1	1	-0.4424778761062	4	Metro Manila, Philippines (general), Philippines	RP	RP00	24210	14.5833	121	-2439768	4	Metro Manila, Philippines (general), Philippines	RP	RP00	24210	14.5833	121	-2439768	1	United Kingdom	UK	UK		54	-4	UK	20260902123000	https://www.manilatimes.net/2026/09/02/news/construction-of-water-catchment-basins-in-metro-manila-execution-ready-mmda/2416850
1321099374	20260902	202609	2026	2026.6630	GOV	UNDERSECRETARY						GOV			PHL	PHILIPPINE	PHL								0	010	010	01	1	0.0	2	1	2	0.24067388688327	4	Kalusugan, Quezon City, Philippines	RP	RPF2	24210	14.6227	121.025	10584885	4	Kalusugan, Quezon City, Philippines	RP	RPF2	24210	14.6227	121.025	10584885	4	Kalusugan, Quezon City, Philippines	RP	RPF2	24210	14.6227	121.025	10584885	20260902123000	https://www.rappler.com/philippines/sara-duterte-office-vice-president-budget-2027/
1321099375	20260902	202609	2026	2026.6630	GOV	ENERGY SECRETARY						GOV			PHL	PHILIPPINE	PHL								0	130	130	13	3	-4.4	2	1	2	-4.7945205479452	4	Manila, Manila, Philippines	RP	RPD9	24210	14.6042	120.982	-2437894	4	Manila, Manila, Philippines	RP	RPD9	24210	14.6042	120.982	-2437894	4	Manila, Manila, Philippines	RP	RPD9	24210	14.6042	120.982	-2437894	20260902123000	https://www.rappler.com/business/vat-system-loss-removal-november-2026/
1321099376	20260902	202609	2026	2026.6630	GOV	PRESIDENT						GOV			RADSET	EXTREMIST						RAD	SET		0	111	111	11	3	-2.0	4	1	4	-4.92730210016155	4	Heaton Park, Manchester, United Kingdom	UK	UKI2	40118	53.5333	-2.26667	-2598411	4	Heaton Park, Manchester, United Kingdom	UK	UKI2	40118	53.5333	-2.26667	-2598411	4	Heaton Park, Manchester, United Kingdom	UK	UKI2	40118	53.5333	-2.26667	-2598411	20260902123000	https://www.thejc.com/news/uk/listen-to-the-chief-rabbi-dont-sanction-israel-mps-urge-burnham-s5qkxyd1
1321099377	20260902	202609	2026	2026.6630	GOV	PRESIDENT						GOV			RUS	RUSSIAN	RUS								1	040	040	04	1	1.0	2	1	2	3.27731092436974	4	Bishkek, Bishkek, Kyrgyzstan	KG	KG01	37216	42.8731	74.6003	-2331392	4	Petersburg, Sankt-Peterburg, Russia	RS	RS66	25095	59.8944	30.2642	-2996338	4	Petersburg, Sankt-Peterburg, Russia	RS	RS66	25095	59.8944	30.2642	-2996338	20260902123000	http://en.kremlin.ru/events/president/news/80663
1321099378	20260902	202609	2026	2026.6630	GOV	PRESIDENT						GOV			RUS	RUSSIAN	RUS								1	040	040	04	1	1.0	2	1	2	3.27731092436974	4	Petersburg, Sankt-Peterburg, Russia	RS	RS66	25095	59.8944	30.2642	-2996338	4	Petersburg, Sankt-Peterburg, Russia	RS	RS66	25095	59.8944	30.2642	-2996338	4	Petersburg, Sankt-Peterburg, Russia	RS	RS66	25095	59.8944	30.2642	-2996338	20260902123000	http://en.kremlin.ru/events/president/news/80663
1321099379	20260902	202609	2026	2026.6630	GOV	FOREIGN MINIST						GOV			RUS	RUSSIA	RUS								1	040	040	04	1	1.0	2	1	2	1.38050043140638	1	Russia	RS	RS		60	100	RS	1	Russia	RS	RS		60	100	RS	4	Bishkek, Bishkek, Kyrgyzstan	KG	KG01	37216	42.8731	74.6003	-2331392	20260902123000	http://en.kremlin.ru/events/president/news/80662
1321099380	20260902	202609	2026	2026.6630	GOV	DIPLOMAT						GOV			RUS	RUSSIA	RUS								1	043	043	04	1	2.8	10	1	10	-3.97727272727273	4	Brussels, Bruxelles-Capitale, Belgium	BE	BE11	5850	50.8333	4.33333	-1955538	4	Moscow, Moskva, Russia	RS	RS48	25106	55.7522	37.6156	-2960561	4	Moscow, Moskva, Russia	RS	RS48	25106	55.7522	37.6156	-2960561	20260902123000	https://euobserver.com/234820/exclusive-russian-diplomats-quietly-leave-brussels-as-germany-shuts-another-consulate-over-leipzig-plot/
1321099381	20260902	202609	2026	2026.6630	GOV	PRESIDENT						GOV			RUS	RUSSIAN	RUS								1	046	046	04	1	7.0	2	1	2	3.27731092436974	4	Bishkek, Bishkek, Kyrgyzstan	KG	KG01	37216	42.8731	74.6003	-2331392	4	Petersburg, Sankt-Peterburg, Russia	RS	RS66	25095	59.8944	30.2642	-2996338	4	Petersburg, Sankt-Peterburg, Russia	RS	RS66	25095	59.8944	30.2642	-2996338	20260902123000	http://en.kremlin.ru/events/president/news/80663
1321099382	20260902	202609	2026	2026.6630	GOV	PRESIDENT						GOV			RUS	RUSSIAN	RUS								1	046	046	04	1	7.0	2	1	2	3.27731092436974	4	Petersburg, Sankt-Peterburg, Russia	RS	RS66	25095	59.8944	30.2642	-2996338	4	Petersburg, Sankt-Peterburg, Russia	RS	RS66	25095	59.8944	30.2642	-2996338	4	Petersburg, Sankt-Peterburg, Russia	RS	RS66	25095	59.8944	30.2642	-2996338	20260902123000	http://en.kremlin.ru/events/president/news/80663
1321099383	20260902	202609	2026	2026.6630	GOV	PRESIDENT						GOV			RUSGOV	RUSSIAN	RUS					GOV			1	040	040	04	1	1.0	3	1	3	3.27731092436974	4	Petersburg, Sankt-Peterburg, Russia	RS	RS66	25095	59.8944	30.2642	-2996338	4	Petersburg, Sankt-Peterburg, Russia	RS	RS66	25095	59.8944	30.2642	-2996338	4	Petersburg, Sankt-Peterburg, Russia	RS	RS66	25095	59.8944	30.2642	-2996338	20260902123000	http://en.kremlin.ru/events/president/news/80663
1321099384	20260902	202609	2026	2026.6630	GOV	PRESIDENT						GOV			RUSGOV	VLADIMIR PUTIN	RUS					GOV			1	040	040	04	1	1.0	5	1	5	0.485436893203883	1	Indonesia	ID	ID		-5	120	ID	1	Indonesia	ID	ID		-5	120	ID	1	Indonesia	ID	ID		-5	120	ID	20260902123000	http://en.kremlin.ru/events/president/news/80667
1321099385	20260902	202609	2026	2026.6630	GOV	PRESIDENT						GOV			RUSGOV	RUSSIAN	RUS					GOV			1	046	046	04	1	7.0	3	1	3	3.27731092436974	4	Petersburg, Sankt-Peterburg, Russia	RS	RS66	25095	59.8944	30.2642	-2996338	4	Petersburg, Sankt-Peterburg, Russia	RS	RS66	25095	59.8944	30.2642	-2996338	4	Petersburg, Sankt-Peterburg, Russia	RS	RS66	25095	59.8944	30.2642	-2996338	20260902123000	http://en.kremlin.ru/events/president/news/80663
1321099386	20260902	202609	2026	2026.6630	GOV	MINISTRY						GOV			SGP	SINGAPOREAN	SGP								1	046	046	04	1	7.0	2	1	2	-5.02958579881657	1	Singapore	SN	SN		1.366667	103.8	SN	1	Singapore	SN	SN		1.366667	103.8	SN	4	Rasuwa, Nepal (general), Nepal	NP	NP00	22351	28.2812	85.3898	-1022531	20260902123000	https://www.channelnewsasia.com/singapore/nepal-tibet-disaster-dna-samples-missing-singaporeans-6357601
1321099387	20260902	202609	2026	2026.6630	GOV	MINISTRY						GOV			SGP	SINGAPOREAN	SGP								1	046	046	04	1	7.0	8	1	8	-5.02958579881657	1	Singapore	SN	SN		1.366667	103.8	SN	1	Singapore	SN	SN		1.366667	103.8	SN	1	Singapore	SN	SN		1.366667	103.8	SN	20260902123000	https://www.channelnewsasia.com/singapore/nepal-tibet-disaster-dna-samples-missing-singaporeans-6357601
1321099388	20260902	202609	2026	2026.6630	GOV	GOVERNMENT						GOV			SPY	UNDERCOVER AGENT						SPY			1	060	060	06	2	6.0	1	1	1	-4.73186119873817	2	Delaware, United States	US	USDE		39.3498	-75.5148	DE	2	Delaware, United States	US	USDE		39.3498	-75.5148	DE	2	Delaware, United States	US	USDE		39.3498	-75.5148	DE	20260902123000	https://www.wdel.com/news/dover-man-accused-of-selling-meth-to-undercover-federal-detective-seven-times/article_3fecb298-d30e-539d-8d6c-d46086933a64.html
1321099389	20260902	202609	2026	2026.6630	GOV	PRESIDENT						GOV			USA	UNITED STATES	USA								0	010	010	01	1	0.0	4	1	4	0	3	Pennsylvania State Police, Pennsylvania, United States	US	USPA	PA021	40.4723	-78.7484	1209105	3	Pennsylvania State Police, Pennsylvania, United States	US	USPA		40.4723	-78.7484	1209105	3	Pennsylvania State Police, Pennsylvania, United States	US	USPA		40.4723	-78.7484	1209105	20260902123000	https://pittnews.com/article/202651/top-stories/south-side-bar-capos-reaches-agreement-to-remain-open-amid-ongoing-safety-concerns/
1321099390	20260902	202609	2026	2026.6630	GOV	GOVERNANCE						GOV			USA	UNITED STATES	USA								0	040	040	04	1	1.0	4	1	4	-2.16986980781153	1	United States	US	US		39.828175	-98.5795	US	1	United States	US	US		39.828175	-98.5795	US	1	United States	US	US		39.828175	-98.5795	US	20260902123000	https://pittnews.com/article/202665/featured/faculty-groups-criticize-new-university-antisemitism-report/
1321099391	20260902	202609	2026	2026.6630	GOV	INTERIM PRESIDENT						GOV			USAGOV	WISCONSIN	USA					GOV			1	042	042	04	1	1.9	6	1	6	4.22535211267606	3	Milwaukee, Wisconsin, United States	US	USWI	WI079	43.0389	-87.9065	1577901	3	Milwaukee, Wisconsin, United States	US	USWI	WI079	43.0389	-87.9065	1577901	3	Milwaukee, Wisconsin, United States	US	USWI	WI079	43.0389	-87.9065	1577901	20260902123000	https://urbanmilwaukee.com/pressrelease/cristy-garcia-thomas-named-president-and-ceo-of-gmc/
1321099392	20260902	202609	2026	2026.6630	GOV	MAYOR						GOV			VEN	VENEZUELA	VEN								0	010	010	01	1	0.0	2	1	2	-0.84097859327217	4	Valencia, Carabobo, Venezuela	VE	VE07	31933	10.1806	-68.0039	-960192	4	Valencia, Carabobo, Venezuela	VE	VE07	31933	10.1806	-68.0039	-960192	3	Iowa Falls, Iowa, United States	US	USIA		42.5225	-93.2513	457829	20260902123000	https://www.timescitizen.com/news/iowa-falls-police-chief-still-looking-for-answers/article_0244dc67-71e4-40e1-93c2-430e9031dfe1.html
1321099393	20260902	202609	2026	2026.6630	GOV	MINIST						GOV			ZAFEDU	JOHANNESBURG	ZAF					EDU			1	010	010	01	1	0.0	6	1	6	-1.94174757281553	4	Johannesburg, Gauteng, South Africa	SF	SF06	77364	-26.2	28.0833	-1240261	4	Johannesburg, Gauteng, South Africa	SF	SF06	77364	-26.2	28.0833	-1240261	4	Johannesburg, Gauteng, South Africa	SF	SF06	77364	-26.2	28.0833	-1240261	20260902123000	https://www.gov.za/news/media-advisories/government-activities/minister-mmamoloko-kubayi-addresses-university
1321099394	20260902	202609	2026	2026.6630	GOV	MINIST						GOV			ZAFEDU	JOHANNESBURG	ZAF					EDU			1	042	042	04	1	1.9	6	1	6	-1.94174757281553	4	Johannesburg, Gauteng, South Africa	SF	SF06	77364	-26.2	28.0833	-1240261	4	Johannesburg, Gauteng, South Africa	SF	SF06	77364	-26.2	28.0833	-1240261	4	Johannesburg, Gauteng, South Africa	SF	SF06	77364	-26.2	28.0833	-1240261	20260902123000	https://www.gov.za/news/media-advisories/government-activities/minister-mmamoloko-kubayi-addresses-university
1321099395	20260902	202609	2026	2026.6630	GOV	AUTHORITIES						GOV			tib	TIBETAN			tib						1	010	010	01	1	0.0	10	1	10	-11.1386138613862	1	India	IN	IN		20	77	IN	1	India	IN	IN		20	77	IN	1	India	IN	IN		20	77	IN	20260902123000	https://www.freepressjournal.in/world/nepal-flood-alert-sent-38-minutes-after-glacier-collapse-exposing-early-warning-gaps-report
1321099396	20260902	202609	2026	2026.6630	GOVBUS	INDUSTRY MINIST						GOV	BUS		CVL	CITIZEN						CVL			1	010	010	01	1	0.0	5	1	5	-4.82456140350877	4	New Delhi, Delhi, India	IN	IN07	17911	28.6	77.2	-2106102	4	New Delhi, Delhi, India	IN	IN07	17911	28.6	77.2	-2106102	4	New Delhi, Delhi, India	IN	IN07	17911	28.6	77.2	-2106102	20260902123000	https://www.moneycontrol.com/news/india/piyush-goyal-slams-opposition-for-misguiding-india-on-economic-growth-14021023.html
1321099397	20260902	202609	2026	2026.6630	GOVBUS	INDUSTRY MINIST						GOV	BUS		OPP	THE OPPOSITION						OPP			1	112	112	11	3	-2.0	4	1	4	-4.82456140350877	4	New Delhi, Delhi, India	IN	IN07	17911	28.6	77.2	-2106102	4	New Delhi, Delhi, India	IN	IN07	17911	28.6	77.2	-2106102	4	New Delhi, Delhi, India	IN	IN07	17911	28.6	77.2	-2106102	20260902123000	https://www.moneycontrol.com/news/india/piyush-goyal-slams-opposition-for-misguiding-india-on-economic-growth-14021023.html
1321099398	20260902	202609	2026	2026.6630	GOVBUS	INDUSTRY MINIST						GOV	BUS		OPP	THE OPPOSITION						OPP			1	112	112	11	3	-2.0	6	1	6	-4.82456140350877	4	New Delhi, Delhi, India	IN	IN07	17911	28.6	77.2	-2106102	3	Washington, District of Columbia, United States	US	USDC	DC001	38.8951	-77.0364	531871	3	Washington, District of Columbia, United States	US	USDC	DC001	38.8951	-77.0364	531871	20260902123000	https://www.moneycontrol.com/news/india/piyush-goyal-slams-opposition-for-misguiding-india-on-economic-growth-14021023.html
1321099399	20260902	202609	2026	2026.6630	GOVEDU	GOVERNMENT						GOV	EDU												1	012	012	01	1	-0.4	1	1	1	4.8941798941799	4	Adilabad, Andhra Pradesh, India	IN	IN02	17785	19.6667	78.5333	-2088159	0								4	Telangana, Andhra Pradesh, India	IN	IN02	17568	18	79.5	-2112824	20260902123000	https://www.jagranjosh.com/articles/telangana-school-holidays-in-september-2026-complete-list-districtwise-updates-here-1800016099-1
1321099400	20260902	202609	2026	2026.6630	GOVEDU	GOVERNMENT						GOV	EDU												1	012	012	01	1	-0.4	4	1	4	4.8941798941799	4	Telangana, Andhra Pradesh, India	IN	IN02	17568	18	79.5	-2112824	0								4	Telangana, Andhra Pradesh, India	IN	IN02	17568	18	79.5	-2112824	20260902123000	https://www.jagranjosh.com/articles/telangana-school-holidays-in-september-2026-complete-list-districtwise-updates-here-1800016099-1
1321099401	20260902	202609	2026	2026.6630	GOVGOV	FOREIGN OFFICE						GOV	GOV		ISR	ISRAEL	ISR								1	1312	131	13	3	-5.8	2	1	2	-4.92730210016155	4	Heaton Park, Manchester, United Kingdom	UK	UKI2	40118	53.5333	-2.26667	-2598411	1	Israel	IS	IS		31.5	34.75	IS	1	Israel	IS	IS		31.5	34.75	IS	20260902123000	https://www.thejc.com/news/uk/listen-to-the-chief-rabbi-dont-sanction-israel-mps-urge-burnham-s5qkxyd1
1321099402	20260902	202609	2026	2026.6630	GOVGOV	FOREIGN OFFICE						GOV	GOV		ISR	ISRAEL	ISR								1	1312	131	13	3	-5.8	8	1	8	-4.92730210016155	1	Israel	IS	IS		31.5	34.75	IS	1	Israel	IS	IS		31.5	34.75	IS	1	Israel	IS	IS		31.5	34.75	IS	20260902123000	https://www.thejc.com/news/uk/listen-to-the-chief-rabbi-dont-sanction-israel-mps-urge-burnham-s5qkxyd1
1321099403	20260902	202609	2026	2026.6630	GOVMIL	DEFENCE MINIST						GOV	MIL		GOV	PRESIDENT						GOV			1	040	040	04	1	1.0	8	1	8	-5.55555555555555	4	Wicklow, Wicklow, Ireland	EI	EI31	18309	52.975	-6.04944	-1506204	4	Wicklow, Wicklow, Ireland	EI	EI31	18309	52.975	-6.04944	-1506204	4	Wicklow, Wicklow, Ireland	EI	EI31	18309	52.975	-6.04944	-1506204	20260902123000	https://www.hurriyetdailynews.com/eu-summons-russian-envoy-eyes-sanctions-after-germany-drone-attack-226359
1321099404	20260902	202609	2026	2026.6630	GOVMIL	DEFENCE MINIST						GOV	MIL		IRLGOV	IRELAND	IRL					GOV			1	040	040	04	1	1.0	2	1	2	-5.55555555555555	4	Wicklow, Wicklow, Ireland	EI	EI31	18309	52.975	-6.04944	-1506204	4	Wicklow, Wicklow, Ireland	EI	EI31	18309	52.975	-6.04944	-1506204	4	Wicklow, Wicklow, Ireland	EI	EI31	18309	52.975	-6.04944	-1506204	20260902123000	https://www.hurriyetdailynews.com/eu-summons-russian-envoy-eyes-sanctions-after-germany-drone-attack-226359
1321099405	20260902	202609	2026	2026.6630	GRC	GREECE	GRC																		1	010	010	01	1	0.0	4	1	4	0.16366612111293	4	Kastellorizo, Perifereia Notiou Aigaiou, Greece	GR	GR61	40770	36.1422	29.5814	-823931	0								4	Kastellorizo, Perifereia Notiou Aigaiou, Greece	GR	GR61	40770	36.1422	29.5814	-823931	20260902123000	https://www.bankingnews.gr/amyna-diplomatia/articles/897029/step-back-now-harsh-message-from-erdogan-to-greece-following-meeting-with-putin-ultimatum-over-the-military-on-the-islands
1321099406	20260902	202609	2026	2026.6630	GRC	GREECE	GRC								MIL	MILITARY						MIL			1	040	040	04	1	1.0	6	1	6	0.16366612111293	1	Turkey	TU	TU		39.059012	34.911546	TU	1	Turkey	TU	TU		39.059012	34.911546	TU	1	Turkey	TU	TU		39.059012	34.911546	TU	20260902123000	https://www.bankingnews.gr/amyna-diplomatia/articles/897029/step-back-now-harsh-message-from-erdogan-to-greece-following-meeting-with-putin-ultimatum-over-the-military-on-the-islands
1321099407	20260902	202609	2026	2026.6630	GUY	GEORGETOWN	GUY								GUYCVL	GEORGETOWN	GUY					CVL			1	051	051	05	1	3.4	5	1	5	-2.58215962441314	1	Chad	CD	CD		15	19	CD	1	Chad	CD	CD		15	19	CD	1	Chad	CD	CD		15	19	CD	20260902123000	https://www.wdel.com/news/georgetown-community-gathered-to-honor-officer-chad-spicer/article_ac951ed7-cd17-5311-b4cb-e841570b5e88.html
1321099408	20260902	202609	2026	2026.6630	GUYCVL	GEORGETOWN	GUY					CVL			TCD	CHAD	TCD								1	051	051	05	1	3.4	10	1	10	-2.58215962441314	1	Chad	CD	CD		15	19	CD	1	Chad	CD	CD		15	19	CD	1	Chad	CD	CD		15	19	CD	20260902123000	https://www.wdel.com/news/georgetown-community-gathered-to-honor-officer-chad-spicer/article_ac951ed7-cd17-5311-b4cb-e841570b5e88.html
1321099409	20260902	202609	2026	2026.6630	HLH	DOCTOR						HLH													1	010	010	01	1	0.0	5	1	5	-3.62903225806452	4	Haldwani, Uttaranchal, India	IN	IN39	70288	29.2167	79.5167	-2097042	0								4	Haldwani, Uttaranchal, India	IN	IN39	70288	29.2167	79.5167	-2097042	20260902123000	https://aninews.in/news/business/avn-cases-surge-after-covid-19-delhi-haldwani-centres-non-surgical-approach-reportedly-spares-over-5000-patients-from-hip-surgery20260902170710/
1321099410	20260902	202609	2026	2026.6630	HLH	HOSPITAL						HLH													1	020	020	02	1	3.0	10	1	10	-0.92449922958397	5	Batanes, Batanes, Philippines	RP	RP08	24215	20.6667	121.917	-2413018	0								5	Batanes, Batanes, Philippines	RP	RP08	24215	20.6667	121.917	-2413018	20260902123000	https://bworldonline.com/the-nation/2026/09/02/774236/lawmaker-slams-budget-cuts-on-doh-gocc-hospitals/
1321099411	20260902	202609	2026	2026.6630	HLH	MEDICO						HLH													1	020	020	02	1	3.0	10	1	10	3.62776025236593	1	Canada	CA	CA		60	-96	CA	0								1	Canada	CA	CA		60	-96	CA	20260902123000	https://www.standard-freeholder.com/press-releases/pr-newswire/pixcell-medical-expands-into-canada-through-partnership-with-inter-medico-following-health-canada-class-iii-licence-for-hemoscreen/
1321099412	20260902	202609	2026	2026.6630	HLH	HOSPITAL						HLH													1	054	054	05	1	6.0	10	1	10	-2.04081632653061	0								0								0								20260902123000	https://www.businessdailyafrica.com/bd/corporate/companies/ncba-cleared-to-repossess-equipment-from-mediheal-hospital-5580884
1321099413	20260902	202609	2026	2026.6630	HLH	SURGEON						HLH													1	090	090	09	2	-2.0	8	1	8	0.20387359836902	1	India	IN	IN		20	77	IN	0								1	India	IN	IN		20	77	IN	20260902123000	https://americanbazaaronline.com/2026/09/02/how-india-built-a-new-model-for-robotic-surgery-487428/
1321099414	20260902	202609	2026	2026.6630	HLH	SURGEON						HLH													1	090	090	09	2	-2.0	2	1	2	0.20387359836902	1	United States	US	US		39.828175	-98.5795	US	0								1	India	IN	IN		20	77	IN	20260902123000	https://americanbazaaronline.com/2026/09/02/how-india-built-a-new-model-for-robotic-surgery-487428/
1321099415	20260902	202609	2026	2026.6630	HLH	HOSPITAL						HLH			JUD	LAWYER						JUD			1	043	043	04	1	2.8	5	1	5	-1.51975683890577	4	London, London, City of, United Kingdom	UK	UKH9	40110	51.5	-0.116667	-2601889	4	London, London, City of, United Kingdom	UK	UKH9	40110	51.5	-0.116667	-2601889	4	London, London, City of, United Kingdom	UK	UKH9	40110	51.5	-0.116667	-2601889	20260902123000	https://www.lbc.co.uk/article/learn-lessons-inquest-richard-bransons-wife-5Hjdgrk_2/
1321099416	20260902	202609	2026	2026.6630	HUNCVL	HUNGARIAN	HUN					CVL			GOV	GOVERNMENT						GOV			0	081	081	08	2	5.0	3	1	3	-4.48	4	Budapest, Budapest, Hungary	HU	HU05	17514	47.5	19.0833	-850553	4	Budapest, Budapest, Hungary	HU	HU05	17514	47.5	19.0833	-850553	4	Budapest, Budapest, Hungary	HU	HU05	17514	47.5	19.0833	-850553	20260902123000	https://euobserver.com/234728/right-of-reply-attacks-on-lgbti-community-are-warning-sign-of-wider-backlash-against-democracy/
1321099417	20260902	202609	2026	2026.6630	IDN	YOGYAKARTA	IDN																		0	020	020	02	1	3.0	4	1	4	-4.48	4	Berlin, Berlin, Germany	GM	GM16	16538	52.5167	13.4	-1746443	0								4	Berlin, Berlin, Germany	GM	GM16	16538	52.5167	13.4	-1746443	20260902123000	https://euobserver.com/234728/right-of-reply-attacks-on-lgbti-community-are-warning-sign-of-wider-backlash-against-democracy/
1321099418	20260902	202609	2026	2026.6630	IDN	YOGYAKARTA	IDN																		0	020	020	02	1	3.0	6	1	6	-4.48	1	United Kingdom	UK	UK		54	-4	UK	0								1	United Kingdom	UK	UK		54	-4	UK	20260902123000	https://euobserver.com/234728/right-of-reply-attacks-on-lgbti-community-are-warning-sign-of-wider-backlash-against-democracy/
1321099419	20260902	202609	2026	2026.6630	IDN	INDONESIA	IDN																		0	071	071	07	2	7.4	4	1	4	-1.05509964830012	1	Indonesia	ID	ID		-5	120	ID	0								1	Indonesia	ID	ID		-5	120	ID	20260902123000	https://www.rappler.com/voices/newsletters/be-the-good-civic-circles-martin-romualdez-briefing/
1321099420	20260902	202609	2026	2026.6630	IGOEURCOE	COUNCIL OF EUROPE	EUR	COE				IGO													1	010	010	01	1	0.0	3	1	3	-4.48	4	Berlin, Berlin, Germany	GM	GM16	16538	52.5167	13.4	-1746443	0								4	Berlin, Berlin, Germany	GM	GM16	16538	52.5167	13.4	-1746443	20260902123000	https://euobserver.com/234728/right-of-reply-attacks-on-lgbti-community-are-warning-sign-of-wider-backlash-against-democracy/
1321099421	20260902	202609	2026	2026.6630	IGOEURCOE	COUNCIL OF EUROPE	EUR	COE				IGO													1	110	110	11	3	-2.0	3	1	3	-4.48	4	Berlin, Berlin, Germany	GM	GM16	16538	52.5167	13.4	-1746443	0								4	Berlin, Berlin, Germany	GM	GM16	16538	52.5167	13.4	-1746443	20260902123000	https://euobserver.com/234728/right-of-reply-attacks-on-lgbti-community-are-warning-sign-of-wider-backlash-against-democracy/
1321099422	20260902	202609	2026	2026.6630	IGOEURCOE	COUNCIL OF EUROPE	EUR	COE				IGO			DEU	GERMANY	DEU								1	010	010	01	1	0.0	2	1	2	-4.48	4	Berlin, Berlin, Germany	GM	GM16	16538	52.5167	13.4	-1746443	4	Berlin, Berlin, Germany	GM	GM16	16538	52.5167	13.4	-1746443	4	Berlin, Berlin, Germany	GM	GM16	16538	52.5167	13.4	-1746443	20260902123000	https://euobserver.com/234728/right-of-reply-attacks-on-lgbti-community-are-warning-sign-of-wider-backlash-against-democracy/
1321099423	20260902	202609	2026	2026.6630	IGOEURCOE	COUNCIL OF EUROPE	EUR	COE				IGO			DEU	GERMANY	DEU								1	110	110	11	3	-2.0	2	1	2	-4.48	4	Berlin, Berlin, Germany	GM	GM16	16538	52.5167	13.4	-1746443	4	Berlin, Berlin, Germany	GM	GM16	16538	52.5167	13.4	-1746443	4	Berlin, Berlin, Germany	GM	GM16	16538	52.5167	13.4	-1746443	20260902123000	https://euobserver.com/234728/right-of-reply-attacks-on-lgbti-community-are-warning-sign-of-wider-backlash-against-democracy/
1321099424	20260902	202609	2026	2026.6630	IGOEUREEC	THE EU	EUR	EEC				IGO			MOS	MUSLIM				MOS					1	130	130	13	3	-4.4	4	1	4	-4.48	4	Berlin, Berlin, Germany	GM	GM16	16538	52.5167	13.4	-1746443	4	Berlin, Berlin, Germany	GM	GM16	16538	52.5167	13.4	-1746443	4	Berlin, Berlin, Germany	GM	GM16	16538	52.5167	13.4	-1746443	20260902123000	https://euobserver.com/234728/right-of-reply-attacks-on-lgbti-community-are-warning-sign-of-wider-backlash-against-democracy/
1321099425	20260902	202609	2026	2026.6630	IGOEUREEC	THE EU	EUR	EEC				IGO			MOS	MUSLIM				MOS					1	130	130	13	3	-4.4	6	1	6	-4.48	1	United Kingdom	UK	UK		54	-4	UK	1	United Kingdom	UK	UK		54	-4	UK	1	United Kingdom	UK	UK		54	-4	UK	20260902123000	https://euobserver.com/234728/right-of-reply-attacks-on-lgbti-community-are-warning-sign-of-wider-backlash-against-democracy/
1321099426	20260902	202609	2026	2026.6630	IGOEUREEC	THE EU	EUR	EEC				IGO			RUS	RUSSIA	RUS								1	040	040	04	1	1.0	10	1	10	-5.55555555555555	4	Dublin, Dublin, Ireland	EI	EI07	18288	53.3331	-6.24889	-1502554	4	Moscow, Moskva, Russia	RS	RS48	25106	55.7522	37.6156	-2960561	4	Moscow, Moskva, Russia	RS	RS48	25106	55.7522	37.6156	-2960561	20260902123000	https://www.hurriyetdailynews.com/eu-summons-russian-envoy-eyes-sanctions-after-germany-drone-attack-226359
1321099427	20260902	202609	2026	2026.6630	IGOEUREEC	THE EU	EUR	EEC				IGO			RUSGOV	RUSSIAN	RUS					GOV			0	040	040	04	1	1.0	6	1	6	-5.55555555555555	4	Moscow, Moskva, Russia	RS	RS48	25106	55.7522	37.6156	-2960561	4	Moscow, Moskva, Russia	RS	RS48	25106	55.7522	37.6156	-2960561	4	Moscow, Moskva, Russia	RS	RS48	25106	55.7522	37.6156	-2960561	20260902123000	https://www.hurriyetdailynews.com/eu-summons-russian-envoy-eyes-sanctions-after-germany-drone-attack-226359
1321099428	20260902	202609	2026	2026.6630	IGOUNO	THE UN		UNO				IGO			PAK	PAKISTAN	PAK								0	036	036	03	1	4.0	6	1	6	-0.14738393515107	4	Islamabad, Islamabad, Pakistan	PK	PK08	23674	33.7	73.1667	-2762812	4	Islamabad, Islamabad, Pakistan	PK	PK08	23674	33.7	73.1667	-2762812	4	Islamabad, Islamabad, Pakistan	PK	PK08	23674	33.7	73.1667	-2762812	20260902123000	https://www.samaa.tv/2087356166-pakistan-to-continue-diplomacy-despite-middle-east-tensions-fo
1321099429	20260902	202609	2026	2026.6630	IND	BOMBAY	IND																		1	143	143	14	3	-6.5	6	1	6	-6.11353711790393	4	Bombay, Maharashtra, India	IN	IN16	70184	18.975	72.8258	-2092174	0								4	Bombay, Maharashtra, India	IN	IN16	70184	18.975	72.8258	-2092174	20260902123000	https://www.barandbench.com/interviews/government-has-been-lackadaisical-in-addressing-nclts-problems-senior-advocate-sanjiv-sen
1321099430	20260902	202609	2026	2026.6630	IND	WEST BENGAL	IND								GOV	ELECTION COMMISSION						GOV			0	0831	083	08	2	5.0	5	1	5	-1.83673469387755	4	Kolkata, West Bengal, India	IN	IN28	70294	22.5697	88.3697	-2092511	4	Kolkata, West Bengal, India	IN	IN28	70294	22.5697	88.3697	-2092511	4	Kolkata, West Bengal, India	IN	IN28	70294	22.5697	88.3697	-2092511	20260902123000	https://www.hindustantimes.com/india-news/ncpi-may-form-coalition-with-bjp-in-upcoming-bengal-municipal-polls-say-leaders-101788349835385.html
1321099431	20260902	202609	2026	2026.6630	IND	MADURAI	IND								JOR	AMMAN	JOR								0	010	010	01	1	0.0	10	1	10	3.04386750223814	0								0								0								20260902123000	https://www.thehindu.com/society/what-inscriptions-tell-us-about-conservation-of-temples-in-tamil-nadu/article71414426.ece
1321099432	20260902	202609	2026	2026.6630	IND	MADRAS	IND								JUD	HIGH COURT						JUD			1	172	172	17	4	-5.0	2	1	2	0	4	Madras, Tamil Nadu, India	IN	IN25	70251	13.0833	80.2833	-2103041	4	Madras, Tamil Nadu, India	IN	IN25	70251	13.0833	80.2833	-2103041	4	Madras, Tamil Nadu, India	IN	IN25	70251	13.0833	80.2833	-2103041	20260902123000	https://www.barandbench.com/news/litigation/madras-high-court-sets-aside-ban-on-temples-acquiring-elephants
1321099433	20260902	202609	2026	2026.6630	IND	ASSAM	IND								MED	WEBSITE						MED			1	042	042	04	1	1.9	10	1	10	0	0								0								0								20260902123000	https://www.jagranjosh.com/news/assam-neet-counselling-2026-round-1-seat-allotment-result-at-dme-assam-gov-in-pdf-direct-link-here-187056
1321099434	20260902	202609	2026	2026.6630	IND	ASSAM	IND								MED	WEBSITE						MED			0	0831	083	08	2	5.0	10	1	10	0	0								0								0								20260902123000	https://www.jagranjosh.com/news/assam-neet-counselling-2026-round-1-seat-allotment-result-at-dme-assam-gov-in-pdf-direct-link-here-187056
1321099435	20260902	202609	2026	2026.6630	IND	KERALA	IND								OPP	PRISONER						OPP			1	084	084	08	2	7.0	5	1	5	-6.84210526315789	0								0								0								20260902123000	https://www.barandbench.com/news/341-prisoners-granted-bail-were-not-released-within-7-days-kerala-hc-flags-gaps-in-e-prisons-portal
1321099436	20260902	202609	2026	2026.6630	INDGOV	JAMMU AND KASHMIR	IND					GOV													1	084	084	08	2	7.0	5	1	5	8.30188679245283	0								0								0								20260902123000	https://www.jagranjosh.com/articles/jammu-and-kashmir-school-holiday-list-for-september-2026-check-complete-list-of-dates-here-1800016100-1
1321099437	20260902	202609	2026	2026.6630	INDJUD	MADRAS	IND					JUD													1	172	172	17	4	-5.0	2	1	2	0	4	Madras, Tamil Nadu, India	IN	IN25	70251	13.0833	80.2833	-2103041	0								4	Madras, Tamil Nadu, India	IN	IN25	70251	13.0833	80.2833	-2103041	20260902123000	https://www.barandbench.com/news/litigation/madras-high-court-sets-aside-ban-on-temples-acquiring-elephants
1321099438	20260902	202609	2026	2026.6630	IRL	IRISH	IRL																		0	010	010	01	1	0.0	3	1	3	-4.74006116207951	1	United Kingdom	UK	UK		54	-4	UK	0								1	United Kingdom	UK	UK		54	-4	UK	20260902123000	https://www.theguardian.com/us-news/2026/sep/02/tupac-shakur-murder-conviction-fan-reaction
1321099439	20260902	202609	2026	2026.6630	IRL	IRELAND	IRL								GOV	FOREIGN MINIST						GOV			0	040	040	04	1	1.0	1	1	1	-5.55555555555555	4	Dublin, Dublin, Ireland	EI	EI07	18288	53.3331	-6.24889	-1502554	4	Dublin, Dublin, Ireland	EI	EI07	18288	53.3331	-6.24889	-1502554	4	Dublin, Dublin, Ireland	EI	EI07	18288	53.3331	-6.24889	-1502554	20260902123000	https://www.hurriyetdailynews.com/eu-summons-russian-envoy-eyes-sanctions-after-germany-drone-attack-226359
1321099440	20260902	202609	2026	2026.6630	IRL	IRELAND	IRL								GOV	FOREIGN MINIST						GOV			0	040	040	04	1	1.0	1	1	1	-5.55555555555555	4	Dublin, Dublin, Ireland	EI	EI07	18288	53.3331	-6.24889	-1502554	4	Moscow, Moskva, Russia	RS	RS48	25106	55.7522	37.6156	-2960561	4	Moscow, Moskva, Russia	RS	RS48	25106	55.7522	37.6156	-2960561	20260902123000	https://www.hurriyetdailynews.com/eu-summons-russian-envoy-eyes-sanctions-after-germany-drone-attack-226359
1321099441	20260902	202609	2026	2026.6630	IRL	IRELAND	IRL								RUS	RUSSIAN	RUS								0	040	040	04	1	1.0	2	1	2	-5.55555555555555	4	Dublin, Dublin, Ireland	EI	EI07	18288	53.3331	-6.24889	-1502554	4	Dublin, Dublin, Ireland	EI	EI07	18288	53.3331	-6.24889	-1502554	4	Dublin, Dublin, Ireland	EI	EI07	18288	53.3331	-6.24889	-1502554	20260902123000	https://www.hurriyetdailynews.com/eu-summons-russian-envoy-eyes-sanctions-after-germany-drone-attack-226359
1321099442	20260902	202609	2026	2026.6630	IRL	IRELAND	IRL								RUS	RUSSIAN	RUS								0	040	040	04	1	1.0	2	1	2	-5.55555555555555	4	Dublin, Dublin, Ireland	EI	EI07	18288	53.3331	-6.24889	-1502554	4	Moscow, Moskva, Russia	RS	RS48	25106	55.7522	37.6156	-2960561	4	Moscow, Moskva, Russia	RS	RS48	25106	55.7522	37.6156	-2960561	20260902123000	https://www.hurriyetdailynews.com/eu-summons-russian-envoy-eyes-sanctions-after-germany-drone-attack-226359
1321099443	20260902	202609	2026	2026.6630	IRL	IRISH	IRL								USA	UNITED STATES	USA								0	010	010	01	1	0.0	3	1	3	-4.74006116207951	1	Ireland	EI	EI		53	-8	EI	2	California, United States	US	USCA		36.17	-119.746	CA	1	Ireland	EI	EI		53	-8	EI	20260902123000	https://www.theguardian.com/us-news/2026/sep/02/tupac-shakur-murder-conviction-fan-reaction
1321099444	20260902	202609	2026	2026.6630	IRLGOV	IRELAND	IRL					GOV			GOVMIL	DEFENCE MINIST						GOV	MIL		1	040	040	04	1	1.0	2	1	2	-5.55555555555555	4	Moscow, Moskva, Russia	RS	RS48	25106	55.7522	37.6156	-2960561	4	Moscow, Moskva, Russia	RS	RS48	25106	55.7522	37.6156	-2960561	4	Berlin, Berlin, Germany	GM	GM16	16538	52.5167	13.4	-1746443	20260902123000	https://www.hurriyetdailynews.com/eu-summons-russian-envoy-eyes-sanctions-after-germany-drone-attack-226359
1321099445	20260902	202609	2026	2026.6630	IRN	IRAN	IRN																		0	046	046	04	1	7.0	10	1	10	-5.37931034482759	4	Qeshm, Kordestan, Iran	IR	IR16	41068	35.4421	47.3506	-3080448	0								4	Qeshm, Kordestan, Iran	IR	IR16	41068	35.4421	47.3506	-3080448	20260902123000	https://www.samaa.tv/2087356156-7-irgc-basij-personnel-killed-in-us-strikes-on-iran
1321099446	20260902	202609	2026	2026.6630	IRN	IRAN	IRN																		0	190	190	19	4	-10.0	2	1	2	-5.37931034482759	4	Aghajari, Az¯arbayjan-e Gharbi, Iran	IR	IR01	41104	36.577	46.6139	-3795249	0								5	Hormozgan, Hormozgan, Iran	IR	IR11	40970	27.75	56.5	-3066740	20260902123000	https://www.samaa.tv/2087356156-7-irgc-basij-personnel-killed-in-us-strikes-on-iran
1321099447	20260902	202609	2026	2026.6630	IRN	IRAN	IRN								AFG	AFGHANISTAN	AFG								1	040	040	04	1	1.0	1	1	1	0	1	Afghanistan	AF	AF		33	66	AF	1	Afghanistan	AF	AF		33	66	AF	1	Iran	IR	IR		32	53	IR	20260902123000	https://www.afghanislamicpress.com/en/index.php/news/107492
1321099448	20260902	202609	2026	2026.6630	IRN	IRANIAN	IRN								AFG	AFGHAN	AFG								1	040	040	04	1	1.0	4	1	4	0	1	Iran	IR	IR		32	53	IR	1	Afghanistan	AF	AF		33	66	AF	1	Iran	IR	IR		32	53	IR	20260902123000	https://www.afghanislamicpress.com/en/index.php/news/107492
1321099449	20260902	202609	2026	2026.6630	IRN	IRAN	IRN								IRNGOV	IRAN	IRN					GOV			0	182	182	18	4	-9.5	1	1	1	-5.37931034482759	5	Khuzestan, Khuzestan, Iran	IR	IR15	40868	31.5	49	-3071486	5	Hormozgan, Hormozgan, Iran	IR	IR11	40970	27.75	56.5	-3066740	5	Khuzestan, Khuzestan, Iran	IR	IR15	40868	31.5	49	-3071486	20260902123000	https://www.samaa.tv/2087356156-7-irgc-basij-personnel-killed-in-us-strikes-on-iran
1321099450	20260902	202609	2026	2026.6630	IRN	IRAN	IRN								IRNGOV	IRAN	IRN					GOV			0	182	182	18	4	-9.5	5	1	5	-5.37931034482759	5	Khuzestan, Khuzestan, Iran	IR	IR15	40868	31.5	49	-3071486	5	Khuzestan, Khuzestan, Iran	IR	IR15	40868	31.5	49	-3071486	5	Khuzestan, Khuzestan, Iran	IR	IR15	40868	31.5	49	-3071486	20260902123000	https://www.samaa.tv/2087356156-7-irgc-basij-personnel-killed-in-us-strikes-on-iran
1321099451	20260902	202609	2026	2026.6630	IRN	IRANIAN	IRN								IRNGOV	IRAN	IRN					GOV			0	190	190	19	4	-10.0	1	1	1	-5.37931034482759	5	Hormozgan, Hormozgan, Iran	IR	IR11	40970	27.75	56.5	-3066740	5	Hormozgan, Hormozgan, Iran	IR	IR11	40970	27.75	56.5	-3066740	5	Hormozgan, Hormozgan, Iran	IR	IR11	40970	27.75	56.5	-3066740	20260902123000	https://www.samaa.tv/2087356156-7-irgc-basij-personnel-killed-in-us-strikes-on-iran
1321099452	20260902	202609	2026	2026.6630	IRN	IRANIAN	IRN								IRNGOV	IRAN	IRN					GOV			0	190	190	19	4	-10.0	1	1	1	-5.37931034482759	5	Hormozgan, Hormozgan, Iran	IR	IR11	40970	27.75	56.5	-3066740	5	Hormozgan, Hormozgan, Iran	IR	IR11	40970	27.75	56.5	-3066740	5	Khuzestan, Khuzestan, Iran	IR	IR15	40868	31.5	49	-3071486	20260902123000	https://www.samaa.tv/2087356156-7-irgc-basij-personnel-killed-in-us-strikes-on-iran
1321099453	20260902	202609	2026	2026.6630	IRN	IRANIAN	IRN								IRNGOV	IRAN	IRN					GOV			1	190	190	19	4	-10.0	4	1	4	-5.37931034482759	4	Kermanshah, Kermanshah, Iran	IR	IR13	40995	34.3142	47.065	-3070245	4	Kermanshah, Kermanshah, Iran	IR	IR13	40995	34.3142	47.065	-3070245	4	Kermanshah, Kermanshah, Iran	IR	IR13	40995	34.3142	47.065	-3070245	20260902123000	https://www.samaa.tv/2087356156-7-irgc-basij-personnel-killed-in-us-strikes-on-iran
1321099454	20260902	202609	2026	2026.6630	IRN	IRAN	IRN								IRNGOV	IRAN	IRN					GOV			0	190	190	19	4	-10.0	6	1	6	-5.37931034482759	5	Khuzestan, Khuzestan, Iran	IR	IR15	40868	31.5	49	-3071486	5	Khuzestan, Khuzestan, Iran	IR	IR15	40868	31.5	49	-3071486	5	Khuzestan, Khuzestan, Iran	IR	IR15	40868	31.5	49	-3071486	20260902123000	https://www.samaa.tv/2087356156-7-irgc-basij-personnel-killed-in-us-strikes-on-iran
1321099455	20260902	202609	2026	2026.6630	IRN	IRAN	IRN								IRNMIL	IRAN	IRN					MIL			0	190	190	19	4	-10.0	2	1	2	-5.37931034482759	5	Hormozgan, Hormozgan, Iran	IR	IR11	40970	27.75	56.5	-3066740	4	Basij, Fars, Iran	IR	IR07	41029	30.608	53.1874	10467014	4	Basij, Fars, Iran	IR	IR07	41029	30.608	53.1874	10467014	20260902123000	https://www.samaa.tv/2087356156-7-irgc-basij-personnel-killed-in-us-strikes-on-iran
1321099456	20260902	202609	2026	2026.6630	IRN	IRAN	IRN								IRNMIL	IRAN	IRN					MIL			0	190	190	19	4	-10.0	6	1	6	-5.37931034482759	4	Lavan Island, Hormozgan, Iran	IR	IR11	25307	26.8	53.25	-3067897	4	Basij, Fars, Iran	IR	IR07	41029	30.608	53.1874	10467014	4	Basij, Fars, Iran	IR	IR07	41029	30.608	53.1874	10467014	20260902123000	https://www.samaa.tv/2087356156-7-irgc-basij-personnel-killed-in-us-strikes-on-iran
1321099457	20260902	202609	2026	2026.6630	IRN	IRAN	IRN								ISR	ISRAEL	ISR								0	154	154	15	4	-7.2	2	1	2	-0.82644628099174	2	Pennsylvania, United States	US	USPA		40.5773	-77.264	PA	2	Pennsylvania, United States	US	USPA		40.5773	-77.264	PA	2	Pennsylvania, United States	US	USPA		40.5773	-77.264	PA	20260902123000	https://www.bctv.org/2026/09/02/exploring-the-data-center-boom/
1321099458	20260902	202609	2026	2026.6630	IRN	IRANIAN	IRN								NGOHLHIRC	RED CRESCENT		IRC				NGO	HLH		0	022	022	02	1	3.2	10	1	10	-5.37931034482759	4	Qeshm, Kordestan, Iran	IR	IR16	41068	35.4421	47.3506	-3080448	4	Qeshm, Kordestan, Iran	IR	IR16	41068	35.4421	47.3506	-3080448	4	Qeshm, Kordestan, Iran	IR	IR16	41068	35.4421	47.3506	-3080448	20260902123000	https://www.samaa.tv/2087356156-7-irgc-basij-personnel-killed-in-us-strikes-on-iran
1321099459	20260902	202609	2026	2026.6630	IRN	IRAN	IRN								PSE	GAZA	PSE								0	154	154	15	4	-7.2	1	1	1	-0.82644628099174	2	Pennsylvania, United States	US	USPA		40.5773	-77.264	PA	2	Pennsylvania, United States	US	USPA		40.5773	-77.264	PA	2	Pennsylvania, United States	US	USPA		40.5773	-77.264	PA	20260902123000	https://www.bctv.org/2026/09/02/exploring-the-data-center-boom/
1321099460	20260902	202609	2026	2026.6630	IRN	IRAN	IRN								RUS	RUSSIA	RUS								1	012	012	01	1	-0.4	5	1	5	-3.10945273631841	4	Beidou, Anhui, China	CH	CH01	12998	31.0409	118.449	10555108	1	Russia	RS	RS		60	100	RS	1	Russia	RS	RS		60	100	RS	20260902123000	http://www.strategypage.com/qnd/russia/articles/2026090264852.aspx
1321099461	20260902	202609	2026	2026.6630	IRN	IRAN	IRN								USA	A US	USA								0	010	010	01	1	0.0	6	1	6	-8.81987577639751	4	Kermanshah, Kermanshah, Iran	IR	IR13	40995	34.3142	47.065	-3070245	4	Kermanshah, Kermanshah, Iran	IR	IR13	40995	34.3142	47.065	-3070245	5	Khuzestan, Khuzestan, Iran	IR	IR15	40868	31.5	49	-3071486	20260902123000	https://www.al-monitor.com/originals/2026/09/iran-attacks-us-sites-after-american-strikes-wedding-deaths
1321099462	20260902	202609	2026	2026.6630	IRN	IRAN	IRN								USA	A US	USA								0	010	010	01	1	0.0	2	1	2	-8.81987577639751	5	Khuzestan, Khuzestan, Iran	IR	IR15	40868	31.5	49	-3071486	5	Khuzestan, Khuzestan, Iran	IR	IR15	40868	31.5	49	-3071486	5	Khuzestan, Khuzestan, Iran	IR	IR15	40868	31.5	49	-3071486	20260902123000	https://www.al-monitor.com/originals/2026/09/iran-attacks-us-sites-after-american-strikes-wedding-deaths
1321099463	20260902	202609	2026	2026.6630	IRN	IRAN	IRN								USA	UNITED STATES	USA								0	111	111	11	3	-2.0	1	1	1	-8.81987577639751	4	Sirik, Hormozgan, Iran	IR	IR11	40985	26.5055	57.122	-3085885	4	Sirik, Hormozgan, Iran	IR	IR11	40985	26.5055	57.122	-3085885	4	Sirik, Hormozgan, Iran	IR	IR11	40985	26.5055	57.122	-3085885	20260902123000	https://www.al-monitor.com/originals/2026/09/iran-attacks-us-sites-after-american-strikes-wedding-deaths
1321099464	20260902	202609	2026	2026.6630	IRN	IRAN	IRN								USA	UNITED STATES	USA								0	111	111	11	3	-2.0	2	1	2	-7.07070707070707	3	Washington, District of Columbia, United States	US	USDC	DC001	38.8951	-77.0364	531871	4	Sirik, Hormozgan, Iran	IR	IR11	40985	26.5055	57.122	-3085885	4	Sirik, Hormozgan, Iran	IR	IR11	40985	26.5055	57.122	-3085885	20260902123000	https://www.hurriyetdailynews.com/us-iran-trade-strikes-as-fears-mount-over-wider-return-to-hostilities-226375
1321099465	20260902	202609	2026	2026.6630	IRN	IRAN	IRN								USA	A US	USA								0	190	190	19	4	-10.0	1	1	1	-8.81987577639751	4	Kermanshah, Kermanshah, Iran	IR	IR13	40995	34.3142	47.065	-3070245	4	Kermanshah, Kermanshah, Iran	IR	IR13	40995	34.3142	47.065	-3070245	4	Kermanshah, Kermanshah, Iran	IR	IR13	40995	34.3142	47.065	-3070245	20260902123000	https://www.al-monitor.com/originals/2026/09/iran-attacks-us-sites-after-american-strikes-wedding-deaths
1321099466	20260902	202609	2026	2026.6630	IRN	IRAN	IRN								USA	A US	USA								0	190	190	19	4	-10.0	1	1	1	-8.81987577639751	5	Khuzestan, Khuzestan, Iran	IR	IR15	40868	31.5	49	-3071486	5	Khuzestan, Khuzestan, Iran	IR	IR15	40868	31.5	49	-3071486	5	Khuzestan, Khuzestan, Iran	IR	IR15	40868	31.5	49	-3071486	20260902123000	https://www.al-monitor.com/originals/2026/09/iran-attacks-us-sites-after-american-strikes-wedding-deaths
1321099467	20260902	202609	2026	2026.6630	IRN	IRAN	IRN								USAMIL	A US	USA					MIL			0	190	190	19	4	-10.0	6	1	6	-5.37931034482759	5	Hormozgan, Hormozgan, Iran	IR	IR11	40970	27.75	56.5	-3066740	1	Bahrain	BA	BA		26	50.5	BA	5	Hormozgan, Hormozgan, Iran	IR	IR11	40970	27.75	56.5	-3066740	20260902123000	https://www.samaa.tv/2087356156-7-irgc-basij-personnel-killed-in-us-strikes-on-iran
1321099468	20260902	202609	2026	2026.6630	IRN	IRAN	IRN								USAMIL	A US	USA					MIL			0	190	190	19	4	-10.0	2	1	2	-5.37931034482759	1	Kuwait	KU	KU		29.5	47.75	KU	5	Hormozgan, Hormozgan, Iran	IR	IR11	40970	27.75	56.5	-3066740	5	Hormozgan, Hormozgan, Iran	IR	IR11	40970	27.75	56.5	-3066740	20260902123000	https://www.samaa.tv/2087356156-7-irgc-basij-personnel-killed-in-us-strikes-on-iran
1321099469	20260902	202609	2026	2026.6630	IRN	IRAN	IRN								USAMIL	A US	USA					MIL			0	190	190	19	4	-10.0	2	1	2	-5.37931034482759	1	Kuwait	KU	KU		29.5	47.75	KU	1	Kuwait	KU	KU		29.5	47.75	KU	1	Kuwait	KU	KU		29.5	47.75	KU	20260902123000	https://www.samaa.tv/2087356156-7-irgc-basij-personnel-killed-in-us-strikes-on-iran
1321099470	20260902	202609	2026	2026.6630	IRNGOV	IRANIAN	IRN					GOV													1	190	190	19	4	-10.0	6	1	6	-5.37931034482759	4	Kermanshah, Kermanshah, Iran	IR	IR13	40995	34.3142	47.065	-3070245	0								4	Kermanshah, Kermanshah, Iran	IR	IR13	40995	34.3142	47.065	-3070245	20260902123000	https://www.samaa.tv/2087356156-7-irgc-basij-personnel-killed-in-us-strikes-on-iran
1321099471	20260902	202609	2026	2026.6630	IRNGOV	IRANIAN	IRN					GOV													0	190	190	19	4	-10.0	2	1	2	-5.37931034482759	5	Khuzestan, Khuzestan, Iran	IR	IR15	40868	31.5	49	-3071486	0								5	Khuzestan, Khuzestan, Iran	IR	IR15	40868	31.5	49	-3071486	20260902123000	https://www.samaa.tv/2087356156-7-irgc-basij-personnel-killed-in-us-strikes-on-iran
1321099472	20260902	202609	2026	2026.6630	IRNGOV	IRAN	IRN					GOV			IRN	IRAN	IRN								0	190	190	19	4	-10.0	1	1	1	-5.37931034482759	5	Hormozgan, Hormozgan, Iran	IR	IR11	40970	27.75	56.5	-3066740	5	Khuzestan, Khuzestan, Iran	IR	IR15	40868	31.5	49	-3071486	5	Hormozgan, Hormozgan, Iran	IR	IR11	40970	27.75	56.5	-3066740	20260902123000	https://www.samaa.tv/2087356156-7-irgc-basij-personnel-killed-in-us-strikes-on-iran
1321099473	20260902	202609	2026	2026.6630	IRNGOV	IRAN	IRN					GOV			IRN	IRAN	IRN								0	190	190	19	4	-10.0	5	1	5	-5.37931034482759	5	Khuzestan, Khuzestan, Iran	IR	IR15	40868	31.5	49	-3071486	5	Khuzestan, Khuzestan, Iran	IR	IR15	40868	31.5	49	-3071486	5	Khuzestan, Khuzestan, Iran	IR	IR15	40868	31.5	49	-3071486	20260902123000	https://www.samaa.tv/2087356156-7-irgc-basij-personnel-killed-in-us-strikes-on-iran
1321099474	20260902	202609	2026	2026.6630	IRNGOV	IRAN	IRN					GOV			IRNGOVMED	IRAN	IRN					GOV	MED		0	013	013	01	1	0.4	2	1	2	-5.37931034482759	5	Khuzestan, Khuzestan, Iran	IR	IR15	40868	31.5	49	-3071486	5	Khuzestan, Khuzestan, Iran	IR	IR15	40868	31.5	49	-3071486	5	Khuzestan, Khuzestan, Iran	IR	IR15	40868	31.5	49	-3071486	20260902123000	https://www.samaa.tv/2087356156-7-irgc-basij-personnel-killed-in-us-strikes-on-iran
1321099475	20260902	202609	2026	2026.6630	IRNMED	IRAN	IRN					MED			CVL	CIVILIAN						CVL			0	130	130	13	3	-4.4	2	1	2	-7.07070707070707	4	Sirik, Hormozgan, Iran	IR	IR11	40985	26.5055	57.122	-3085885	4	Sirik, Hormozgan, Iran	IR	IR11	40985	26.5055	57.122	-3085885	4	Sirik, Hormozgan, Iran	IR	IR11	40985	26.5055	57.122	-3085885	20260902123000	https://www.hurriyetdailynews.com/us-iran-trade-strikes-as-fears-mount-over-wider-return-to-hostilities-226375
1321099476	20260902	202609	2026	2026.6630	IRNMED	IRANIAN	IRN					MED			MIL	PARAMILITARY FORCE						MIL			0	190	190	19	4	-10.0	2	1	2	-5.37931034482759	5	Hormozgan, Hormozgan, Iran	IR	IR11	40970	27.75	56.5	-3066740	4	Basij, Fars, Iran	IR	IR07	41029	30.608	53.1874	10467014	4	Basij, Fars, Iran	IR	IR07	41029	30.608	53.1874	10467014	20260902123000	https://www.samaa.tv/2087356156-7-irgc-basij-personnel-killed-in-us-strikes-on-iran
1321099477	20260902	202609	2026	2026.6630	ISR	ISRAELI	ISR																		0	010	010	01	1	0.0	2	1	2	-2.18878248974008	1	United States	US	US		39.828175	-98.5795	US	0								4	Jerusalem, Israel (general), Israel	IS	IS00	18315	31.7667	35.2333	-797092	20260902123000	https://www.npr.org/transcripts/nx-s1-5950449
1321099478	20260902	202609	2026	2026.6630	ISR	ISRAEL	ISR																		0	017	017	01	1	0.0	2	1	2	2.83842794759826	4	Jerusalem, Israel (general), Israel	IS	IS00	18315	31.7667	35.2333	-797092	0								4	Jerusalem, Israel (general), Israel	IS	IS00	18315	31.7667	35.2333	-797092	20260902123000	https://chimpreports.com/tshisekedi-netanyahu-discuss-security-and-israeli-investment-in-dr-congo/
1321099479	20260902	202609	2026	2026.6630	ISR	ISRAEL	ISR								CHRPRO230GOV	METHODIST				CHR	PRO	GOV			0	172	172	17	4	-5.0	1	1	1	-1.69952413324269	1	Jordan	JO	JO		31	36	JO	4	Jerusalem, Israel (general), Israel	IS	IS00	18315	31.7667	35.2333	-797092	1	Jordan	JO	JO		31	36	JO	20260902123000	https://www.npr.org/2026/09/02/nx-s1-5950449/israel-bars-americans-over-palestinian-ties
1321099480	20260902	202609	2026	2026.6630	ISR	ISRAEL	ISR								COD	DEMOCRATIC REPUBLIC OF THE CONGO	COD								0	043	043	04	1	2.8	1	1	1	2.83842794759826	4	Jerusalem, Israel (general), Israel	IS	IS00	18315	31.7667	35.2333	-797092	4	Kinshasa, Kinshasa, Democratic Republic Of The Congo	CG	CG06	18585	-4.32972	15.315	-2049111	4	Kinshasa, Kinshasa, Democratic Republic Of The Congo	CG	CG06	18585	-4.32972	15.315	-2049111	20260902123000	https://chimpreports.com/tshisekedi-netanyahu-discuss-security-and-israeli-investment-in-dr-congo/
1321099481	20260902	202609	2026	2026.6630	ISR	ISRAELI	ISR								COD	KINSHASA	COD								1	046	046	04	1	7.0	1	1	1	2.83842794759826	1	Congo	CF	CF		-1	15	CF	4	Jerusalem, Israel (general), Israel	IS	IS00	18315	31.7667	35.2333	-797092	4	Jerusalem, Israel (general), Israel	IS	IS00	18315	31.7667	35.2333	-797092	20260902123000	https://chimpreports.com/tshisekedi-netanyahu-discuss-security-and-israeli-investment-in-dr-congo/
1321099482	20260902	202609	2026	2026.6630	ISR	ISRAEL	ISR								CVL	COMMUNITY						CVL			0	010	010	01	1	0.0	2	1	2	-2.16986980781153	1	Israel	IS	IS		31.5	34.75	IS	1	Israel	IS	IS		31.5	34.75	IS	1	Israel	IS	IS		31.5	34.75	IS	20260902123000	https://pittnews.com/article/202665/featured/faculty-groups-criticize-new-university-antisemitism-report/
1321099483	20260902	202609	2026	2026.6630	ISR	ISRAEL	ISR								CVL	CITIZEN						CVL			1	172	172	17	4	-5.0	2	1	2	-2.18878248974008	4	Jerusalem, Israel (general), Israel	IS	IS00	18315	31.7667	35.2333	-797092	1	United States	US	US		39.828175	-98.5795	US	4	Jerusalem, Israel (general), Israel	IS	IS00	18315	31.7667	35.2333	-797092	20260902123000	https://www.npr.org/transcripts/nx-s1-5950449
1321099484	20260902	202609	2026	2026.6630	ISR	ISRAEL	ISR								CVL	CITIZEN						CVL			1	172	172	17	4	-5.0	8	1	8	-2.18878248974008	1	United States	US	US		39.828175	-98.5795	US	1	United States	US	US		39.828175	-98.5795	US	1	United States	US	US		39.828175	-98.5795	US	20260902123000	https://www.npr.org/transcripts/nx-s1-5950449
1321099485	20260902	202609	2026	2026.6630	ISR	ISRAEL	ISR								EDU	SCHOOL						EDU			0	010	010	01	1	0.0	3	1	3	-2.16986980781153	1	Israel	IS	IS		31.5	34.75	IS	1	Israel	IS	IS		31.5	34.75	IS	1	Israel	IS	IS		31.5	34.75	IS	20260902123000	https://pittnews.com/article/202665/featured/faculty-groups-criticize-new-university-antisemitism-report/
1321099486	20260902	202609	2026	2026.6630	ISR	ISRAEL	ISR								GBR	BRITAIN	GBR								0	100	100	10	3	-5.0	2	1	2	-4.01203610832498	1	Israel	IS	IS		31.5	34.75	IS	4	Glasgow, Glasgow City, United Kingdom	UK	UKV2	40176	55.8333	-4.25	-2597039	4	Glasgow, Glasgow City, United Kingdom	UK	UKV2	40176	55.8333	-4.25	-2597039	20260902123000	https://www.thejc.com/news/uk/terror-group-palestine-action-runs-website-that-takes-donations-and-features-map-of-targets-m0zekt0s
1321099487	20260902	202609	2026	2026.6630	ISR	ISRAEL	ISR								GBR	BRITAIN	GBR								1	1312	131	13	3	-5.8	20	1	10	-29.7297297297297	1	Israel	IS	IS		31.5	34.75	IS	1	United Kingdom	UK	UK		54	-4	UK	1	Israel	IS	IS		31.5	34.75	IS	20260902123000	https://www.thejc.com/news/uk/israel-warns-it-will-retaliate-if-britain-imposes-sanctions-over-settlements-j4xpnu5q
1321099488	20260902	202609	2026	2026.6630	ISR	ISRAEL	ISR								GBR	UNITED KINGDOM	GBR								1	138	138	13	3	-7.0	4	1	2	-29.7297297297297	1	Israel	IS	IS		31.5	34.75	IS	1	United Kingdom	UK	UK		54	-4	UK	1	Israel	IS	IS		31.5	34.75	IS	20260902123000	https://www.thejc.com/news/uk/israel-warns-it-will-retaliate-if-britain-imposes-sanctions-over-settlements-j4xpnu5q
1321099489	20260902	202609	2026	2026.6630	ISR	ISRAEL	ISR								GBR	BRITAIN	GBR								1	138	138	13	3	-7.0	16	1	8	-29.7297297297297	1	Israel	IS	IS		31.5	34.75	IS	1	United Kingdom	UK	UK		54	-4	UK	1	United Kingdom	UK	UK		54	-4	UK	20260902123000	https://www.thejc.com/news/uk/israel-warns-it-will-retaliate-if-britain-imposes-sanctions-over-settlements-j4xpnu5q
1321099490	20260902	202609	2026	2026.6630	ISR	ISRAEL	ISR								GBR	UNITED KINGDOM	GBR								1	190	190	19	4	-10.0	4	1	4	-4.01203610832498	1	Israel	IS	IS		31.5	34.75	IS	4	Glasgow, Glasgow City, United Kingdom	UK	UKV2	40176	55.8333	-4.25	-2597039	1	Israel	IS	IS		31.5	34.75	IS	20260902123000	https://www.thejc.com/news/uk/terror-group-palestine-action-runs-website-that-takes-donations-and-features-map-of-targets-m0zekt0s
1321099491	20260902	202609	2026	2026.6630	ISR	ISRAEL	ISR								IRN	IRAN	IRN								0	154	154	15	4	-7.2	1	1	1	-0.82644628099174	4	Gaza, Israel (general), Israel	IS	IS00	18315	31.4167	34.3333	-797156	4	Gaza, Israel (general), Israel	IS	IS00	18315	31.4167	34.3333	-797156	4	Gaza, Israel (general), Israel	IS	IS00	18315	31.4167	34.3333	-797156	20260902123000	https://www.bctv.org/2026/09/02/exploring-the-data-center-boom/
1321099492	20260902	202609	2026	2026.6630	ISR	ISRAEL	ISR								IRN	IRAN	IRN								0	154	154	15	4	-7.2	1	1	1	-0.82644628099174	4	Gaza, Israel (general), Israel	IS	IS00	18315	31.4167	34.3333	-797156	1	Iran	IR	IR		32	53	IR	4	Gaza, Israel (general), Israel	IS	IS00	18315	31.4167	34.3333	-797156	20260902123000	https://www.bctv.org/2026/09/02/exploring-the-data-center-boom/
1321099493	20260902	202609	2026	2026.6630	ISR	ISRAEL	ISR								JEW	JEWISH				JEW					0	012	012	01	1	-0.4	4	1	4	-2.16986980781153	1	Israel	IS	IS		31.5	34.75	IS	1	Israel	IS	IS		31.5	34.75	IS	1	Israel	IS	IS		31.5	34.75	IS	20260902123000	https://pittnews.com/article/202665/featured/faculty-groups-criticize-new-university-antisemitism-report/
1321099494	20260902	202609	2026	2026.6630	ISR	ISRAEL	ISR								JEW	JEWISH				JEW					0	040	040	04	1	1.0	4	1	4	-2.16986980781153	1	Israel	IS	IS		31.5	34.75	IS	1	Israel	IS	IS		31.5	34.75	IS	1	Israel	IS	IS		31.5	34.75	IS	20260902123000	https://pittnews.com/article/202665/featured/faculty-groups-criticize-new-university-antisemitism-report/
1321099495	20260902	202609	2026	2026.6630	ISR	ISRAEL	ISR								JEW	JEWISH				JEW					0	051	051	05	1	3.4	2	1	2	-2.16986980781153	1	Israel	IS	IS		31.5	34.75	IS	1	Israel	IS	IS		31.5	34.75	IS	1	Israel	IS	IS		31.5	34.75	IS	20260902123000	https://pittnews.com/article/202665/featured/faculty-groups-criticize-new-university-antisemitism-report/
1321099496	20260902	202609	2026	2026.6630	ISR	ISRAEL	ISR								JEWHSD010	CHABAD				JEW	HSD				0	051	051	05	1	3.4	2	1	2	-2.16986980781153	1	Israel	IS	IS		31.5	34.75	IS	1	Israel	IS	IS		31.5	34.75	IS	1	Israel	IS	IS		31.5	34.75	IS	20260902123000	https://pittnews.com/article/202665/featured/faculty-groups-criticize-new-university-antisemitism-report/
1321099497	20260902	202609	2026	2026.6630	ISR	ISRAEL	ISR								MED	WEBSITE						MED			1	070	070	07	2	7.0	4	1	4	-4.01203610832498	1	Ireland	EI	EI		53	-8	EI	1	Ireland	EI	EI		53	-8	EI	1	Ireland	EI	EI		53	-8	EI	20260902123000	https://www.thejc.com/news/uk/terror-group-palestine-action-runs-website-that-takes-donations-and-features-map-of-targets-m0zekt0s
1321099498	20260902	202609	2026	2026.6630	ISR	ISRAELI	ISR								PSE	PALESTINIAN	PSE								0	012	012	01	1	-0.4	2	1	2	-1.69952413324269	4	Jerusalem, Israel (general), Israel	IS	IS00	18315	31.7667	35.2333	-797092	4	Ramallah, West Bank (general), West Bank	WE	WE00	68767	31.9026	35.1955	-795956	4	Jerusalem, Israel (general), Israel	IS	IS00	18315	31.7667	35.2333	-797092	20260902123000	https://www.npr.org/2026/09/02/nx-s1-5950449/israel-bars-americans-over-palestinian-ties
1321099499	20260902	202609	2026	2026.6630	ISR	ISRAEL	ISR								PSE	PALESTINIAN	PSE								0	012	012	01	1	-0.4	2	1	2	-2.18878248974008	4	Jerusalem, Israel (general), Israel	IS	IS00	18315	31.7667	35.2333	-797092	1	United States	US	US		39.828175	-98.5795	US	4	Tel Aviv, Tel Aviv, Israel	IS	IS05	18316	32.0667	34.7667	-781545	20260902123000	https://www.npr.org/transcripts/nx-s1-5950449
1321099500	20260902	202609	2026	2026.6630	ISR	ISRAEL	ISR								PSE	PALESTINIAN	PSE								0	012	012	01	1	-0.4	1	1	1	-2.18878248974008	4	Jerusalem, Israel (general), Israel	IS	IS00	18315	31.7667	35.2333	-797092	1	United States	US	US		39.828175	-98.5795	US	4	Jerusalem, Israel (general), Israel	IS	IS00	18315	31.7667	35.2333	-797092	20260902123000	https://www.npr.org/transcripts/nx-s1-5950449
1321099501	20260902	202609	2026	2026.6630	ISR	ISRAELI	ISR								PSE	PALESTINIAN	PSE								0	012	012	01	1	-0.4	1	1	1	-2.18878248974008	1	West Bank	WE	WE		31.666667	35.25	WE	1	United States	US	US		39.828175	-98.5795	US	4	Jerusalem, Israel (general), Israel	IS	IS00	18315	31.7667	35.2333	-797092	20260902123000	https://www.npr.org/transcripts/nx-s1-5950449
1321099502	20260902	202609	2026	2026.6630	ISR	ISRAEL	ISR								PSE	WEST BANK	PSE								0	042	042	04	1	1.9	1	1	1	-2.18878248974008	4	Jerusalem, Israel (general), Israel	IS	IS00	18315	31.7667	35.2333	-797092	4	Jerusalem, Israel (general), Israel	IS	IS00	18315	31.7667	35.2333	-797092	4	Jerusalem, Israel (general), Israel	IS	IS00	18315	31.7667	35.2333	-797092	20260902123000	https://www.npr.org/transcripts/nx-s1-5950449
1321099503	20260902	202609	2026	2026.6630	ISR	ISRAEL	ISR								PSE	WEST BANK	PSE								0	042	042	04	1	1.9	4	1	4	-2.18878248974008	4	Jerusalem, Israel (general), Israel	IS	IS00	18315	31.7667	35.2333	-797092	1	West Bank	WE	WE		31.666667	35.25	WE	4	Jerusalem, Israel (general), Israel	IS	IS00	18315	31.7667	35.2333	-797092	20260902123000	https://www.npr.org/transcripts/nx-s1-5950449
1321099504	20260902	202609	2026	2026.6630	ISR	ISRAEL	ISR								PSE	WEST BANK	PSE								0	1312	131	13	3	-5.8	2	1	2	-4.92730210016155	1	Israel	IS	IS		31.5	34.75	IS	1	Israel	IS	IS		31.5	34.75	IS	1	Israel	IS	IS		31.5	34.75	IS	20260902123000	https://www.thejc.com/news/uk/listen-to-the-chief-rabbi-dont-sanction-israel-mps-urge-burnham-s5qkxyd1
1321099505	20260902	202609	2026	2026.6630	ISR	ISRAELI	ISR								PSE	WEST BANK	PSE								0	1312	131	13	3	-5.8	8	1	8	-4.92730210016155	1	Israel	IS	IS		31.5	34.75	IS	1	West Bank	WE	WE		31.666667	35.25	WE	1	Israel	IS	IS		31.5	34.75	IS	20260902123000	https://www.thejc.com/news/uk/listen-to-the-chief-rabbi-dont-sanction-israel-mps-urge-burnham-s5qkxyd1
1321099506	20260902	202609	2026	2026.6630	ISR	ISRAEL	ISR								PSE	GAZA	PSE								0	154	154	15	4	-7.2	2	1	2	-0.82644628099174	2	Pennsylvania, United States	US	USPA		40.5773	-77.264	PA	2	Pennsylvania, United States	US	USPA		40.5773	-77.264	PA	2	Pennsylvania, United States	US	USPA		40.5773	-77.264	PA	20260902123000	https://www.bctv.org/2026/09/02/exploring-the-data-center-boom/
1321099507	20260902	202609	2026	2026.6630	ISR	ISRAEL	ISR								PSE	PALESTINIAN	PSE								1	1712	171	17	4	-9.2	2	1	2	-3.57568533969011	4	Gaza, Israel (general), Israel	IS	IS00	18315	31.4167	34.3333	-797156	4	Gaza, Israel (general), Israel	IS	IS00	18315	31.4167	34.3333	-797156	4	Gaza, Israel (general), Israel	IS	IS00	18315	31.4167	34.3333	-797156	20260902123000	https://mondoweiss.net/2026/09/they-destroy-we-build-gazans-rebuild-their-homes-out-of-mud-and-rubble/
1321099508	20260902	202609	2026	2026.6630	ISR	ISRAEL	ISR								PSE	GAZA	PSE								1	172	172	17	4	-5.0	4	1	4	-3.57568533969011	4	Gaza, Israel (general), Israel	IS	IS00	18315	31.4167	34.3333	-797156	4	Gaza, Israel (general), Israel	IS	IS00	18315	31.4167	34.3333	-797156	4	Gaza, Israel (general), Israel	IS	IS00	18315	31.4167	34.3333	-797156	20260902123000	https://mondoweiss.net/2026/09/they-destroy-we-build-gazans-rebuild-their-homes-out-of-mud-and-rubble/
1321099509	20260902	202609	2026	2026.6630	ISR	ISRAEL	ISR								UAF	TERRORIST						UAF			0	100	100	10	3	-5.0	1	1	1	-4.01203610832498	1	Israel	IS	IS		31.5	34.75	IS	4	Glasgow, Glasgow City, United Kingdom	UK	UKV2	40176	55.8333	-4.25	-2597039	4	Glasgow, Glasgow City, United Kingdom	UK	UKV2	40176	55.8333	-4.25	-2597039	20260902123000	https://www.thejc.com/news/uk/terror-group-palestine-action-runs-website-that-takes-donations-and-features-map-of-targets-m0zekt0s
1321099510	20260902	202609	2026	2026.6630	ISR	ISRAEL	ISR								UAF	TERRORIST						UAF			0	100	100	10	3	-5.0	1	1	1	-4.01203610832498	1	Israel	IS	IS		31.5	34.75	IS	1	Israel	IS	IS		31.5	34.75	IS	1	Israel	IS	IS		31.5	34.75	IS	20260902123000	https://www.thejc.com/news/uk/terror-group-palestine-action-runs-website-that-takes-donations-and-features-map-of-targets-m0zekt0s
1321099511	20260902	202609	2026	2026.6630	ISR	ISRAEL	ISR								USA	AMERICAN	USA								1	043	043	04	1	2.8	4	1	4	-2.18878248974008	4	Jerusalem, Israel (general), Israel	IS	IS00	18315	31.7667	35.2333	-797092	1	United States	US	US		39.828175	-98.5795	US	4	Jerusalem, Israel (general), Israel	IS	IS00	18315	31.7667	35.2333	-797092	20260902123000	https://www.npr.org/transcripts/nx-s1-5950449
1321099512	20260902	202609	2026	2026.6630	ISR	ISRAEL	ISR								USA	AMERICAN	USA								1	043	043	04	1	2.8	6	1	6	-2.18878248974008	4	Jerusalem, Israel (general), Israel	IS	IS00	18315	31.7667	35.2333	-797092	1	United States	US	US		39.828175	-98.5795	US	1	United States	US	US		39.828175	-98.5795	US	20260902123000	https://www.npr.org/transcripts/nx-s1-5950449
1321099513	20260902	202609	2026	2026.6630	ISR	ISRAEL	ISR								USA	AMERICAN	USA								0	057	057	05	1	8.0	2	1	2	-2.18878248974008	4	Jerusalem, Israel (general), Israel	IS	IS00	18315	31.7667	35.2333	-797092	1	United States	US	US		39.828175	-98.5795	US	4	Jerusalem, Israel (general), Israel	IS	IS00	18315	31.7667	35.2333	-797092	20260902123000	https://www.npr.org/transcripts/nx-s1-5950449
1321099514	20260902	202609	2026	2026.6630	ISR	ISRAEL	ISR								USA	AMERICAN	USA								0	172	172	17	4	-5.0	8	1	8	-2.18878248974008	4	Tel Aviv, Tel Aviv, Israel	IS	IS05	18316	32.0667	34.7667	-781545	1	United States	US	US		39.828175	-98.5795	US	4	Tel Aviv, Tel Aviv, Israel	IS	IS05	18316	32.0667	34.7667	-781545	20260902123000	https://www.npr.org/transcripts/nx-s1-5950449
1321099515	20260902	202609	2026	2026.6630	ISR	ISRAEL	ISR								USA	UNITED STATES	USA								0	172	172	17	4	-5.0	2	1	2	-2.18878248974008	1	United States	US	US		39.828175	-98.5795	US	1	United States	US	US		39.828175	-98.5795	US	1	United States	US	US		39.828175	-98.5795	US	20260902123000	https://www.npr.org/transcripts/nx-s1-5950449
1321099516	20260902	202609	2026	2026.6630	ISRJEW	ISRAEL	ISR			JEW					JEW	JEWISH				JEW					0	051	051	05	1	3.4	2	1	2	-2.16986980781153	1	Israel	IS	IS		31.5	34.75	IS	1	Israel	IS	IS		31.5	34.75	IS	1	Israel	IS	IS		31.5	34.75	IS	20260902123000	https://pittnews.com/article/202665/featured/faculty-groups-criticize-new-university-antisemitism-report/
1321099517	20260902	202609	2026	2026.6630	ISRJEW	ISRAEL	ISR			JEW					JEWHSD010	CHABAD				JEW	HSD				0	051	051	05	1	3.4	2	1	2	-2.16986980781153	1	Israel	IS	IS		31.5	34.75	IS	1	Israel	IS	IS		31.5	34.75	IS	1	Israel	IS	IS		31.5	34.75	IS	20260902123000	https://pittnews.com/article/202665/featured/faculty-groups-criticize-new-university-antisemitism-report/
1321099518	20260902	202609	2026	2026.6630	ISRLAB	ISRAEL	ISR					LAB			ISR	ISRAEL	ISR								0	172	172	17	4	-5.0	2	1	2	-3.57568533969011	4	Gaza, Israel (general), Israel	IS	IS00	18315	31.4167	34.3333	-797156	4	Gaza, Israel (general), Israel	IS	IS00	18315	31.4167	34.3333	-797156	4	Gaza, Israel (general), Israel	IS	IS00	18315	31.4167	34.3333	-797156	20260902123000	https://mondoweiss.net/2026/09/they-destroy-we-build-gazans-rebuild-their-homes-out-of-mud-and-rubble/
1321099519	20260902	202609	2026	2026.6630	ISRLAB	ISRAEL	ISR					LAB			ISR	ISRAEL	ISR								0	172	172	17	4	-5.0	2	1	2	-3.57568533969011	4	Gaza, Israel (general), Israel	IS	IS00	18315	31.4167	34.3333	-797156	1	Gaza Strip	GZ	GZ		31.425074	34.373398	GZ	1	Gaza Strip	GZ	GZ		31.425074	34.373398	GZ	20260902123000	https://mondoweiss.net/2026/09/they-destroy-we-build-gazans-rebuild-their-homes-out-of-mud-and-rubble/
1321099520	20260902	202609	2026	2026.6630	ITA	ITALY	ITA																		1	043	043	04	1	2.8	2	1	2	-1.93704600484261	4	Po River, Italy (general), Italy	IT	IT00	18416	44.9747	12.0544	-125040	0								4	Adriatic Sea, Oceans (general), Oceans	OS	OS00	14566	43	16	-109964	20260902123000	https://www.manilatimes.net/2026/09/02/business/foreign-business/italy-has-started-exporting-a-delicacy-prized-abroad-reviled-at-home/2416851
1321099521	20260902	202609	2026	2026.6630	JAN	JAIN				JAN															1	040	040	04	1	1.0	8	1	8	-0.32362459546925	1	India	IN	IN		20	77	IN	0								1	India	IN	IN		20	77	IN	20260902123000	https://www.hindustantimes.com/lifestyle/health/the-internet-says-earphones-cause-earwax-build-up-here-s-what-ent-expert-says-about-this-health-claim-101788341800489.html
1321099522	20260902	202609	2026	2026.6630	JEW	RABBI				JEW															1	020	020	02	1	3.0	1	1	1	-4.92730210016155	4	Heaton Park, Manchester, United Kingdom	UK	UKI2	40118	53.5333	-2.26667	-2598411	0								4	Heaton Park, Manchester, United Kingdom	UK	UKI2	40118	53.5333	-2.26667	-2598411	20260902123000	https://www.thejc.com/news/uk/listen-to-the-chief-rabbi-dont-sanction-israel-mps-urge-burnham-s5qkxyd1
1321099523	20260902	202609	2026	2026.6630	JEW	RABBI				JEW															1	020	020	02	1	3.0	4	1	4	-4.92730210016155	1	West Bank	WE	WE		31.666667	35.25	WE	0								1	West Bank	WE	WE		31.666667	35.25	WE	20260902123000	https://www.thejc.com/news/uk/listen-to-the-chief-rabbi-dont-sanction-israel-mps-urge-burnham-s5qkxyd1
1321099524	20260902	202609	2026	2026.6630	JEW	RABBI				JEW															1	040	040	04	1	1.0	6	1	6	-6.55737704918033	1	Lithuania	LH	LH		56	24	LH	0								1	Lithuania	LH	LH		56	24	LH	20260902123000	https://www.israelnationalnews.com/news/432597
1321099525	20260902	202609	2026	2026.6630	JEW	RABBI				JEW					GBR	BRITISH	GBR								1	130	130	13	3	-4.4	10	1	10	-4.92730210016155	4	Heaton Park, Manchester, United Kingdom	UK	UKI2	40118	53.5333	-2.26667	-2598411	4	Heaton Park, Manchester, United Kingdom	UK	UKI2	40118	53.5333	-2.26667	-2598411	4	Heaton Park, Manchester, United Kingdom	UK	UKI2	40118	53.5333	-2.26667	-2598411	20260902123000	https://www.thejc.com/news/uk/listen-to-the-chief-rabbi-dont-sanction-israel-mps-urge-burnham-s5qkxyd1
1321099526	20260902	202609	2026	2026.6630	JEW	RABBI				JEW					GBR	BRITISH	GBR								1	180	180	18	4	-9.0	1	1	1	-4.92730210016155	4	Heaton Park, Manchester, United Kingdom	UK	UKI2	40118	53.5333	-2.26667	-2598411	4	Heaton Park, Manchester, United Kingdom	UK	UKI2	40118	53.5333	-2.26667	-2598411	4	Heaton Park, Manchester, United Kingdom	UK	UKI2	40118	53.5333	-2.26667	-2598411	20260902123000	https://www.thejc.com/news/uk/listen-to-the-chief-rabbi-dont-sanction-israel-mps-urge-burnham-s5qkxyd1
1321099527	20260902	202609	2026	2026.6630	JEW	JEWISH				JEW					GOV	PRESIDENT						GOV			0	040	040	04	1	1.0	3	1	3	-2.16986980781153	1	Israel	IS	IS		31.5	34.75	IS	1	Israel	IS	IS		31.5	34.75	IS	1	Israel	IS	IS		31.5	34.75	IS	20260902123000	https://pittnews.com/article/202665/featured/faculty-groups-criticize-new-university-antisemitism-report/
1321099528	20260902	202609	2026	2026.6630	JEW	RABBI				JEW					ISR	ISRAEL	ISR								1	020	020	02	1	3.0	1	1	1	-4.92730210016155	4	Heaton Park, Manchester, United Kingdom	UK	UKI2	40118	53.5333	-2.26667	-2598411	4	Heaton Park, Manchester, United Kingdom	UK	UKI2	40118	53.5333	-2.26667	-2598411	4	Heaton Park, Manchester, United Kingdom	UK	UKI2	40118	53.5333	-2.26667	-2598411	20260902123000	https://www.thejc.com/news/uk/listen-to-the-chief-rabbi-dont-sanction-israel-mps-urge-burnham-s5qkxyd1
1321099529	20260902	202609	2026	2026.6630	JEW	RABBI				JEW					ISR	ISRAEL	ISR								1	020	020	02	1	3.0	4	1	4	-4.92730210016155	1	West Bank	WE	WE		31.666667	35.25	WE	1	West Bank	WE	WE		31.666667	35.25	WE	1	West Bank	WE	WE		31.666667	35.25	WE	20260902123000	https://www.thejc.com/news/uk/listen-to-the-chief-rabbi-dont-sanction-israel-mps-urge-burnham-s5qkxyd1
1321099530	20260902	202609	2026	2026.6630	JEW	JEWISH				JEW					ISR	ISRAEL	ISR								0	040	040	04	1	1.0	4	1	4	-2.16986980781153	1	Israel	IS	IS		31.5	34.75	IS	1	Israel	IS	IS		31.5	34.75	IS	1	Israel	IS	IS		31.5	34.75	IS	20260902123000	https://pittnews.com/article/202665/featured/faculty-groups-criticize-new-university-antisemitism-report/
1321099531	20260902	202609	2026	2026.6630	JEW	RABBI				JEW					JEWUDXCOP	HAREDI				JEW	UDX	COP			1	050	050	05	1	3.5	1	1	1	-6.55737704918033	1	Lithuania	LH	LH		56	24	LH	1	Lithuania	LH	LH		56	24	LH	1	Lithuania	LH	LH		56	24	LH	20260902123000	https://www.israelnationalnews.com/news/432597
1321099532	20260902	202609	2026	2026.6630	JEW	RABBI				JEW					LTU	LITHUANIA	LTU								1	040	040	04	1	1.0	2	1	2	-6.55737704918033	1	Lithuania	LH	LH		56	24	LH	1	Lithuania	LH	LH		56	24	LH	1	Lithuania	LH	LH		56	24	LH	20260902123000	https://www.israelnationalnews.com/news/432597
1321099533	20260902	202609	2026	2026.6630	JEWHSD010	CHABAD				JEW	HSD				JEW	JEWISH				JEW					0	051	051	05	1	3.4	6	1	6	-2.16986980781153	1	Israel	IS	IS		31.5	34.75	IS	1	Israel	IS	IS		31.5	34.75	IS	1	Israel	IS	IS		31.5	34.75	IS	20260902123000	https://pittnews.com/article/202665/featured/faculty-groups-criticize-new-university-antisemitism-report/
1321099534	20260902	202609	2026	2026.6630	JEWHSD010	CHABAD				JEW	HSD				JEWHSD010	CHABAD				JEW	HSD				0	051	051	05	1	3.4	6	1	6	-2.16986980781153	1	Israel	IS	IS		31.5	34.75	IS	1	Israel	IS	IS		31.5	34.75	IS	1	Israel	IS	IS		31.5	34.75	IS	20260902123000	https://pittnews.com/article/202665/featured/faculty-groups-criticize-new-university-antisemitism-report/
1321099535	20260902	202609	2026	2026.6630	JEWUDX	HAREDI				JEW	UDX														1	071	071	07	2	7.4	10	1	10	-12.2072599531616	1	Lithuania	LH	LH		56	24	LH	0								1	Lithuania	LH	LH		56	24	LH	20260902123000	https://www.israelnationalnews.com/news/432597
1321099536	20260902	202609	2026	2026.6630	JEWUDX	HAREDI				JEW	UDX				COP	PRISON						COP			1	071	071	07	2	7.4	10	1	10	-12.2072599531616	1	Lithuania	LH	LH		56	24	LH	1	Lithuania	LH	LH		56	24	LH	1	Lithuania	LH	LH		56	24	LH	20260902123000	https://www.israelnationalnews.com/news/432597
1321099537	20260902	202609	2026	2026.6630	JOR	AMMAN	JOR																		1	010	010	01	1	0.0	3	1	3	-10.9243697478991	4	Ismailia, Al Ismailiyah, Egypt	EG	EG07	65752	30.6043	32.2723	-290266	0								4	Ismailia, Al Ismailiyah, Egypt	EG	EG07	65752	30.6043	32.2723	-290266	20260902123000	https://www.perthnow.com.au/news/world/egypt-bus-tragedy-at-least-22-dead-in-south-sinai-road-accident-c-22814262
1321099538	20260902	202609	2026	2026.6630	JOR	AQABA	JOR																		0	195	195	19	4	-10.0	2	1	2	-4.78764478764479	4	Gulf Of Aqaba, Jordan (general), Jordan	JO	JO00	25309	29.2745	34.8403	-970404	0								4	Gulf Of Aqaba, Jordan (general), Jordan	JO	JO00	25309	29.2745	34.8403	-970404	20260902123000	https://www.npr.org/2026/09/02/g-s1-141500/us-iran-war
1321099539	20260902	202609	2026	2026.6630	JOR	JORDAN	JOR								EGY	SINAI	EGY								1	010	010	01	1	0.0	7	1	7	-8.61244019138758	1	Jordan	JO	JO		31	36	JO	4	Nuweiba, Janub Sina', Egypt	EG	EG26	66032	29.0468	34.6634	-300490	1	Jordan	JO	JO		31	36	JO	20260902123000	https://www.hurriyetdailynews.com/16-dead-in-bus-crash-in-egypts-sinai-health-ministry-226360
1321099540	20260902	202609	2026	2026.6630	JORMIL	JORDAN	JOR					MIL													0	193	193	19	4	-10.0	2	1	2	-4.78764478764479	5	Hormozgan, Hormozgan, Iran	IR	IR11	40970	27.75	56.5	-3066740	0								4	Gulf Of Aqaba, Jordan (general), Jordan	JO	JO00	25309	29.2745	34.8403	-970404	20260902123000	https://www.npr.org/2026/09/02/g-s1-141500/us-iran-war
1321099541	20260902	202609	2026	2026.6630	JORMIL	JORDAN	JOR					MIL													0	194	194	19	4	-10.0	2	1	2	-4.78764478764479	5	Hormozgan, Hormozgan, Iran	IR	IR11	40970	27.75	56.5	-3066740	0								4	Gulf Of Aqaba, Jordan (general), Jordan	JO	JO00	25309	29.2745	34.8403	-970404	20260902123000	https://www.npr.org/2026/09/02/g-s1-141500/us-iran-war
1321099542	20260902	202609	2026	2026.6630	JPN	JAPAN	JPN																		0	011	011	01	1	-0.1	10	1	10	-3.45721694036301	4	Yasukuni, Hokkaido, Japan	JA	JA12	34385	43.9894	143.537	-248436	0								4	Yasukuni, Hokkaido, Japan	JA	JA12	34385	43.9894	143.537	-248436	20260902123000	https://www.manilatimes.net/2026/09/02/supplements/the-philippines-must-not-trade-historical-memory-for-strategic-convenience/2416785
1321099543	20260902	202609	2026	2026.6630	JPN	JAPAN	JPN																		0	012	012	01	1	-0.4	10	1	10	-3.45721694036301	4	Yasukuni, Hokkaido, Japan	JA	JA12	34385	43.9894	143.537	-248436	0								4	Yasukuni, Hokkaido, Japan	JA	JA12	34385	43.9894	143.537	-248436	20260902123000	https://www.manilatimes.net/2026/09/02/supplements/the-philippines-must-not-trade-historical-memory-for-strategic-convenience/2416785
1321099544	20260902	202609	2026	2026.6630	JPN	JAPAN	JPN																		1	043	043	04	1	2.8	5	1	5	-0.83160083160083	4	Kengamine, Japan (general), Japan	JA	JA00	36585	38.5833	140.017	-246998	0								4	Kengamine, Japan (general), Japan	JA	JA00	36585	38.5833	140.017	-246998	20260902123000	https://www.jagranjosh.com/general-knowledge/tallest-mountain-in-japan-1820011929-1
1321099545	20260902	202609	2026	2026.6630	JPN	JAPANESE	JPN																		0	060	060	06	2	6.0	2	1	2	-3.45721694036301	4	Yasukuni, Hokkaido, Japan	JA	JA12	34385	43.9894	143.537	-248436	0								4	Yasukuni, Hokkaido, Japan	JA	JA12	34385	43.9894	143.537	-248436	20260902123000	https://www.manilatimes.net/2026/09/02/supplements/the-philippines-must-not-trade-historical-memory-for-strategic-convenience/2416785
1321099546	20260902	202609	2026	2026.6630	JPN	JAPAN	JPN								BUS	BUSINESS						BUS			1	014	014	01	1	0.0	1	1	1	-1.81818181818182	1	Greece	GR	GR		39	22	GR	4	Naruto, Tokushima, Japan	JA	JA39	36269	34.1833	134.617	-238521	4	Naruto, Tokushima, Japan	JA	JA39	36269	34.1833	134.617	-238521	20260902123000	https://www.manilatimes.net/2026/09/02/entertainment-lifestyle/saint-seiya-anime-author-claims-former-aide-embezzled-29m/2416827
1321099547	20260902	202609	2026	2026.6630	JPN	JAPAN	JPN								BUS	COMPANY						BUS			1	071	071	07	2	7.4	1	1	1	-1.81818181818182	4	Tokyo, Tokyo, Japan	JA	JA40	36340	35.685	139.751	-246227	4	Tokyo, Tokyo, Japan	JA	JA40	36340	35.685	139.751	-246227	4	Tokyo, Tokyo, Japan	JA	JA40	36340	35.685	139.751	-246227	20260902123000	https://www.manilatimes.net/2026/09/02/entertainment-lifestyle/saint-seiya-anime-author-claims-former-aide-embezzled-29m/2416827
1321099548	20260902	202609	2026	2026.6630	JPN	JAPANESE	JPN								GOV	SOVEREIGN						GOV			0	090	090	09	2	-2.0	10	1	10	-3.45721694036301	4	Yasukuni, Hokkaido, Japan	JA	JA12	34385	43.9894	143.537	-248436	4	Yasukuni, Hokkaido, Japan	JA	JA12	34385	43.9894	143.537	-248436	4	Yasukuni, Hokkaido, Japan	JA	JA12	34385	43.9894	143.537	-248436	20260902123000	https://www.manilatimes.net/2026/09/02/supplements/the-philippines-must-not-trade-historical-memory-for-strategic-convenience/2416785
1321099549	20260902	202609	2026	2026.6630	JPN	JAPAN	JPN								JPNMIL	JAPAN	JPN					MIL			1	057	057	05	1	8.0	1	1	1	-3.45721694036301	4	Yasukuni, Hokkaido, Japan	JA	JA12	34385	43.9894	143.537	-248436	4	Manila, Manila, Philippines	RP	RPD9	24210	14.6042	120.982	-2437894	4	Yasukuni, Hokkaido, Japan	JA	JA12	34385	43.9894	143.537	-248436	20260902123000	https://www.manilatimes.net/2026/09/02/supplements/the-philippines-must-not-trade-historical-memory-for-strategic-convenience/2416785
1321099550	20260902	202609	2026	2026.6630	JPN	JAPAN	JPN								JPNMIL	JAPAN	JPN					MIL			1	057	057	05	1	8.0	1	1	1	-3.45721694036301	4	Yasukuni, Hokkaido, Japan	JA	JA12	34385	43.9894	143.537	-248436	4	Yasukuni, Hokkaido, Japan	JA	JA12	34385	43.9894	143.537	-248436	4	Yasukuni, Hokkaido, Japan	JA	JA12	34385	43.9894	143.537	-248436	20260902123000	https://www.manilatimes.net/2026/09/02/supplements/the-philippines-must-not-trade-historical-memory-for-strategic-convenience/2416785
1321099551	20260902	202609	2026	2026.6630	JPN	JAPAN	JPN								JPNMIL	JAPAN	JPN					MIL			1	080	080	08	2	5.0	2	1	2	-3.45721694036301	4	Tokyo, Tokyo, Japan	JA	JA40	36340	35.685	139.751	-246227	4	Tokyo, Tokyo, Japan	JA	JA40	36340	35.685	139.751	-246227	4	Tokyo, Tokyo, Japan	JA	JA40	36340	35.685	139.751	-246227	20260902123000	https://www.manilatimes.net/2026/09/02/supplements/the-philippines-must-not-trade-historical-memory-for-strategic-convenience/2416785
1321099552	20260902	202609	2026	2026.6630	JPN	JAPANESE	JPN								JPNPTY	JAPAN	JPN								0	015	015	01	1	0.0	4	1	4	-3.45721694036301	4	Yasukuni, Hokkaido, Japan	JA	JA12	34385	43.9894	143.537	-248436	4	Yasukuni, Hokkaido, Japan	JA	JA12	34385	43.9894	143.537	-248436	4	Yasukuni, Hokkaido, Japan	JA	JA12	34385	43.9894	143.537	-248436	20260902123000	https://www.manilatimes.net/2026/09/02/supplements/the-philippines-must-not-trade-historical-memory-for-strategic-convenience/2416785
1321099553	20260902	202609	2026	2026.6630	JPN	JAPAN	JPN								JPNPTY	JAPAN	JPN								0	043	043	04	1	2.8	6	1	6	-3.45721694036301	4	Yasukuni, Hokkaido, Japan	JA	JA12	34385	43.9894	143.537	-248436	4	Yasukuni, Hokkaido, Japan	JA	JA12	34385	43.9894	143.537	-248436	4	Yasukuni, Hokkaido, Japan	JA	JA12	34385	43.9894	143.537	-248436	20260902123000	https://www.manilatimes.net/2026/09/02/supplements/the-philippines-must-not-trade-historical-memory-for-strategic-convenience/2416785
1321099554	20260902	202609	2026	2026.6630	JPNMIL	JAPAN	JPN					MIL			JPN	JAPAN	JPN								1	057	057	05	1	8.0	2	1	2	-3.45721694036301	4	Tokyo, Tokyo, Japan	JA	JA40	36340	35.685	139.751	-246227	4	Tokyo, Tokyo, Japan	JA	JA40	36340	35.685	139.751	-246227	4	Tokyo, Tokyo, Japan	JA	JA40	36340	35.685	139.751	-246227	20260902123000	https://www.manilatimes.net/2026/09/02/supplements/the-philippines-must-not-trade-historical-memory-for-strategic-convenience/2416785
1321099555	20260902	202609	2026	2026.6630	JPNPTY	JAPANESE	JPN																		0	015	015	01	1	0.0	6	1	6	-3.45721694036301	4	Yasukuni, Hokkaido, Japan	JA	JA12	34385	43.9894	143.537	-248436	0								4	Yasukuni, Hokkaido, Japan	JA	JA12	34385	43.9894	143.537	-248436	20260902123000	https://www.manilatimes.net/2026/09/02/supplements/the-philippines-must-not-trade-historical-memory-for-strategic-convenience/2416785
1321099556	20260902	202609	2026	2026.6630	JPNPTY	JAPAN	JPN								CRM	CRIMINAL						CRM			0	042	042	04	1	1.9	3	1	3	-3.45721694036301	4	Yasukuni, Hokkaido, Japan	JA	JA12	34385	43.9894	143.537	-248436	4	Yasukuni, Hokkaido, Japan	JA	JA12	34385	43.9894	143.537	-248436	4	Yasukuni, Hokkaido, Japan	JA	JA12	34385	43.9894	143.537	-248436	20260902123000	https://www.manilatimes.net/2026/09/02/supplements/the-philippines-must-not-trade-historical-memory-for-strategic-convenience/2416785
1321099557	20260902	202609	2026	2026.6630	JPNPTY	JAPAN	JPN								CRM	CRIMINAL						CRM			0	173	173	17	4	-5.0	7	1	7	-3.45721694036301	4	Yasukuni, Hokkaido, Japan	JA	JA12	34385	43.9894	143.537	-248436	4	Yasukuni, Hokkaido, Japan	JA	JA12	34385	43.9894	143.537	-248436	4	Yasukuni, Hokkaido, Japan	JA	JA12	34385	43.9894	143.537	-248436	20260902123000	https://www.manilatimes.net/2026/09/02/supplements/the-philippines-must-not-trade-historical-memory-for-strategic-convenience/2416785
1321099558	20260902	202609	2026	2026.6630	JPNPTY	JAPAN	JPN								JPN	JAPAN	JPN								0	042	042	04	1	1.9	6	1	6	-3.45721694036301	4	Yasukuni, Hokkaido, Japan	JA	JA12	34385	43.9894	143.537	-248436	4	Yasukuni, Hokkaido, Japan	JA	JA12	34385	43.9894	143.537	-248436	4	Yasukuni, Hokkaido, Japan	JA	JA12	34385	43.9894	143.537	-248436	20260902123000	https://www.manilatimes.net/2026/09/02/supplements/the-philippines-must-not-trade-historical-memory-for-strategic-convenience/2416785
1321099559	20260902	202609	2026	2026.6630	JUD	TRIBUNAL						JUD													0	013	013	01	1	0.4	10	1	10	-0.75901328273245	4	Richmond Hill, Ontario, Canada	CA	CA08	12689	43.8667	-79.4333	-572249	0								4	Richmond Hill, Ontario, Canada	CA	CA08	12689	43.8667	-79.4333	-572249	20260902123000	https://www.yorkregion.com/news/richmond-hill-residents-join-city-fight-at-ontario-tribunal/article_bfd1bc01-7a96-57fb-8899-0dac3ec536a0.html
1321099560	20260902	202609	2026	2026.6630	JUD	ATTORNEY						JUD													0	013	013	01	1	0.4	8	1	8	-4.2483660130719	4	Toronto, Ontario, Canada	CA	CA08	12686	43.6667	-79.4167	-574890	0								4	Toronto, Ontario, Canada	CA	CA08	12686	43.6667	-79.4167	-574890	20260902123000	https://www.saltwire.com/nova-scotia/halifax/toronto-man-accused-breaching-release-conditions-child-sexual-abuse
1321099561	20260902	202609	2026	2026.6630	JUD	MAGISTRATE						JUD													0	040	040	04	1	1.0	2	1	2	-1.83673469387755	4	Howrah, West Bengal, India	IN	IN28	70294	22.5892	88.3103	-2097144	0								4	Kolkata, West Bengal, India	IN	IN28	70294	22.5697	88.3697	-2092511	20260902123000	https://www.hindustantimes.com/india-news/ncpi-may-form-coalition-with-bjp-in-upcoming-bengal-municipal-polls-say-leaders-101788349835385.html
1321099562	20260902	202609	2026	2026.6630	JUD	MAGISTRATE						JUD													0	040	040	04	1	1.0	8	1	8	-1.83673469387755	4	Jalpaiguri, West Bengal, India	IN	IN28	17952	26.5167	88.7333	-2098161	0								4	Howrah, West Bengal, India	IN	IN28	70294	22.5892	88.3103	-2097144	20260902123000	https://www.hindustantimes.com/india-news/ncpi-may-form-coalition-with-bjp-in-upcoming-bengal-municipal-polls-say-leaders-101788349835385.html
1321099563	20260902	202609	2026	2026.6630	JUD	SUPREME COURT						JUD													1	040	040	04	1	1.0	10	1	10	2.57826887661142	4	Mohana, Orissa, India	IN	IN21	70213	19.45	84.2667	-2104649	0								4	Mohana, Orissa, India	IN	IN21	70213	19.45	84.2667	-2104649	20260902123000	https://www.barandbench.com/news/litigation/supreme-court-to-consider-bci-reconstitution-after-state-bar-elections-ag-sg-to-be-consulted-before-any-bci-decision
1321099564	20260902	202609	2026	2026.6630	JUD	ATTORNEY						JUD													1	090	090	09	2	-2.0	32	8	32	-7.9646017699115	3	Washington, District of Columbia, United States	US	USDC	DC001	38.8951	-77.0364	531871	0								3	Washington, District of Columbia, United States	US	USDC	DC001	38.8951	-77.0364	531871	20260902123000	https://abc3340.com/news/nation-world/watch-fbi-agents-surround-former-rep-congressman-eric-swalwell-at-sfo-san-francisco-international-airport-before-seizing-his-devices-phones-laptop-criminal-investigation-sexual-assault-claims
1321099565	20260902	202609	2026	2026.6630	JUD	ATTORNEY						JUD													1	090	090	09	2	-2.0	8	8	8	-7.9646017699115	2	California, United States	US	USCA		36.17	-119.746	CA	0								2	California, United States	US	USCA		36.17	-119.746	CA	20260902123000	https://abc3340.com/news/nation-world/watch-fbi-agents-surround-former-rep-congressman-eric-swalwell-at-sfo-san-francisco-international-airport-before-seizing-his-devices-phones-laptop-criminal-investigation-sexual-assault-claims
1321099566	20260902	202609	2026	2026.6630	JUD	SUPREME COURT						JUD													1	1014	101	10	3	-5.0	10	1	10	0.2724795640327	4	Calcutta, West Bengal, India	IN	IN28	70294	22.5697	88.3697	-2092511	0								4	Calcutta, West Bengal, India	IN	IN28	70294	22.5697	88.3697	-2092511	20260902123000	https://aninews.in/news/national/general-news/supreme-court-orders-inquiry-into-missing-caveat-seeks-production-of-iprs-licence20260902170147/
1321099567	20260902	202609	2026	2026.6630	JUD	ATTORNEY						JUD													0	112	112	11	3	-2.0	6	1	6	-4.2483660130719	4	Toronto, Ontario, Canada	CA	CA08	12686	43.6667	-79.4167	-574890	0								4	Toronto, Ontario, Canada	CA	CA08	12686	43.6667	-79.4167	-574890	20260902123000	https://www.saltwire.com/nova-scotia/halifax/toronto-man-accused-breaching-release-conditions-child-sexual-abuse
1321099568	20260902	202609	2026	2026.6630	JUD	LAWYER						JUD													0	130	130	13	3	-4.4	6	1	6	-3.96039603960396	2	Georgia, United States	US	USGA		32.9866	-83.6487	GA	0								2	Georgia, United States	US	USGA		32.9866	-83.6487	GA	20260902123000	https://www.advocate.com/politics/national/milo-yiannopoulos-gay-trump-hypocrite
1321099569	20260902	202609	2026	2026.6630	JUD	LAWYER						JUD													0	130	130	13	3	-4.4	4	1	4	-3.96039603960396	1	United Kingdom	UK	UK		54	-4	UK	0								1	United Kingdom	UK	UK		54	-4	UK	20260902123000	https://www.advocate.com/politics/national/milo-yiannopoulos-gay-trump-hypocrite
1321099570	20260902	202609	2026	2026.6630	JUD	HIGH COURT						JUD													1	172	172	17	4	-5.0	4	1	4	0	4	Madras, Tamil Nadu, India	IN	IN25	70251	13.0833	80.2833	-2103041	0								4	Madras, Tamil Nadu, India	IN	IN25	70251	13.0833	80.2833	-2103041	20260902123000	https://www.barandbench.com/news/litigation/madras-high-court-sets-aside-ban-on-temples-acquiring-elephants
1321099571	20260902	202609	2026	2026.6630	JUD	ATTORNEY						JUD													1	173	173	17	4	-5.0	5	1	5	-0.66225165562914	2	West Virginia, United States	US	USWV		38.468	-80.9696	WV	0								2	West Virginia, United States	US	USWV		38.468	-80.9696	WV	20260902123000	https://www.hindustantimes.com/world-news/us-news/jim-thornton-wheel-of-fortune-stars-family-net-worth-and-salary-in-focus-after-suspension-over-plane-incident-101788344080888.html
1321099572	20260902	202609	2026	2026.6630	JUD	ATTORNEY						JUD													1	180	180	18	4	-9.0	1	1	1	0	3	Pennsylvania State Police, Pennsylvania, United States	US	USPA	PA021	40.4723	-78.7484	1209105	0								3	Pennsylvania State Police, Pennsylvania, United States	US	USPA		40.4723	-78.7484	1209105	20260902123000	https://pittnews.com/article/202651/top-stories/south-side-bar-capos-reaches-agreement-to-remain-open-amid-ongoing-safety-concerns/
1321099573	20260902	202609	2026	2026.6630	JUD	SUPREME COURT						JUD													0	190	190	19	4	-10.0	5	1	5	-7.60667903525046	2	Florida, United States	US	USFL		27.8333	-81.717	FL	0								2	Florida, United States	US	USFL		27.8333	-81.717	FL	20260902123000	https://www.ibtimes.co.uk/whistleblower-reveals-trumps-usps-plan-could-disrupt-mail-ballot-counting-congress-moves-1817440
1321099574	20260902	202609	2026	2026.6630	JUD	ADVOCATE						JUD			ARM	ARMENIA	ARM								1	050	050	05	1	3.5	4	1	4	1.38050043140638	1	Armenia	AM	AM		40	45	AM	1	Armenia	AM	AM		40	45	AM	1	Armenia	AM	AM		40	45	AM	20260902123000	http://en.kremlin.ru/events/president/news/80662
1321099575	20260902	202609	2026	2026.6630	JUD	ADVOCATE						JUD			ARM	ARMENIA	ARM								1	050	050	05	1	3.5	1	1	1	1.38050043140638	1	Russia	RS	RS		60	100	RS	1	Russia	RS	RS		60	100	RS	1	Russia	RS	RS		60	100	RS	20260902123000	http://en.kremlin.ru/events/president/news/80662
1321099576	20260902	202609	2026	2026.6630	JUD	ATTORNEY						JUD			CAN	CANADA	CAN								0	112	112	11	3	-2.0	2	1	2	-4.2483660130719	4	Toronto, Ontario, Canada	CA	CA08	12686	43.6667	-79.4167	-574890	4	Toronto, Ontario, Canada	CA	CA08	12686	43.6667	-79.4167	-574890	4	Toronto, Ontario, Canada	CA	CA08	12686	43.6667	-79.4167	-574890	20260902123000	https://www.saltwire.com/nova-scotia/halifax/toronto-man-accused-breaching-release-conditions-child-sexual-abuse
1321099577	20260902	202609	2026	2026.6630	JUD	LAWYER						JUD			GBR	UNITED KINGDOM	GBR								1	042	042	04	1	1.9	5	1	5	-1.51975683890577	4	London, London, City of, United Kingdom	UK	UKH9	40110	51.5	-0.116667	-2601889	4	London, London, City of, United Kingdom	UK	UKH9	40110	51.5	-0.116667	-2601889	4	London, London, City of, United Kingdom	UK	UKH9	40110	51.5	-0.116667	-2601889	20260902123000	https://www.lbc.co.uk/article/learn-lessons-inquest-richard-bransons-wife-5Hjdgrk_2/
1321099578	20260902	202609	2026	2026.6630	JUD	LAWYER						JUD			HLH	HOSPITAL						HLH			1	042	042	04	1	1.9	5	1	5	-1.51975683890577	4	London, London, City of, United Kingdom	UK	UKH9	40110	51.5	-0.116667	-2601889	4	London, London, City of, United Kingdom	UK	UKH9	40110	51.5	-0.116667	-2601889	4	London, London, City of, United Kingdom	UK	UKH9	40110	51.5	-0.116667	-2601889	20260902123000	https://www.lbc.co.uk/article/learn-lessons-inquest-richard-bransons-wife-5Hjdgrk_2/
1321099579	20260902	202609	2026	2026.6630	KENOPP	KENYAN	KEN					OPP			KEN	KENYA	KEN								1	112	112	11	3	-2.0	2	1	2	-7.85498489425981	4	Nairobi, Nairobi Area, Kenya	KE	KE05	18585	-1.28333	36.8167	-2258072	4	Nairobi, Nairobi Area, Kenya	KE	KE05	18585	-1.28333	36.8167	-2258072	4	Nairobi, Nairobi Area, Kenya	KE	KE05	18585	-1.28333	36.8167	-2258072	20260902123000	https://www.africanews.com/2026/09/02/activists-blame-kenya-for-ugandan-opposition-figures-plight/
1321099580	20260902	202609	2026	2026.6630	KENOPP	KENYA	KEN					OPP			KEN	KENYA	KEN								1	112	112	11	3	-2.0	1	1	1	-7.85498489425981	1	Uganda	UG	UG		2	33	UG	4	Nairobi, Nairobi Area, Kenya	KE	KE05	18585	-1.28333	36.8167	-2258072	4	Nairobi, Nairobi Area, Kenya	KE	KE05	18585	-1.28333	36.8167	-2258072	20260902123000	https://www.africanews.com/2026/09/02/activists-blame-kenya-for-ugandan-opposition-figures-plight/
1321099581	20260902	202609	2026	2026.6630	KGZ	KYRGYZSTAN	KGZ																		1	040	040	04	1	1.0	2	1	2	6.73400673400673	1	Pakistan	PK	PK		30	70	PK	0								1	Kyrgyzstan	KG	KG		41	75	KG	20260902123000	https://www.samaa.tv/2087356158-pakistan-kyrgyzstan-agree-to-maintain-contact-on-regional-global-issues
1321099582	20260902	202609	2026	2026.6630	KGZ	KYRGYZ	KGZ								GOV	PRESIDENT						GOV			1	040	040	04	1	1.0	8	1	8	3.27731092436974	4	Petersburg, Sankt-Peterburg, Russia	RS	RS66	25095	59.8944	30.2642	-2996338	4	Petersburg, Sankt-Peterburg, Russia	RS	RS66	25095	59.8944	30.2642	-2996338	4	Petersburg, Sankt-Peterburg, Russia	RS	RS66	25095	59.8944	30.2642	-2996338	20260902123000	http://en.kremlin.ru/events/president/news/80663
1321099583	20260902	202609	2026	2026.6630	KGZ	BISHKEK	KGZ								GOV	PRIME MINISTER						GOV			0	046	046	04	1	7.0	3	1	3	-0.14738393515107	4	Bishkek, Bishkek, Kyrgyzstan	KG	KG01	37216	42.8731	74.6003	-2331392	4	Shanghai, Shanghai, China	CH	CH23	13243	31.2222	121.458	-1924465	4	Bishkek, Bishkek, Kyrgyzstan	KG	KG01	37216	42.8731	74.6003	-2331392	20260902123000	https://www.samaa.tv/2087356166-pakistan-to-continue-diplomacy-despite-middle-east-tensions-fo
1321099584	20260902	202609	2026	2026.6630	KGZ	KYRGYZSTAN	KGZ								GOV	MINIST						GOV			0	051	051	05	1	3.4	2	1	2	5.39419087136929	4	Bishkek, Bishkek, Kyrgyzstan	KG	KG01	37216	42.8731	74.6003	-2331392	4	Lahore, Punjab, Pakistan	PK	PK04	23677	31.5497	74.3436	-2767043	4	Bishkek, Bishkek, Kyrgyzstan	KG	KG01	37216	42.8731	74.6003	-2331392	20260902123000	https://www.samaa.tv/2087356154-pakistan-kyrgyzstan-set-trade-target-of-200m-sign-16-agreements
1321099585	20260902	202609	2026	2026.6630	KGZ	KYRGYZ	KGZ								GOV	PRIME MINISTER						GOV			0	051	051	05	1	3.4	2	1	2	5.39419087136929	4	Bishkek, Bishkek, Kyrgyzstan	KG	KG01	37216	42.8731	74.6003	-2331392	4	Lahore, Punjab, Pakistan	PK	PK04	23677	31.5497	74.3436	-2767043	4	Lahore, Punjab, Pakistan	PK	PK04	23677	31.5497	74.3436	-2767043	20260902123000	https://www.samaa.tv/2087356154-pakistan-kyrgyzstan-set-trade-target-of-200m-sign-16-agreements
1321099586	20260902	202609	2026	2026.6630	KGZ	KYRGYZSTAN	KGZ								GOV	PRESIDENT						GOV			0	090	090	09	2	-2.0	2	1	2	5.39419087136929	4	Bishkek, Bishkek, Kyrgyzstan	KG	KG01	37216	42.8731	74.6003	-2331392	4	Bishkek, Bishkek, Kyrgyzstan	KG	KG01	37216	42.8731	74.6003	-2331392	4	Bishkek, Bishkek, Kyrgyzstan	KG	KG01	37216	42.8731	74.6003	-2331392	20260902123000	https://www.samaa.tv/2087356154-pakistan-kyrgyzstan-set-trade-target-of-200m-sign-16-agreements
1321099587	20260902	202609	2026	2026.6630	KGZ	KYRGYZ	KGZ								KGZGOV	KYRGYZ	KGZ					GOV			1	017	017	01	1	0.0	3	1	3	5.39419087136929	4	Bishkek, Bishkek, Kyrgyzstan	KG	KG01	37216	42.8731	74.6003	-2331392	4	Bishkek, Bishkek, Kyrgyzstan	KG	KG01	37216	42.8731	74.6003	-2331392	4	Bishkek, Bishkek, Kyrgyzstan	KG	KG01	37216	42.8731	74.6003	-2331392	20260902123000	https://www.samaa.tv/2087356154-pakistan-kyrgyzstan-set-trade-target-of-200m-sign-16-agreements
1321099588	20260902	202609	2026	2026.6630	KGZ	KYRGYZSTAN	KGZ								MED	JOURNALIST						MED			1	043	043	04	1	2.8	8	1	8	0.16366612111293	1	Kyrgyzstan	KG	KG		41	75	KG	1	Kyrgyzstan	KG	KG		41	75	KG	1	Kyrgyzstan	KG	KG		41	75	KG	20260902123000	https://www.bankingnews.gr/amyna-diplomatia/articles/897029/step-back-now-harsh-message-from-erdogan-to-greece-following-meeting-with-putin-ultimatum-over-the-military-on-the-islands
1321099589	20260902	202609	2026	2026.6630	KGZ	KYRGYZSTAN	KGZ								MED	JOURNALIST						MED			1	043	043	04	1	2.8	2	1	2	0.16366612111293	1	Turkey	TU	TU		39.059012	34.911546	TU	1	Turkey	TU	TU		39.059012	34.911546	TU	1	Turkey	TU	TU		39.059012	34.911546	TU	20260902123000	https://www.bankingnews.gr/amyna-diplomatia/articles/897029/step-back-now-harsh-message-from-erdogan-to-greece-following-meeting-with-putin-ultimatum-over-the-military-on-the-islands
1321099590	20260902	202609	2026	2026.6630	KGZ	KYRGYZSTAN	KGZ								PAK	PAKISTAN	PAK								0	046	046	04	1	7.0	6	1	6	5.39419087136929	4	Bishkek, Bishkek, Kyrgyzstan	KG	KG01	37216	42.8731	74.6003	-2331392	4	Lahore, Punjab, Pakistan	PK	PK04	23677	31.5497	74.3436	-2767043	4	Bishkek, Bishkek, Kyrgyzstan	KG	KG01	37216	42.8731	74.6003	-2331392	20260902123000	https://www.samaa.tv/2087356154-pakistan-kyrgyzstan-set-trade-target-of-200m-sign-16-agreements
1321099591	20260902	202609	2026	2026.6630	KGZ	KYRGYZSTAN	KGZ								PAK	PAKISTAN	PAK								0	046	046	04	1	7.0	2	1	2	5.39419087136929	4	Lahore, Punjab, Pakistan	PK	PK04	23677	31.5497	74.3436	-2767043	4	Lahore, Punjab, Pakistan	PK	PK04	23677	31.5497	74.3436	-2767043	4	Bishkek, Bishkek, Kyrgyzstan	KG	KG01	37216	42.8731	74.6003	-2331392	20260902123000	https://www.samaa.tv/2087356154-pakistan-kyrgyzstan-set-trade-target-of-200m-sign-16-agreements
1321099592	20260902	202609	2026	2026.6630	KGZ	KYRGYZ	KGZ								PAK	PAKISTANI	PAK								0	051	051	05	1	3.4	1	1	1	5.39419087136929	4	Bishkek, Bishkek, Kyrgyzstan	KG	KG01	37216	42.8731	74.6003	-2331392	4	Lahore, Punjab, Pakistan	PK	PK04	23677	31.5497	74.3436	-2767043	4	Lahore, Punjab, Pakistan	PK	PK04	23677	31.5497	74.3436	-2767043	20260902123000	https://www.samaa.tv/2087356154-pakistan-kyrgyzstan-set-trade-target-of-200m-sign-16-agreements
1321099593	20260902	202609	2026	2026.6630	KGZ	KYRGYZSTAN	KGZ								PAK	PAKISTAN	PAK								0	051	051	05	1	3.4	6	1	6	6.73400673400673	1	Kyrgyzstan	KG	KG		41	75	KG	1	Kyrgyzstan	KG	KG		41	75	KG	1	Kyrgyzstan	KG	KG		41	75	KG	20260902123000	https://www.samaa.tv/2087356158-pakistan-kyrgyzstan-agree-to-maintain-contact-on-regional-global-issues
1321099594	20260902	202609	2026	2026.6630	KGZ	KYRGYZSTAN	KGZ								PAK	PAKISTAN	PAK								0	051	051	05	1	3.4	4	1	4	6.73400673400673	1	Kyrgyzstan	KG	KG		41	75	KG	1	Pakistan	PK	PK		30	70	PK	1	Kyrgyzstan	KG	KG		41	75	KG	20260902123000	https://www.samaa.tv/2087356158-pakistan-kyrgyzstan-agree-to-maintain-contact-on-regional-global-issues
1321099595	20260902	202609	2026	2026.6630	KGZ	KYRGYZSTAN	KGZ								PAK	PAKISTAN	PAK								0	057	057	05	1	8.0	2	1	2	-0.14738393515107	4	Bishkek, Bishkek, Kyrgyzstan	KG	KG01	37216	42.8731	74.6003	-2331392	4	Bishkek, Bishkek, Kyrgyzstan	KG	KG01	37216	42.8731	74.6003	-2331392	4	Bishkek, Bishkek, Kyrgyzstan	KG	KG01	37216	42.8731	74.6003	-2331392	20260902123000	https://www.samaa.tv/2087356166-pakistan-to-continue-diplomacy-despite-middle-east-tensions-fo
1321099596	20260902	202609	2026	2026.6630	KGZ	KYRGYZSTAN	KGZ								PAK	PAKISTAN	PAK								0	057	057	05	1	8.0	4	1	4	5.39419087136929	4	Bishkek, Bishkek, Kyrgyzstan	KG	KG01	37216	42.8731	74.6003	-2331392	4	Lahore, Punjab, Pakistan	PK	PK04	23677	31.5497	74.3436	-2767043	4	Lahore, Punjab, Pakistan	PK	PK04	23677	31.5497	74.3436	-2767043	20260902123000	https://www.samaa.tv/2087356154-pakistan-kyrgyzstan-set-trade-target-of-200m-sign-16-agreements
1321099597	20260902	202609	2026	2026.6630	KGZ	KYRGYZSTAN	KGZ								PAK	PAKISTAN	PAK								0	057	057	05	1	8.0	2	1	2	5.39419087136929	4	Lahore, Punjab, Pakistan	PK	PK04	23677	31.5497	74.3436	-2767043	4	Bishkek, Bishkek, Kyrgyzstan	KG	KG01	37216	42.8731	74.6003	-2331392	4	Bishkek, Bishkek, Kyrgyzstan	KG	KG01	37216	42.8731	74.6003	-2331392	20260902123000	https://www.samaa.tv/2087356154-pakistan-kyrgyzstan-set-trade-target-of-200m-sign-16-agreements
1321099598	20260902	202609	2026	2026.6630	KGZ	KYRGYZSTAN	KGZ								RUSGOV	VLADIMIR PUTIN	RUS					GOV			1	043	043	04	1	2.8	3	1	3	0.37023324694558	1	Kyrgyzstan	KG	KG		41	75	KG	4	Slavyansk, Primorskiy Kray, Russia	RS	RS59	25088	42.8696	131.378	-3005615	1	Kyrgyzstan	KG	KG		41	75	KG	20260902123000	http://en.kremlin.ru/events/president/news/80665
1321099599	20260902	202609	2026	2026.6630	KGZ	KYRGYZSTAN	KGZ								RUSGOV	VLADIMIR PUTIN	RUS					GOV			1	090	090	09	2	-2.0	3	1	3	0.37023324694558	4	Belgorod, Belgorodskaya Oblast', Russia	RS	RS09	25036	50.6107	36.5802	-2883930	4	Belgorod, Belgorodskaya Oblast', Russia	RS	RS09	25036	50.6107	36.5802	-2883930	4	Belgorod, Belgorodskaya Oblast', Russia	RS	RS09	25036	50.6107	36.5802	-2883930	20260902123000	http://en.kremlin.ru/events/president/news/80665
1321099600	20260902	202609	2026	2026.6630	KGZ	KYRGYZSTAN	KGZ								RUSMED	RUSSIAN	RUS					MED			1	043	043	04	1	2.8	5	1	5	0.37023324694558	1	Kyrgyzstan	KG	KG		41	75	KG	4	Slavyansk, Primorskiy Kray, Russia	RS	RS59	25088	42.8696	131.378	-3005615	1	Kyrgyzstan	KG	KG		41	75	KG	20260902123000	http://en.kremlin.ru/events/president/news/80665
1321099601	20260902	202609	2026	2026.6630	KGZGOV	KYRGYZ	KGZ					GOV													1	042	042	04	1	1.9	3	1	3	5.39419087136929	4	Bishkek, Bishkek, Kyrgyzstan	KG	KG01	37216	42.8731	74.6003	-2331392	0								4	Bishkek, Bishkek, Kyrgyzstan	KG	KG01	37216	42.8731	74.6003	-2331392	20260902123000	https://www.samaa.tv/2087356154-pakistan-kyrgyzstan-set-trade-target-of-200m-sign-16-agreements
1321099602	20260902	202609	2026	2026.6630	KGZGOV	KYRGYZSTAN	KGZ					GOV													0	051	051	05	1	3.4	2	1	2	5.39419087136929	4	Bishkek, Bishkek, Kyrgyzstan	KG	KG01	37216	42.8731	74.6003	-2331392	0								4	Bishkek, Bishkek, Kyrgyzstan	KG	KG01	37216	42.8731	74.6003	-2331392	20260902123000	https://www.samaa.tv/2087356154-pakistan-kyrgyzstan-set-trade-target-of-200m-sign-16-agreements
1321099603	20260902	202609	2026	2026.6630	KGZGOV	KYRGYZSTAN	KGZ					GOV													0	090	090	09	2	-2.0	2	1	2	5.39419087136929	4	Bishkek, Bishkek, Kyrgyzstan	KG	KG01	37216	42.8731	74.6003	-2331392	0								4	Bishkek, Bishkek, Kyrgyzstan	KG	KG01	37216	42.8731	74.6003	-2331392	20260902123000	https://www.samaa.tv/2087356154-pakistan-kyrgyzstan-set-trade-target-of-200m-sign-16-agreements
1321099604	20260902	202609	2026	2026.6630	KGZGOV	KYRGYZSTAN	KGZ					GOV			KGZ	KYRGYZ	KGZ								1	050	050	05	1	3.5	1	1	1	5.39419087136929	4	Bishkek, Bishkek, Kyrgyzstan	KG	KG01	37216	42.8731	74.6003	-2331392	4	Bishkek, Bishkek, Kyrgyzstan	KG	KG01	37216	42.8731	74.6003	-2331392	4	Bishkek, Bishkek, Kyrgyzstan	KG	KG01	37216	42.8731	74.6003	-2331392	20260902123000	https://www.samaa.tv/2087356154-pakistan-kyrgyzstan-set-trade-target-of-200m-sign-16-agreements
1321099605	20260902	202609	2026	2026.6630	KGZGOV	KYRGYZSTAN	KGZ					GOV			KGZGOV	BISHKEK	KGZ					GOV			0	051	051	05	1	3.4	2	1	2	5.39419087136929	4	Bishkek, Bishkek, Kyrgyzstan	KG	KG01	37216	42.8731	74.6003	-2331392	4	Bishkek, Bishkek, Kyrgyzstan	KG	KG01	37216	42.8731	74.6003	-2331392	4	Bishkek, Bishkek, Kyrgyzstan	KG	KG01	37216	42.8731	74.6003	-2331392	20260902123000	https://www.samaa.tv/2087356154-pakistan-kyrgyzstan-set-trade-target-of-200m-sign-16-agreements
1321099606	20260902	202609	2026	2026.6630	KGZGOV	KYRGYZ	KGZ					GOV			PAKGOV	PAKISTANI	PAK					GOV			0	051	051	05	1	3.4	6	1	6	5.39419087136929	4	Bishkek, Bishkek, Kyrgyzstan	KG	KG01	37216	42.8731	74.6003	-2331392	4	Lahore, Punjab, Pakistan	PK	PK04	23677	31.5497	74.3436	-2767043	4	Lahore, Punjab, Pakistan	PK	PK04	23677	31.5497	74.3436	-2767043	20260902123000	https://www.samaa.tv/2087356154-pakistan-kyrgyzstan-set-trade-target-of-200m-sign-16-agreements
1321099607	20260902	202609	2026	2026.6630	KWT	KUWAITI	KWT								IRNCRM	IRANIAN	IRN					CRM			0	195	195	19	4	-10.0	2	1	2	-4.78764478764479	5	Hormozgan, Hormozgan, Iran	IR	IR11	40970	27.75	56.5	-3066740	5	Hormozgan, Hormozgan, Iran	IR	IR11	40970	27.75	56.5	-3066740	5	Hormozgan, Hormozgan, Iran	IR	IR11	40970	27.75	56.5	-3066740	20260902123000	https://www.npr.org/2026/09/02/g-s1-141500/us-iran-war
1321099608	20260902	202609	2026	2026.6630	LAB	WORKER						LAB													0	012	012	01	1	-0.4	10	1	10	0.12787723785167	3	Washington, District of Columbia, United States	US	USDC	DC001	38.8951	-77.0364	531871	0								3	Washington, District of Columbia, United States	US	USDC	DC001	38.8951	-77.0364	531871	20260902123000	https://www.mackinac.org/blog/2026/shrinking-unions-grasp-hold-of-power-through-esg-activism
1321099609	20260902	202609	2026	2026.6630	LAB	WORKER						LAB													0	071	071	07	2	7.4	10	1	10	0.12787723785167	3	Washington, District of Columbia, United States	US	USDC	DC001	38.8951	-77.0364	531871	0								3	Washington, District of Columbia, United States	US	USDC	DC001	38.8951	-77.0364	531871	20260902123000	https://www.mackinac.org/blog/2026/shrinking-unions-grasp-hold-of-power-through-esg-activism
1321099610	20260902	202609	2026	2026.6630	LAB	STAFF MEMBER						LAB													0	111	111	11	3	-2.0	5	1	5	-5.55555555555556	4	Ayrshire, South Ayrshire, United Kingdom	UK	UKW4	40176	55.5	-4.5	-2588891	0								4	Ayrshire, South Ayrshire, United Kingdom	UK	UKW4	40176	55.5	-4.5	-2588891	20260902123000	https://www.dailyrecord.co.uk/ayrshire/nurse-struck-after-mortuary-jibe-37618642
1321099611	20260902	202609	2026	2026.6630	LAB	WORKER						LAB			COP	POLICE						COP			1	1123	112	11	3	-2.0	10	1	10	-7.8125	4	Allahabad, Uttar Pradesh, India	IN	IN36	70270	25.45	81.85	-2088510	4	Allahabad, Uttar Pradesh, India	IN	IN36	70270	25.45	81.85	-2088510	4	Allahabad, Uttar Pradesh, India	IN	IN36	70270	25.45	81.85	-2088510	20260902123000	https://www.barandbench.com/news/noida-workers-protest-allahabad-high-court-quashes-nsa-detention-of-du-grad-akriti-chaudhary
1321099612	20260902	202609	2026	2026.6630	LAB	WORKER						LAB			OPP	ACTIVIST						OPP			1	173	173	17	4	-5.0	6	1	4	-5.08474576271187	5	Uttar Pradesh, Uttar Pradesh, India	IN	IN36	17938	27.25	80.75	-2113996	4	Allahabad, Uttar Pradesh, India	IN	IN36	70270	25.45	81.85	-2088510	4	Allahabad, Uttar Pradesh, India	IN	IN36	70270	25.45	81.85	-2088510	20260902123000	https://www.moneycontrol.com/news/india/allahabad-high-court-quashes-nsa-detention-of-du-graduate-aakriti-chaudhary-in-noida-workers-protest-case-14021048.html
1321099613	20260902	202609	2026	2026.6630	LAB	WORKER						LAB			OPP	ACTIVIST						OPP			1	173	173	17	4	-5.0	20	1	8	-5.08474576271187	5	Uttar Pradesh, Uttar Pradesh, India	IN	IN36	17938	27.25	80.75	-2113996	5	Uttar Pradesh, Uttar Pradesh, India	IN	IN36	17938	27.25	80.75	-2113996	5	Uttar Pradesh, Uttar Pradesh, India	IN	IN36	17938	27.25	80.75	-2113996	20260902123000	https://www.moneycontrol.com/news/india/allahabad-high-court-quashes-nsa-detention-of-du-graduate-aakriti-chaudhary-in-noida-workers-protest-case-14021048.html
1321099614	20260902	202609	2026	2026.6630	LAB	WORKER						LAB			UGA	UGANDAN	UGA								1	042	042	04	1	1.9	7	1	7	0	4	Moroto, Moroto, Uganda	UG	UG88	18585	2.49583	34.6694	-1732250	4	Moroto, Moroto, Uganda	UG	UG88	18585	2.49583	34.6694	-1732250	4	Moroto, Moroto, Uganda	UG	UG88	18585	2.49583	34.6694	-1732250	20260902123000	https://chimpreports.com/uganda-oil-investment-reaches-shs26-6-tn/
1321099615	20260902	202609	2026	2026.6630	LBR	LIBERIA	LBR																		0	014	014	01	1	0.0	1	1	1	-5.34653465346535	5	Bong County, Bong, Liberia	LI	LI01	147278	7	-9.66667	-2130603	0								5	Bong County, Bong, Liberia	LI	LI01	147278	7	-9.66667	-2130603	20260902123000	https://allafrica.com/stories/202609020415.html
1321099616	20260902	202609	2026	2026.6630	LBR	LIBERIA	LBR																		0	014	014	01	1	0.0	1	1	1	-5.34653465346535	5	Montserrado County, Montserrado, Liberia	LI	LI14	147263	6.5	-10.5	-2134017	0								5	Montserrado County, Montserrado, Liberia	LI	LI14	147263	6.5	-10.5	-2134017	20260902123000	https://allafrica.com/stories/202609020415.html
1321099617	20260902	202609	2026	2026.6630	LBR	LIBERIA	LBR																		0	110	110	11	3	-2.0	2	1	2	-5.34653465346535	5	Montserrado County, Montserrado, Liberia	LI	LI14	147263	6.5	-10.5	-2134017	0								5	Montserrado County, Montserrado, Liberia	LI	LI14	147263	6.5	-10.5	-2134017	20260902123000	https://allafrica.com/stories/202609020415.html
1321099618	20260902	202609	2026	2026.6630	LBRGOV	LIBERIA	LBR					GOV			LBR	LIBERIA	LBR								0	010	010	01	1	0.0	1	1	1	-5.34653465346535	5	Bong County, Bong, Liberia	LI	LI01	147278	7	-9.66667	-2130603	5	Montserrado County, Montserrado, Liberia	LI	LI14	147263	6.5	-10.5	-2134017	5	Montserrado County, Montserrado, Liberia	LI	LI14	147263	6.5	-10.5	-2134017	20260902123000	https://allafrica.com/stories/202609020415.html
1321099619	20260902	202609	2026	2026.6630	LEG	HOUSE OF REPRESENTATIVES						LEG													0	012	012	01	1	-0.4	10	1	10	-3.74812593703148	5	Bagmati, Bagmati, Nepal	NP	NP01	22352	27.9167	85.4167	-1021655	0								5	Bagmati, Bagmati, Nepal	NP	NP01	22352	27.9167	85.4167	-1021655	20260902123000	https://kathmandupost.com/national/2026/09/02/pm-shah-addresses-five-queries-over-government-s-handling-of-bhotekoshi-floods
1321099620	20260902	202609	2026	2026.6630	LEG	PARLIAMENT						LEG													0	043	043	04	1	2.8	12	1	6	-4.84633569739952	1	Germany	GM	GM		51.5	10.5	GM	0								1	Germany	GM	GM		51.5	10.5	GM	20260902123000	https://www.lbc.co.uk/article/nottingham-attacks-stalker-barnaby-webber-5HjdgrQ_2/
1321099621	20260902	202609	2026	2026.6630	LEG	CONGRESS						LEG													0	050	050	05	1	3.5	1	1	1	-7.07376058041112	4	Bangkok, Krung Thep Mahanakhon, Thailand	TH	TH40	26423	13.75	100.517	-3250083	0								3	Washington, District of Columbia, United States	US	USDC	DC001	38.8951	-77.0364	531871	20260902123000	http://www.somdnews.com/ap/nation/scams-in-the-us-are-at-a-record-high-yet-most-victims-get-no-help/article_92d00c73-796b-5a64-894a-d9886581cafa.html
1321099622	20260902	202609	2026	2026.6630	LEG	CONGRESS						LEG													0	050	050	05	1	3.5	1	1	1	-7.0326409495549	3	Washington, District of Columbia, United States	US	USDC	DC001	38.8951	-77.0364	531871	0								4	Bangkok, Krung Thep Mahanakhon, Thailand	TH	TH40	26423	13.75	100.517	-3250083	20260902123000	https://www.winnipegfreepress.com/arts-and-life/life/sci-tech/2026/09/02/scams-in-the-us-are-at-a-record-high-yet-most-victims-get-no-help-and-some-end-up-losing-even-more
1321099623	20260902	202609	2026	2026.6630	LEG	CONGRESS						LEG													0	050	050	05	1	3.5	10	2	10	-7.05320076498301	2	Colorado, United States	US	USCO		39.0646	-105.327	CO	0								2	Colorado, United States	US	USCO		39.0646	-105.327	CO	20260902123000	https://www.winnipegfreepress.com/arts-and-life/life/sci-tech/2026/09/02/scams-in-the-us-are-at-a-record-high-yet-most-victims-get-no-help-and-some-end-up-losing-even-more
1321099624	20260902	202609	2026	2026.6630	LEG	CONGRESS						LEG													0	050	050	05	1	3.5	8	2	8	-7.05320076498301	2	Texas, United States	US	USTX		31.106	-97.6475	TX	0								2	Texas, United States	US	USTX		31.106	-97.6475	TX	20260902123000	https://www.winnipegfreepress.com/arts-and-life/life/sci-tech/2026/09/02/scams-in-the-us-are-at-a-record-high-yet-most-victims-get-no-help-and-some-end-up-losing-even-more
1321099625	20260902	202609	2026	2026.6630	LEG	SENATE						LEG													1	051	051	05	1	3.4	10	1	10	-4.94296577946768	4	Manila, Manila, Philippines	RP	RPD9	24210	14.6042	120.982	-2437894	0								4	Manila, Manila, Philippines	RP	RPD9	24210	14.6042	120.982	-2437894	20260902123000	https://www.rappler.com/philippines/senate-impeachment-court-eyes-adjustments-sara-duterte-trial-schedule/
1321099626	20260902	202609	2026	2026.6630	LEG	CHAMBER						LEG													1	051	051	05	1	3.4	5	1	5	3.37552742616034	1	Fiji	FJ	FJ		-18	178	FJ	0								1	Fiji	FJ	FJ		-18	178	FJ	20260902123000	https://theedinburghreporter.co.uk/2026/09/fijian-tree-bark-wedding-outfit-goes-on-display-at-national-museum/
1321099627	20260902	202609	2026	2026.6630	LEG	CONGRESSMAN						LEG													1	071	071	07	2	7.4	5	1	5	1.55038759689922	2	Wisconsin, United States	US	USWI		44.2563	-89.6385	WI	0								2	Wisconsin, United States	US	USWI		44.2563	-89.6385	WI	20260902123000	https://urbanmilwaukee.com/pressrelease/no-call-no-show-congressman-tom-tiffany-skips-work-after-five-week-paid-vacation/
1321099628	20260902	202609	2026	2026.6630	LEG	LAWMAKER						LEG													1	120	120	12	3	-4.0	5	1	5	-4.38729198184569	4	Nimba, Nimba, Liberia	LI	LI09	40744	7.48889	-8.57083	-2132286	0								4	Nimba, Nimba, Liberia	LI	LI09	40744	7.48889	-8.57083	-2132286	20260902123000	https://allafrica.com/stories/202609020417.html
1321099629	20260902	202609	2026	2026.6630	LEG	PARLIAMENT						LEG			DEU	GERMANY	DEU								0	043	043	04	1	2.8	8	1	4	-4.84633569739952	1	Germany	GM	GM		51.5	10.5	GM	1	Germany	GM	GM		51.5	10.5	GM	1	Germany	GM	GM		51.5	10.5	GM	20260902123000	https://www.lbc.co.uk/article/nottingham-attacks-stalker-barnaby-webber-5HjdgrQ_2/
1321099630	20260902	202609	2026	2026.6630	LEG	LAWMAKER						LEG			MIL	MILITARY						MIL			1	010	010	01	1	0.0	10	1	10	-1.54373927958834	3	Washington, District of Columbia, United States	US	USDC	DC001	38.8951	-77.0364	531871	3	Washington, District of Columbia, United States	US	USDC	DC001	38.8951	-77.0364	531871	3	Washington, District of Columbia, United States	US	USDC	DC001	38.8951	-77.0364	531871	20260902123000	https://www.winnipegfreepress.com/arts-and-life/life/sci-tech/2026/09/02/lawmakers-ask-army-to-explain-why-it-told-a-military-unit-to-stop-specializing-in-drone-warfare
1321099631	20260902	202609	2026	2026.6630	LEG	LAWMAKER						LEG			MIL	ARMY						MIL			1	020	020	02	1	3.0	6	1	6	-1.54373927958834	1	Germany	GM	GM		51.5	10.5	GM	1	Germany	GM	GM		51.5	10.5	GM	1	Germany	GM	GM		51.5	10.5	GM	20260902123000	https://www.winnipegfreepress.com/arts-and-life/life/sci-tech/2026/09/02/lawmakers-ask-army-to-explain-why-it-told-a-military-unit-to-stop-specializing-in-drone-warfare
1321099632	20260902	202609	2026	2026.6630	LEG	LAWMAKER						LEG			MIL	ARMY						MIL			1	020	020	02	1	3.0	4	1	4	-1.54373927958834	2	Ohio, United States	US	USOH		40.3736	-82.7755	OH	2	Ohio, United States	US	USOH		40.3736	-82.7755	OH	2	Ohio, United States	US	USOH		40.3736	-82.7755	OH	20260902123000	https://www.winnipegfreepress.com/arts-and-life/life/sci-tech/2026/09/02/lawmakers-ask-army-to-explain-why-it-told-a-military-unit-to-stop-specializing-in-drone-warfare
1321099633	20260902	202609	2026	2026.6630	LEG	LAWMAKER						LEG			MIL	MILITARY						MIL			1	100	100	10	3	-5.0	10	1	10	-1.54373927958834	3	Washington, District of Columbia, United States	US	USDC	DC001	38.8951	-77.0364	531871	3	Washington, District of Columbia, United States	US	USDC	DC001	38.8951	-77.0364	531871	3	Washington, District of Columbia, United States	US	USDC	DC001	38.8951	-77.0364	531871	20260902123000	https://www.winnipegfreepress.com/arts-and-life/life/sci-tech/2026/09/02/lawmakers-ask-army-to-explain-why-it-told-a-military-unit-to-stop-specializing-in-drone-warfare
1321099634	20260902	202609	2026	2026.6630	LEG	LEGISLATOR						LEG			USA	UNITED STATES	USA								0	051	051	05	1	3.4	6	1	6	-0.82644628099174	2	Pennsylvania, United States	US	USPA		40.5773	-77.264	PA	2	Pennsylvania, United States	US	USPA		40.5773	-77.264	PA	2	Pennsylvania, United States	US	USPA		40.5773	-77.264	PA	20260902123000	https://www.bctv.org/2026/09/02/exploring-the-data-center-boom/
1321099635	20260902	202609	2026	2026.6630	LEG	CONGRESSMAN						LEG			USA	WISCONSIN	USA								1	071	071	07	2	7.4	5	1	5	1.55038759689922	2	Wisconsin, United States	US	USWI		44.2563	-89.6385	WI	2	Wisconsin, United States	US	USWI		44.2563	-89.6385	WI	2	Wisconsin, United States	US	USWI		44.2563	-89.6385	WI	20260902123000	https://urbanmilwaukee.com/pressrelease/no-call-no-show-congressman-tom-tiffany-skips-work-after-five-week-paid-vacation/
1321099636	20260902	202609	2026	2026.6630	LTU	LITHUANIA	LTU																		1	051	051	05	1	3.4	2	1	2	-6.55737704918033	1	Lithuania	LH	LH		56	24	LH	0								1	Lithuania	LH	LH		56	24	LH	20260902123000	https://www.israelnationalnews.com/news/432597
1321099637	20260902	202609	2026	2026.6630	LTU	LITHUANIA	LTU								JEW	RABBI				JEW					1	040	040	04	1	1.0	2	1	2	-6.55737704918033	1	Lithuania	LH	LH		56	24	LH	1	Lithuania	LH	LH		56	24	LH	1	Lithuania	LH	LH		56	24	LH	20260902123000	https://www.israelnationalnews.com/news/432597
1321099638	20260902	202609	2026	2026.6630	LTUGOV	LITHUANIA	LTU					GOV			EUR	EUROPE	EUR								0	020	020	02	1	3.0	10	1	10	-5.55555555555555	1	Lithuania	LH	LH		56	24	LH	1	Lithuania	LH	LH		56	24	LH	1	Lithuania	LH	LH		56	24	LH	20260902123000	https://www.hurriyetdailynews.com/eu-summons-russian-envoy-eyes-sanctions-after-germany-drone-attack-226359
1321099639	20260902	202609	2026	2026.6630	LTUJEW	LITHUANIA	LTU			JEW															1	040	040	04	1	1.0	2	1	2	-6.55737704918033	1	Lithuania	LH	LH		56	24	LH	0								1	Lithuania	LH	LH		56	24	LH	20260902123000	https://www.israelnationalnews.com/news/432597
1321099640	20260902	202609	2026	2026.6630	LTUJEW	LITHUANIA	LTU			JEW					JEWUDXCOP	HAREDI				JEW	UDX	COP			1	050	050	05	1	3.5	1	1	1	-6.55737704918033	1	Lithuania	LH	LH		56	24	LH	1	Lithuania	LH	LH		56	24	LH	1	Lithuania	LH	LH		56	24	LH	20260902123000	https://www.israelnationalnews.com/news/432597
1321099641	20260902	202609	2026	2026.6630	MAR	MOROCCO	MAR																		1	043	043	04	1	2.8	10	1	10	-7.61421319796954	4	Rabat, Rabat-Saléemmour-ZaëMO, Morocco	MO	MO49	21812	34.02	-6.83	-43376	0								4	Rabat, Rabat-Saléemmour-ZaëMO, Morocco	MO	MO49	21812	34.02	-6.83	-43376	20260902123000	https://www.africanews.com/2026/09/02/23-sexual-assaults-reported-in-ceuta-after-migrant-influx/
1321099642	20260902	202609	2026	2026.6630	MDV	MALE	MDV																		1	110	110	11	3	-2.0	10	1	10	4.24710424710425	1	United States	US	US		39.828175	-98.5795	US	0								1	United States	US	US		39.828175	-98.5795	US	20260902123000	https://fortune.com/2026/09/02/single-americans-partner-earnings-ideal-study-millennials/
1321099643	20260902	202609	2026	2026.6630	MED	NEWS OUTLET						MED													1	010	010	01	1	0.0	10	1	10	1.32450331125828	3	Pittsfield, Massachusetts, United States	US	USMA	MA003	42.4501	-73.2454	607643	0								3	Pittsfield, Massachusetts, United States	US	USMA	MA003	42.4501	-73.2454	607643	20260902123000	https://www.berkshireeagle.com/opinion/letters_to_editor/letter-independent-gubernatorial-candidate-coming-to-pittsfield/article_af6b93ec-eb4b-40f3-a323-3bf2522d7c92.html
1321099644	20260902	202609	2026	2026.6630	MED	WEBSITE						MED													0	010	010	01	1	0.0	12	2	12	-7.05320076498301	1	Cambodia	CB	CB		13	105	CB	0								1	Cambodia	CB	CB		13	105	CB	20260902123000	https://www.winnipegfreepress.com/arts-and-life/life/sci-tech/2026/09/02/scams-in-the-us-are-at-a-record-high-yet-most-victims-get-no-help-and-some-end-up-losing-even-more
1321099645	20260902	202609	2026	2026.6630	MED	WEBSITE						MED													0	020	020	02	1	3.0	12	2	12	-7.05320076498301	1	Cambodia	CB	CB		13	105	CB	0								1	Cambodia	CB	CB		13	105	CB	20260902123000	https://www.winnipegfreepress.com/arts-and-life/life/sci-tech/2026/09/02/scams-in-the-us-are-at-a-record-high-yet-most-victims-get-no-help-and-some-end-up-losing-even-more
1321099646	20260902	202609	2026	2026.6630	MED	WEBSITE						MED													0	022	022	02	1	3.2	10	1	10	-4.01203610832498	4	Glasgow, Glasgow City, United Kingdom	UK	UKV2	40176	55.8333	-4.25	-2597039	0								4	Glasgow, Glasgow City, United Kingdom	UK	UKV2	40176	55.8333	-4.25	-2597039	20260902123000	https://www.thejc.com/news/uk/terror-group-palestine-action-runs-website-that-takes-donations-and-features-map-of-targets-m0zekt0s
1321099647	20260902	202609	2026	2026.6630	MED	MEDIA						MED													0	0256	025	02	1	-0.3	10	1	10	-3.14769975786925	0								0								0								20260902123000	https://www.eastlothiancourier.com/news/26505626.adverts-roundabouts-across-east-lothian-given-go-ahead/
1321099648	20260902	202609	2026	2026.6630	MED	WEBSITE						MED													1	0831	083	08	2	5.0	10	1	10	1.74563591022444	0								0								0								20260902123000	https://www.jagranjosh.com/news/up-neet-counselling-2026-seat-matrix-released-at-upneet-gov-in-check-round-1-mbbs-bds-college-wise-vacant-seat-list-pdf-here-187057
1321099649	20260902	202609	2026	2026.6630	MED	WEBSITE						MED													0	084	084	08	2	7.0	10	1	10	-3.62903225806452	4	Haldwani, Uttaranchal, India	IN	IN39	70288	29.2167	79.5167	-2097042	0								4	Haldwani, Uttaranchal, India	IN	IN39	70288	29.2167	79.5167	-2097042	20260902123000	https://aninews.in/news/business/avn-cases-surge-after-covid-19-delhi-haldwani-centres-non-surgical-approach-reportedly-spares-over-5000-patients-from-hip-surgery20260902170710/
1321099650	20260902	202609	2026	2026.6630	MED	WEBSITE						MED													0	084	084	08	2	7.0	10	1	10	4.22222222222222	1	India	IN	IN		20	77	IN	0								1	India	IN	IN		20	77	IN	20260902123000	https://aninews.in/news/business/khushi-kapoor-and-cava-come-together-to-create-soft-serve-her-dream-athleisure-collection20260902171438/
1321099651	20260902	202609	2026	2026.6630	MED	MEDIA						MED													1	111	111	11	3	-2.0	10	1	10	1.33715377268386	1	France	FR	FR		46	2	FR	0								1	France	FR	FR		46	2	FR	20260902123000	https://www.finanznachrichten.de/nachrichten-2026-09/69475239-97-of-shoppers-rethink-an-ai-recommended-purchase-when-the-website-falls-short-contentsquare-finds-004.htm
1321099652	20260902	202609	2026	2026.6630	MED	WEBSITE						MED													0	114	114	11	3	-2.0	12	2	12	-7.05320076498301	1	Cambodia	CB	CB		13	105	CB	0								1	Cambodia	CB	CB		13	105	CB	20260902123000	https://www.winnipegfreepress.com/arts-and-life/life/sci-tech/2026/09/02/scams-in-the-us-are-at-a-record-high-yet-most-victims-get-no-help-and-some-end-up-losing-even-more
1321099653	20260902	202609	2026	2026.6630	MED	SPOKESMAN						MED			CVL	CIVILIAN						CVL			0	130	130	13	3	-4.4	8	1	8	-7.07070707070707	4	Sirik, Hormozgan, Iran	IR	IR11	40985	26.5055	57.122	-3085885	4	Tehran, Tehran, Iran	IR	IR26	41130	35.75	51.5148	10074674	4	Sirik, Hormozgan, Iran	IR	IR11	40985	26.5055	57.122	-3085885	20260902123000	https://www.hurriyetdailynews.com/us-iran-trade-strikes-as-fears-mount-over-wider-return-to-hostilities-226375
1321099654	20260902	202609	2026	2026.6630	MED	MEDIA						MED			CVL	RESIDENTS						CVL			1	143	143	14	3	-6.5	5	1	5	-0.62208398133748	0								0								0								20260902123000	https://www.dailymail.com/news/article-16098829/Village-bus-stop-no-route-10-years.html
1321099655	20260902	202609	2026	2026.6630	MED	WEBSITE						MED			IND	ASSAM	IND								1	043	043	04	1	2.8	10	1	10	0	0								0								0								20260902123000	https://www.jagranjosh.com/news/assam-neet-counselling-2026-round-1-seat-allotment-result-at-dme-assam-gov-in-pdf-direct-link-here-187056
1321099656	20260902	202609	2026	2026.6630	MED	MEDIA						MED			IRN	IRAN	IRN								1	190	190	19	4	-10.0	2	1	2	-5.37931034482759	4	Qeshm, Kordestan, Iran	IR	IR16	41068	35.4421	47.3506	-3080448	4	Chabahar, Sistan va Baluchestan, Iran	IR	IR04	40918	25.2919	60.643	-3055106	4	Chabahar, Sistan va Baluchestan, Iran	IR	IR04	40918	25.2919	60.643	-3055106	20260902123000	https://www.samaa.tv/2087356156-7-irgc-basij-personnel-killed-in-us-strikes-on-iran
1321099657	20260902	202609	2026	2026.6630	MED	MEDIA						MED			IRN	IRAN	IRN								1	190	190	19	4	-10.0	2	1	2	-5.37931034482759	4	Konarak, Fars, Iran	IR	IR07	41025	30.1544	51.6522	-3755092	4	Konarak, Fars, Iran	IR	IR07	41025	30.1544	51.6522	-3755092	4	Konarak, Fars, Iran	IR	IR07	41025	30.1544	51.6522	-3755092	20260902123000	https://www.samaa.tv/2087356156-7-irgc-basij-personnel-killed-in-us-strikes-on-iran
1321099658	20260902	202609	2026	2026.6630	MED	MEDIA						MED			IRN	IRAN	IRN								1	190	190	19	4	-10.0	2	1	2	-5.37931034482759	4	Konarak, Fars, Iran	IR	IR07	41025	30.1544	51.6522	-3755092	4	Konarak, Fars, Iran	IR	IR07	41025	30.1544	51.6522	-3755092	1	United States	US	US		39.828175	-98.5795	US	20260902123000	https://www.samaa.tv/2087356156-7-irgc-basij-personnel-killed-in-us-strikes-on-iran
1321099659	20260902	202609	2026	2026.6630	MED	MEDIA						MED			IRN	IRAN	IRN								1	190	190	19	4	-10.0	2	1	2	-5.37931034482759	4	Konarak, Fars, Iran	IR	IR07	41025	30.1544	51.6522	-3755092	1	United States	US	US		39.828175	-98.5795	US	1	United States	US	US		39.828175	-98.5795	US	20260902123000	https://www.samaa.tv/2087356156-7-irgc-basij-personnel-killed-in-us-strikes-on-iran
1321099660	20260902	202609	2026	2026.6630	MED	MEDIA						MED			IRNMOS	IRAN	IRN			MOS					1	190	190	19	4	-10.0	2	1	2	-5.37931034482759	4	Konarak, Fars, Iran	IR	IR07	41025	30.1544	51.6522	-3755092	4	Konarak, Fars, Iran	IR	IR07	41025	30.1544	51.6522	-3755092	1	United States	US	US		39.828175	-98.5795	US	20260902123000	https://www.samaa.tv/2087356156-7-irgc-basij-personnel-killed-in-us-strikes-on-iran
1321099661	20260902	202609	2026	2026.6630	MED	JOURNALIST						MED			KGZ	KYRGYZSTAN	KGZ								1	042	042	04	1	1.9	8	1	8	0.16366612111293	1	Kyrgyzstan	KG	KG		41	75	KG	1	Kyrgyzstan	KG	KG		41	75	KG	1	Kyrgyzstan	KG	KG		41	75	KG	20260902123000	https://www.bankingnews.gr/amyna-diplomatia/articles/897029/step-back-now-harsh-message-from-erdogan-to-greece-following-meeting-with-putin-ultimatum-over-the-military-on-the-islands
1321099662	20260902	202609	2026	2026.6630	MED	JOURNALIST						MED			KGZ	KYRGYZSTAN	KGZ								1	042	042	04	1	1.9	2	1	2	0.16366612111293	1	Turkey	TU	TU		39.059012	34.911546	TU	1	Turkey	TU	TU		39.059012	34.911546	TU	1	Turkey	TU	TU		39.059012	34.911546	TU	20260902123000	https://www.bankingnews.gr/amyna-diplomatia/articles/897029/step-back-now-harsh-message-from-erdogan-to-greece-following-meeting-with-putin-ultimatum-over-the-military-on-the-islands
1321099663	20260902	202609	2026	2026.6630	MEDBUS	TELECOM						MED	BUS		BUS	BANK						BUS			0	020	020	02	1	3.0	10	1	10	-8.07265388496471	1	Singapore	SN	SN		1.366667	103.8	SN	1	Singapore	SN	SN		1.366667	103.8	SN	1	Singapore	SN	SN		1.366667	103.8	SN	20260902123000	https://www.winnipegfreepress.com/arts-and-life/life/sci-tech/2026/09/02/what-to-know-about-the-ap-frontline-investigation-into-scam-victims
1321099664	20260902	202609	2026	2026.6630	MEDBUS	TELECOM						MED	BUS		SGP	SINGAPORE	SGP								0	020	020	02	1	3.0	10	1	10	-8.07265388496471	1	Singapore	SN	SN		1.366667	103.8	SN	1	Singapore	SN	SN		1.366667	103.8	SN	1	Singapore	SN	SN		1.366667	103.8	SN	20260902123000	https://www.winnipegfreepress.com/arts-and-life/life/sci-tech/2026/09/02/what-to-know-about-the-ap-frontline-investigation-into-scam-victims
1321099665	20260902	202609	2026	2026.6630	MEDLEG	MEDIA						MED	LEG												0	040	040	04	1	1.0	10	1	10	0.37023324694558	4	Kramatorsk, Donets'ka Oblast', Ukraine	UP	UP05	28549	48.723	37.5563	-1043300	0								4	Kramatorsk, Donets'ka Oblast', Ukraine	UP	UP05	28549	48.723	37.5563	-1043300	20260902123000	http://en.kremlin.ru/events/president/news/80665
1321099666	20260902	202609	2026	2026.6630	MEX	MEXICAN	MEX								AFRCVL	AFRICA	AFR					CVL			1	112	112	11	3	-2.0	2	1	2	-7.47126436781609	4	Johannesburg, Gauteng, South Africa	SF	SF06	77364	-26.2	28.0833	-1240261	4	Johannesburg, Gauteng, South Africa	SF	SF06	77364	-26.2	28.0833	-1240261	4	Johannesburg, Gauteng, South Africa	SF	SF06	77364	-26.2	28.0833	-1240261	20260902123000	https://www.africanews.com/2026/09/02/multimillion-rand-drug-lab-suspects-appear-in-safrica-court/
1321099667	20260902	202609	2026	2026.6630	MEX	MEXICAN	MEX								MOZ	MOZAMBICAN	MOZ								1	040	040	04	1	1.0	2	1	2	-7.47126436781609	4	Johannesburg, Gauteng, South Africa	SF	SF06	77364	-26.2	28.0833	-1240261	4	Johannesburg, Gauteng, South Africa	SF	SF06	77364	-26.2	28.0833	-1240261	4	Johannesburg, Gauteng, South Africa	SF	SF06	77364	-26.2	28.0833	-1240261	20260902123000	https://www.africanews.com/2026/09/02/multimillion-rand-drug-lab-suspects-appear-in-safrica-court/
1321099668	20260902	202609	2026	2026.6630	MEX	MEXICAN	MEX								MOZ	MOZAMBICAN	MOZ								1	040	040	04	1	1.0	3	1	3	-7.47126436781609	1	Mexico	MX	MX		23	-102	MX	1	Mozambique	MZ	MZ		-18.25	35	MZ	4	Johannesburg, Gauteng, South Africa	SF	SF06	77364	-26.2	28.0833	-1240261	20260902123000	https://www.africanews.com/2026/09/02/multimillion-rand-drug-lab-suspects-appear-in-safrica-court/
1321099669	20260902	202609	2026	2026.6630	MEX	MEXICAN	MEX								ZAF	SOUTH AFRICAN	ZAF								1	040	040	04	1	1.0	4	1	4	-7.47126436781609	1	Mexico	MX	MX		23	-102	MX	4	Johannesburg, Gauteng, South Africa	SF	SF06	77364	-26.2	28.0833	-1240261	4	Johannesburg, Gauteng, South Africa	SF	SF06	77364	-26.2	28.0833	-1240261	20260902123000	https://www.africanews.com/2026/09/02/multimillion-rand-drug-lab-suspects-appear-in-safrica-court/
1321099670	20260902	202609	2026	2026.6630	MEX	MEXICAN	MEX								ZAFCVL	SOUTH AFRICAN	ZAF					CVL			1	040	040	04	1	1.0	1	1	1	-7.47126436781609	1	Mexico	MX	MX		23	-102	MX	4	Johannesburg, Gauteng, South Africa	SF	SF06	77364	-26.2	28.0833	-1240261	4	Johannesburg, Gauteng, South Africa	SF	SF06	77364	-26.2	28.0833	-1240261	20260902123000	https://www.africanews.com/2026/09/02/multimillion-rand-drug-lab-suspects-appear-in-safrica-court/
1321099671	20260902	202609	2026	2026.6630	MEX	MEXICAN	MEX								ZAFCVL	SOUTH AFRICAN	ZAF					CVL			1	112	112	11	3	-2.0	1	1	1	-7.47126436781609	4	Johannesburg, Gauteng, South Africa	SF	SF06	77364	-26.2	28.0833	-1240261	4	Johannesburg, Gauteng, South Africa	SF	SF06	77364	-26.2	28.0833	-1240261	4	Johannesburg, Gauteng, South Africa	SF	SF06	77364	-26.2	28.0833	-1240261	20260902123000	https://www.africanews.com/2026/09/02/multimillion-rand-drug-lab-suspects-appear-in-safrica-court/
1321099672	20260902	202609	2026	2026.6630	MEX	MEXICAN	MEX								ZWE	ZIMBABWEAN	ZWE								1	040	040	04	1	1.0	5	1	5	-7.47126436781609	1	Mexico	MX	MX		23	-102	MX	1	Zimbabwe	ZI	ZI		-19	29	ZI	4	Johannesburg, Gauteng, South Africa	SF	SF06	77364	-26.2	28.0833	-1240261	20260902123000	https://www.africanews.com/2026/09/02/multimillion-rand-drug-lab-suspects-appear-in-safrica-court/
1321099673	20260902	202609	2026	2026.6630	MIL	ARMY						MIL													1	010	010	01	1	0.0	3	1	3	-1.54373927958834	4	Copenhagen, Køavn*, Denmark	DA	DA05	15213	55.6667	12.5833	-2745636	0								4	Copenhagen, Køavn*, Denmark	DA	DA05	15213	55.6667	12.5833	-2745636	20260902123000	https://www.winnipegfreepress.com/arts-and-life/life/sci-tech/2026/09/02/lawmakers-ask-army-to-explain-why-it-told-a-military-unit-to-stop-specializing-in-drone-warfare
1321099674	20260902	202609	2026	2026.6630	MIL	ARMY						MIL													1	010	010	01	1	0.0	2	1	2	-1.54373927958834	2	New Hampshire, United States	US	USNH		43.4108	-71.5653	NH	0								2	New Hampshire, United States	US	USNH		43.4108	-71.5653	NH	20260902123000	https://www.winnipegfreepress.com/arts-and-life/life/sci-tech/2026/09/02/lawmakers-ask-army-to-explain-why-it-told-a-military-unit-to-stop-specializing-in-drone-warfare
1321099675	20260902	202609	2026	2026.6630	MIL	MILITARY OFFICIAL						MIL													1	071	071	07	2	7.4	10	1	10	-2.69814502529511	4	Manila, Manila, Philippines	RP	RPD9	24210	14.6042	120.982	-2437894	0								4	Manila, Manila, Philippines	RP	RPD9	24210	14.6042	120.982	-2437894	20260902123000	https://www.rappler.com/philippines/michael-poa-response-department-education-confidential-funds-security-officer-involvement/
1321099676	20260902	202609	2026	2026.6630	MIL	ARMY						MIL													1	072	072	07	2	8.3	3	1	3	-1.54373927958834	4	Copenhagen, Køavn*, Denmark	DA	DA05	15213	55.6667	12.5833	-2745636	0								4	Copenhagen, Køavn*, Denmark	DA	DA05	15213	55.6667	12.5833	-2745636	20260902123000	https://www.winnipegfreepress.com/arts-and-life/life/sci-tech/2026/09/02/lawmakers-ask-army-to-explain-why-it-told-a-military-unit-to-stop-specializing-in-drone-warfare
1321099677	20260902	202609	2026	2026.6630	MIL	MILITARY						MIL													0	081	081	08	2	5.0	6	1	6	-1.54373927958834	1	Germany	GM	GM		51.5	10.5	GM	0								1	Germany	GM	GM		51.5	10.5	GM	20260902123000	https://www.winnipegfreepress.com/arts-and-life/life/sci-tech/2026/09/02/lawmakers-ask-army-to-explain-why-it-told-a-military-unit-to-stop-specializing-in-drone-warfare
1321099678	20260902	202609	2026	2026.6630	MIL	MILITARY						MIL													0	081	081	08	2	5.0	4	1	4	-1.54373927958834	2	Ohio, United States	US	USOH		40.3736	-82.7755	OH	0								2	New Hampshire, United States	US	USNH		43.4108	-71.5653	NH	20260902123000	https://www.winnipegfreepress.com/arts-and-life/life/sci-tech/2026/09/02/lawmakers-ask-army-to-explain-why-it-told-a-military-unit-to-stop-specializing-in-drone-warfare
1321099679	20260902	202609	2026	2026.6630	MIL	MILITARY						MIL													0	190	190	19	4	-10.0	10	1	10	-5.37931034482759	4	Qeshm, Kordestan, Iran	IR	IR16	41068	35.4421	47.3506	-3080448	0								4	Qeshm, Kordestan, Iran	IR	IR16	41068	35.4421	47.3506	-3080448	20260902123000	https://www.samaa.tv/2087356156-7-irgc-basij-personnel-killed-in-us-strikes-on-iran
1321099680	20260902	202609	2026	2026.6630	MIL	MILITARY						MIL			EGY	EGYPT	EGY								1	042	042	04	1	1.9	5	1	5	2.88659793814433	4	Cairo, Al Qahirah, Egypt	EG	EG11	65350	30.05	31.25	-290692	4	Cairo, Al Qahirah, Egypt	EG	EG11	65350	30.05	31.25	-290692	4	Cairo, Al Qahirah, Egypt	EG	EG11	65350	30.05	31.25	-290692	20260902123000	https://www.al-monitor.com/originals/2026/09/egypt-welcomes-xi-beijing-expands-influence-middle-east
1321099681	20260902	202609	2026	2026.6630	MIL	MILITARY						MIL			GBR	BRITISH	GBR								1	190	190	19	4	-10.0	10	1	10	-4.91803278688524	1	Congo	CF	CF		-1	15	CF	1	Congo	CF	CF		-1	15	CF	1	Congo	CF	CF		-1	15	CF	20260902123000	https://www.lbc.co.uk/article/congo-ebola-outbreak-deadly-5Hjdgr5_2/
1321099682	20260902	202609	2026	2026.6630	MIL	MILITARY						MIL			GRC	GREECE	GRC								1	040	040	04	1	1.0	6	1	6	0.16366612111293	4	Athens, AttikíR, Greece	GR	GR35	16716	37.9833	23.7333	-814876	4	Athens, AttikíR, Greece	GR	GR35	16716	37.9833	23.7333	-814876	4	Athens, AttikíR, Greece	GR	GR35	16716	37.9833	23.7333	-814876	20260902123000	https://www.bankingnews.gr/amyna-diplomatia/articles/897029/step-back-now-harsh-message-from-erdogan-to-greece-following-meeting-with-putin-ultimatum-over-the-military-on-the-islands
1321099683	20260902	202609	2026	2026.6630	MIL	COMMANDER						MIL			SYR	SYRIA	SYR								1	026	026	02	1	4.0	8	1	8	-2.46575342465753	4	Damascus, Dimashq, Syria	SY	SY13	26324	33.5	36.3	-2541260	4	Damascus, Dimashq, Syria	SY	SY13	26324	33.5	36.3	-2541260	4	Damascus, Dimashq, Syria	SY	SY13	26324	33.5	36.3	-2541260	20260902123000	https://www.al-monitor.com/originals/2026/09/once-symbols-war-islamic-state-kurdish-women-fighters-seek-role-new-syria
1321099684	20260902	202609	2026	2026.6630	MIL	MILITARY						MIL			TUR	TURKEY	TUR								1	040	040	04	1	1.0	2	1	2	0.16366612111293	4	Athens, AttikíR, Greece	GR	GR35	16716	37.9833	23.7333	-814876	4	Athens, AttikíR, Greece	GR	GR35	16716	37.9833	23.7333	-814876	4	Athens, AttikíR, Greece	GR	GR35	16716	37.9833	23.7333	-814876	20260902123000	https://www.bankingnews.gr/amyna-diplomatia/articles/897029/step-back-now-harsh-message-from-erdogan-to-greece-following-meeting-with-putin-ultimatum-over-the-military-on-the-islands
1321099685	20260902	202609	2026	2026.6630	MIL	MILITARY						MIL			TUR	TURKEY	TUR								1	040	040	04	1	1.0	2	1	2	0.16366612111293	4	Athens, AttikíR, Greece	GR	GR35	16716	37.9833	23.7333	-814876	1	Turkey	TU	TU		39.059012	34.911546	TU	4	Athens, AttikíR, Greece	GR	GR35	16716	37.9833	23.7333	-814876	20260902123000	https://www.bankingnews.gr/amyna-diplomatia/articles/897029/step-back-now-harsh-message-from-erdogan-to-greece-following-meeting-with-putin-ultimatum-over-the-military-on-the-islands
1321099686	20260902	202609	2026	2026.6630	MIL	ARMY						MIL			USA	UNITED STATES	USA								1	072	072	07	2	8.3	2	1	2	-1.54373927958834	2	New Hampshire, United States	US	USNH		43.4108	-71.5653	NH	2	New Hampshire, United States	US	USNH		43.4108	-71.5653	NH	2	New Hampshire, United States	US	USNH		43.4108	-71.5653	NH	20260902123000	https://www.winnipegfreepress.com/arts-and-life/life/sci-tech/2026/09/02/lawmakers-ask-army-to-explain-why-it-told-a-military-unit-to-stop-specializing-in-drone-warfare
1321099687	20260902	202609	2026	2026.6630	MNCUSA	NETFLIX	USA					MNC													1	084	084	08	2	7.0	12	1	6	1.03359173126615	3	Hollywood, California, United States	US	USCA	CA037	34.0983	-118.327	1660757	0								3	Hollywood, California, United States	US	USCA	CA037	34.0983	-118.327	1660757	20260902123000	https://www.canberratimes.com.au/story/9342756/matthew-perrys-life-examined-in-netflix-documentary/
1321099688	20260902	202609	2026	2026.6630	MNCUSA	NETFLIX	USA					MNC			USA	UNITED STATES	USA								1	084	084	08	2	7.0	8	1	4	1.03359173126615	3	Hollywood, California, United States	US	USCA	CA037	34.0983	-118.327	1660757	3	Hollywood, California, United States	US	USCA	CA037	34.0983	-118.327	1660757	3	Hollywood, California, United States	US	USCA	CA037	34.0983	-118.327	1660757	20260902123000	https://www.canberratimes.com.au/story/9342756/matthew-perrys-life-examined-in-netflix-documentary/
1321099689	20260902	202609	2026	2026.6630	MNCUSAHLH	BRISTOL MYERS SQUIBB	USA					MNC	HLH												0	057	057	05	1	8.0	3	1	3	0.8604206500956	2	Pennsylvania, United States	US	USPA		40.5773	-77.264	PA	0								2	Pennsylvania, United States	US	USPA		40.5773	-77.264	PA	20260902123000	https://www.biopharmadive.com/?page=2&_sp=e5cf0549-9b0c-41a7-b619-bf344e0e2c26
1321099690	20260902	202609	2026	2026.6630	MNCUSAMED	GOOGLE	USA					MNC	MED												0	070	070	07	2	7.0	3	1	3	-1.468788249694	2	California, United States	US	USCA		36.17	-119.746	CA	0								2	California, United States	US	USCA		36.17	-119.746	CA	20260902123000	https://fortune.com/2026/09/02/san-francisco-democrats-bilionaire-tax-prop-40/
1321099691	20260902	202609	2026	2026.6630	MNCUSAMED	GOOGLE	USA					MNC	MED												1	090	090	09	2	-2.0	14	1	10	3.76344086021505	4	Nijmegen, Gelderland, Netherlands	NL	NL03	22372	51.8333	5.86667	-2150237	0								4	Nijmegen, Gelderland, Netherlands	NL	NL03	22372	51.8333	5.86667	-2150237	20260902123000	https://www.dutchnews.nl/2026/09/drummer-alex-van-halen-given-knighthood-in-home-city-of-nijmegen/
1321099692	20260902	202609	2026	2026.6630	MNCUSAMED	GOOGLE	USA					MNC	MED												1	090	090	09	2	-2.0	6	1	6	3.76344086021505	4	Gemeente Nijmegen, Gelderland, Netherlands	NL	NL03	22372	51.8333	5.85	-2150238	0								4	Gemeente Nijmegen, Gelderland, Netherlands	NL	NL03	22372	51.8333	5.85	-2150238	20260902123000	https://www.dutchnews.nl/2026/09/drummer-alex-van-halen-given-knighthood-in-home-city-of-nijmegen/
1321099693	20260902	202609	2026	2026.6630	MNCUSAMED	GOOGLE	USA					MNC	MED		USA	UNITED STATES	USA								0	070	070	07	2	7.0	1	1	1	-1.468788249694	2	California, United States	US	USCA		36.17	-119.746	CA	2	California, United States	US	USCA		36.17	-119.746	CA	2	California, United States	US	USCA		36.17	-119.746	CA	20260902123000	https://fortune.com/2026/09/02/san-francisco-democrats-bilionaire-tax-prop-40/
1321099694	20260902	202609	2026	2026.6630	MNCUSAMED	GOOGLE	USA					MNC	MED		USA	UNITED STATES	USA								0	070	070	07	2	7.0	1	1	1	-1.468788249694	2	California, United States	US	USCA		36.17	-119.746	CA	2	California, United States	US	USCA		36.17	-119.746	CA	2	Vermont, United States	US	USVT		44.0407	-72.7093	VT	20260902123000	https://fortune.com/2026/09/02/san-francisco-democrats-bilionaire-tax-prop-40/
1321099695	20260902	202609	2026	2026.6630	MOZ	MOZAMBICAN	MOZ								AFRCVL	AFRICA	AFR					CVL			1	112	112	11	3	-2.0	2	1	2	-7.47126436781609	1	Mozambique	MZ	MZ		-18.25	35	MZ	4	Johannesburg, Gauteng, South Africa	SF	SF06	77364	-26.2	28.0833	-1240261	4	Johannesburg, Gauteng, South Africa	SF	SF06	77364	-26.2	28.0833	-1240261	20260902123000	https://www.africanews.com/2026/09/02/multimillion-rand-drug-lab-suspects-appear-in-safrica-court/
1321099696	20260902	202609	2026	2026.6630	MOZ	MOZAMBICAN	MOZ								MEX	MEXICAN	MEX								1	040	040	04	1	1.0	5	1	5	-7.47126436781609	1	Mozambique	MZ	MZ		-18.25	35	MZ	1	Mexico	MX	MX		23	-102	MX	4	Johannesburg, Gauteng, South Africa	SF	SF06	77364	-26.2	28.0833	-1240261	20260902123000	https://www.africanews.com/2026/09/02/multimillion-rand-drug-lab-suspects-appear-in-safrica-court/
1321099697	20260902	202609	2026	2026.6630	MOZ	MOZAMBICAN	MOZ								ZAF	SOUTH AFRICAN	ZAF								1	040	040	04	1	1.0	4	1	4	-7.47126436781609	1	Mozambique	MZ	MZ		-18.25	35	MZ	4	Johannesburg, Gauteng, South Africa	SF	SF06	77364	-26.2	28.0833	-1240261	4	Johannesburg, Gauteng, South Africa	SF	SF06	77364	-26.2	28.0833	-1240261	20260902123000	https://www.africanews.com/2026/09/02/multimillion-rand-drug-lab-suspects-appear-in-safrica-court/
1321099698	20260902	202609	2026	2026.6630	MOZ	MOZAMBICAN	MOZ								ZAFCVL	SOUTH AFRICAN	ZAF					CVL			1	040	040	04	1	1.0	1	1	1	-7.47126436781609	1	Mozambique	MZ	MZ		-18.25	35	MZ	4	Johannesburg, Gauteng, South Africa	SF	SF06	77364	-26.2	28.0833	-1240261	4	Johannesburg, Gauteng, South Africa	SF	SF06	77364	-26.2	28.0833	-1240261	20260902123000	https://www.africanews.com/2026/09/02/multimillion-rand-drug-lab-suspects-appear-in-safrica-court/
1321099699	20260902	202609	2026	2026.6630	MOZ	MOZAMBICAN	MOZ								ZAFCVL	SOUTH AFRICAN	ZAF					CVL			1	112	112	11	3	-2.0	1	1	1	-7.47126436781609	1	Mozambique	MZ	MZ		-18.25	35	MZ	4	Johannesburg, Gauteng, South Africa	SF	SF06	77364	-26.2	28.0833	-1240261	4	Johannesburg, Gauteng, South Africa	SF	SF06	77364	-26.2	28.0833	-1240261	20260902123000	https://www.africanews.com/2026/09/02/multimillion-rand-drug-lab-suspects-appear-in-safrica-court/
1321099700	20260902	202609	2026	2026.6630	MOZ	MOZAMBICAN	MOZ								ZWE	ZIMBABWEAN	ZWE								1	040	040	04	1	1.0	5	1	5	-7.47126436781609	1	Mozambique	MZ	MZ		-18.25	35	MZ	1	Zimbabwe	ZI	ZI		-19	29	ZI	4	Johannesburg, Gauteng, South Africa	SF	SF06	77364	-26.2	28.0833	-1240261	20260902123000	https://www.africanews.com/2026/09/02/multimillion-rand-drug-lab-suspects-appear-in-safrica-court/
1321099701	20260902	202609	2026	2026.6630	NGA	NIGERIA	NGA								AFRBUS	AFRICA	AFR					BUS			1	061	061	06	2	6.4	1	1	1	3.98773006134969	1	Nigeria	NI	NI		10	8	NI	1	Nigeria	NI	NI		10	8	NI	1	Nigeria	NI	NI		10	8	NI	20260902123000	https://techcabal.com/2026/09/02/cascador-selects-10-nigerian-companies-for-2026-scaleup-program/
1321099702	20260902	202609	2026	2026.6630	NGA	NIGERIA	NGA								BUS	BUSINESS						BUS			1	051	051	05	1	3.4	10	1	10	3.98773006134969	1	Nigeria	NI	NI		10	8	NI	1	Nigeria	NI	NI		10	8	NI	1	Nigeria	NI	NI		10	8	NI	20260902123000	https://techcabal.com/2026/09/02/cascador-selects-10-nigerian-companies-for-2026-scaleup-program/
1321099703	20260902	202609	2026	2026.6630	NGA	NIGERIA	NGA								GBREDU	LONDON	GBR					EDU			0	071	071	07	2	7.4	2	1	2	-0.34028073160357	4	Ijebu, Nigeria (general), Nigeria	NI	NI00	191253	7.18333	3.4	-2011407	4	Ijebu, Nigeria (general), Nigeria	NI	NI00	191253	7.18333	3.4	-2011407	4	Ijebu, Nigeria (general), Nigeria	NI	NI00	191253	7.18333	3.4	-2011407	20260902123000	https://techcabal.com/2026/09/02/my-life-in-tech-kayode-adeniyi-geospatial-engineer-ai-water/
1321099704	20260902	202609	2026	2026.6630	NGA	NIGERIA	NGA								GBREDU	LONDON	GBR					EDU			0	071	071	07	2	7.4	2	1	2	-0.34028073160357	4	Ijebu, Nigeria (general), Nigeria	NI	NI00	191253	7.18333	3.4	-2011407	4	London, London, City of, United Kingdom	UK	UKH9	40110	51.5	-0.116667	-2601889	4	London, London, City of, United Kingdom	UK	UKH9	40110	51.5	-0.116667	-2601889	20260902123000	https://techcabal.com/2026/09/02/my-life-in-tech-kayode-adeniyi-geospatial-engineer-ai-water/
1321099705	20260902	202609	2026	2026.6630	NGA	NIGERIA	NGA								NGAGOVBUS	NIGERIA	NGA					GOV	BUS		0	040	040	04	1	1.0	4	1	4	-0.34028073160357	4	Abuja, Abuja Federal Capital Territory, Nigeria	NI	NI11	191147	9.08333	7.53333	-1997013	4	Abuja, Abuja Federal Capital Territory, Nigeria	NI	NI11	191147	9.08333	7.53333	-1997013	4	Abuja, Abuja Federal Capital Territory, Nigeria	NI	NI11	191147	9.08333	7.53333	-1997013	20260902123000	https://techcabal.com/2026/09/02/my-life-in-tech-kayode-adeniyi-geospatial-engineer-ai-water/
1321099706	20260902	202609	2026	2026.6630	NGAEDU	NIGERIA	NGA					EDU			EDU	SCHOOL						EDU			1	042	042	04	1	1.9	2	1	2	-0.34028073160357	4	London, London, City of, United Kingdom	UK	UKH9	40110	51.5	-0.116667	-2601889	4	London, London, City of, United Kingdom	UK	UKH9	40110	51.5	-0.116667	-2601889	4	London, London, City of, United Kingdom	UK	UKH9	40110	51.5	-0.116667	-2601889	20260902123000	https://techcabal.com/2026/09/02/my-life-in-tech-kayode-adeniyi-geospatial-engineer-ai-water/
1321099707	20260902	202609	2026	2026.6630	NGAGOVBUS	NIGERIA	NGA					GOV	BUS		NGA	NIGERIA	NGA								0	040	040	04	1	1.0	4	1	4	-0.34028073160357	4	Abuja, Abuja Federal Capital Territory, Nigeria	NI	NI11	191147	9.08333	7.53333	-1997013	4	Abuja, Abuja Federal Capital Territory, Nigeria	NI	NI11	191147	9.08333	7.53333	-1997013	4	Abuja, Abuja Federal Capital Territory, Nigeria	NI	NI11	191147	9.08333	7.53333	-1997013	20260902123000	https://techcabal.com/2026/09/02/my-life-in-tech-kayode-adeniyi-geospatial-engineer-ai-water/
1321099708	20260902	202609	2026	2026.6630	NGODEV	ICAI						NGO	DEV												0	023	023	02	1	3.4	10	1	10	2.35849056603773	4	Kolkata, West Bengal, India	IN	IN28	70294	22.5697	88.3697	-2092511	0								4	Kolkata, West Bengal, India	IN	IN28	70294	22.5697	88.3697	-2092511	20260902123000	https://orissadiary.com/retrospective-regularization-of-exempt-status-for-provident-fund-trusts-through-amnesty-provisions-in-epf-scheme-2026/
1321099709	20260902	202609	2026	2026.6630	NGOHLHIRC	RED CRESCENT		IRC				NGO	HLH												0	0353	035	03	1	7.0	10	1	10	-5.37931034482759	4	Qeshm, Kordestan, Iran	IR	IR16	41068	35.4421	47.3506	-3080448	0								4	Qeshm, Kordestan, Iran	IR	IR16	41068	35.4421	47.3506	-3080448	20260902123000	https://www.samaa.tv/2087356156-7-irgc-basij-personnel-killed-in-us-strikes-on-iran
1321099710	20260902	202609	2026	2026.6630	NGOHRIAMN	AMNESTY INTERNATIONAL		AMN				NGO	HRI		IDN	INDONESIA	IDN								0	190	190	19	4	-10.0	8	1	8	-4.10958904109589	4	Bogor, Jawa Barat, Indonesia	ID	ID30	18585	-6.1522	106.991	-2673682	4	Bogor, Jawa Barat, Indonesia	ID	ID30	18585	-6.1522	106.991	-2673682	4	Bogor, Jawa Barat, Indonesia	ID	ID30	18585	-6.1522	106.991	-2673682	20260902123000	https://www.enca.com/opinion/what-rainbow-lgbtq-indonesians-edge-hostility-mounts
1321099711	20260902	202609	2026	2026.6630	NGOHRIAMN	AMNESTY INTERNATIONAL		AMN				NGO	HRI		IDN	INDONESIAN	IDN								0	190	190	19	4	-10.0	2	1	2	-4.10958904109589	4	Bogor, Jawa Barat, Indonesia	ID	ID30	18585	-6.1522	106.991	-2673682	4	Jakarta, Jakarta Raya, Indonesia	ID	ID04	18585	-6.17444	106.829	-2679652	4	Bogor, Jawa Barat, Indonesia	ID	ID30	18585	-6.1522	106.991	-2673682	20260902123000	https://www.enca.com/opinion/what-rainbow-lgbtq-indonesians-edge-hostility-mounts
1321099712	20260902	202609	2026	2026.6630	NLD	DUTCH	NLD																		0	050	050	05	1	3.5	3	1	3	3.76344086021505	4	Nijmegen, Gelderland, Netherlands	NL	NL03	22372	51.8333	5.86667	-2150237	0								4	Nijmegen, Gelderland, Netherlands	NL	NL03	22372	51.8333	5.86667	-2150237	20260902123000	https://www.dutchnews.nl/2026/09/drummer-alex-van-halen-given-knighthood-in-home-city-of-nijmegen/
1321099713	20260902	202609	2026	2026.6630	NLD	DUTCH	NLD																		0	110	110	11	3	-2.0	3	1	3	3.76344086021505	4	Nijmegen, Gelderland, Netherlands	NL	NL03	22372	51.8333	5.86667	-2150237	0								4	Nijmegen, Gelderland, Netherlands	NL	NL03	22372	51.8333	5.86667	-2150237	20260902123000	https://www.dutchnews.nl/2026/09/drummer-alex-van-halen-given-knighthood-in-home-city-of-nijmegen/
1321099714	20260902	202609	2026	2026.6630	NLD	NETHERLANDS	NLD								USA	UNITED STATES	USA								1	010	010	01	1	0.0	2	1	2	3.76344086021505	4	Nijmegen, Gelderland, Netherlands	NL	NL03	22372	51.8333	5.86667	-2150237	4	Nijmegen, Gelderland, Netherlands	NL	NL03	22372	51.8333	5.86667	-2150237	4	Nijmegen, Gelderland, Netherlands	NL	NL03	22372	51.8333	5.86667	-2150237	20260902123000	https://www.dutchnews.nl/2026/09/drummer-alex-van-halen-given-knighthood-in-home-city-of-nijmegen/
1321099715	20260902	202609	2026	2026.6630	NLD	NETHERLANDS	NLD								USA	UNITED STATES	USA								1	010	010	01	1	0.0	2	1	2	3.76344086021505	4	Nijmegen, Gelderland, Netherlands	NL	NL03	22372	51.8333	5.86667	-2150237	1	United States	US	US		39.828175	-98.5795	US	1	United States	US	US		39.828175	-98.5795	US	20260902123000	https://www.dutchnews.nl/2026/09/drummer-alex-van-halen-given-knighthood-in-home-city-of-nijmegen/
1321099716	20260902	202609	2026	2026.6630	OPP	ACTIVIST						OPP													0	010	010	01	1	0.0	2	1	2	-6.90335305719925	5	Balochistan, Balochistan, Pakistan	PK	PK02	40300	28.4785	65.6436	-2755738	0								5	Balochistan, Balochistan, Pakistan	PK	PK02	40300	28.4785	65.6436	-2755738	20260902123000	https://aninews.in/news/world/asia/italian-media-flags-europe-aid-to-pak-cites-violence-against-minorities20260902170146/
1321099717	20260902	202609	2026	2026.6630	OPP	ACTIVIST						OPP													0	0841	084	08	2	7.0	2	1	2	-6.90335305719925	5	Balochistan, Balochistan, Pakistan	PK	PK02	40300	28.4785	65.6436	-2755738	0								5	Balochistan, Balochistan, Pakistan	PK	PK02	40300	28.4785	65.6436	-2755738	20260902123000	https://aninews.in/news/world/asia/italian-media-flags-europe-aid-to-pak-cites-violence-against-minorities20260902170146/
1321099718	20260902	202609	2026	2026.6630	OPP	OBJECTOR						OPP			CVL	RESIDENTS						CVL			0	172	172	17	4	-5.0	20	2	20	-6.3943161634103	0								0								0								20260902123000	https://www.yorkpress.co.uk/news/26515579.york-traffic-powers-decision-set-made-council/
1321099719	20260902	202609	2026	2026.6630	OPP	ACTIVIST						OPP			KEN	KENYA	KEN								1	112	112	11	3	-2.0	10	1	10	-7.85498489425981	1	Uganda	UG	UG		2	33	UG	1	Uganda	UG	UG		2	33	UG	1	Uganda	UG	UG		2	33	UG	20260902123000	https://www.africanews.com/2026/09/02/activists-blame-kenya-for-ugandan-opposition-figures-plight/
1321099720	20260902	202609	2026	2026.6630	PAK	PAKISTAN	PAK																		0	010	010	01	1	0.0	8	1	8	-0.14738393515107	5	Balochistan, Balochistan, Pakistan	PK	PK02	40300	28.4785	65.6436	-2755738	0								5	Balochistan, Balochistan, Pakistan	PK	PK02	40300	28.4785	65.6436	-2755738	20260902123000	https://www.samaa.tv/2087356166-pakistan-to-continue-diplomacy-despite-middle-east-tensions-fo
1321099721	20260902	202609	2026	2026.6630	PAK	PAKISTAN	PAK																		0	036	036	03	1	4.0	4	1	4	-0.14738393515107	4	Islamabad, Islamabad, Pakistan	PK	PK08	23674	33.7	73.1667	-2762812	0								4	Islamabad, Islamabad, Pakistan	PK	PK08	23674	33.7	73.1667	-2762812	20260902123000	https://www.samaa.tv/2087356166-pakistan-to-continue-diplomacy-despite-middle-east-tensions-fo
1321099722	20260902	202609	2026	2026.6630	PAK	PAKISTAN	PAK																		0	040	040	04	1	1.0	2	1	2	0	4	London, London, City of, United Kingdom	UK	UKH9	40110	51.5	-0.116667	-2601889	0								4	London, London, City of, United Kingdom	UK	UKH9	40110	51.5	-0.116667	-2601889	20260902123000	https://www.samaa.tv/2087356157-zardari-naqvi-discuss-law-and-order-security-in-london
1321099723	20260902	202609	2026	2026.6630	PAK	PAKISTAN	PAK																		0	051	051	05	1	3.4	2	1	2	-0.14738393515107	4	Jammu, Jammu and Kashmir, India	IN	IN12	72851	32.7333	74.8667	-2098228	0								4	Jammu, Jammu and Kashmir, India	IN	IN12	72851	32.7333	74.8667	-2098228	20260902123000	https://www.samaa.tv/2087356166-pakistan-to-continue-diplomacy-despite-middle-east-tensions-fo
1321099724	20260902	202609	2026	2026.6630	PAK	PAKISTAN	PAK																		0	051	051	05	1	3.4	16	1	8	-0.14738393515107	5	Balochistan, Balochistan, Pakistan	PK	PK02	40300	28.4785	65.6436	-2755738	0								5	Balochistan, Balochistan, Pakistan	PK	PK02	40300	28.4785	65.6436	-2755738	20260902123000	https://www.samaa.tv/2087356166-pakistan-to-continue-diplomacy-despite-middle-east-tensions-fo
1321099725	20260902	202609	2026	2026.6630	PAK	PAKISTAN	PAK																		0	051	051	05	1	3.4	2	1	2	-0.14738393515107	1	United Kingdom	UK	UK		54	-4	UK	0								1	United Kingdom	UK	UK		54	-4	UK	20260902123000	https://www.samaa.tv/2087356166-pakistan-to-continue-diplomacy-despite-middle-east-tensions-fo
1321099726	20260902	202609	2026	2026.6630	PAK	PAKISTAN	PAK																		1	057	057	05	1	8.0	1	1	1	5.39419087136929	4	Bishkek, Bishkek, Kyrgyzstan	KG	KG01	37216	42.8731	74.6003	-2331392	0								4	Bishkek, Bishkek, Kyrgyzstan	KG	KG01	37216	42.8731	74.6003	-2331392	20260902123000	https://www.samaa.tv/2087356154-pakistan-kyrgyzstan-set-trade-target-of-200m-sign-16-agreements
1321099727	20260902	202609	2026	2026.6630	PAK	PAKISTAN	PAK																		1	057	057	05	1	8.0	4	1	4	5.39419087136929	4	Lahore, Punjab, Pakistan	PK	PK04	23677	31.5497	74.3436	-2767043	0								4	Lahore, Punjab, Pakistan	PK	PK04	23677	31.5497	74.3436	-2767043	20260902123000	https://www.samaa.tv/2087356154-pakistan-kyrgyzstan-set-trade-target-of-200m-sign-16-agreements
1321099728	20260902	202609	2026	2026.6630	PAK	PAKISTAN	PAK								AFG	AFGHAN	AFG								0	010	010	01	1	0.0	2	1	2	-0.14738393515107	5	Balochistan, Balochistan, Pakistan	PK	PK02	40300	28.4785	65.6436	-2755738	5	Balochistan, Balochistan, Pakistan	PK	PK02	40300	28.4785	65.6436	-2755738	5	Balochistan, Balochistan, Pakistan	PK	PK02	40300	28.4785	65.6436	-2755738	20260902123000	https://www.samaa.tv/2087356166-pakistan-to-continue-diplomacy-despite-middle-east-tensions-fo
1321099729	20260902	202609	2026	2026.6630	PAK	PAKISTAN	PAK								AFG	AFGHAN	AFG								0	010	010	01	1	0.0	8	1	8	-0.14738393515107	5	Balochistan, Balochistan, Pakistan	PK	PK02	40300	28.4785	65.6436	-2755738	1	Afghanistan	AF	AF		33	66	AF	5	Balochistan, Balochistan, Pakistan	PK	PK02	40300	28.4785	65.6436	-2755738	20260902123000	https://www.samaa.tv/2087356166-pakistan-to-continue-diplomacy-despite-middle-east-tensions-fo
1321099730	20260902	202609	2026	2026.6630	PAK	PAKISTAN	PAK								GOV	FOREIGN OFFICE						GOV			0	040	040	04	1	1.0	10	1	10	-0.14738393515107	4	Islamabad, Islamabad, Pakistan	PK	PK08	23674	33.7	73.1667	-2762812	4	Islamabad, Islamabad, Pakistan	PK	PK08	23674	33.7	73.1667	-2762812	4	Islamabad, Islamabad, Pakistan	PK	PK08	23674	33.7	73.1667	-2762812	20260902123000	https://www.samaa.tv/2087356166-pakistan-to-continue-diplomacy-despite-middle-east-tensions-fo
1321099731	20260902	202609	2026	2026.6630	PAK	PAKISTAN	PAK								GOV	MINIST OF COMMERCE						GOV			0	090	090	09	2	-2.0	10	1	10	-0.14738393515107	4	Islamabad, Islamabad, Pakistan	PK	PK08	23674	33.7	73.1667	-2762812	4	Islamabad, Islamabad, Pakistan	PK	PK08	23674	33.7	73.1667	-2762812	4	Islamabad, Islamabad, Pakistan	PK	PK08	23674	33.7	73.1667	-2762812	20260902123000	https://www.samaa.tv/2087356166-pakistan-to-continue-diplomacy-despite-middle-east-tensions-fo
1321099732	20260902	202609	2026	2026.6630	PAK	PAKISTAN	PAK								IRN	IRAN	IRN								0	090	090	09	2	-2.0	10	1	10	-0.14738393515107	4	Islamabad, Islamabad, Pakistan	PK	PK08	23674	33.7	73.1667	-2762812	1	Iran	IR	IR		32	53	IR	4	Islamabad, Islamabad, Pakistan	PK	PK08	23674	33.7	73.1667	-2762812	20260902123000	https://www.samaa.tv/2087356166-pakistan-to-continue-diplomacy-despite-middle-east-tensions-fo
1321099733	20260902	202609	2026	2026.6630	PAK	PAKISTAN	PAK								KGZ	KYRGYZSTAN	KGZ								0	0311	031	03	1	5.2	2	1	2	5.39419087136929	4	Lahore, Punjab, Pakistan	PK	PK04	23677	31.5497	74.3436	-2767043	4	Lahore, Punjab, Pakistan	PK	PK04	23677	31.5497	74.3436	-2767043	4	Lahore, Punjab, Pakistan	PK	PK04	23677	31.5497	74.3436	-2767043	20260902123000	https://www.samaa.tv/2087356154-pakistan-kyrgyzstan-set-trade-target-of-200m-sign-16-agreements
1321099734	20260902	202609	2026	2026.6630	PAK	PAKISTAN	PAK								KGZ	KYRGYZSTAN	KGZ								0	046	046	04	1	7.0	6	1	6	5.39419087136929	4	Lahore, Punjab, Pakistan	PK	PK04	23677	31.5497	74.3436	-2767043	4	Bishkek, Bishkek, Kyrgyzstan	KG	KG01	37216	42.8731	74.6003	-2331392	4	Bishkek, Bishkek, Kyrgyzstan	KG	KG01	37216	42.8731	74.6003	-2331392	20260902123000	https://www.samaa.tv/2087356154-pakistan-kyrgyzstan-set-trade-target-of-200m-sign-16-agreements
1321099735	20260902	202609	2026	2026.6630	PAK	PAKISTAN	PAK								KGZ	KYRGYZSTAN	KGZ								0	046	046	04	1	7.0	2	1	2	5.39419087136929	4	Lahore, Punjab, Pakistan	PK	PK04	23677	31.5497	74.3436	-2767043	4	Lahore, Punjab, Pakistan	PK	PK04	23677	31.5497	74.3436	-2767043	4	Bishkek, Bishkek, Kyrgyzstan	KG	KG01	37216	42.8731	74.6003	-2331392	20260902123000	https://www.samaa.tv/2087356154-pakistan-kyrgyzstan-set-trade-target-of-200m-sign-16-agreements
1321099736	20260902	202609	2026	2026.6630	PAK	PAKISTAN	PAK								KGZ	KYRGYZSTAN	KGZ								0	051	051	05	1	3.4	2	1	2	5.39419087136929	4	Bishkek, Bishkek, Kyrgyzstan	KG	KG01	37216	42.8731	74.6003	-2331392	4	Bishkek, Bishkek, Kyrgyzstan	KG	KG01	37216	42.8731	74.6003	-2331392	4	Bishkek, Bishkek, Kyrgyzstan	KG	KG01	37216	42.8731	74.6003	-2331392	20260902123000	https://www.samaa.tv/2087356154-pakistan-kyrgyzstan-set-trade-target-of-200m-sign-16-agreements
1321099737	20260902	202609	2026	2026.6630	PAK	PAKISTAN	PAK								KGZ	KYRGYZSTAN	KGZ								0	051	051	05	1	3.4	6	1	6	5.39419087136929	4	Lahore, Punjab, Pakistan	PK	PK04	23677	31.5497	74.3436	-2767043	4	Bishkek, Bishkek, Kyrgyzstan	KG	KG01	37216	42.8731	74.6003	-2331392	4	Bishkek, Bishkek, Kyrgyzstan	KG	KG01	37216	42.8731	74.6003	-2331392	20260902123000	https://www.samaa.tv/2087356154-pakistan-kyrgyzstan-set-trade-target-of-200m-sign-16-agreements
1321099738	20260902	202609	2026	2026.6630	PAK	PAKISTAN	PAK								KGZ	KYRGYZSTAN	KGZ								0	051	051	05	1	3.4	2	1	2	5.39419087136929	4	Lahore, Punjab, Pakistan	PK	PK04	23677	31.5497	74.3436	-2767043	4	Lahore, Punjab, Pakistan	PK	PK04	23677	31.5497	74.3436	-2767043	4	Bishkek, Bishkek, Kyrgyzstan	KG	KG01	37216	42.8731	74.6003	-2331392	20260902123000	https://www.samaa.tv/2087356154-pakistan-kyrgyzstan-set-trade-target-of-200m-sign-16-agreements
1321099739	20260902	202609	2026	2026.6630	PAK	PAKISTAN	PAK								KGZ	KYRGYZSTAN	KGZ								0	057	057	05	1	8.0	2	1	2	5.39419087136929	4	Bishkek, Bishkek, Kyrgyzstan	KG	KG01	37216	42.8731	74.6003	-2331392	4	Lahore, Punjab, Pakistan	PK	PK04	23677	31.5497	74.3436	-2767043	4	Bishkek, Bishkek, Kyrgyzstan	KG	KG01	37216	42.8731	74.6003	-2331392	20260902123000	https://www.samaa.tv/2087356154-pakistan-kyrgyzstan-set-trade-target-of-200m-sign-16-agreements
1321099740	20260902	202609	2026	2026.6630	PAK	PAKISTAN	PAK								KGZ	KYRGYZSTAN	KGZ								0	057	057	05	1	8.0	4	1	4	5.39419087136929	4	Lahore, Punjab, Pakistan	PK	PK04	23677	31.5497	74.3436	-2767043	4	Bishkek, Bishkek, Kyrgyzstan	KG	KG01	37216	42.8731	74.6003	-2331392	4	Lahore, Punjab, Pakistan	PK	PK04	23677	31.5497	74.3436	-2767043	20260902123000	https://www.samaa.tv/2087356154-pakistan-kyrgyzstan-set-trade-target-of-200m-sign-16-agreements
1321099741	20260902	202609	2026	2026.6630	PAK	PAKISTAN	PAK								KGZ	KYRGYZSTAN	KGZ								0	110	110	11	3	-2.0	6	1	6	5.39419087136929	4	Lahore, Punjab, Pakistan	PK	PK04	23677	31.5497	74.3436	-2767043	4	Bishkek, Bishkek, Kyrgyzstan	KG	KG01	37216	42.8731	74.6003	-2331392	4	Bishkek, Bishkek, Kyrgyzstan	KG	KG01	37216	42.8731	74.6003	-2331392	20260902123000	https://www.samaa.tv/2087356154-pakistan-kyrgyzstan-set-trade-target-of-200m-sign-16-agreements
1321099742	20260902	202609	2026	2026.6630	PAK	PAKISTAN	PAK								KGZ	KYRGYZSTAN	KGZ								0	110	110	11	3	-2.0	2	1	2	5.39419087136929	4	Lahore, Punjab, Pakistan	PK	PK04	23677	31.5497	74.3436	-2767043	4	Lahore, Punjab, Pakistan	PK	PK04	23677	31.5497	74.3436	-2767043	4	Bishkek, Bishkek, Kyrgyzstan	KG	KG01	37216	42.8731	74.6003	-2331392	20260902123000	https://www.samaa.tv/2087356154-pakistan-kyrgyzstan-set-trade-target-of-200m-sign-16-agreements
1321099743	20260902	202609	2026	2026.6630	PAK	PAKISTAN	PAK								KGZ	KYRGYZSTAN	KGZ								0	110	110	11	3	-2.0	2	1	2	5.39419087136929	4	Lahore, Punjab, Pakistan	PK	PK04	23677	31.5497	74.3436	-2767043	4	Lahore, Punjab, Pakistan	PK	PK04	23677	31.5497	74.3436	-2767043	4	Lahore, Punjab, Pakistan	PK	PK04	23677	31.5497	74.3436	-2767043	20260902123000	https://www.samaa.tv/2087356154-pakistan-kyrgyzstan-set-trade-target-of-200m-sign-16-agreements
1321099744	20260902	202609	2026	2026.6630	PAN	PANAMA	PAN																		1	060	060	06	2	6.0	3	1	3	0.24630541871921	1	Panama	PM	PM		9	-80	PM	0								1	Panama	PM	PM		9	-80	PM	20260902123000	https://www.idea.int/news/findings-voter-turnout-among-temporary-indigenous-migrants-ngabe-bugle-comarca-panama
1321099745	20260902	202609	2026	2026.6630	PAN	PANAMA	PAN								ESP	SPANISH	ESP								1	040	040	04	1	1.0	4	1	4	0.24630541871921	1	Panama	PM	PM		9	-80	PM	1	Panama	PM	PM		9	-80	PM	1	Panama	PM	PM		9	-80	PM	20260902123000	https://www.idea.int/news/findings-voter-turnout-among-temporary-indigenous-migrants-ngabe-bugle-comarca-panama
1321099746	20260902	202609	2026	2026.6630	PHL	PHILIPPINE	PHL																		1	010	010	01	1	0.0	4	1	4	-5.08771929824561	4	Batangas, Batangas City, Philippines	RP	RPA7	24231	13.7567	121.058	-2413040	0								4	Batangas, Batangas City, Philippines	RP	RPA7	24231	13.7567	121.058	-2413040	20260902123000	https://www.rappler.com/business/department-energy-collected-penalties-leandro-leviste-solar-firm/
1321099747	20260902	202609	2026	2026.6630	PHL	PHILIPPINE	PHL																		1	010	010	01	1	0.0	13	2	13	-2.5117941965198	4	Philippine, Benguet, Philippines	RP	RP10	24213	16.45	120.55	-2445611	0								4	Philippine, Benguet, Philippines	RP	RP10	24213	16.45	120.55	-2445611	20260902123000	https://www.rappler.com/philippines/status-decades-tuberculosis-department-health/
1321099748	20260902	202609	2026	2026.6630	PHL	PHILIPPINE	PHL																		1	051	051	05	1	3.4	4	1	4	9.73053892215571	4	Marawi, Marawi, Philippines	RP	RPE1	24272	8.0034	124.284	-2438515	0								4	Marawi, Marawi, Philippines	RP	RPE1	24272	8.0034	124.284	-2438515	20260902123000	https://www.manilatimes.net/2026/09/02/tmt-newswire/cebuana-lhuillier-celebrates-excellence-outstanding-performance-at-the-2026-brillo-awards/2416793
1321099749	20260902	202609	2026	2026.6630	PHL	PHILIPPINE	PHL																		0	110	110	11	3	-2.0	4	1	4	9.73053892215571	4	Marawi, Marawi, Philippines	RP	RPE1	24272	8.0034	124.284	-2438515	0								4	Marawi, Marawi, Philippines	RP	RPE1	24272	8.0034	124.284	-2438515	20260902123000	https://www.manilatimes.net/2026/09/02/tmt-newswire/cebuana-lhuillier-celebrates-excellence-outstanding-performance-at-the-2026-brillo-awards/2416793
1321099750	20260902	202609	2026	2026.6630	PHL	PHILIPPINE	PHL																		1	172	172	17	4	-5.0	3	1	3	-5.08771929824561	4	Batangas, Batangas City, Philippines	RP	RPA7	24231	13.7567	121.058	-2413040	0								4	Batangas, Batangas City, Philippines	RP	RPA7	24231	13.7567	121.058	-2413040	20260902123000	https://www.rappler.com/business/department-energy-collected-penalties-leandro-leviste-solar-firm/
1321099751	20260902	202609	2026	2026.6630	PHL	PHILIPPINE	PHL								BUS	COMPANIES						BUS			0	013	013	01	1	0.4	4	1	4	0.24067388688327	4	Kalusugan, Quezon City, Philippines	RP	RPF2	24210	14.6227	121.025	10584885	4	Kalusugan, Quezon City, Philippines	RP	RPF2	24210	14.6227	121.025	10584885	4	Kalusugan, Quezon City, Philippines	RP	RPF2	24210	14.6227	121.025	10584885	20260902123000	https://www.rappler.com/philippines/sara-duterte-office-vice-president-budget-2027/
1321099752	20260902	202609	2026	2026.6630	PHL	FILIPINO	PHL								BUS	INDUSTRY						BUS			1	070	070	07	2	7.0	10	1	10	3.65950676213206	4	Metro Manila, Philippines (general), Philippines	RP	RP00	24210	14.5833	121	-2439768	4	Metro Manila, Philippines (general), Philippines	RP	RP00	24210	14.5833	121	-2439768	4	Metro Manila, Philippines (general), Philippines	RP	RP00	24210	14.5833	121	-2439768	20260902123000	https://www.manilatimes.net/2026/09/02/tmt-newswire/sm-foundation-upskill-to-work-program-guarantees-jobs-for-underserved-youth/2416802
1321099753	20260902	202609	2026	2026.6630	PHL	MANILA	PHL								COP	POLICE OFFICER						COP			1	012	012	01	1	-0.4	6	1	6	-1.0840108401084	4	Manila, Manila, Philippines	RP	RPD9	24210	14.6042	120.982	-2437894	4	Batangas, Batangas City, Philippines	RP	RPA7	24231	13.7567	121.058	-2413040	4	Philippine, Benguet, Philippines	RP	RP10	24213	16.45	120.55	-2445611	20260902123000	https://www.manilatimes.net/2026/09/02/regions/pnp-vows-support-for-family-of-batangas-policeman-killed-in-robbery-bust/2416862
1321099754	20260902	202609	2026	2026.6630	PHL	PHILIPPINE	PHL								COP	POLICE OFFICER						COP			1	012	012	01	1	-0.4	2	1	2	-1.0840108401084	4	Manila, Manila, Philippines	RP	RPD9	24210	14.6042	120.982	-2437894	4	Philippine, Benguet, Philippines	RP	RP10	24213	16.45	120.55	-2445611	4	Philippine, Benguet, Philippines	RP	RP10	24213	16.45	120.55	-2445611	20260902123000	https://www.manilatimes.net/2026/09/02/regions/pnp-vows-support-for-family-of-batangas-policeman-killed-in-robbery-bust/2416862
1321099755	20260902	202609	2026	2026.6630	PHL	MANILA	PHL								COP	POLICE OFFICER						COP			1	012	012	01	1	-0.4	2	1	2	-1.0840108401084	4	Philippine, Benguet, Philippines	RP	RP10	24213	16.45	120.55	-2445611	4	Philippine, Benguet, Philippines	RP	RP10	24213	16.45	120.55	-2445611	4	Philippine, Benguet, Philippines	RP	RP10	24213	16.45	120.55	-2445611	20260902123000	https://www.manilatimes.net/2026/09/02/regions/pnp-vows-support-for-family-of-batangas-policeman-killed-in-robbery-bust/2416862
1321099756	20260902	202609	2026	2026.6630	PHL	PHILIPPINE	PHL								EDU	SCHOLAR						EDU			0	010	010	01	1	0.0	2	1	2	3.65950676213206	4	Don Bosco, City of Paranaque, Philippines	RP	RPL7	24229	14.4809	121.021	10701949	4	Don Bosco, City of Paranaque, Philippines	RP	RPL7	24229	14.4809	121.021	10701949	4	Don Bosco, City of Paranaque, Philippines	RP	RPL7	24229	14.4809	121.021	10701949	20260902123000	https://www.manilatimes.net/2026/09/02/tmt-newswire/sm-foundation-upskill-to-work-program-guarantees-jobs-for-underserved-youth/2416802
1321099757	20260902	202609	2026	2026.6630	PHL	PHILIPPINE	PHL								EDU	SCHOLAR						EDU			1	043	043	04	1	2.8	16	1	8	3.65950676213206	4	Pasay City, Pasay, Philippines	RP	RPE9	24210	14.5518	120.994	-2445008	4	Pasay City, Pasay, Philippines	RP	RPE9	24210	14.5518	120.994	-2445008	4	Pasay City, Pasay, Philippines	RP	RPE9	24210	14.5518	120.994	-2445008	20260902123000	https://www.manilatimes.net/2026/09/02/tmt-newswire/sm-foundation-upskill-to-work-program-guarantees-jobs-for-underserved-youth/2416802
1321099758	20260902	202609	2026	2026.6630	PHL	MANILA	PHL								GOV	GOVERNMENT						GOV			1	010	010	01	1	0.0	1	1	1	-0.4424778761062	1	Netherlands	NL	NL		52.5	5.75	NL	4	Metro Manila, Philippines (general), Philippines	RP	RP00	24210	14.5833	121	-2439768	4	Metro Manila, Philippines (general), Philippines	RP	RP00	24210	14.5833	121	-2439768	20260902123000	https://www.manilatimes.net/2026/09/02/news/construction-of-water-catchment-basins-in-metro-manila-execution-ready-mmda/2416850
1321099759	20260902	202609	2026	2026.6630	PHL	MANILA	PHL								GOV	GOVERNMENT						GOV			1	010	010	01	1	0.0	1	1	1	-0.4424778761062	1	United Kingdom	UK	UK		54	-4	UK	4	Metro Manila, Philippines (general), Philippines	RP	RP00	24210	14.5833	121	-2439768	4	Metro Manila, Philippines (general), Philippines	RP	RP00	24210	14.5833	121	-2439768	20260902123000	https://www.manilatimes.net/2026/09/02/news/construction-of-water-catchment-basins-in-metro-manila-execution-ready-mmda/2416850
1321099760	20260902	202609	2026	2026.6630	PHL	PHILIPPINE	PHL								GOV	GOVERNMENT						GOV			0	014	014	01	1	0.0	4	1	4	-4.7945205479452	4	Manila, Manila, Philippines	RP	RPD9	24210	14.6042	120.982	-2437894	4	Manila, Manila, Philippines	RP	RPD9	24210	14.6042	120.982	-2437894	4	Manila, Manila, Philippines	RP	RPD9	24210	14.6042	120.982	-2437894	20260902123000	https://www.rappler.com/business/vat-system-loss-removal-november-2026/
1321099761	20260902	202609	2026	2026.6630	PHL	PHILIPPINE	PHL								JPN	JAPANESE	JPN								1	051	051	05	1	3.4	5	1	5	-3.45721694036301	4	Yasukuni, Hokkaido, Japan	JA	JA12	34385	43.9894	143.537	-248436	4	Yasukuni, Hokkaido, Japan	JA	JA12	34385	43.9894	143.537	-248436	4	Yasukuni, Hokkaido, Japan	JA	JA12	34385	43.9894	143.537	-248436	20260902123000	https://www.manilatimes.net/2026/09/02/supplements/the-philippines-must-not-trade-historical-memory-for-strategic-convenience/2416785
1321099762	20260902	202609	2026	2026.6630	PHL	PHILIPPINE	PHL								JUD	PROSECUTOR						JUD			0	020	020	02	1	3.0	2	1	2	-4.94296577946768	4	Manila, Manila, Philippines	RP	RPD9	24210	14.6042	120.982	-2437894	4	Manila, Manila, Philippines	RP	RPD9	24210	14.6042	120.982	-2437894	4	Manila, Manila, Philippines	RP	RPD9	24210	14.6042	120.982	-2437894	20260902123000	https://www.rappler.com/philippines/senate-impeachment-court-eyes-adjustments-sara-duterte-trial-schedule/
1321099763	20260902	202609	2026	2026.6630	PHL	MANILA	PHL								LEG	CHAMBER						LEG			1	014	014	01	1	0.0	10	1	10	-4.94296577946768	4	Manila, Manila, Philippines	RP	RPD9	24210	14.6042	120.982	-2437894	4	Manila, Manila, Philippines	RP	RPD9	24210	14.6042	120.982	-2437894	4	Manila, Manila, Philippines	RP	RPD9	24210	14.6042	120.982	-2437894	20260902123000	https://www.rappler.com/philippines/senate-impeachment-court-eyes-adjustments-sara-duterte-trial-schedule/
1321099764	20260902	202609	2026	2026.6630	PHL	MANILA	PHL								PHLCVL	FILIPINO	PHL					CVL			1	190	190	19	4	-10.0	7	1	7	-3.45721694036301	4	Manila, Manila, Philippines	RP	RPD9	24210	14.6042	120.982	-2437894	4	Manila, Manila, Philippines	RP	RPD9	24210	14.6042	120.982	-2437894	4	Manila, Manila, Philippines	RP	RPD9	24210	14.6042	120.982	-2437894	20260902123000	https://www.manilatimes.net/2026/09/02/supplements/the-philippines-must-not-trade-historical-memory-for-strategic-convenience/2416785
1321099765	20260902	202609	2026	2026.6630	PHL	MANILA	PHL								PHLCVL	FILIPINO	PHL					CVL			1	190	190	19	4	-10.0	3	1	3	-3.45721694036301	4	Yasukuni, Hokkaido, Japan	JA	JA12	34385	43.9894	143.537	-248436	4	Yasukuni, Hokkaido, Japan	JA	JA12	34385	43.9894	143.537	-248436	4	Yasukuni, Hokkaido, Japan	JA	JA12	34385	43.9894	143.537	-248436	20260902123000	https://www.manilatimes.net/2026/09/02/supplements/the-philippines-must-not-trade-historical-memory-for-strategic-convenience/2416785
1321099766	20260902	202609	2026	2026.6630	PHL	PHILIPPINE	PHL								UAF	HIRED GUN						UAF			1	138	138	13	3	-7.0	4	1	4	0.24067388688327	4	Cagayan, Cebu, Philippines	RP	RP21	24253	9.7064	123.4	-2418282	4	Cagayan, Cebu, Philippines	RP	RP21	24253	9.7064	123.4	-2418282	4	Cagayan, Cebu, Philippines	RP	RP21	24253	9.7064	123.4	-2418282	20260902123000	https://www.rappler.com/philippines/sara-duterte-office-vice-president-budget-2027/
1321099767	20260902	202609	2026	2026.6630	PHLBUS	PHILIPPINE	PHL					BUS			PHL	PHILIPPINE	PHL								0	010	010	01	1	0.0	2	1	2	-5.08771929824561	4	Batangas, Batangas City, Philippines	RP	RPA7	24231	13.7567	121.058	-2413040	4	Batangas, Batangas City, Philippines	RP	RPA7	24231	13.7567	121.058	-2413040	4	Batangas, Batangas City, Philippines	RP	RPA7	24231	13.7567	121.058	-2413040	20260902123000	https://www.rappler.com/business/department-energy-collected-penalties-leandro-leviste-solar-firm/
1321099768	20260902	202609	2026	2026.6630	PHLCOP	PHILIPPINE	PHL					COP													1	051	051	05	1	3.4	4	1	4	-1.0840108401084	4	Manila, Manila, Philippines	RP	RPD9	24210	14.6042	120.982	-2437894	0								4	Manila, Manila, Philippines	RP	RPD9	24210	14.6042	120.982	-2437894	20260902123000	https://www.manilatimes.net/2026/09/02/regions/pnp-vows-support-for-family-of-batangas-policeman-killed-in-robbery-bust/2416862
1321099769	20260902	202609	2026	2026.6630	PHLCOP	PHILIPPINE	PHL					COP													1	051	051	05	1	3.4	2	1	2	-1.0840108401084	4	Philippine, Benguet, Philippines	RP	RP10	24213	16.45	120.55	-2445611	0								4	Philippine, Benguet, Philippines	RP	RP10	24213	16.45	120.55	-2445611	20260902123000	https://www.manilatimes.net/2026/09/02/regions/pnp-vows-support-for-family-of-batangas-policeman-killed-in-robbery-bust/2416862
1321099770	20260902	202609	2026	2026.6630	PHLCOP	PHILIPPINE	PHL					COP			COPSPY	POLICE						COP	SPY		1	153	153	15	4	-7.2	8	1	8	-1.0840108401084	4	Batangas, Batangas City, Philippines	RP	RPA7	24231	13.7567	121.058	-2413040	4	Batangas, Batangas City, Philippines	RP	RPA7	24231	13.7567	121.058	-2413040	4	Batangas, Batangas City, Philippines	RP	RPA7	24231	13.7567	121.058	-2413040	20260902123000	https://www.manilatimes.net/2026/09/02/regions/pnp-vows-support-for-family-of-batangas-policeman-killed-in-robbery-bust/2416862
1321099771	20260902	202609	2026	2026.6630	PHLGOV	PHILIPPINE	PHL					GOV													0	010	010	01	1	0.0	2	1	2	0.24067388688327	4	Kalusugan, Quezon City, Philippines	RP	RPF2	24210	14.6227	121.025	10584885	0								4	Kalusugan, Quezon City, Philippines	RP	RPF2	24210	14.6227	121.025	10584885	20260902123000	https://www.rappler.com/philippines/sara-duterte-office-vice-president-budget-2027/
1321099772	20260902	202609	2026	2026.6630	PHLGOV	PHILIPPINE	PHL					GOV			EDU	STUDENT						EDU			1	073	073	07	2	7.4	2	1	2	0.24067388688327	4	Kalusugan, Quezon City, Philippines	RP	RPF2	24210	14.6227	121.025	10584885	4	Kalusugan, Quezon City, Philippines	RP	RPF2	24210	14.6227	121.025	10584885	4	Kalusugan, Quezon City, Philippines	RP	RPF2	24210	14.6227	121.025	10584885	20260902123000	https://www.rappler.com/philippines/sara-duterte-office-vice-president-budget-2027/
1321099773	20260902	202609	2026	2026.6630	PHLGOV	PHILIPPINE	PHL					GOV			PHL	PHILIPPINE	PHL								0	130	130	13	3	-4.4	2	1	2	-4.7945205479452	4	Manila, Manila, Philippines	RP	RPD9	24210	14.6042	120.982	-2437894	4	Manila, Manila, Philippines	RP	RPD9	24210	14.6042	120.982	-2437894	4	Manila, Manila, Philippines	RP	RPD9	24210	14.6042	120.982	-2437894	20260902123000	https://www.rappler.com/business/vat-system-loss-removal-november-2026/
1321099774	20260902	202609	2026	2026.6630	PHLJUD	PHILIPPINE	PHL					JUD			JUD	PROSECUTOR						JUD			0	020	020	02	1	3.0	2	1	2	-4.94296577946768	4	Manila, Manila, Philippines	RP	RPD9	24210	14.6042	120.982	-2437894	4	Manila, Manila, Philippines	RP	RPD9	24210	14.6042	120.982	-2437894	4	Manila, Manila, Philippines	RP	RPD9	24210	14.6042	120.982	-2437894	20260902123000	https://www.rappler.com/philippines/senate-impeachment-court-eyes-adjustments-sara-duterte-trial-schedule/
1321099775	20260902	202609	2026	2026.6630	PLW	PALAU	PLW								TWN	TAIWAN	TWN								0	050	050	05	1	3.5	8	1	8	-2.3696682464455	4	Koror, Palau (general), Palau	PS	PS00	23694	7.33333	134.483	226830	1	Taiwan	TW	TW		24	121	TW	1	Taiwan	TW	TW		24	121	TW	20260902123000	https://bworldonline.com/world/2026/09/02/774128/australia-us-commit-580-million-to-support-pacific-island-nations-2/
1321099776	20260902	202609	2026	2026.6630	PLW	PALAU	PLW								TWN	TAIWAN	TWN								0	050	050	05	1	3.5	2	1	2	-2.3696682464455	1	New Zealand	NZ	NZ		-42	174	NZ	4	Koror, Palau (general), Palau	PS	PS00	23694	7.33333	134.483	226830	4	Koror, Palau (general), Palau	PS	PS00	23694	7.33333	134.483	226830	20260902123000	https://bworldonline.com/world/2026/09/02/774128/australia-us-commit-580-million-to-support-pacific-island-nations-2/
1321099777	20260902	202609	2026	2026.6630	PRK	NORTH KOREA	PRK								RUS	RUSSIA	RUS								1	012	012	01	1	-0.4	1	1	1	-3.10945273631841	1	Iran	IR	IR		32	53	IR	1	Russia	RS	RS		60	100	RS	1	Russia	RS	RS		60	100	RS	20260902123000	http://www.strategypage.com/qnd/russia/articles/2026090264852.aspx
1321099778	20260902	202609	2026	2026.6630	PRK	NORTH KOREA	PRK								RUS	RUSSIA	RUS								1	012	012	01	1	-0.4	4	1	4	-3.10945273631841	1	North Korea	KN	KN		40	127	KN	1	Russia	RS	RS		60	100	RS	1	Russia	RS	RS		60	100	RS	20260902123000	http://www.strategypage.com/qnd/russia/articles/2026090264852.aspx
1321099779	20260902	202609	2026	2026.6630	PRT	PORTUGAL	PRT								GBR	BRITISH	GBR								1	051	051	05	1	3.4	8	1	8	-3.77358490566038	1	Portugal	PO	PO		39.5	-8	PO	1	United Kingdom	UK	UK		54	-4	UK	1	United Kingdom	UK	UK		54	-4	UK	20260902123000	https://www.lbc.co.uk/article/british-woman-stabbed-portugal-hotel-5HjdgrM_2/
1321099780	20260902	202609	2026	2026.6630	PRT	PORTUGAL	PRT								GBR	BRITISH	GBR								1	1823	182	18	4	-10.0	10	1	10	-3.77358490566038	1	Portugal	PO	PO		39.5	-8	PO	1	Portugal	PO	PO		39.5	-8	PO	1	Portugal	PO	PO		39.5	-8	PO	20260902123000	https://www.lbc.co.uk/article/british-woman-stabbed-portugal-hotel-5HjdgrM_2/
1321099781	20260902	202609	2026	2026.6630	PRT	PORTUGAL	PRT								GBR	BRITISH	GBR								1	190	190	19	4	-10.0	10	1	10	-3.77358490566038	1	Portugal	PO	PO		39.5	-8	PO	1	United Kingdom	UK	UK		54	-4	UK	1	Portugal	PO	PO		39.5	-8	PO	20260902123000	https://www.lbc.co.uk/article/british-woman-stabbed-portugal-hotel-5HjdgrM_2/
1321099782	20260902	202609	2026	2026.6630	PRT	PORTUGAL	PRT								GOV	AUTHORITIES						GOV			1	046	046	04	1	7.0	8	1	8	-3.77358490566038	1	Portugal	PO	PO		39.5	-8	PO	1	Portugal	PO	PO		39.5	-8	PO	1	Portugal	PO	PO		39.5	-8	PO	20260902123000	https://www.lbc.co.uk/article/british-woman-stabbed-portugal-hotel-5HjdgrM_2/
1321099783	20260902	202609	2026	2026.6630	PSE	PALESTINIAN	PSE																		1	1712	171	17	4	-9.2	6	1	6	-3.57568533969011	4	Gaza, Israel (general), Israel	IS	IS00	18315	31.4167	34.3333	-797156	0								4	Gaza, Israel (general), Israel	IS	IS00	18315	31.4167	34.3333	-797156	20260902123000	https://mondoweiss.net/2026/09/they-destroy-we-build-gazans-rebuild-their-homes-out-of-mud-and-rubble/
1321099784	20260902	202609	2026	2026.6630	PSE	PALESTINE	PSE								GBR	GLASGOW	GBR								1	190	190	19	4	-10.0	6	1	6	-4.01203610832498	1	Israel	IS	IS		31.5	34.75	IS	4	Glasgow, Glasgow City, United Kingdom	UK	UKV2	40176	55.8333	-4.25	-2597039	1	Israel	IS	IS		31.5	34.75	IS	20260902123000	https://www.thejc.com/news/uk/terror-group-palestine-action-runs-website-that-takes-donations-and-features-map-of-targets-m0zekt0s
1321099785	20260902	202609	2026	2026.6630	PSE	WEST BANK	PSE								ISR	ISRAEL	ISR								0	043	043	04	1	2.8	1	1	1	-2.18878248974008	4	Jerusalem, Israel (general), Israel	IS	IS00	18315	31.7667	35.2333	-797092	4	Jerusalem, Israel (general), Israel	IS	IS00	18315	31.7667	35.2333	-797092	4	Jerusalem, Israel (general), Israel	IS	IS00	18315	31.7667	35.2333	-797092	20260902123000	https://www.npr.org/transcripts/nx-s1-5950449
1321099786	20260902	202609	2026	2026.6630	PSE	WEST BANK	PSE								ISR	ISRAEL	ISR								0	043	043	04	1	2.8	4	1	4	-2.18878248974008	1	West Bank	WE	WE		31.666667	35.25	WE	4	Jerusalem, Israel (general), Israel	IS	IS00	18315	31.7667	35.2333	-797092	4	Jerusalem, Israel (general), Israel	IS	IS00	18315	31.7667	35.2333	-797092	20260902123000	https://www.npr.org/transcripts/nx-s1-5950449
1321099787	20260902	202609	2026	2026.6630	PSE	PALESTINIAN	PSE								ISR	ISRAEL	ISR								0	172	172	17	4	-5.0	4	1	2	-3.57568533969011	4	Gaza, Israel (general), Israel	IS	IS00	18315	31.4167	34.3333	-797156	4	Gaza, Israel (general), Israel	IS	IS00	18315	31.4167	34.3333	-797156	4	Gaza, Israel (general), Israel	IS	IS00	18315	31.4167	34.3333	-797156	20260902123000	https://mondoweiss.net/2026/09/they-destroy-we-build-gazans-rebuild-their-homes-out-of-mud-and-rubble/
1321099788	20260902	202609	2026	2026.6630	PSE	PALESTINE	PSE								MED	WEBSITE						MED			1	070	070	07	2	7.0	6	1	6	-4.01203610832498	1	Ireland	EI	EI		53	-8	EI	1	Ireland	EI	EI		53	-8	EI	1	Ireland	EI	EI		53	-8	EI	20260902123000	https://www.thejc.com/news/uk/terror-group-palestine-action-runs-website-that-takes-donations-and-features-map-of-targets-m0zekt0s
1321099789	20260902	202609	2026	2026.6630	PSECHR	PALESTINIAN	PSE			CHR					USA	UNITED STATES	USA								0	057	057	05	1	8.0	2	1	2	-2.18878248974008	4	Jerusalem, Israel (general), Israel	IS	IS00	18315	31.7667	35.2333	-797092	1	United States	US	US		39.828175	-98.5795	US	4	Jerusalem, Israel (general), Israel	IS	IS00	18315	31.7667	35.2333	-797092	20260902123000	https://www.npr.org/transcripts/nx-s1-5950449
1321099790	20260902	202609	2026	2026.6630	PSECHR	PALESTINIAN	PSE			CHR					USA	AMERICAN	USA								0	057	057	05	1	8.0	6	1	6	-2.18878248974008	4	Jerusalem, Israel (general), Israel	IS	IS00	18315	31.7667	35.2333	-797092	1	United States	US	US		39.828175	-98.5795	US	1	West Bank	WE	WE		31.666667	35.25	WE	20260902123000	https://www.npr.org/transcripts/nx-s1-5950449
1321099791	20260902	202609	2026	2026.6630	PSELAB	PALESTINIAN	PSE					LAB			ISR	ISRAEL	ISR								1	172	172	17	4	-5.0	18	1	6	-3.57568533969011	4	Gaza, Israel (general), Israel	IS	IS00	18315	31.4167	34.3333	-797156	4	Gaza, Israel (general), Israel	IS	IS00	18315	31.4167	34.3333	-797156	4	Gaza, Israel (general), Israel	IS	IS00	18315	31.4167	34.3333	-797156	20260902123000	https://mondoweiss.net/2026/09/they-destroy-we-build-gazans-rebuild-their-homes-out-of-mud-and-rubble/
1321099792	20260902	202609	2026	2026.6630	PTY	PARTY LEADER																			0	020	020	02	1	3.0	12	1	6	-1.43540669856459	4	Greater Manchester, United Kingdom (general), United Kingdom	UK	UK00	40111	53.45	-2.23333	-2597513	0								4	Greater Manchester, United Kingdom (general), United Kingdom	UK	UK00	40111	53.45	-2.23333	-2597513	20260902123000	https://www.lbc.co.uk/article/andy-burnham-budget-tax-rises-debt-5HjdgrR_2/
1321099793	20260902	202609	2026	2026.6630	PTY	PARTY LEADER									GBR	UNITED KINGDOM	GBR								0	020	020	02	1	3.0	4	1	2	-1.43540669856459	4	Greater Manchester, United Kingdom (general), United Kingdom	UK	UK00	40111	53.45	-2.23333	-2597513	4	Greater Manchester, United Kingdom (general), United Kingdom	UK	UK00	40111	53.45	-2.23333	-2597513	4	Greater Manchester, United Kingdom (general), United Kingdom	UK	UK00	40111	53.45	-2.23333	-2597513	20260902123000	https://www.lbc.co.uk/article/andy-burnham-budget-tax-rises-debt-5HjdgrR_2/
1321099794	20260902	202609	2026	2026.6630	REB	REVOLT						REB													1	192	192	19	4	-9.5	10	1	10	-2.35585864848109	3	Milwaukee County, Wisconsin, United States	US	USWI	WI079	43.0006	-87.9668	1581100	0								3	Milwaukee County, Wisconsin, United States	US	USWI		43.0006	-87.9668	1581100	20260902123000	https://www.thenation.com/article/politics/trump-ai-data-centers-populism/
1321099795	20260902	202609	2026	2026.6630	REL	PILGRIM																			1	073	073	07	2	7.4	1	1	1	0.8695652173913	5	Tamil Nadu, Tamil Nadu, India	IN	IN25	70248	11	78	-2112557	0								5	Tamil Nadu, Tamil Nadu, India	IN	IN25	70248	11	78	-2112557	20260902123000	https://www.deccanchronicle.com/southern-states/tamil-nadu/madras-hc-tells-govt-to-file-report-on-steps-taken-to-trace-pilgrims-missing-following-nepal-floods-1984298
1321099796	20260902	202609	2026	2026.6630	RUS	RUSSIA	RUS																		0	013	013	01	1	0.4	2	1	2	0.37023324694558	4	Slavyansk, Primorskiy Kray, Russia	RS	RS59	25088	42.8696	131.378	-3005615	0								4	Slavyansk, Primorskiy Kray, Russia	RS	RS59	25088	42.8696	131.378	-3005615	20260902123000	http://en.kremlin.ru/events/president/news/80665
1321099797	20260902	202609	2026	2026.6630	RUS	RUSSIA	RUS																		0	033	033	03	1	5.2	1	1	1	3.27731092436974	4	Bishkek, Bishkek, Kyrgyzstan	KG	KG01	37216	42.8731	74.6003	-2331392	0								4	Petersburg, Sankt-Peterburg, Russia	RS	RS66	25095	59.8944	30.2642	-2996338	20260902123000	http://en.kremlin.ru/events/president/news/80663
1321099798	20260902	202609	2026	2026.6630	RUS	RUSSIA	RUS																		0	033	033	03	1	5.2	4	1	4	3.27731092436974	4	Petersburg, Sankt-Peterburg, Russia	RS	RS66	25095	59.8944	30.2642	-2996338	0								4	Bishkek, Bishkek, Kyrgyzstan	KG	KG01	37216	42.8731	74.6003	-2331392	20260902123000	http://en.kremlin.ru/events/president/news/80663
1321099799	20260902	202609	2026	2026.6630	RUS	RUSSIAN	RUS																		1	040	040	04	1	1.0	1	1	1	1.38050043140638	4	Bishkek, Bishkek, Kyrgyzstan	KG	KG01	37216	42.8731	74.6003	-2331392	0								4	Bishkek, Bishkek, Kyrgyzstan	KG	KG01	37216	42.8731	74.6003	-2331392	20260902123000	http://en.kremlin.ru/events/president/news/80662
1321099800	20260902	202609	2026	2026.6630	RUS	ST PETERSBURG	RUS																		0	040	040	04	1	1.0	1	1	1	3.27731092436974	4	Bishkek, Bishkek, Kyrgyzstan	KG	KG01	37216	42.8731	74.6003	-2331392	0								4	Petersburg, Sankt-Peterburg, Russia	RS	RS66	25095	59.8944	30.2642	-2996338	20260902123000	http://en.kremlin.ru/events/president/news/80663
1321099801	20260902	202609	2026	2026.6630	RUS	ST PETERSBURG	RUS																		0	040	040	04	1	1.0	4	1	4	3.27731092436974	4	Petersburg, Sankt-Peterburg, Russia	RS	RS66	25095	59.8944	30.2642	-2996338	0								4	Petersburg, Sankt-Peterburg, Russia	RS	RS66	25095	59.8944	30.2642	-2996338	20260902123000	http://en.kremlin.ru/events/president/news/80663
1321099802	20260902	202609	2026	2026.6630	RUS	RUSSIA	RUS																		0	060	060	06	2	6.0	1	1	1	3.27731092436974	4	Bishkek, Bishkek, Kyrgyzstan	KG	KG01	37216	42.8731	74.6003	-2331392	0								4	Petersburg, Sankt-Peterburg, Russia	RS	RS66	25095	59.8944	30.2642	-2996338	20260902123000	http://en.kremlin.ru/events/president/news/80663
1321099803	20260902	202609	2026	2026.6630	RUS	RUSSIAN	RUS								GOV	PRESIDENT						GOV			1	040	040	04	1	1.0	2	1	2	3.27731092436974	4	Petersburg, Sankt-Peterburg, Russia	RS	RS66	25095	59.8944	30.2642	-2996338	4	Bishkek, Bishkek, Kyrgyzstan	KG	KG01	37216	42.8731	74.6003	-2331392	4	Petersburg, Sankt-Peterburg, Russia	RS	RS66	25095	59.8944	30.2642	-2996338	20260902123000	http://en.kremlin.ru/events/president/news/80663
1321099804	20260902	202609	2026	2026.6630	RUS	RUSSIAN	RUS								GOV	PRESIDENT						GOV			1	040	040	04	1	1.0	2	1	2	3.27731092436974	4	Petersburg, Sankt-Peterburg, Russia	RS	RS66	25095	59.8944	30.2642	-2996338	4	Petersburg, Sankt-Peterburg, Russia	RS	RS66	25095	59.8944	30.2642	-2996338	4	Petersburg, Sankt-Peterburg, Russia	RS	RS66	25095	59.8944	30.2642	-2996338	20260902123000	http://en.kremlin.ru/events/president/news/80663
1321099805	20260902	202609	2026	2026.6630	RUS	RUSSIA	RUS								GOV	FOREIGN MINIST						GOV			1	040	040	04	1	1.0	2	1	2	1.38050043140638	1	Russia	RS	RS		60	100	RS	1	Russia	RS	RS		60	100	RS	4	Bishkek, Bishkek, Kyrgyzstan	KG	KG01	37216	42.8731	74.6003	-2331392	20260902123000	http://en.kremlin.ru/events/president/news/80662
1321099806	20260902	202609	2026	2026.6630	RUS	RUSSIAN	RUS								GOV	PRESIDENT						GOV			1	046	046	04	1	7.0	2	1	2	3.27731092436974	4	Petersburg, Sankt-Peterburg, Russia	RS	RS66	25095	59.8944	30.2642	-2996338	4	Bishkek, Bishkek, Kyrgyzstan	KG	KG01	37216	42.8731	74.6003	-2331392	4	Petersburg, Sankt-Peterburg, Russia	RS	RS66	25095	59.8944	30.2642	-2996338	20260902123000	http://en.kremlin.ru/events/president/news/80663
1321099807	20260902	202609	2026	2026.6630	RUS	RUSSIAN	RUS								GOV	PRESIDENT						GOV			1	046	046	04	1	7.0	2	1	2	3.27731092436974	4	Petersburg, Sankt-Peterburg, Russia	RS	RS66	25095	59.8944	30.2642	-2996338	4	Petersburg, Sankt-Peterburg, Russia	RS	RS66	25095	59.8944	30.2642	-2996338	4	Petersburg, Sankt-Peterburg, Russia	RS	RS66	25095	59.8944	30.2642	-2996338	20260902123000	http://en.kremlin.ru/events/president/news/80663
1321099808	20260902	202609	2026	2026.6630	RUS	RUSSIA	RUS								IGOWSTNAT	NATO	WST	NAT				IGO			0	0234	023	02	1	3.4	5	1	5	-3.10945273631841	1	Russia	RS	RS		60	100	RS	1	Russia	RS	RS		60	100	RS	1	Russia	RS	RS		60	100	RS	20260902123000	http://www.strategypage.com/qnd/russia/articles/2026090264852.aspx
1321099809	20260902	202609	2026	2026.6630	RUS	RUSSIA	RUS								ISR	ISRAEL	ISR								0	016	016	01	1	-2.0	6	1	6	-7.61421319796954	1	Russia	RS	RS		60	100	RS	1	Israel	IS	IS		31.5	34.75	IS	1	Israel	IS	IS		31.5	34.75	IS	20260902123000	https://www.africanews.com/2026/09/02/23-sexual-assaults-reported-in-ceuta-after-migrant-influx/
1321099810	20260902	202609	2026	2026.6630	RUS	RUSSIA	RUS								ISR	ISRAEL	ISR								0	016	016	01	1	-2.0	2	1	2	-7.61421319796954	1	Russia	RS	RS		60	100	RS	1	Russia	RS	RS		60	100	RS	1	Israel	IS	IS		31.5	34.75	IS	20260902123000	https://www.africanews.com/2026/09/02/23-sexual-assaults-reported-in-ceuta-after-migrant-influx/
1321099811	20260902	202609	2026	2026.6630	RUS	RUSSIA	RUS								ISR	ISRAEL	ISR								0	016	016	01	1	-2.0	2	1	2	-7.61421319796954	1	Russia	RS	RS		60	100	RS	1	Russia	RS	RS		60	100	RS	1	Russia	RS	RS		60	100	RS	20260902123000	https://www.africanews.com/2026/09/02/23-sexual-assaults-reported-in-ceuta-after-migrant-influx/
1321099812	20260902	202609	2026	2026.6630	RUS	RUSSIAN	RUS								RUSGOV	RUSSIA	RUS					GOV			1	040	040	04	1	1.0	1	1	1	1.38050043140638	4	Bishkek, Bishkek, Kyrgyzstan	KG	KG01	37216	42.8731	74.6003	-2331392	1	Russia	RS	RS		60	100	RS	4	Bishkek, Bishkek, Kyrgyzstan	KG	KG01	37216	42.8731	74.6003	-2331392	20260902123000	http://en.kremlin.ru/events/president/news/80662
1321099813	20260902	202609	2026	2026.6630	RUS	VLADIVOSTOK	RUS								RUSGOV	VLADIMIR PUTIN	RUS					GOV			1	043	043	04	1	2.8	20	1	10	0.485436893203883	1	Indonesia	ID	ID		-5	120	ID	1	Indonesia	ID	ID		-5	120	ID	1	Indonesia	ID	ID		-5	120	ID	20260902123000	http://en.kremlin.ru/events/president/news/80667
1321099814	20260902	202609	2026	2026.6630	RUS	RUSSIAN	RUS								RUSGOV	RUSSIA	RUS					GOV			0	046	046	04	1	7.0	1	1	1	0.16366612111293	1	Turkey	TU	TU		39.059012	34.911546	TU	1	Turkey	TU	TU		39.059012	34.911546	TU	1	Turkey	TU	TU		39.059012	34.911546	TU	20260902123000	https://www.bankingnews.gr/amyna-diplomatia/articles/897029/step-back-now-harsh-message-from-erdogan-to-greece-following-meeting-with-putin-ultimatum-over-the-military-on-the-islands
1321099815	20260902	202609	2026	2026.6630	RUS	RUSSIAN	RUS								RUSGOV	VLADIMIR PUTIN	RUS					GOV			1	090	090	09	2	-2.0	2	1	2	0.37023324694558	4	Belgorod, Belgorodskaya Oblast', Russia	RS	RS09	25036	50.6107	36.5802	-2883930	4	Belgorod, Belgorodskaya Oblast', Russia	RS	RS09	25036	50.6107	36.5802	-2883930	4	Belgorod, Belgorodskaya Oblast', Russia	RS	RS09	25036	50.6107	36.5802	-2883930	20260902123000	http://en.kremlin.ru/events/president/news/80665
1321099816	20260902	202609	2026	2026.6630	RUS	RUSSIAN	RUS								RUSGOV	VLADIMIR PUTIN	RUS					GOV			1	090	090	09	2	-2.0	2	1	2	0.37023324694558	4	Belgorod, Belgorodskaya Oblast', Russia	RS	RS09	25036	50.6107	36.5802	-2883930	4	Svyatogorsk, Omskaya Oblast', Russia	RS	RS54	25083	54.3876	71.3804	-3014465	4	Svyatogorsk, Omskaya Oblast', Russia	RS	RS54	25083	54.3876	71.3804	-3014465	20260902123000	http://en.kremlin.ru/events/president/news/80665
1321099817	20260902	202609	2026	2026.6630	RUS	RUSSIAN	RUS								RUSMIL	RUSSIA	RUS					MIL			0	046	046	04	1	7.0	2	1	2	3.27731092436974	4	Petersburg, Sankt-Peterburg, Russia	RS	RS66	25095	59.8944	30.2642	-2996338	4	Petersburg, Sankt-Peterburg, Russia	RS	RS66	25095	59.8944	30.2642	-2996338	4	Petersburg, Sankt-Peterburg, Russia	RS	RS66	25095	59.8944	30.2642	-2996338	20260902123000	http://en.kremlin.ru/events/president/news/80663
1321099818	20260902	202609	2026	2026.6630	RUS	RUSSIAN	RUS								TUR	TURKEY	TUR								0	046	046	04	1	7.0	1	1	1	0.16366612111293	1	Russia	RS	RS		60	100	RS	1	Turkey	TU	TU		39.059012	34.911546	TU	1	Russia	RS	RS		60	100	RS	20260902123000	https://www.bankingnews.gr/amyna-diplomatia/articles/897029/step-back-now-harsh-message-from-erdogan-to-greece-following-meeting-with-putin-ultimatum-over-the-military-on-the-islands
1321099819	20260902	202609	2026	2026.6630	RUS	RUSSIAN	RUS								TUR	TURKEY	TUR								0	046	046	04	1	7.0	1	1	1	0.16366612111293	1	Turkey	TU	TU		39.059012	34.911546	TU	1	Turkey	TU	TU		39.059012	34.911546	TU	1	Turkey	TU	TU		39.059012	34.911546	TU	20260902123000	https://www.bankingnews.gr/amyna-diplomatia/articles/897029/step-back-now-harsh-message-from-erdogan-to-greece-following-meeting-with-putin-ultimatum-over-the-military-on-the-islands
1321099820	20260902	202609	2026	2026.6630	RUS	RUSSIA	RUS								UKR	UKRAINE	UKR								0	036	036	03	1	4.0	4	1	4	0.37023324694558	4	Slavyansk, Primorskiy Kray, Russia	RS	RS59	25088	42.8696	131.378	-3005615	4	Slavyansk, Primorskiy Kray, Russia	RS	RS59	25088	42.8696	131.378	-3005615	4	Slavyansk, Primorskiy Kray, Russia	RS	RS59	25088	42.8696	131.378	-3005615	20260902123000	http://en.kremlin.ru/events/president/news/80665
1321099821	20260902	202609	2026	2026.6630	RUS	RUSSIA	RUS								UKR	UKRAINE	UKR								0	036	036	03	1	4.0	1	1	1	0.37023324694558	4	Slavyansk, Primorskiy Kray, Russia	RS	RS59	25088	42.8696	131.378	-3005615	4	Slavyansk, Primorskiy Kray, Russia	RS	RS59	25088	42.8696	131.378	-3005615	1	United States	US	US		39.828175	-98.5795	US	20260902123000	http://en.kremlin.ru/events/president/news/80665
1321099822	20260902	202609	2026	2026.6630	RUS	RUSSIA	RUS								UKR	UKRAINE	UKR								0	040	040	04	1	1.0	2	1	2	0.16366612111293	1	Russia	RS	RS		60	100	RS	1	Russia	RS	RS		60	100	RS	1	Russia	RS	RS		60	100	RS	20260902123000	https://www.bankingnews.gr/amyna-diplomatia/articles/897029/step-back-now-harsh-message-from-erdogan-to-greece-following-meeting-with-putin-ultimatum-over-the-military-on-the-islands
1321099823	20260902	202609	2026	2026.6630	RUS	RUSSIA	RUS								UKR	UKRAINE	UKR								0	040	040	04	1	1.0	2	1	2	0.16366612111293	1	Russia	RS	RS		60	100	RS	1	Russia	RS	RS		60	100	RS	1	Ukraine	UP	UP		49	32	UP	20260902123000	https://www.bankingnews.gr/amyna-diplomatia/articles/897029/step-back-now-harsh-message-from-erdogan-to-greece-following-meeting-with-putin-ultimatum-over-the-military-on-the-islands
1321099824	20260902	202609	2026	2026.6630	RUS	RUSSIA	RUS								UKR	UKRAINE	UKR								0	040	040	04	1	1.0	6	1	6	0.16366612111293	1	Russia	RS	RS		60	100	RS	1	Ukraine	UP	UP		49	32	UP	1	Ukraine	UP	UP		49	32	UP	20260902123000	https://www.bankingnews.gr/amyna-diplomatia/articles/897029/step-back-now-harsh-message-from-erdogan-to-greece-following-meeting-with-putin-ultimatum-over-the-military-on-the-islands
1321099825	20260902	202609	2026	2026.6630	RUS	RUSSIA	RUS								UKR	UKRAINE	UKR								0	043	043	04	1	2.8	3	1	3	0.37023324694558	4	Slavyansk, Primorskiy Kray, Russia	RS	RS59	25088	42.8696	131.378	-3005615	4	Slavyansk, Primorskiy Kray, Russia	RS	RS59	25088	42.8696	131.378	-3005615	4	Slavyansk, Primorskiy Kray, Russia	RS	RS59	25088	42.8696	131.378	-3005615	20260902123000	http://en.kremlin.ru/events/president/news/80665
1321099826	20260902	202609	2026	2026.6630	RUS	RUSSIA	RUS								UKR	UKRAINE	UKR								0	043	043	04	1	2.8	2	1	2	0.37023324694558	4	Slavyansk, Primorskiy Kray, Russia	RS	RS59	25088	42.8696	131.378	-3005615	4	Slavyansk, Primorskiy Kray, Russia	RS	RS59	25088	42.8696	131.378	-3005615	1	United States	US	US		39.828175	-98.5795	US	20260902123000	http://en.kremlin.ru/events/president/news/80665
1321099827	20260902	202609	2026	2026.6630	RUS	RUSSIA	RUS								USACVL	AMERICAN	USA					CVL			0	173	173	17	4	-5.0	5	1	5	0.37023324694558	4	Slavyansk, Primorskiy Kray, Russia	RS	RS59	25088	42.8696	131.378	-3005615	1	United States	US	US		39.828175	-98.5795	US	1	United States	US	US		39.828175	-98.5795	US	20260902123000	http://en.kremlin.ru/events/president/news/80665
1321099828	20260902	202609	2026	2026.6630	RUSGOV	VLADIMIR PUTIN	RUS					GOV													0	012	012	01	1	-0.4	10	1	10	0.37023324694558	4	Kramatorsk, Donets'ka Oblast', Ukraine	UP	UP05	28549	48.723	37.5563	-1043300	0								4	Kramatorsk, Donets'ka Oblast', Ukraine	UP	UP05	28549	48.723	37.5563	-1043300	20260902123000	http://en.kremlin.ru/events/president/news/80665
1321099829	20260902	202609	2026	2026.6630	RUSGOV	VLADIMIR PUTIN	RUS					GOV													1	036	036	03	1	4.0	5	1	5	0.485436893203883	1	Indonesia	ID	ID		-5	120	ID	0								1	Indonesia	ID	ID		-5	120	ID	20260902123000	http://en.kremlin.ru/events/president/news/80667
1321099830	20260902	202609	2026	2026.6630	RUSGOV	RUSSIAN	RUS					GOV			GOV	PRESIDENT						GOV			1	040	040	04	1	1.0	3	1	3	3.27731092436974	4	Petersburg, Sankt-Peterburg, Russia	RS	RS66	25095	59.8944	30.2642	-2996338	4	Petersburg, Sankt-Peterburg, Russia	RS	RS66	25095	59.8944	30.2642	-2996338	4	Petersburg, Sankt-Peterburg, Russia	RS	RS66	25095	59.8944	30.2642	-2996338	20260902123000	http://en.kremlin.ru/events/president/news/80663
1321099831	20260902	202609	2026	2026.6630	RUSGOV	VLADIMIR PUTIN	RUS					GOV			GOV	PRESIDENT						GOV			1	040	040	04	1	1.0	5	1	5	0.485436893203883	1	Indonesia	ID	ID		-5	120	ID	1	Indonesia	ID	ID		-5	120	ID	1	Indonesia	ID	ID		-5	120	ID	20260902123000	http://en.kremlin.ru/events/president/news/80667
1321099832	20260902	202609	2026	2026.6630	RUSGOV	RUSSIAN	RUS					GOV			GOV	PRESIDENT						GOV			1	046	046	04	1	7.0	3	1	3	3.27731092436974	4	Petersburg, Sankt-Peterburg, Russia	RS	RS66	25095	59.8944	30.2642	-2996338	4	Petersburg, Sankt-Peterburg, Russia	RS	RS66	25095	59.8944	30.2642	-2996338	4	Petersburg, Sankt-Peterburg, Russia	RS	RS66	25095	59.8944	30.2642	-2996338	20260902123000	http://en.kremlin.ru/events/president/news/80663
1321099833	20260902	202609	2026	2026.6630	RUSGOV	VLADIMIR PUTIN	RUS					GOV			KGZ	KYRGYZSTAN	KGZ								1	042	042	04	1	1.9	3	1	3	0.37023324694558	4	Slavyansk, Primorskiy Kray, Russia	RS	RS59	25088	42.8696	131.378	-3005615	1	Kyrgyzstan	KG	KG		41	75	KG	1	Kyrgyzstan	KG	KG		41	75	KG	20260902123000	http://en.kremlin.ru/events/president/news/80665
1321099834	20260902	202609	2026	2026.6630	RUSGOV	RUSSIA	RUS					GOV			RUS	RUSSIAN	RUS								1	040	040	04	1	1.0	1	1	1	1.38050043140638	1	Russia	RS	RS		60	100	RS	4	Bishkek, Bishkek, Kyrgyzstan	KG	KG01	37216	42.8731	74.6003	-2331392	4	Bishkek, Bishkek, Kyrgyzstan	KG	KG01	37216	42.8731	74.6003	-2331392	20260902123000	http://en.kremlin.ru/events/president/news/80662
1321099835	20260902	202609	2026	2026.6630	RUSGOV	VLADIMIR PUTIN	RUS					GOV			RUS	VLADIVOSTOK	RUS								1	042	042	04	1	1.9	10	1	10	0.485436893203883	1	Indonesia	ID	ID		-5	120	ID	1	Indonesia	ID	ID		-5	120	ID	1	Indonesia	ID	ID		-5	120	ID	20260902123000	http://en.kremlin.ru/events/president/news/80667
1321099836	20260902	202609	2026	2026.6630	RUSGOV	RUSSIA	RUS					GOV			RUS	RUSSIAN	RUS								0	046	046	04	1	7.0	1	1	1	0.16366612111293	1	Turkey	TU	TU		39.059012	34.911546	TU	1	Turkey	TU	TU		39.059012	34.911546	TU	1	Turkey	TU	TU		39.059012	34.911546	TU	20260902123000	https://www.bankingnews.gr/amyna-diplomatia/articles/897029/step-back-now-harsh-message-from-erdogan-to-greece-following-meeting-with-putin-ultimatum-over-the-military-on-the-islands
1321099837	20260902	202609	2026	2026.6630	RUSMED	RUSSIAN	RUS					MED			KGZ	KYRGYZSTAN	KGZ								1	042	042	04	1	1.9	5	1	5	0.37023324694558	4	Slavyansk, Primorskiy Kray, Russia	RS	RS59	25088	42.8696	131.378	-3005615	1	Kyrgyzstan	KG	KG		41	75	KG	1	Kyrgyzstan	KG	KG		41	75	KG	20260902123000	http://en.kremlin.ru/events/president/news/80665
1321099838	20260902	202609	2026	2026.6630	RUSMED	RUSSIAN	RUS					MED			RUSGOV	VLADIMIR PUTIN	RUS					GOV			1	090	090	09	2	-2.0	3	1	3	0.37023324694558	4	Belgorod, Belgorodskaya Oblast', Russia	RS	RS09	25036	50.6107	36.5802	-2883930	4	Belgorod, Belgorodskaya Oblast', Russia	RS	RS09	25036	50.6107	36.5802	-2883930	4	Belgorod, Belgorodskaya Oblast', Russia	RS	RS09	25036	50.6107	36.5802	-2883930	20260902123000	http://en.kremlin.ru/events/president/news/80665
1321099839	20260902	202609	2026	2026.6630	RUSMIL	RUSSIAN	RUS					MIL													0	046	046	04	1	7.0	3	1	3	3.27731092436974	4	Petersburg, Sankt-Peterburg, Russia	RS	RS66	25095	59.8944	30.2642	-2996338	0								4	Petersburg, Sankt-Peterburg, Russia	RS	RS66	25095	59.8944	30.2642	-2996338	20260902123000	http://en.kremlin.ru/events/president/news/80663
1321099840	20260902	202609	2026	2026.6630	RUSMIL	RUSSIA	RUS					MIL			RUS	RUSSIAN	RUS								0	046	046	04	1	7.0	2	1	2	3.27731092436974	4	Petersburg, Sankt-Peterburg, Russia	RS	RS66	25095	59.8944	30.2642	-2996338	4	Petersburg, Sankt-Peterburg, Russia	RS	RS66	25095	59.8944	30.2642	-2996338	4	Petersburg, Sankt-Peterburg, Russia	RS	RS66	25095	59.8944	30.2642	-2996338	20260902123000	http://en.kremlin.ru/events/president/news/80663
1321099841	20260902	202609	2026	2026.6630	SAU	MAKKAH	SAU								MED	JOURNALIST						MED			0	040	040	04	1	1.0	6	1	6	-0.14738393515107	4	Makkah, Makkah, Saudi Arabia	SA	SA14	25312	21.4267	39.8261	-3096949	4	Makkah, Makkah, Saudi Arabia	SA	SA14	25312	21.4267	39.8261	-3096949	4	Makkah, Makkah, Saudi Arabia	SA	SA14	25312	21.4267	39.8261	-3096949	20260902123000	https://www.samaa.tv/2087356166-pakistan-to-continue-diplomacy-despite-middle-east-tensions-fo
1321099842	20260902	202609	2026	2026.6630	SAU	SAUDI ARABIA	SAU								PHL	FILIPINO	PHL								1	190	190	19	4	-10.0	7	1	7	-6.28930817610063	4	Riyadh, Ar Riya?, Saudi Arabia	SA	SA10	25316	24.6408	46.7728	-3093009	4	Manila, Manila, Philippines	RP	RPD9	24210	14.6042	120.982	-2437894	4	Riyadh, Ar Riya?, Saudi Arabia	SA	SA10	25316	24.6408	46.7728	-3093009	20260902123000	https://www.manilatimes.net/2026/09/02/news/2-filipino-seafarers-dead-after-monday-attack-on-saudi-oil-tanker-in-hormuz-says-shipping-firm/2416849
1321099843	20260902	202609	2026	2026.6630	SAU	SAUDI	SAU								PHL	PHILIPPINE	PHL								1	195	195	19	4	-10.0	4	1	4	-6.28930817610063	1	United States	US	US		39.828175	-98.5795	US	1	United States	US	US		39.828175	-98.5795	US	1	United States	US	US		39.828175	-98.5795	US	20260902123000	https://www.manilatimes.net/2026/09/02/news/2-filipino-seafarers-dead-after-monday-attack-on-saudi-oil-tanker-in-hormuz-says-shipping-firm/2416849
1321099844	20260902	202609	2026	2026.6630	SAUBUS	SAUDI	SAU					BUS			PHL	FILIPINO	PHL								1	195	195	19	4	-10.0	6	1	6	-6.28930817610063	1	United States	US	US		39.828175	-98.5795	US	1	United States	US	US		39.828175	-98.5795	US	1	United States	US	US		39.828175	-98.5795	US	20260902123000	https://www.manilatimes.net/2026/09/02/news/2-filipino-seafarers-dead-after-monday-attack-on-saudi-oil-tanker-in-hormuz-says-shipping-firm/2416849
1321099845	20260902	202609	2026	2026.6630	SCGSRB	SERBIA	SRB																		1	042	042	04	1	1.9	2	1	2	3.02013422818793	1	Serbia	RI	RI		44	21	RI	0								4	Belgrade, Serbia (general),	RB	RB00	47629	44.8186	20.4681	-74897	20260902123000	https://www.cei.int/ansa/179505
1321099846	20260902	202609	2026	2026.6630	SCGSRB	SERBIA	SRB																		1	043	043	04	1	2.8	3	1	3	3.02013422818793	1	Serbia	RI	RI		44	21	RI	0								4	Belgrade, Serbia (general),	RB	RB00	47629	44.8186	20.4681	-74897	20260902123000	https://www.cei.int/ansa/179505
1321099847	20260902	202609	2026	2026.6630	SCGSRB	SERBIA	SRB																		1	046	046	04	1	7.0	5	1	5	3.02013422818793	4	Belgrade, Serbia (general),	RB	RB00	47629	44.8186	20.4681	-74897	0								4	Belgrade, Serbia (general),	RB	RB00	47629	44.8186	20.4681	-74897	20260902123000	https://www.cei.int/ansa/179505
1321099848	20260902	202609	2026	2026.6630	SET	SETTLER						SET													0	012	012	01	1	-0.4	1	1	1	-4.92730210016155	4	Heaton Park, Manchester, United Kingdom	UK	UKI2	40118	53.5333	-2.26667	-2598411	0								4	Heaton Park, Manchester, United Kingdom	UK	UKI2	40118	53.5333	-2.26667	-2598411	20260902123000	https://www.thejc.com/news/uk/listen-to-the-chief-rabbi-dont-sanction-israel-mps-urge-burnham-s5qkxyd1
1321099849	20260902	202609	2026	2026.6630	SET	SETTLER						SET													0	012	012	01	1	-0.4	1	1	1	-4.92730210016155	1	Israel	IS	IS		31.5	34.75	IS	0								4	Heaton Park, Manchester, United Kingdom	UK	UKI2	40118	53.5333	-2.26667	-2598411	20260902123000	https://www.thejc.com/news/uk/listen-to-the-chief-rabbi-dont-sanction-israel-mps-urge-burnham-s5qkxyd1
1321099850	20260902	202609	2026	2026.6630	SET	SETTLER						SET													0	012	012	01	1	-0.4	3	1	3	-4.92730210016155	1	Israel	IS	IS		31.5	34.75	IS	0								1	Israel	IS	IS		31.5	34.75	IS	20260902123000	https://www.thejc.com/news/uk/listen-to-the-chief-rabbi-dont-sanction-israel-mps-urge-burnham-s5qkxyd1
1321099851	20260902	202609	2026	2026.6630	SET	SETTLER						SET													0	018	018	01	1	3.4	1	1	1	-4.92730210016155	4	Heaton Park, Manchester, United Kingdom	UK	UKI2	40118	53.5333	-2.26667	-2598411	0								4	Heaton Park, Manchester, United Kingdom	UK	UKI2	40118	53.5333	-2.26667	-2598411	20260902123000	https://www.thejc.com/news/uk/listen-to-the-chief-rabbi-dont-sanction-israel-mps-urge-burnham-s5qkxyd1
1321099852	20260902	202609	2026	2026.6630	SET	SETTLER						SET													0	018	018	01	1	3.4	4	1	4	-4.92730210016155	1	Israel	IS	IS		31.5	34.75	IS	0								1	Israel	IS	IS		31.5	34.75	IS	20260902123000	https://www.thejc.com/news/uk/listen-to-the-chief-rabbi-dont-sanction-israel-mps-urge-burnham-s5qkxyd1
1321099853	20260902	202609	2026	2026.6630	SET	SETTLER						SET			GBR	BRITISH	GBR								0	174	174	17	4	-5.0	1	1	1	-3.22274881516588	4	Gothenburg, Vastra Gotalands Lan, Sweden	SW	SW28	26247	57.7167	11.9667	-2482986	5	Essex, Essex, United Kingdom	UK	UKE4	40108	51.8333	0.583333	-2595724	1	Israel	IS	IS		31.5	34.75	IS	20260902123000	https://www.lbc.co.uk/article/sweden-deported-british-brexit-citizenship-5HjdgrJ_2/
1321099854	20260902	202609	2026	2026.6630	SET	SETTLER						SET			GBR	BRITISH	GBR								0	174	174	17	4	-5.0	1	1	1	-3.22274881516588	5	Essex, Essex, United Kingdom	UK	UKE4	40108	51.8333	0.583333	-2595724	1	Israel	IS	IS		31.5	34.75	IS	1	Israel	IS	IS		31.5	34.75	IS	20260902123000	https://www.lbc.co.uk/article/sweden-deported-british-brexit-citizenship-5HjdgrJ_2/
1321099855	20260902	202609	2026	2026.6630	SET	SETTLER						SET			GBROPP	BRITISH	GBR					OPP			0	174	174	17	4	-5.0	3	1	3	-3.22274881516588	4	Gothenburg, Vastra Gotalands Lan, Sweden	SW	SW28	26247	57.7167	11.9667	-2482986	4	Gothenburg, Vastra Gotalands Lan, Sweden	SW	SW28	26247	57.7167	11.9667	-2482986	4	Gothenburg, Vastra Gotalands Lan, Sweden	SW	SW28	26247	57.7167	11.9667	-2482986	20260902123000	https://www.lbc.co.uk/article/sweden-deported-british-brexit-citizenship-5HjdgrJ_2/
1321099856	20260902	202609	2026	2026.6630	SET	SETTLER						SET			GBROPP	BRITISH	GBR					OPP			0	174	174	17	4	-5.0	2	1	2	-3.22274881516588	4	Gothenburg, Vastra Gotalands Lan, Sweden	SW	SW28	26247	57.7167	11.9667	-2482986	5	Essex, Essex, United Kingdom	UK	UKE4	40108	51.8333	0.583333	-2595724	1	Israel	IS	IS		31.5	34.75	IS	20260902123000	https://www.lbc.co.uk/article/sweden-deported-british-brexit-citizenship-5HjdgrJ_2/
1321099857	20260902	202609	2026	2026.6630	SET	SETTLER						SET			GBROPP	UNITED KINGDOM	GBR					OPP			0	174	174	17	4	-5.0	1	1	1	-3.22274881516588	4	Gothenburg, Vastra Gotalands Lan, Sweden	SW	SW28	26247	57.7167	11.9667	-2482986	1	Israel	IS	IS		31.5	34.75	IS	1	Israel	IS	IS		31.5	34.75	IS	20260902123000	https://www.lbc.co.uk/article/sweden-deported-british-brexit-citizenship-5HjdgrJ_2/
1321099858	20260902	202609	2026	2026.6630	SGP	SINGAPORE	SGP								BUS	BANK						BUS			0	020	020	02	1	3.0	10	1	10	-8.07265388496471	1	Singapore	SN	SN		1.366667	103.8	SN	1	Singapore	SN	SN		1.366667	103.8	SN	1	Singapore	SN	SN		1.366667	103.8	SN	20260902123000	https://www.winnipegfreepress.com/arts-and-life/life/sci-tech/2026/09/02/what-to-know-about-the-ap-frontline-investigation-into-scam-victims
1321099859	20260902	202609	2026	2026.6630	SGP	SINGAPORE	SGP								MEDBUS	TELECOM						MED	BUS		0	020	020	02	1	3.0	10	1	10	-8.07265388496471	1	Singapore	SN	SN		1.366667	103.8	SN	1	Singapore	SN	SN		1.366667	103.8	SN	1	Singapore	SN	SN		1.366667	103.8	SN	20260902123000	https://www.winnipegfreepress.com/arts-and-life/life/sci-tech/2026/09/02/what-to-know-about-the-ap-frontline-investigation-into-scam-victims
1321099860	20260902	202609	2026	2026.6630	SGPGOV	SINGAPORE	SGP					GOV			SGP	SINGAPOREAN	SGP								1	060	060	06	2	6.0	2	1	2	-5.02958579881657	4	Rasuwa, Nepal (general), Nepal	NP	NP00	22351	28.2812	85.3898	-1022531	1	Singapore	SN	SN		1.366667	103.8	SN	4	Rasuwa, Nepal (general), Nepal	NP	NP00	22351	28.2812	85.3898	-1022531	20260902123000	https://www.channelnewsasia.com/singapore/nepal-tibet-disaster-dna-samples-missing-singaporeans-6357601
1321099861	20260902	202609	2026	2026.6630	SGPGOV	SINGAPORE	SGP					GOV			SGP	SINGAPOREAN	SGP								1	060	060	06	2	6.0	8	1	8	-5.02958579881657	1	Singapore	SN	SN		1.366667	103.8	SN	1	Singapore	SN	SN		1.366667	103.8	SN	1	Singapore	SN	SN		1.366667	103.8	SN	20260902123000	https://www.channelnewsasia.com/singapore/nepal-tibet-disaster-dna-samples-missing-singaporeans-6357601
1321099862	20260902	202609	2026	2026.6630	SGPGOV	SINGAPORE	SGP					GOV			SGP	SINGAPOREAN	SGP								1	070	070	07	2	7.0	10	1	10	-5.02958579881657	4	Rasuwa, Nepal (general), Nepal	NP	NP00	22351	28.2812	85.3898	-1022531	4	Rasuwa, Nepal (general), Nepal	NP	NP00	22351	28.2812	85.3898	-1022531	4	Rasuwa, Nepal (general), Nepal	NP	NP00	22351	28.2812	85.3898	-1022531	20260902123000	https://www.channelnewsasia.com/singapore/nepal-tibet-disaster-dna-samples-missing-singaporeans-6357601
1321099863	20260902	202609	2026	2026.6630	SPY	INTELLIGENCE						SPY													1	064	064	06	2	7.0	5	1	5	2.09424083769633	0								0								0								20260902123000	https://www.themarketsdaily.com/2026/09/02/insider-selling-activeops-lonaom-insider-sells-48011-10-in-stock.html
1321099864	20260902	202609	2026	2026.6630	SPY	INTELLIGENCE						SPY			COP	POLICE						COP			1	1124	112	11	3	-2.0	10	1	10	-4.02298850574713	4	Holyhead, Isle of Anglesey, United Kingdom	UK	UKX1	40182	53.3	-4.63333	-2598938	4	Holyhead, Isle of Anglesey, United Kingdom	UK	UKX1	40182	53.3	-4.63333	-2598938	4	Holyhead, Isle of Anglesey, United Kingdom	UK	UKX1	40182	53.3	-4.63333	-2598938	20260902123000	https://www.chesterstandard.co.uk/news/26515422.chester-crown-court-jails-pensioner-sex-offender-breach/
1321099865	20260902	202609	2026	2026.6630	SVKELI	SLOVAK REPUBLIC	SVK					ELI													1	036	036	03	1	4.0	8	1	8	1.70648464163823	1	United States	US	US		39.828175	-98.5795	US	0								1	United States	US	US		39.828175	-98.5795	US	20260902123000	https://www.penbaypilot.com/affiliate-post/seeing-ourselves-course-human-behavior/273928
1321099866	20260902	202609	2026	2026.6630	SWE	GOTHENBURG	SWE																		0	043	043	04	1	2.8	10	1	10	-3.22274881516588	4	Gothenburg, Vastra Gotalands Lan, Sweden	SW	SW28	26247	57.7167	11.9667	-2482986	0								4	Gothenburg, Vastra Gotalands Lan, Sweden	SW	SW28	26247	57.7167	11.9667	-2482986	20260902123000	https://www.lbc.co.uk/article/sweden-deported-british-brexit-citizenship-5HjdgrJ_2/
1321099867	20260902	202609	2026	2026.6630	SWE	SWEDEN	SWE								GBR	BRITON	GBR								1	174	174	17	4	-5.0	7	1	7	-3.22274881516588	4	Gothenburg, Vastra Gotalands Lan, Sweden	SW	SW28	26247	57.7167	11.9667	-2482986	4	Gothenburg, Vastra Gotalands Lan, Sweden	SW	SW28	26247	57.7167	11.9667	-2482986	4	Gothenburg, Vastra Gotalands Lan, Sweden	SW	SW28	26247	57.7167	11.9667	-2482986	20260902123000	https://www.lbc.co.uk/article/sweden-deported-british-brexit-citizenship-5HjdgrJ_2/
1321099868	20260902	202609	2026	2026.6630	SWE	SWEDEN	SWE								GBR	BRITON	GBR								1	174	174	17	4	-5.0	7	1	7	-3.22274881516588	4	Gothenburg, Vastra Gotalands Lan, Sweden	SW	SW28	26247	57.7167	11.9667	-2482986	5	Essex, Essex, United Kingdom	UK	UKE4	40108	51.8333	0.583333	-2595724	5	Essex, Essex, United Kingdom	UK	UKE4	40108	51.8333	0.583333	-2595724	20260902123000	https://www.lbc.co.uk/article/sweden-deported-british-brexit-citizenship-5HjdgrJ_2/
1321099869	20260902	202609	2026	2026.6630	SYRMIL	SYRIA	SYR					MIL			SYR	SYRIA	SYR								1	026	026	02	1	4.0	2	1	2	-2.46575342465753	4	Damascus, Dimashq, Syria	SY	SY13	26324	33.5	36.3	-2541260	4	Damascus, Dimashq, Syria	SY	SY13	26324	33.5	36.3	-2541260	4	Damascus, Dimashq, Syria	SY	SY13	26324	33.5	36.3	-2541260	20260902123000	https://www.al-monitor.com/originals/2026/09/once-symbols-war-islamic-state-kurdish-women-fighters-seek-role-new-syria
1321099870	20260902	202609	2026	2026.6630	TUN	ARIANA	TUN																		1	042	042	04	1	1.9	2	1	2	1.45772594752186	4	London, London, City of, United Kingdom	UK	UKH9	40110	51.5	-0.116667	-2601889	0								4	London, London, City of, United Kingdom	UK	UKH9	40110	51.5	-0.116667	-2601889	20260902123000	https://www.lbc.co.uk/article/who-is-ariana-granda-dating-boyfriend-ricky-alvarez-5HjdgrL_2/
1321099871	20260902	202609	2026	2026.6630	TUN	ARIANA	TUN																		1	042	042	04	1	1.9	2	1	2	1.45772594752186	1	Mexico	MX	MX		23	-102	MX	0								4	London, London, City of, United Kingdom	UK	UKH9	40110	51.5	-0.116667	-2601889	20260902123000	https://www.lbc.co.uk/article/who-is-ariana-granda-dating-boyfriend-ricky-alvarez-5HjdgrL_2/
1321099872	20260902	202609	2026	2026.6630	TUN	ARIANA	TUN																		1	042	042	04	1	1.9	6	1	6	1.45772594752186	1	Mexico	MX	MX		23	-102	MX	0								1	Mexico	MX	MX		23	-102	MX	20260902123000	https://www.lbc.co.uk/article/who-is-ariana-granda-dating-boyfriend-ricky-alvarez-5HjdgrL_2/
1321099873	20260902	202609	2026	2026.6630	TUN	ARIANA	TUN																		1	043	043	04	1	2.8	6	1	6	1.45772594752186	4	London, London, City of, United Kingdom	UK	UKH9	40110	51.5	-0.116667	-2601889	0								4	London, London, City of, United Kingdom	UK	UKH9	40110	51.5	-0.116667	-2601889	20260902123000	https://www.lbc.co.uk/article/who-is-ariana-granda-dating-boyfriend-ricky-alvarez-5HjdgrL_2/
1321099874	20260902	202609	2026	2026.6630	TUN	ARIANA	TUN								GBR	UNITED KINGDOM	GBR								1	043	043	04	1	2.8	2	1	2	1.45772594752186	4	London, London, City of, United Kingdom	UK	UKH9	40110	51.5	-0.116667	-2601889	4	London, London, City of, United Kingdom	UK	UKH9	40110	51.5	-0.116667	-2601889	4	London, London, City of, United Kingdom	UK	UKH9	40110	51.5	-0.116667	-2601889	20260902123000	https://www.lbc.co.uk/article/who-is-ariana-granda-dating-boyfriend-ricky-alvarez-5HjdgrL_2/
1321099875	20260902	202609	2026	2026.6630	TUR	TURKIYE	TUR																		1	130	130	13	3	-4.4	2	1	2	1.11940298507462	4	Shanghai, Shanghai, China	CH	CH23	13243	31.2222	121.458	-1924465	0								1	Russia	RS	RS		60	100	RS	20260902123000	https://sputnikglobe.com/20260902/turkiye-considers-possible-to-bring-relations-with-sco-to-higher-level---erdogan-1124663561.html
1321099876	20260902	202609	2026	2026.6630	TUR	TURKIYE	TUR																		1	130	130	13	3	-4.4	8	1	8	1.11940298507462	1	Russia	RS	RS		60	100	RS	0								1	Russia	RS	RS		60	100	RS	20260902123000	https://sputnikglobe.com/20260902/turkiye-considers-possible-to-bring-relations-with-sco-to-higher-level---erdogan-1124663561.html
1321099877	20260902	202609	2026	2026.6630	TUR	TURKEY	TUR								MIL	MILITARY						MIL			1	040	040	04	1	1.0	4	1	4	0.16366612111293	1	Turkey	TU	TU		39.059012	34.911546	TU	1	Turkey	TU	TU		39.059012	34.911546	TU	1	Turkey	TU	TU		39.059012	34.911546	TU	20260902123000	https://www.bankingnews.gr/amyna-diplomatia/articles/897029/step-back-now-harsh-message-from-erdogan-to-greece-following-meeting-with-putin-ultimatum-over-the-military-on-the-islands
1321099878	20260902	202609	2026	2026.6630	TUR	TURKEY	TUR								RUS	RUSSIAN	RUS								0	046	046	04	1	7.0	1	1	1	0.16366612111293	1	Turkey	TU	TU		39.059012	34.911546	TU	1	Russia	RS	RS		60	100	RS	1	Russia	RS	RS		60	100	RS	20260902123000	https://www.bankingnews.gr/amyna-diplomatia/articles/897029/step-back-now-harsh-message-from-erdogan-to-greece-following-meeting-with-putin-ultimatum-over-the-military-on-the-islands
1321099879	20260902	202609	2026	2026.6630	TUR	TURKEY	TUR								RUS	RUSSIAN	RUS								0	046	046	04	1	7.0	1	1	1	0.16366612111293	1	Turkey	TU	TU		39.059012	34.911546	TU	1	Turkey	TU	TU		39.059012	34.911546	TU	1	Turkey	TU	TU		39.059012	34.911546	TU	20260902123000	https://www.bankingnews.gr/amyna-diplomatia/articles/897029/step-back-now-harsh-message-from-erdogan-to-greece-following-meeting-with-putin-ultimatum-over-the-military-on-the-islands
1321099880	20260902	202609	2026	2026.6630	UAF	TERRORIST						UAF													0	010	010	01	1	0.0	10	1	10	-4.01203610832498	4	Glasgow, Glasgow City, United Kingdom	UK	UKV2	40176	55.8333	-4.25	-2597039	0								4	Glasgow, Glasgow City, United Kingdom	UK	UKV2	40176	55.8333	-4.25	-2597039	20260902123000	https://www.thejc.com/news/uk/terror-group-palestine-action-runs-website-that-takes-donations-and-features-map-of-targets-m0zekt0s
1321099881	20260902	202609	2026	2026.6630	UAF	ARMED GROUP						UAF			COG	CONGO	COG								1	190	190	19	4	-10.0	2	1	2	2.83842794759826	4	Jerusalem, Israel (general), Israel	IS	IS00	18315	31.7667	35.2333	-797092	4	Jerusalem, Israel (general), Israel	IS	IS00	18315	31.7667	35.2333	-797092	4	Jerusalem, Israel (general), Israel	IS	IS00	18315	31.7667	35.2333	-797092	20260902123000	https://chimpreports.com/tshisekedi-netanyahu-discuss-security-and-israeli-investment-in-dr-congo/
1321099882	20260902	202609	2026	2026.6630	UAF	ARMED GROUP						UAF			COG	CONGO	COG								1	190	190	19	4	-10.0	8	1	8	2.83842794759826	1	Congo	CF	CF		-1	15	CF	1	Congo	CF	CF		-1	15	CF	1	Congo	CF	CF		-1	15	CF	20260902123000	https://chimpreports.com/tshisekedi-netanyahu-discuss-security-and-israeli-investment-in-dr-congo/
1321099883	20260902	202609	2026	2026.6630	UAF	HIRED GUN						UAF			GOV	PRESIDENT						GOV			1	138	138	13	3	-7.0	6	1	6	0.24067388688327	4	Cagayan, Cebu, Philippines	RP	RP21	24253	9.7064	123.4	-2418282	4	Cagayan, Cebu, Philippines	RP	RP21	24253	9.7064	123.4	-2418282	4	Cagayan, Cebu, Philippines	RP	RP21	24253	9.7064	123.4	-2418282	20260902123000	https://www.rappler.com/philippines/sara-duterte-office-vice-president-budget-2027/
1321099884	20260902	202609	2026	2026.6630	UGA	UGANDA	UGA																		0	084	084	08	2	7.0	4	1	4	-7.85498489425981	1	Uganda	UG	UG		2	33	UG	0								1	Uganda	UG	UG		2	33	UG	20260902123000	https://www.africanews.com/2026/09/02/activists-blame-kenya-for-ugandan-opposition-figures-plight/
1321099885	20260902	202609	2026	2026.6630	UGA	UGANDA	UGA								COP	PRISON						COP			0	042	042	04	1	1.9	4	1	4	-7.85498489425981	1	Uganda	UG	UG		2	33	UG	1	Uganda	UG	UG		2	33	UG	1	Uganda	UG	UG		2	33	UG	20260902123000	https://www.africanews.com/2026/09/02/activists-blame-kenya-for-ugandan-opposition-figures-plight/
1321099886	20260902	202609	2026	2026.6630	UGA	UGANDAN	UGA								KEN	KENYA	KEN								1	112	112	11	3	-2.0	5	1	5	-7.85498489425981	1	Uganda	UG	UG		2	33	UG	4	Nairobi, Nairobi Area, Kenya	KE	KE05	18585	-1.28333	36.8167	-2258072	4	Nairobi, Nairobi Area, Kenya	KE	KE05	18585	-1.28333	36.8167	-2258072	20260902123000	https://www.africanews.com/2026/09/02/activists-blame-kenya-for-ugandan-opposition-figures-plight/
1321099887	20260902	202609	2026	2026.6630	UGA	UGANDAN	UGA								LAB	WORKER						LAB			1	043	043	04	1	2.8	5	1	5	0	4	Moroto, Moroto, Uganda	UG	UG88	18585	2.49583	34.6694	-1732250	4	Hoima, Hoima, Uganda	UG	UG31	18585	1.43556	31.3436	-1727989	4	Hoima, Hoima, Uganda	UG	UG31	18585	1.43556	31.3436	-1727989	20260902123000	https://chimpreports.com/uganda-oil-investment-reaches-shs26-6-tn/
1321099888	20260902	202609	2026	2026.6630	UGA	UGANDA	UGA								LAB	WORKER						LAB			1	043	043	04	1	2.8	2	1	2	0	4	Moroto, Moroto, Uganda	UG	UG88	18585	2.49583	34.6694	-1732250	4	Moroto, Moroto, Uganda	UG	UG88	18585	2.49583	34.6694	-1732250	4	Moroto, Moroto, Uganda	UG	UG88	18585	2.49583	34.6694	-1732250	20260902123000	https://chimpreports.com/uganda-oil-investment-reaches-shs26-6-tn/
1321099889	20260902	202609	2026	2026.6630	UGAGOV	UGANDA	UGA					GOV			BUS	BANK						BUS			1	046	046	04	1	7.0	2	1	2	1.70212765957447	4	Kampala, Kampala, Uganda	UG	UG37	18585	0.315556	32.5656	-1728891	4	Kampala, Kampala, Uganda	UG	UG37	18585	0.315556	32.5656	-1728891	4	Kampala, Kampala, Uganda	UG	UG37	18585	0.315556	32.5656	-1728891	20260902123000	https://chimpreports.com/afreximbank-backs-ugandas-500-billion-economy-drive/
1321099890	20260902	202609	2026	2026.6630	UKR	UKRAINE	UKR																		0	013	013	01	1	0.4	2	1	2	0.37023324694558	4	Kramatorsk, Donets'ka Oblast', Ukraine	UP	UP05	28549	48.723	37.5563	-1043300	0								4	Slavyansk, Primorskiy Kray, Russia	RS	RS59	25088	42.8696	131.378	-3005615	20260902123000	http://en.kremlin.ru/events/president/news/80665
1321099891	20260902	202609	2026	2026.6630	UKR	UKRAINE	UKR																		0	110	110	11	3	-2.0	2	1	2	0.37023324694558	4	Kramatorsk, Donets'ka Oblast', Ukraine	UP	UP05	28549	48.723	37.5563	-1043300	0								4	Druzhkovka, Donets'ka Oblast', Ukraine	UP	UP05	28549	48.5791	37.6094	-1034241	20260902123000	http://en.kremlin.ru/events/president/news/80665
1321099892	20260902	202609	2026	2026.6630	UKR	UKRAINE	UKR								RUS	RUSSIA	RUS								0	036	036	03	1	4.0	4	1	4	0.37023324694558	4	Slavyansk, Primorskiy Kray, Russia	RS	RS59	25088	42.8696	131.378	-3005615	4	Slavyansk, Primorskiy Kray, Russia	RS	RS59	25088	42.8696	131.378	-3005615	4	Slavyansk, Primorskiy Kray, Russia	RS	RS59	25088	42.8696	131.378	-3005615	20260902123000	http://en.kremlin.ru/events/president/news/80665
1321099893	20260902	202609	2026	2026.6630	UKR	UKRAINE	UKR								RUS	RUSSIA	RUS								0	036	036	03	1	4.0	1	1	1	0.37023324694558	4	Slavyansk, Primorskiy Kray, Russia	RS	RS59	25088	42.8696	131.378	-3005615	4	Slavyansk, Primorskiy Kray, Russia	RS	RS59	25088	42.8696	131.378	-3005615	1	United States	US	US		39.828175	-98.5795	US	20260902123000	http://en.kremlin.ru/events/president/news/80665
1321099894	20260902	202609	2026	2026.6630	UKR	UKRAINE	UKR								RUS	RUSSIA	RUS								0	040	040	04	1	1.0	2	1	2	0.16366612111293	1	Russia	RS	RS		60	100	RS	1	Russia	RS	RS		60	100	RS	1	Russia	RS	RS		60	100	RS	20260902123000	https://www.bankingnews.gr/amyna-diplomatia/articles/897029/step-back-now-harsh-message-from-erdogan-to-greece-following-meeting-with-putin-ultimatum-over-the-military-on-the-islands
1321099895	20260902	202609	2026	2026.6630	UKR	UKRAINE	UKR								RUS	RUSSIA	RUS								0	040	040	04	1	1.0	2	1	2	0.16366612111293	1	Russia	RS	RS		60	100	RS	1	Russia	RS	RS		60	100	RS	1	Ukraine	UP	UP		49	32	UP	20260902123000	https://www.bankingnews.gr/amyna-diplomatia/articles/897029/step-back-now-harsh-message-from-erdogan-to-greece-following-meeting-with-putin-ultimatum-over-the-military-on-the-islands
1321099896	20260902	202609	2026	2026.6630	UKR	UKRAINE	UKR								RUS	RUSSIA	RUS								0	042	042	04	1	1.9	3	1	3	0.37023324694558	4	Slavyansk, Primorskiy Kray, Russia	RS	RS59	25088	42.8696	131.378	-3005615	4	Slavyansk, Primorskiy Kray, Russia	RS	RS59	25088	42.8696	131.378	-3005615	4	Slavyansk, Primorskiy Kray, Russia	RS	RS59	25088	42.8696	131.378	-3005615	20260902123000	http://en.kremlin.ru/events/president/news/80665
1321099897	20260902	202609	2026	2026.6630	UKR	UKRAINE	UKR								RUS	RUSSIA	RUS								0	042	042	04	1	1.9	2	1	2	0.37023324694558	4	Slavyansk, Primorskiy Kray, Russia	RS	RS59	25088	42.8696	131.378	-3005615	4	Slavyansk, Primorskiy Kray, Russia	RS	RS59	25088	42.8696	131.378	-3005615	1	United States	US	US		39.828175	-98.5795	US	20260902123000	http://en.kremlin.ru/events/president/news/80665
1321099898	20260902	202609	2026	2026.6630	USA	UNITED STATES	USA																		0	010	010	01	1	0.0	4	1	4	1.89189189189189	3	Orcas Island, Washington, United States	US	USWA	WA055	48.6543	-122.938	1507196	0								3	Orcas Island, Washington, United States	US	USWA		48.6543	-122.938	1507196	20260902123000	https://www.sanjuanjournal.com/2026/09/02/breaking-search-continues-for-missing-87-year-old-man-on-orcasisland-mandatory-9-am-meeting-for-volunteers-wanting-toaid-in-the-search/
1321099899	20260902	202609	2026	2026.6630	USA	UNITED STATES	USA																		0	010	010	01	1	0.0	2	1	2	-0.84097859327217	3	Iowa Falls, Iowa, United States	US	USIA	IA083	42.5225	-93.2513	457829	0								4	Valencia, Carabobo, Venezuela	VE	VE07	31933	10.1806	-68.0039	-960192	20260902123000	https://www.timescitizen.com/news/iowa-falls-police-chief-still-looking-for-answers/article_0244dc67-71e4-40e1-93c2-430e9031dfe1.html
1321099900	20260902	202609	2026	2026.6630	USA	UNITED STATES	USA																		0	010	010	01	1	0.0	2	1	2	-1.18577075098814	3	Mitchell Bay, New York, United States	US	USNY	NY089	44.524	-75.5785	976668	0								3	Mitchell Bay, New York, United States	US	USNY		44.524	-75.5785	976668	20260902123000	https://www.sanjuanjournal.com/2026/09/02/across-the-dotted-line-what-the-cowichan-tribes-v-canada-ruling-means-for-the-san-juan-islands/
1321099901	20260902	202609	2026	2026.6630	USA	UNITED STATES	USA																		1	010	010	01	1	0.0	4	1	4	-4.74006116207951	2	California, United States	US	USCA		36.17	-119.746	CA	0								1	Ireland	EI	EI		53	-8	EI	20260902123000	https://www.theguardian.com/us-news/2026/sep/02/tupac-shakur-murder-conviction-fan-reaction
1321099902	20260902	202609	2026	2026.6630	USA	UNITED STATES	USA																		1	013	013	01	1	0.4	2	1	2	-1.58730158730158	3	Chicago, Illinois, United States	US	USIL	IL031	41.85	-87.6501	423587	0								3	Chicago, Illinois, United States	US	USIL	IL031	41.85	-87.6501	423587	20260902123000	https://www.wfiwradio.com/2026/09/02/bailey-shifts-campaign-focus-to-chicago-and-suburbs/
1321099903	20260902	202609	2026	2026.6630	USA	UNITED STATES	USA																		0	013	013	01	1	0.4	3	1	3	1.10775427995971	3	Wichita, Kansas, United States	US	USKS	KS173	37.6922	-97.3375	473862	0								3	Wichita, Kansas, United States	US	USKS	KS173	37.6922	-97.3375	473862	20260902123000	https://kspress.com/news/2026/09/02/a-diehard-wichita-friendship-tested-through-seven-decades-of-life-and-now-death
1321099904	20260902	202609	2026	2026.6630	USA	UNITED STATES	USA																		0	013	013	01	1	0.4	1	1	1	1.10775427995971	3	Washington, District of Columbia, United States	US	USDC	DC001	38.8951	-77.0364	531871	0								3	Wichita, Kansas, United States	US	USKS	KS173	37.6922	-97.3375	473862	20260902123000	https://kspress.com/news/2026/09/02/a-diehard-wichita-friendship-tested-through-seven-decades-of-life-and-now-death
1321099905	20260902	202609	2026	2026.6630	USA	UNITED STATES	USA																		1	013	013	01	1	0.4	4	1	4	-1.58730158730158	2	Illinois, United States	US	USIL		40.3363	-89.0022	IL	0								2	Illinois, United States	US	USIL		40.3363	-89.0022	IL	20260902123000	https://www.wfiwradio.com/2026/09/02/bailey-shifts-campaign-focus-to-chicago-and-suburbs/
1321099906	20260902	202609	2026	2026.6630	USA	UNITED STATES	USA																		1	017	017	01	1	0.0	2	1	2	-0.78585461689588	3	Brooklin, Maine, United States	US	USME	ME009	44.2662	-68.5692	563011	0								3	Brooklin, Maine, United States	US	USME	ME009	44.2662	-68.5692	563011	20260902123000	https://www.saltwire.com/nova-scotia/halifax/opinion-halifax/opinion-the-hand-of-a-stranger-remembered-after-swissair-flight-111
1321099907	20260902	202609	2026	2026.6630	USA	UNITED STATES	USA																		1	020	020	02	1	3.0	2	1	2	-1.66821130676552	3	San Juan County, Washington, United States	US	USWA	WA055	48.5665	-122.968	1531931	0								3	San Juan Islands, Washington, United States	US	USWA		48.5832	-122.968	1510684	20260902123000	https://www.sanjuanjournal.com/2026/09/02/san-juan-county-islands-trust-join-forces-against-proposed-oil-sands-pipeline/
1321099908	20260902	202609	2026	2026.6630	USA	UNITED STATES	USA																		1	020	020	02	1	3.0	4	1	4	-1.66821130676552	3	San Juan County, Washington, United States	US	USWA	WA055	48.5665	-122.968	1531931	0								3	San Juan County, Washington, United States	US	USWA		48.5665	-122.968	1531931	20260902123000	https://www.sanjuanjournal.com/2026/09/02/san-juan-county-islands-trust-join-forces-against-proposed-oil-sands-pipeline/
1321099909	20260902	202609	2026	2026.6630	USA	UNITED STATES	USA																		1	020	020	02	1	3.0	12	1	4	1.89753320683112	3	West Hollywood, California, United States	US	USCA	CA037	34.09	-118.362	1652810	0								3	West Hollywood, California, United States	US	USCA		34.09	-118.362	1652810	20260902123000	https://www.hellomagazine.com/us/921224/jennifer-garner-looks-identical-to-daughter-violet-affleck/
1321099910	20260902	202609	2026	2026.6630	USA	UNITED STATES	USA																		0	020	020	02	1	3.0	2	1	2	-0.84097859327217	3	Iowa Falls, Iowa, United States	US	USIA	IA083	42.5225	-93.2513	457829	0								3	Iowa Falls, Iowa, United States	US	USIA		42.5225	-93.2513	457829	20260902123000	https://www.timescitizen.com/news/iowa-falls-police-chief-still-looking-for-answers/article_0244dc67-71e4-40e1-93c2-430e9031dfe1.html
1321099911	20260902	202609	2026	2026.6630	USA	UNITED STATES	USA																		1	020	020	02	1	3.0	3	1	3	-1.94174757281554	2	New York, United States	US	USNY		42.1497	-74.9384	NY	0								2	Alaska, United States	US	USAK		61.385	-152.268	AK	20260902123000	https://www.cbsnews.com/news/alaska-ranked-choice-voting-primary-results/
1321099912	20260902	202609	2026	2026.6630	USA	CALIFORNIA	USA																		0	023	023	02	1	3.4	10	1	10	0.20964360587002	2	California, United States	US	USCA		36.17	-119.746	CA	0								2	California, United States	US	USCA		36.17	-119.746	CA	20260902123000	https://www.latimes.com/environment/story/2026-09-02/sweeping-climate-energy-legislation-goes-to-newsoms-desk
1321099913	20260902	202609	2026	2026.6630	USA	RICHMOND	USA																		1	026	026	02	1	4.0	2	1	2	-0.75901328273245	4	Richmond Hill, Ontario, Canada	CA	CA08	12689	43.8667	-79.4333	-572249	0								4	Richmond Hill, Ontario, Canada	CA	CA08	12689	43.8667	-79.4333	-572249	20260902123000	https://www.yorkregion.com/news/richmond-hill-residents-join-city-fight-at-ontario-tribunal/article_bfd1bc01-7a96-57fb-8899-0dac3ec536a0.html
1321099914	20260902	202609	2026	2026.6630	USA	UNITED STATES	USA																		1	036	036	03	1	4.0	2	1	2	5.24691358024692	3	Kensington Park, California, United States	US	USCA	CA073	32.7631	-117.106	244254	0								3	Kensington Park, California, United States	US	USCA		32.7631	-117.106	244254	20260902123000	https://www.standard-freeholder.com/press-releases/newsfile/alliance-advisors-ir-announces-2027-healthcare-meeting-program-san-francisco-and-appoints-vivian-cervantes-as-head-of-healthcare/
1321099915	20260902	202609	2026	2026.6630	USA	SAN FRANCISCO	USA																		1	036	036	03	1	4.0	3	1	3	5.24691358024692	3	San Francisco, California, United States	US	USCA	CA075	37.7749	-122.419	277593	0								3	Kensington Park, California, United States	US	USCA		32.7631	-117.106	244254	20260902123000	https://www.standard-freeholder.com/press-releases/newsfile/alliance-advisors-ir-announces-2027-healthcare-meeting-program-san-francisco-and-appoints-vivian-cervantes-as-head-of-healthcare/
1321099916	20260902	202609	2026	2026.6630	USA	WASHINGTON	USA																		1	036	036	03	1	4.0	6	1	6	5.69948186528498	3	Phoenix, Arizona, United States	US	USAZ	AZ013	33.4484	-112.074	44784	0								3	Phoenix, Arizona, United States	US	USAZ	AZ013	33.4484	-112.074	44784	20260902123000	https://americanbazaaronline.com/2026/09/02/sethuraman-panchanathan-wins-national-academy-of-engineerings-bueche-award-487424/
1321099917	20260902	202609	2026	2026.6630	USA	UNITED STATES	USA																		1	040	040	04	1	1.0	4	1	4	0.40106951871657	2	North Dakota, United States	US	USND		47.5362	-99.793	ND	0								2	North Dakota, United States	US	USND		47.5362	-99.793	ND	20260902123000	https://kfgo.com/2026/09/02/north-dakota-governor-says-data-center-transparency-bill-not-needed/
1321099918	20260902	202609	2026	2026.6630	USA	UNITED STATES	USA																		0	043	043	04	1	2.8	5	1	5	1.89753320683112	3	West Hollywood, California, United States	US	USCA	CA037	34.09	-118.362	1652810	0								3	West Hollywood, California, United States	US	USCA		34.09	-118.362	1652810	20260902123000	https://www.hellomagazine.com/us/921224/jennifer-garner-looks-identical-to-daughter-violet-affleck/
1321099919	20260902	202609	2026	2026.6630	USA	FLORIDA	USA																		1	043	043	04	1	2.8	5	1	5	0	3	Leon County, Florida, United States	US	USFL	FL073	30.4946	-84.2082	306916	0								3	Leon County, Florida, United States	US	USFL		30.4946	-84.2082	306916	20260902123000	https://longreads.com/2026/09/02/florida-home-memory-family/
1321099920	20260902	202609	2026	2026.6630	USA	UNITED STATES	USA																		1	043	043	04	1	2.8	6	1	6	1.10775427995971	3	Wichita, Kansas, United States	US	USKS	KS173	37.6922	-97.3375	473862	0								3	Wichita, Kansas, United States	US	USKS	KS173	37.6922	-97.3375	473862	20260902123000	https://kspress.com/news/2026/09/02/a-diehard-wichita-friendship-tested-through-seven-decades-of-life-and-now-death
1321099921	20260902	202609	2026	2026.6630	USA	CALIFORNIA	USA																		0	043	043	04	1	2.8	3	1	3	1.89753320683112	2	California, United States	US	USCA		36.17	-119.746	CA	0								3	West Hollywood, California, United States	US	USCA		34.09	-118.362	1652810	20260902123000	https://www.hellomagazine.com/us/921224/jennifer-garner-looks-identical-to-daughter-violet-affleck/
1321099922	20260902	202609	2026	2026.6630	USA	FLORIDA	USA																		1	043	043	04	1	2.8	2	1	2	0	2	Florida, United States	US	USFL		27.8333	-81.717	FL	0								3	Leon County, Florida, United States	US	USFL		30.4946	-84.2082	306916	20260902123000	https://longreads.com/2026/09/02/florida-home-memory-family/
1321099923	20260902	202609	2026	2026.6630	USA	RICHMOND	USA																		1	052	052	05	1	3.5	2	1	2	-0.75901328273245	4	Richmond Hill, Ontario, Canada	CA	CA08	12689	43.8667	-79.4333	-572249	0								4	Richmond Hill, Ontario, Canada	CA	CA08	12689	43.8667	-79.4333	-572249	20260902123000	https://www.yorkregion.com/news/richmond-hill-residents-join-city-fight-at-ontario-tribunal/article_bfd1bc01-7a96-57fb-8899-0dac3ec536a0.html
1321099924	20260902	202609	2026	2026.6630	USA	UNITED STATES	USA																		0	057	057	05	1	8.0	2	1	2	0.8604206500956	2	Pennsylvania, United States	US	USPA		40.5773	-77.264	PA	0								2	Pennsylvania, United States	US	USPA		40.5773	-77.264	PA	20260902123000	https://www.biopharmadive.com/?page=2&_sp=e5cf0549-9b0c-41a7-b619-bf344e0e2c26
1321099925	20260902	202609	2026	2026.6630	USA	UNITED STATES	USA																		1	060	060	06	2	6.0	4	1	4	1.03359173126615	3	Hollywood, California, United States	US	USCA	CA037	34.0983	-118.327	1660757	0								3	Hollywood, California, United States	US	USCA	CA037	34.0983	-118.327	1660757	20260902123000	https://www.canberratimes.com.au/story/9342756/matthew-perrys-life-examined-in-netflix-documentary/
1321099926	20260902	202609	2026	2026.6630	USA	UNITED STATES	USA																		0	062	062	06	2	7.4	4	1	4	1.90336749633968	3	Sewickley, Pennsylvania, United States	US	USPA	PA003	40.5365	-80.1845	1187277	0								3	Sewickley, Pennsylvania, United States	US	USPA	PA003	40.5365	-80.1845	1187277	20260902123000	https://pittnews.com/article/202674/arts-and-entertainment/bakery-square-hosts-vintage-art-market-and-twilight-screening-to-kick-off-the-fall-season/
1321099927	20260902	202609	2026	2026.6630	USA	UNITED STATES	USA																		1	062	062	06	2	7.4	5	1	5	-1.66821130676552	3	San Juan County, Washington, United States	US	USWA	WA055	48.5665	-122.968	1531931	0								3	San Juan County, Washington, United States	US	USWA		48.5665	-122.968	1531931	20260902123000	https://www.sanjuanjournal.com/2026/09/02/san-juan-county-islands-trust-join-forces-against-proposed-oil-sands-pipeline/
1321099928	20260902	202609	2026	2026.6630	USA	UNITED STATES	USA																		1	062	062	06	2	7.4	1	1	1	-1.66821130676552	2	Washington, United States	US	USWA		47.3917	-121.571	WA	0								2	Washington, United States	US	USWA		47.3917	-121.571	WA	20260902123000	https://www.sanjuanjournal.com/2026/09/02/san-juan-county-islands-trust-join-forces-against-proposed-oil-sands-pipeline/
1321099929	20260902	202609	2026	2026.6630	USA	UNITED STATES	USA																		0	071	071	07	2	7.4	8	1	8	6.37583892617449	3	Sussex County, Delaware, United States	US	USDE	DE005	38.7001	-75.4163	217269	0								3	Sussex County, Delaware, United States	US	USDE		38.7001	-75.4163	217269	20260902123000	https://www.wdel.com/news/sussex-county-approves-ambulance-purchase-centralized-billing-programs/article_140f0a38-2efc-56e0-b9cc-ff2d071e1871.html
1321099930	20260902	202609	2026	2026.6630	USA	UNITED STATES	USA																		0	0874	087	08	2	10.0	2	1	2	-5.6986301369863	3	Pima County, Arizona, United States	US	USAZ	AZ019	32.0004	-112.003	25446	0								3	Pima County, Arizona, United States	US	USAZ		32.0004	-112.003	25446	20260902123000	https://www.npr.org/2026/09/02/nx-s1-5887544/heat-deaths-undercount
1321099931	20260902	202609	2026	2026.6630	USA	UNITED STATES	USA																		0	090	090	09	2	-2.0	2	1	2	1.89189189189189	3	Orcas Island, Washington, United States	US	USWA	WA055	48.6543	-122.938	1507196	0								3	Orcas Island, Washington, United States	US	USWA		48.6543	-122.938	1507196	20260902123000	https://www.sanjuanjournal.com/2026/09/02/breaking-search-continues-for-missing-87-year-old-man-on-orcasisland-mandatory-9-am-meeting-for-volunteers-wanting-toaid-in-the-search/
1321099932	20260902	202609	2026	2026.6630	USA	UNITED STATES	USA																		0	090	090	09	2	-2.0	6	1	6	1.89189189189189	3	San Juan County, Washington, United States	US	USWA	WA055	48.5665	-122.968	1531931	0								3	San Juan County, Washington, United States	US	USWA		48.5665	-122.968	1531931	20260902123000	https://www.sanjuanjournal.com/2026/09/02/breaking-search-continues-for-missing-87-year-old-man-on-orcasisland-mandatory-9-am-meeting-for-volunteers-wanting-toaid-in-the-search/
1321099933	20260902	202609	2026	2026.6630	USA	UNITED STATES	USA																		0	120	120	12	3	-4.0	2	1	2	-6.54307524536533	3	Pickaway County, Ohio, United States	US	USOH	OH129	39.6501	-83.0332	1074077	0								3	Pickaway County, Ohio, United States	US	USOH		39.6501	-83.0332	1074077	20260902123000	https://www.fox19.com/2026/09/01/pike-county-massacre-judge-denies-request-victims-families-location-billy-wagners-trial/
1321099934	20260902	202609	2026	2026.6630	USA	UNITED STATES	USA																		1	127	127	12	3	-5.0	4	1	4	-2.25563909774436	3	Berkeley, California, United States	US	USCA	CA001	37.8716	-122.273	1658037	0								3	Berkeley, California, United States	US	USCA	CA001	37.8716	-122.273	1658037	20260902123000	https://www.dailycal.org/news/city/communities/berkeley-daily-planet-ceases-to-spin/article_cc4dcef5-2ce0-4e4e-82f3-44b45a5b3cf6.html
1321099935	20260902	202609	2026	2026.6630	USA	UNITED STATES	USA																		0	130	130	13	3	-4.4	1	1	1	-1.468788249694	3	San Francisco, California, United States	US	USCA	CA075	37.7749	-122.419	277593	0								3	San Francisco, California, United States	US	USCA		37.7749	-122.419	277593	20260902123000	https://fortune.com/2026/09/02/san-francisco-democrats-bilionaire-tax-prop-40/
1321099936	20260902	202609	2026	2026.6630	USA	UNITED STATES	USA																		1	172	172	17	4	-5.0	1	1	1	-4.76190476190476	2	Arizona, United States	US	USAZ		33.7712	-111.388	AZ	0								2	Alaska, United States	US	USAK		61.385	-152.268	AK	20260902123000	https://www.hindustantimes.com/world-news/us-news/ousman-ceesay-family-tucson-gay-bar-shooter-in-focus-venture-n-vincent-anthony-siqueiros-cameron-davis-capara-killed-101788340879366.html
1321099937	20260902	202609	2026	2026.6630	USA	PENNSYLVANIA	USA																		0	172	172	17	4	-5.0	5	1	5	-0.82644628099174	2	Pennsylvania, United States	US	USPA		40.5773	-77.264	PA	0								2	Pennsylvania, United States	US	USPA		40.5773	-77.264	PA	20260902123000	https://www.bctv.org/2026/09/02/exploring-the-data-center-boom/
1321099938	20260902	202609	2026	2026.6630	USA	UNITED STATES	USA																		1	191	191	19	4	-9.5	4	1	4	-1.43540669856459	2	Ohio, United States	US	USOH		40.3736	-82.7755	OH	0								2	Ohio, United States	US	USOH		40.3736	-82.7755	OH	20260902123000	https://wgme.com/news/local/caught-on-camera-great-white-shark-attacks-seal-off-bar-harbor
1321099939	20260902	202609	2026	2026.6630	USA	UNITED STATES	USA								ARGGOV	ARGENTINA	ARG					GOV			1	012	012	01	1	-0.4	1	1	1	-1.39860139860139	2	Minnesota, United States	US	USMN		45.7326	-93.9196	MN	1	Argentina	AR	AR		-34	-64	AR	1	Argentina	AR	AR		-34	-64	AR	20260902123000	https://kfgo.com/2026/09/02/minnesota-farmers-union-president-shares-what-hes-hearing-from-producers-at-the-state-fair/
1321099940	20260902	202609	2026	2026.6630	USA	UNITED STATES	USA								BUS	INVESTOR						BUS			1	036	036	03	1	4.0	4	1	4	5.24691358024692	3	Kensington Park, California, United States	US	USCA	CA073	32.7631	-117.106	244254	3	San Francisco, California, United States	US	USCA		37.7749	-122.419	277593	3	Kensington Park, California, United States	US	USCA		32.7631	-117.106	244254	20260902123000	https://www.standard-freeholder.com/press-releases/newsfile/alliance-advisors-ir-announces-2027-healthcare-meeting-program-san-francisco-and-appoints-vivian-cervantes-as-head-of-healthcare/
1321099941	20260902	202609	2026	2026.6630	USA	SAN FRANCISCO	USA								BUS	INVESTOR						BUS			1	036	036	03	1	4.0	1	1	1	5.24691358024692	3	San Francisco, California, United States	US	USCA	CA075	37.7749	-122.419	277593	3	San Francisco, California, United States	US	USCA		37.7749	-122.419	277593	3	Kensington Park, California, United States	US	USCA		32.7631	-117.106	244254	20260902123000	https://www.standard-freeholder.com/press-releases/newsfile/alliance-advisors-ir-announces-2027-healthcare-meeting-program-san-francisco-and-appoints-vivian-cervantes-as-head-of-healthcare/
1321099942	20260902	202609	2026	2026.6630	USA	NEW YORK	USA								BUS	COMPANIES						BUS			1	036	036	03	1	4.0	10	1	10	5.24691358024692	3	San Francisco, California, United States	US	USCA	CA075	37.7749	-122.419	277593	3	San Francisco, California, United States	US	USCA		37.7749	-122.419	277593	3	San Francisco, California, United States	US	USCA		37.7749	-122.419	277593	20260902123000	https://www.standard-freeholder.com/press-releases/newsfile/alliance-advisors-ir-announces-2027-healthcare-meeting-program-san-francisco-and-appoints-vivian-cervantes-as-head-of-healthcare/
1321099943	20260902	202609	2026	2026.6630	USA	UNITED STATES	USA								BUS	BUSINESS						BUS			1	071	071	07	2	7.4	2	1	2	-2.25563909774436	3	Berkeley, California, United States	US	USCA	CA001	37.8716	-122.273	1658037	3	Berkeley, California, United States	US	USCA	CA001	37.8716	-122.273	1658037	3	Berkeley, California, United States	US	USCA	CA001	37.8716	-122.273	1658037	20260902123000	https://www.dailycal.org/news/city/communities/berkeley-daily-planet-ceases-to-spin/article_cc4dcef5-2ce0-4e4e-82f3-44b45a5b3cf6.html
1321099944	20260902	202609	2026	2026.6630	USA	UNITED STATES	USA								BUS	BUSINESS						BUS			1	071	071	07	2	7.4	2	1	2	-2.25563909774436	3	Berkeley, California, United States	US	USCA	CA001	37.8716	-122.273	1658037	2	California, United States	US	USCA		36.17	-119.746	CA	2	California, United States	US	USCA		36.17	-119.746	CA	20260902123000	https://www.dailycal.org/news/city/communities/berkeley-daily-planet-ceases-to-spin/article_cc4dcef5-2ce0-4e4e-82f3-44b45a5b3cf6.html
1321099945	20260902	202609	2026	2026.6630	USA	PENNSYLVANIA	USA								BUS	BANK						BUS			0	073	073	07	2	7.4	10	1	10	4.20070011668611	2	Pennsylvania, United States	US	USPA		40.5773	-77.264	PA	2	Pennsylvania, United States	US	USPA		40.5773	-77.264	PA	2	Pennsylvania, United States	US	USPA		40.5773	-77.264	PA	20260902123000	https://www.bctv.org/2026/09/02/helping-harvest-calls-on-berks-schuylkill-counties-to-play-your-part/
1321099946	20260902	202609	2026	2026.6630	USA	UNITED STATES	USA								BUS	COMPANIES						BUS			0	100	100	10	3	-5.0	2	1	2	1.20805369127517	1	United Kingdom	UK	UK		54	-4	UK	1	United Kingdom	UK	UK		54	-4	UK	1	United Kingdom	UK	UK		54	-4	UK	20260902123000	https://www.finanznachrichten.de/nachrichten-2026-09/69475245-north-highland-names-chris-kido-global-head-of-life-sciences-004.htm
1321099947	20260902	202609	2026	2026.6630	USA	RICHMOND	USA								CAN	CANADA	CAN								1	026	026	02	1	4.0	4	1	4	-0.75901328273245	4	Richmond Hill, Ontario, Canada	CA	CA08	12689	43.8667	-79.4333	-572249	4	Richmond Hill, Ontario, Canada	CA	CA08	12689	43.8667	-79.4333	-572249	4	Richmond Hill, Ontario, Canada	CA	CA08	12689	43.8667	-79.4333	-572249	20260902123000	https://www.yorkregion.com/news/richmond-hill-residents-join-city-fight-at-ontario-tribunal/article_bfd1bc01-7a96-57fb-8899-0dac3ec536a0.html
1321099948	20260902	202609	2026	2026.6630	USA	NEW YORK	USA								CAN	MONTREAL	CAN								1	040	040	04	1	1.0	10	1	10	8.03571428571429	4	Montreal, Quebec, Canada	CA	CA10	12713	45.5	-73.5833	-569541	4	Montreal, Quebec, Canada	CA	CA10	12713	45.5	-73.5833	-569541	1	Puerto Rico	RQ	RQ		18.2359	-66.4838	RQ	20260902123000	https://www.prnewswire.com/news-releases/power-sustainable-portfolio-company-envocore-selected-for-major-puerto-rico-water-infrastructure-modernization-program-302866834.html
1321099949	20260902	202609	2026	2026.6630	USA	RICHMOND	USA								CAN	CANADA	CAN								1	052	052	05	1	3.5	4	1	4	-0.75901328273245	4	Richmond Hill, Ontario, Canada	CA	CA08	12689	43.8667	-79.4333	-572249	4	Richmond Hill, Ontario, Canada	CA	CA08	12689	43.8667	-79.4333	-572249	4	Richmond Hill, Ontario, Canada	CA	CA08	12689	43.8667	-79.4333	-572249	20260902123000	https://www.yorkregion.com/news/richmond-hill-residents-join-city-fight-at-ontario-tribunal/article_bfd1bc01-7a96-57fb-8899-0dac3ec536a0.html
1321099950	20260902	202609	2026	2026.6630	USA	MAINE	USA								COP	POLICE						COP			1	060	060	06	2	6.0	10	1	10	-1.25	2	Maine, United States	US	USME		44.6074	-69.3977	ME	2	Maine, United States	US	USME		44.6074	-69.3977	ME	2	Maine, United States	US	USME		44.6074	-69.3977	ME	20260902123000	https://wgme.com/news/local/police-investigating-early-morning-incident-in-lewiston-maine-crime-sabattus-street
1321099951	20260902	202609	2026	2026.6630	USA	NEW YORK	USA								CVL	COMMUNITY						CVL			1	0331	033	03	1	5.2	10	1	10	5.24691358024692	2	New York, United States	US	USNY		42.1497	-74.9384	NY	3	Kensington Park, California, United States	US	USCA		32.7631	-117.106	244254	3	Kensington Park, California, United States	US	USCA		32.7631	-117.106	244254	20260902123000	https://www.standard-freeholder.com/press-releases/newsfile/alliance-advisors-ir-announces-2027-healthcare-meeting-program-san-francisco-and-appoints-vivian-cervantes-as-head-of-healthcare/
1321099952	20260902	202609	2026	2026.6630	USA	OHIO	USA								CVL	TOURIST						CVL			1	036	036	03	1	4.0	5	1	5	-1.43540669856459	2	Ohio, United States	US	USOH		40.3736	-82.7755	OH	2	Ohio, United States	US	USOH		40.3736	-82.7755	OH	2	Ohio, United States	US	USOH		40.3736	-82.7755	OH	20260902123000	https://wgme.com/news/local/caught-on-camera-great-white-shark-attacks-seal-off-bar-harbor
1321099953	20260902	202609	2026	2026.6630	USA	UNITED STATES	USA								EDU	UNIVERSITY						EDU			1	010	010	01	1	0.0	1	1	1	-2.25563909774436	3	Berkeley, California, United States	US	USCA	CA001	37.8716	-122.273	1658037	3	Berkeley, California, United States	US	USCA	CA001	37.8716	-122.273	1658037	3	Berkeley, California, United States	US	USCA	CA001	37.8716	-122.273	1658037	20260902123000	https://www.dailycal.org/news/city/communities/berkeley-daily-planet-ceases-to-spin/article_cc4dcef5-2ce0-4e4e-82f3-44b45a5b3cf6.html
1321099954	20260902	202609	2026	2026.6630	USA	UNITED STATES	USA								EDU	UNIVERSITY						EDU			1	010	010	01	1	0.0	4	1	4	-2.25563909774436	3	Berkeley, California, United States	US	USCA	CA001	37.8716	-122.273	1658037	3	Berkeley, California, United States	US	USCA	CA001	37.8716	-122.273	1658037	2	California, United States	US	USCA		36.17	-119.746	CA	20260902123000	https://www.dailycal.org/news/city/communities/berkeley-daily-planet-ceases-to-spin/article_cc4dcef5-2ce0-4e4e-82f3-44b45a5b3cf6.html
1321099955	20260902	202609	2026	2026.6630	USA	UNITED STATES	USA								EDU	UNIVERSITY						EDU			1	010	010	01	1	0.0	1	1	1	-2.25563909774436	3	Berkeley, California, United States	US	USCA	CA001	37.8716	-122.273	1658037	2	California, United States	US	USCA		36.17	-119.746	CA	3	Berkeley, California, United States	US	USCA	CA001	37.8716	-122.273	1658037	20260902123000	https://www.dailycal.org/news/city/communities/berkeley-daily-planet-ceases-to-spin/article_cc4dcef5-2ce0-4e4e-82f3-44b45a5b3cf6.html
1321099956	20260902	202609	2026	2026.6630	USA	UNITED STATES	USA								EDU	COLLEGE						EDU			1	036	036	03	1	4.0	1	1	1	1.9047619047619	3	Rend Lake College, Illinois, United States	US	USIL	IL081	38.1309	-88.9187	416526	2	Illinois, United States	US	USIL		40.3363	-89.0022	IL	2	Illinois, United States	US	USIL		40.3363	-89.0022	IL	20260902123000	https://www.wfiwradio.com/2026/09/02/clara-manning-named-wayne-city-high-school-senior-of-the-month/
1321099957	20260902	202609	2026	2026.6630	USA	UNITED STATES	USA								EDU	COLLEGE						EDU			1	036	036	03	1	4.0	2	1	2	1.9047619047619	2	Illinois, United States	US	USIL		40.3363	-89.0022	IL	2	Illinois, United States	US	USIL		40.3363	-89.0022	IL	2	Illinois, United States	US	USIL		40.3363	-89.0022	IL	20260902123000	https://www.wfiwradio.com/2026/09/02/clara-manning-named-wayne-city-high-school-senior-of-the-month/
1321099958	20260902	202609	2026	2026.6630	USA	LOS ANGELES	USA								EDU	UNIVERSITY						EDU			1	042	042	04	1	1.9	4	1	4	1.89753320683112	3	West Hollywood, California, United States	US	USCA	CA037	34.09	-118.362	1652810	3	West Hollywood, California, United States	US	USCA		34.09	-118.362	1652810	3	West Hollywood, California, United States	US	USCA		34.09	-118.362	1652810	20260902123000	https://www.hellomagazine.com/us/921224/jennifer-garner-looks-identical-to-daughter-violet-affleck/
1321099959	20260902	202609	2026	2026.6630	USA	LOS ANGELES	USA								EDU	UNIVERSITY						EDU			1	042	042	04	1	1.9	6	1	6	1.89753320683112	2	California, United States	US	USCA		36.17	-119.746	CA	2	California, United States	US	USCA		36.17	-119.746	CA	2	California, United States	US	USCA		36.17	-119.746	CA	20260902123000	https://www.hellomagazine.com/us/921224/jennifer-garner-looks-identical-to-daughter-violet-affleck/
1321099960	20260902	202609	2026	2026.6630	USA	UNITED STATES	USA								EDU	UNIVERSITY						EDU			0	051	051	05	1	3.4	4	1	4	1.19521912350597	3	Prairie View, Texas, United States	US	USTX	TX473	30.0933	-95.9877	1344521	3	Prairie View, Texas, United States	US	USTX		30.0933	-95.9877	1344521	3	Prairie View, Texas, United States	US	USTX		30.0933	-95.9877	1344521	20260902123000	https://www.yahoo.com/entertainment/music/articles/turns-150-prairie-view-m-120000652.html
1321099961	20260902	202609	2026	2026.6630	USA	UNITED STATES	USA								EDU	SCHOOL						EDU			1	112	112	11	3	-2.0	4	1	4	-1.58730158730158	3	Chicago, Illinois, United States	US	USIL	IL031	41.85	-87.6501	423587	3	Chicago, Illinois, United States	US	USIL	IL031	41.85	-87.6501	423587	3	Chicago, Illinois, United States	US	USIL	IL031	41.85	-87.6501	423587	20260902123000	https://www.wfiwradio.com/2026/09/02/bailey-shifts-campaign-focus-to-chicago-and-suburbs/
1321099962	20260902	202609	2026	2026.6630	USA	WASHINGTON	USA								EGY	EGYPT	EGY								1	072	072	07	2	8.3	4	1	4	2.88659793814433	3	Washington, District of Columbia, United States	US	USDC	DC001	38.8951	-77.0364	531871	4	Cairo, Al Qahirah, Egypt	EG	EG11	65350	30.05	31.25	-290692	4	Cairo, Al Qahirah, Egypt	EG	EG11	65350	30.05	31.25	-290692	20260902123000	https://www.al-monitor.com/originals/2026/09/egypt-welcomes-xi-beijing-expands-influence-middle-east
1321099963	20260902	202609	2026	2026.6630	USA	WASHINGTON	USA								EGY	EGYPT	EGY								1	072	072	07	2	8.3	6	1	6	2.88659793814433	3	Washington, District of Columbia, United States	US	USDC	DC001	38.8951	-77.0364	531871	4	Cairo, Al Qahirah, Egypt	EG	EG11	65350	30.05	31.25	-290692	3	Washington, District of Columbia, United States	US	USDC	DC001	38.8951	-77.0364	531871	20260902123000	https://www.al-monitor.com/originals/2026/09/egypt-welcomes-xi-beijing-expands-influence-middle-east
1321099964	20260902	202609	2026	2026.6630	USA	UNITED STATES	USA								ELI	ACTOR						ELI			0	042	042	04	1	1.9	2	1	2	1.89753320683112	3	West Hollywood, California, United States	US	USCA	CA037	34.09	-118.362	1652810	3	West Hollywood, California, United States	US	USCA		34.09	-118.362	1652810	3	West Hollywood, California, United States	US	USCA		34.09	-118.362	1652810	20260902123000	https://www.hellomagazine.com/us/921224/jennifer-garner-looks-identical-to-daughter-violet-affleck/
1321099965	20260902	202609	2026	2026.6630	USA	RICHMOND	USA								GBR	BRITISH	GBR								1	043	043	04	1	2.8	2	1	2	-1.18577075098814	4	Haro Strait, British Columbia, Canada	CA	CA02	12541	48.6667	-123.25	-565926	1	United Kingdom	UK	UK		54	-4	UK	4	Haro Strait, British Columbia, Canada	CA	CA02	12541	48.6667	-123.25	-565926	20260902123000	https://www.sanjuanjournal.com/2026/09/02/across-the-dotted-line-what-the-cowichan-tribes-v-canada-ruling-means-for-the-san-juan-islands/
1321099966	20260902	202609	2026	2026.6630	USA	UNITED STATES	USA								GBR	EDINBURGH	GBR								1	043	043	04	1	2.8	6	1	6	3.91566265060241	3	Hollywood, California, United States	US	USCA	CA037	34.0983	-118.327	1660757	3	Hollywood, California, United States	US	USCA	CA037	34.0983	-118.327	1660757	3	Hollywood, California, United States	US	USCA	CA037	34.0983	-118.327	1660757	20260902123000	https://theedinburghreporter.co.uk/2026/09/global-stars-bring-brands-to-citys-cocktail-week/
1321099967	20260902	202609	2026	2026.6630	USA	UNITED STATES	USA								GOV	PRESIDENT						GOV			1	012	012	01	1	-0.4	1	1	1	-1.39860139860139	2	Minnesota, United States	US	USMN		45.7326	-93.9196	MN	1	Argentina	AR	AR		-34	-64	AR	1	Argentina	AR	AR		-34	-64	AR	20260902123000	https://kfgo.com/2026/09/02/minnesota-farmers-union-president-shares-what-hes-hearing-from-producers-at-the-state-fair/
1321099968	20260902	202609	2026	2026.6630	USA	UNITED STATES	USA								GOV	MAYOR						GOV			0	020	020	02	1	3.0	1	1	1	-0.84097859327217	3	Iowa Falls, Iowa, United States	US	USIA	IA083	42.5225	-93.2513	457829	4	Valencia, Carabobo, Venezuela	VE	VE07	31933	10.1806	-68.0039	-960192	4	Valencia, Carabobo, Venezuela	VE	VE07	31933	10.1806	-68.0039	-960192	20260902123000	https://www.timescitizen.com/news/iowa-falls-police-chief-still-looking-for-answers/article_0244dc67-71e4-40e1-93c2-430e9031dfe1.html
1321099969	20260902	202609	2026	2026.6630	USA	UNITED STATES	USA								GOV	GOVERNANCE						GOV			0	040	040	04	1	1.0	4	1	4	-2.16986980781153	1	Israel	IS	IS		31.5	34.75	IS	1	Israel	IS	IS		31.5	34.75	IS	1	Israel	IS	IS		31.5	34.75	IS	20260902123000	https://pittnews.com/article/202665/featured/faculty-groups-criticize-new-university-antisemitism-report/
1321099970	20260902	202609	2026	2026.6630	USA	UNITED STATES	USA								ISR	ISRAEL	ISR								0	010	010	01	1	0.0	1	1	1	-2.16986980781153	1	United States	US	US		39.828175	-98.5795	US	1	Israel	IS	IS		31.5	34.75	IS	1	Israel	IS	IS		31.5	34.75	IS	20260902123000	https://pittnews.com/article/202665/featured/faculty-groups-criticize-new-university-antisemitism-report/
1321099971	20260902	202609	2026	2026.6630	USA	UNITED STATES	USA								ISR	ISRAEL	ISR								0	010	010	01	1	0.0	1	1	1	-2.16986980781153	1	United States	US	US		39.828175	-98.5795	US	1	United States	US	US		39.828175	-98.5795	US	1	United States	US	US		39.828175	-98.5795	US	20260902123000	https://pittnews.com/article/202665/featured/faculty-groups-criticize-new-university-antisemitism-report/
1321099972	20260902	202609	2026	2026.6630	USA	UNITED STATES	USA								ISR	ISRAEL	ISR								0	020	020	02	1	3.0	1	1	1	-2.16986980781153	1	United States	US	US		39.828175	-98.5795	US	1	Israel	IS	IS		31.5	34.75	IS	1	Israel	IS	IS		31.5	34.75	IS	20260902123000	https://pittnews.com/article/202665/featured/faculty-groups-criticize-new-university-antisemitism-report/
1321099973	20260902	202609	2026	2026.6630	USA	UNITED STATES	USA								ISR	ISRAEL	ISR								0	020	020	02	1	3.0	1	1	1	-2.16986980781153	1	United States	US	US		39.828175	-98.5795	US	1	United States	US	US		39.828175	-98.5795	US	1	United States	US	US		39.828175	-98.5795	US	20260902123000	https://pittnews.com/article/202665/featured/faculty-groups-criticize-new-university-antisemitism-report/
1321099974	20260902	202609	2026	2026.6630	USA	AMERICAN	USA								ISR	ISRAEL	ISR								1	042	042	04	1	1.9	4	1	4	-2.18878248974008	1	United States	US	US		39.828175	-98.5795	US	4	Jerusalem, Israel (general), Israel	IS	IS00	18315	31.7667	35.2333	-797092	4	Jerusalem, Israel (general), Israel	IS	IS00	18315	31.7667	35.2333	-797092	20260902123000	https://www.npr.org/transcripts/nx-s1-5950449
1321099975	20260902	202609	2026	2026.6630	USA	AMERICAN	USA								ISR	ISRAEL	ISR								1	042	042	04	1	1.9	6	1	6	-2.18878248974008	1	United States	US	US		39.828175	-98.5795	US	4	Jerusalem, Israel (general), Israel	IS	IS00	18315	31.7667	35.2333	-797092	1	United States	US	US		39.828175	-98.5795	US	20260902123000	https://www.npr.org/transcripts/nx-s1-5950449
1321099976	20260902	202609	2026	2026.6630	USA	AMERICAN	USA								ISR	ISRAEL	ISR								0	057	057	05	1	8.0	2	1	2	-2.18878248974008	1	United States	US	US		39.828175	-98.5795	US	4	Jerusalem, Israel (general), Israel	IS	IS00	18315	31.7667	35.2333	-797092	4	Jerusalem, Israel (general), Israel	IS	IS00	18315	31.7667	35.2333	-797092	20260902123000	https://www.npr.org/transcripts/nx-s1-5950449
1321099977	20260902	202609	2026	2026.6630	USA	UNITED STATES	USA								JUD	ATTORNEY						JUD			1	180	180	18	4	-9.0	2	1	2	0	3	Pennsylvania State Police, Pennsylvania, United States	US	USPA	PA021	40.4723	-78.7484	1209105	3	Pennsylvania State Police, Pennsylvania, United States	US	USPA		40.4723	-78.7484	1209105	3	Pennsylvania State Police, Pennsylvania, United States	US	USPA		40.4723	-78.7484	1209105	20260902123000	https://pittnews.com/article/202651/top-stories/south-side-bar-capos-reaches-agreement-to-remain-open-amid-ongoing-safety-concerns/
1321099978	20260902	202609	2026	2026.6630	USA	AMERICAN	USA								MIL	MILITARY						MIL			1	010	010	01	1	0.0	4	1	4	-1.89504373177842	1	Iraq	IZ	IZ		33	44	IZ	1	Iraq	IZ	IZ		33	44	IZ	1	Iraq	IZ	IZ		33	44	IZ	20260902123000	http://www.strategypage.com/htmw/htlead/articles/2026090264742.aspx
1321099979	20260902	202609	2026	2026.6630	USA	UNITED STATES	USA								MNCUSA	NETFLIX	USA					MNC			1	090	090	09	2	-2.0	4	1	4	1.03359173126615	3	Hollywood, California, United States	US	USCA	CA037	34.0983	-118.327	1660757	3	Hollywood, California, United States	US	USCA	CA037	34.0983	-118.327	1660757	3	Hollywood, California, United States	US	USCA	CA037	34.0983	-118.327	1660757	20260902123000	https://www.canberratimes.com.au/story/9342756/matthew-perrys-life-examined-in-netflix-documentary/
1321099980	20260902	202609	2026	2026.6630	USA	AMERICAN	USA								PSE	PALESTINIAN	PSE								1	120	120	12	3	-4.0	10	1	10	-2.18878248974008	1	United States	US	US		39.828175	-98.5795	US	4	Jerusalem, Israel (general), Israel	IS	IS00	18315	31.7667	35.2333	-797092	4	Jerusalem, Israel (general), Israel	IS	IS00	18315	31.7667	35.2333	-797092	20260902123000	https://www.npr.org/transcripts/nx-s1-5950449
1321099981	20260902	202609	2026	2026.6630	USA	UNITED STATES	USA								PSECHR	PALESTINIAN	PSE			CHR					0	057	057	05	1	8.0	2	1	2	-2.18878248974008	1	United States	US	US		39.828175	-98.5795	US	4	Jerusalem, Israel (general), Israel	IS	IS00	18315	31.7667	35.2333	-797092	4	Jerusalem, Israel (general), Israel	IS	IS00	18315	31.7667	35.2333	-797092	20260902123000	https://www.npr.org/transcripts/nx-s1-5950449
1321099982	20260902	202609	2026	2026.6630	USA	AMERICAN	USA								PSECHR	PALESTINIAN	PSE			CHR					0	057	057	05	1	8.0	6	1	6	-2.18878248974008	1	United States	US	US		39.828175	-98.5795	US	4	Jerusalem, Israel (general), Israel	IS	IS00	18315	31.7667	35.2333	-797092	1	West Bank	WE	WE		31.666667	35.25	WE	20260902123000	https://www.npr.org/transcripts/nx-s1-5950449
1321099983	20260902	202609	2026	2026.6630	USA	CINCINNATI	USA								USACOP	CINCINNATI	USA					COP			1	190	190	19	4	-10.0	3	1	3	-9.23076923076925	3	Cincinnati, Ohio, United States	US	USOH	OH061	39.162	-84.4569	1066650	3	Cincinnati, Ohio, United States	US	USOH	OH061	39.162	-84.4569	1066650	3	Cincinnati, Ohio, United States	US	USOH	OH061	39.162	-84.4569	1066650	20260902123000	https://www.fox19.com/2026/09/01/1-dead-1-hurt-shooting-near-uc/
1321099984	20260902	202609	2026	2026.6630	USA	UNITED STATES	USA								USAGOV	THE WHITE HOUSE	USA					GOV			0	020	020	02	1	3.0	1	1	1	-4.65116279069767	3	White House, District of Columbia, United States	US	USDC		38.8951	-77.0364	531871	4	Larak, Khorasan-e Janubi, Iran	IR	IR41	41044	31.8706	59.9008	-3072917	4	Larak, Khorasan-e Janubi, Iran	IR	IR41	41044	31.8706	59.9008	-3072917	20260902123000	https://www.al-monitor.com/originals/2026/09/trump-aides-fearing-midterm-rout-push-keep-iran-war-quiet-now
1321099985	20260902	202609	2026	2026.6630	USA	UNITED STATES	USA								USAGOV	WISCONSIN	USA					GOV			1	042	042	04	1	1.9	4	1	4	4.22535211267606	3	Milwaukee, Wisconsin, United States	US	USWI	WI079	43.0389	-87.9065	1577901	3	Milwaukee, Wisconsin, United States	US	USWI	WI079	43.0389	-87.9065	1577901	3	Milwaukee, Wisconsin, United States	US	USWI	WI079	43.0389	-87.9065	1577901	20260902123000	https://urbanmilwaukee.com/pressrelease/cristy-garcia-thomas-named-president-and-ceo-of-gmc/
1321099986	20260902	202609	2026	2026.6630	USA	UNITED STATES	USA								VENGOV	VENEZUELA	VEN					GOV			0	020	020	02	1	3.0	1	1	1	-0.84097859327217	3	Iowa Falls, Iowa, United States	US	USIA	IA083	42.5225	-93.2513	457829	4	Valencia, Carabobo, Venezuela	VE	VE07	31933	10.1806	-68.0039	-960192	4	Valencia, Carabobo, Venezuela	VE	VE07	31933	10.1806	-68.0039	-960192	20260902123000	https://www.timescitizen.com/news/iowa-falls-police-chief-still-looking-for-answers/article_0244dc67-71e4-40e1-93c2-430e9031dfe1.html
1321099987	20260902	202609	2026	2026.6630	USACVL	AMERICAN	USA					CVL			USA	AMERICAN	USA								0	0841	084	08	2	7.0	5	1	5	0.37023324694558	1	United States	US	US		39.828175	-98.5795	US	1	United States	US	US		39.828175	-98.5795	US	1	United States	US	US		39.828175	-98.5795	US	20260902123000	http://en.kremlin.ru/events/president/news/80665
1321099988	20260902	202609	2026	2026.6630	USACVL	UNITED STATES	USA					CVL			USA	UNITED STATES	USA								1	100	100	10	3	-5.0	2	1	2	5.69948186528498	2	Arizona, United States	US	USAZ		33.7712	-111.388	AZ	2	Arizona, United States	US	USAZ		33.7712	-111.388	AZ	2	Arizona, United States	US	USAZ		33.7712	-111.388	AZ	20260902123000	https://americanbazaaronline.com/2026/09/02/sethuraman-panchanathan-wins-national-academy-of-engineerings-bueche-award-487424/
1321099989	20260902	202609	2026	2026.6630	USAEDU	CINCINNATI	USA					EDU			USA	CINCINNATI	USA								1	190	190	19	4	-10.0	10	1	10	-9.23076923076925	3	Cincinnati, Ohio, United States	US	USOH	OH061	39.162	-84.4569	1066650	3	Cincinnati, Ohio, United States	US	USOH	OH061	39.162	-84.4569	1066650	3	Cincinnati, Ohio, United States	US	USOH	OH061	39.162	-84.4569	1066650	20260902123000	https://www.fox19.com/2026/09/01/1-dead-1-hurt-shooting-near-uc/
1321099990	20260902	202609	2026	2026.6630	USAGOV	WISCONSIN	USA					GOV			GOV	INTERIM PRESIDENT						GOV			1	043	043	04	1	2.8	4	1	4	4.22535211267606	2	Wisconsin, United States	US	USWI		44.2563	-89.6385	WI	3	Milwaukee, Wisconsin, United States	US	USWI	WI079	43.0389	-87.9065	1577901	2	Wisconsin, United States	US	USWI		44.2563	-89.6385	WI	20260902123000	https://urbanmilwaukee.com/pressrelease/cristy-garcia-thomas-named-president-and-ceo-of-gmc/
1321099991	20260902	202609	2026	2026.6630	USAGOV	UNITED STATES	USA					GOV			GOV	INTERIM PRESIDENT						GOV			1	043	043	04	1	2.8	2	1	2	4.22535211267606	2	Wisconsin, United States	US	USWI		44.2563	-89.6385	WI	2	Wisconsin, United States	US	USWI		44.2563	-89.6385	WI	2	Wisconsin, United States	US	USWI		44.2563	-89.6385	WI	20260902123000	https://urbanmilwaukee.com/pressrelease/cristy-garcia-thomas-named-president-and-ceo-of-gmc/
1321099992	20260902	202609	2026	2026.6630	USAGOV	WISCONSIN	USA					GOV			USA	UNITED STATES	USA								1	043	043	04	1	2.8	4	1	4	4.22535211267606	2	Wisconsin, United States	US	USWI		44.2563	-89.6385	WI	3	Milwaukee, Wisconsin, United States	US	USWI	WI079	43.0389	-87.9065	1577901	2	Wisconsin, United States	US	USWI		44.2563	-89.6385	WI	20260902123000	https://urbanmilwaukee.com/pressrelease/cristy-garcia-thomas-named-president-and-ceo-of-gmc/
1321099993	20260902	202609	2026	2026.6630	USAJUD	UNITED STATES	USA					JUD			JUD	SUPERIOR COURT						JUD			0	013	013	01	1	0.4	2	1	2	-7.35294117647058	2	Massachusetts, United States	US	USMA		42.2373	-71.5314	MA	2	Massachusetts, United States	US	USMA		42.2373	-71.5314	MA	2	Massachusetts, United States	US	USMA		42.2373	-71.5314	MA	20260902123000	https://www.perthnow.com.au/news/court-justice/lindsay-clancy-verdict-delayed-following-fourth-day-of-jury-deadlock-in-high-profile-murder-trial-c-22810406
1321099994	20260902	202609	2026	2026.6630	USALEG	AMERICAN	USA					LEG			MIL	MILITARY						MIL			1	010	010	01	1	0.0	6	1	6	-1.89504373177842	1	Iraq	IZ	IZ		33	44	IZ	1	Iraq	IZ	IZ		33	44	IZ	1	Iraq	IZ	IZ		33	44	IZ	20260902123000	http://www.strategypage.com/htmw/htlead/articles/2026090264742.aspx
1321099995	20260902	202609	2026	2026.6630	USAMIL	THE US	USA					MIL			IRNMOS	IRAN	IRN			MOS					0	190	190	19	4	-10.0	10	1	10	-5.37931034482759	4	Qeshm, Kordestan, Iran	IR	IR16	41068	35.4421	47.3506	-3080448	4	Qeshm, Kordestan, Iran	IR	IR16	41068	35.4421	47.3506	-3080448	4	Qeshm, Kordestan, Iran	IR	IR16	41068	35.4421	47.3506	-3080448	20260902123000	https://www.samaa.tv/2087356156-7-irgc-basij-personnel-killed-in-us-strikes-on-iran
1321099996	20260902	202609	2026	2026.6630	VEN	VENEZUELA	VEN																		1	014	014	01	1	0.0	2	1	2	-0.84097859327217	3	Iowa Falls, Iowa, United States	US	USIA	IA083	42.5225	-93.2513	457829	0								3	Iowa Falls, Iowa, United States	US	USIA		42.5225	-93.2513	457829	20260902123000	https://www.timescitizen.com/news/iowa-falls-police-chief-still-looking-for-answers/article_0244dc67-71e4-40e1-93c2-430e9031dfe1.html
1321099997	20260902	202609	2026	2026.6630	VEN	VENEZUELA	VEN								GOV	MAYOR						GOV			0	020	020	02	1	3.0	4	1	4	-0.84097859327217	4	Valencia, Carabobo, Venezuela	VE	VE07	31933	10.1806	-68.0039	-960192	4	Valencia, Carabobo, Venezuela	VE	VE07	31933	10.1806	-68.0039	-960192	4	Valencia, Carabobo, Venezuela	VE	VE07	31933	10.1806	-68.0039	-960192	20260902123000	https://www.timescitizen.com/news/iowa-falls-police-chief-still-looking-for-answers/article_0244dc67-71e4-40e1-93c2-430e9031dfe1.html
1321099998	20260902	202609	2026	2026.6630	ZAF	SOUTH AFRICAN	ZAF																		0	030	030	03	1	4.0	2	1	2	-0.47236655644781	1	South Africa	SF	SF		-30	26	SF	0								1	South Africa	SF	SF		-30	26	SF	20260902123000	https://techcabal.com/2026/09/02/south-africa-startup-funding-recovering-founders-struggle/
1321099999	20260902	202609	2026	2026.6630	ZAF	SOUTH AFRICAN	ZAF								AFRCVL	AFRICA	AFR					CVL			1	112	112	11	3	-2.0	2	1	2	-7.47126436781609	4	Johannesburg, Gauteng, South Africa	SF	SF06	77364	-26.2	28.0833	-1240261	4	Johannesburg, Gauteng, South Africa	SF	SF06	77364	-26.2	28.0833	-1240261	4	Johannesburg, Gauteng, South Africa	SF	SF06	77364	-26.2	28.0833	-1240261	20260902123000	https://www.africanews.com/2026/09/02/multimillion-rand-drug-lab-suspects-appear-in-safrica-court/
1321100000	20260902	202609	2026	2026.6630	ZAF	SOUTH AFRICAN	ZAF								MEX	MEXICAN	MEX								1	040	040	04	1	1.0	4	1	4	-7.47126436781609	4	Johannesburg, Gauteng, South Africa	SF	SF06	77364	-26.2	28.0833	-1240261	1	Mexico	MX	MX		23	-102	MX	4	Johannesburg, Gauteng, South Africa	SF	SF06	77364	-26.2	28.0833	-1240261	20260902123000	https://www.africanews.com/2026/09/02/multimillion-rand-drug-lab-suspects-appear-in-safrica-court/
1321100001	20260902	202609	2026	2026.6630	ZAF	SOUTH AFRICAN	ZAF								MOZ	MOZAMBICAN	MOZ								1	040	040	04	1	1.0	4	1	4	-7.47126436781609	4	Johannesburg, Gauteng, South Africa	SF	SF06	77364	-26.2	28.0833	-1240261	1	Mozambique	MZ	MZ		-18.25	35	MZ	4	Johannesburg, Gauteng, South Africa	SF	SF06	77364	-26.2	28.0833	-1240261	20260902123000	https://www.africanews.com/2026/09/02/multimillion-rand-drug-lab-suspects-appear-in-safrica-court/
1321100002	20260902	202609	2026	2026.6630	ZAFCVL	SOUTH AFRICAN	ZAF					CVL			MEX	MEXICAN	MEX								1	040	040	04	1	1.0	1	1	1	-7.47126436781609	4	Johannesburg, Gauteng, South Africa	SF	SF06	77364	-26.2	28.0833	-1240261	1	Mexico	MX	MX		23	-102	MX	4	Johannesburg, Gauteng, South Africa	SF	SF06	77364	-26.2	28.0833	-1240261	20260902123000	https://www.africanews.com/2026/09/02/multimillion-rand-drug-lab-suspects-appear-in-safrica-court/
1321100003	20260902	202609	2026	2026.6630	ZAFCVL	SOUTH AFRICAN	ZAF					CVL			MOZ	MOZAMBICAN	MOZ								1	040	040	04	1	1.0	1	1	1	-7.47126436781609	4	Johannesburg, Gauteng, South Africa	SF	SF06	77364	-26.2	28.0833	-1240261	1	Mozambique	MZ	MZ		-18.25	35	MZ	4	Johannesburg, Gauteng, South Africa	SF	SF06	77364	-26.2	28.0833	-1240261	20260902123000	https://www.africanews.com/2026/09/02/multimillion-rand-drug-lab-suspects-appear-in-safrica-court/
1321100004	20260902	202609	2026	2026.6630	ZAFCVL	SOUTH AFRICAN	ZAF					CVL			ZWE	ZIMBABWEAN	ZWE								1	040	040	04	1	1.0	1	1	1	-7.47126436781609	4	Johannesburg, Gauteng, South Africa	SF	SF06	77364	-26.2	28.0833	-1240261	1	Zimbabwe	ZI	ZI		-19	29	ZI	4	Johannesburg, Gauteng, South Africa	SF	SF06	77364	-26.2	28.0833	-1240261	20260902123000	https://www.africanews.com/2026/09/02/multimillion-rand-drug-lab-suspects-appear-in-safrica-court/
1321100005	20260902	202609	2026	2026.6630	ZAFEDU	JOHANNESBURG	ZAF					EDU			GOV	MINIST						GOV			1	043	043	04	1	2.8	6	1	6	-1.94174757281553	4	Johannesburg, Gauteng, South Africa	SF	SF06	77364	-26.2	28.0833	-1240261	4	Johannesburg, Gauteng, South Africa	SF	SF06	77364	-26.2	28.0833	-1240261	4	Johannesburg, Gauteng, South Africa	SF	SF06	77364	-26.2	28.0833	-1240261	20260902123000	https://www.gov.za/news/media-advisories/government-activities/minister-mmamoloko-kubayi-addresses-university
1321100006	20260902	202609	2026	2026.6630	ZAFGOVELI	JACOB ZUMA	ZAF					GOV	ELI		AFR	AFRICA	AFR								1	080	080	08	2	5.0	4	1	4	0.45454545454546	4	Haridwar, Uttaranchal, India	IN	IN39	70284	29.9667	78.1667	-2097190	4	Haridwar, Uttaranchal, India	IN	IN39	70284	29.9667	78.1667	-2097190	4	Haridwar, Uttaranchal, India	IN	IN39	70284	29.9667	78.1667	-2097190	20260902123000	https://www.enca.com/news-top-stories/zuma-gupta-india-reunion-dirco-clears-high-commissioner-sooklal
1321100007	20260902	202609	2026	2026.6630	ZAFGOVELI	JACOB ZUMA	ZAF					GOV	ELI		ZAF	SOUTH AFRICAN	ZAF								1	080	080	08	2	5.0	2	1	2	0.45454545454546	4	Haridwar, Uttaranchal, India	IN	IN39	70284	29.9667	78.1667	-2097190	4	Haridwar, Uttaranchal, India	IN	IN39	70284	29.9667	78.1667	-2097190	4	Haridwar, Uttaranchal, India	IN	IN39	70284	29.9667	78.1667	-2097190	20260902123000	https://www.enca.com/news-top-stories/zuma-gupta-india-reunion-dirco-clears-high-commissioner-sooklal
1321100008	20260902	202609	2026	2026.6630	ZWE	ZIMBABWEAN	ZWE								AFRCVL	AFRICA	AFR					CVL			1	112	112	11	3	-2.0	2	1	2	-7.47126436781609	1	Zimbabwe	ZI	ZI		-19	29	ZI	4	Johannesburg, Gauteng, South Africa	SF	SF06	77364	-26.2	28.0833	-1240261	4	Johannesburg, Gauteng, South Africa	SF	SF06	77364	-26.2	28.0833	-1240261	20260902123000	https://www.africanews.com/2026/09/02/multimillion-rand-drug-lab-suspects-appear-in-safrica-court/
1321100009	20260902	202609	2026	2026.6630	ZWE	ZIMBABWEAN	ZWE								MEX	MEXICAN	MEX								1	040	040	04	1	1.0	5	1	5	-7.47126436781609	1	Zimbabwe	ZI	ZI		-19	29	ZI	1	Mexico	MX	MX		23	-102	MX	4	Johannesburg, Gauteng, South Africa	SF	SF06	77364	-26.2	28.0833	-1240261	20260902123000	https://www.africanews.com/2026/09/02/multimillion-rand-drug-lab-suspects-appear-in-safrica-court/
1321100010	20260902	202609	2026	2026.6630	ZWE	ZIMBABWEAN	ZWE								MOZ	MOZAMBICAN	MOZ								1	040	040	04	1	1.0	5	1	5	-7.47126436781609	1	Zimbabwe	ZI	ZI		-19	29	ZI	1	Mozambique	MZ	MZ		-18.25	35	MZ	4	Johannesburg, Gauteng, South Africa	SF	SF06	77364	-26.2	28.0833	-1240261	20260902123000	https://www.africanews.com/2026/09/02/multimillion-rand-drug-lab-suspects-appear-in-safrica-court/
1321100011	20260902	202609	2026	2026.6630	ZWE	ZIMBABWEAN	ZWE								ZAFCVL	SOUTH AFRICAN	ZAF					CVL			1	040	040	04	1	1.0	1	1	1	-7.47126436781609	1	Zimbabwe	ZI	ZI		-19	29	ZI	4	Johannesburg, Gauteng, South Africa	SF	SF06	77364	-26.2	28.0833	-1240261	4	Johannesburg, Gauteng, South Africa	SF	SF06	77364	-26.2	28.0833	-1240261	20260902123000	https://www.africanews.com/2026/09/02/multimillion-rand-drug-lab-suspects-appear-in-safrica-court/
1321100012	20260902	202609	2026	2026.6630	ZWE	ZIMBABWEAN	ZWE								ZAFCVL	SOUTH AFRICAN	ZAF					CVL			1	112	112	11	3	-2.0	1	1	1	-7.47126436781609	1	Zimbabwe	ZI	ZI		-19	29	ZI	4	Johannesburg, Gauteng, South Africa	SF	SF06	77364	-26.2	28.0833	-1240261	4	Johannesburg, Gauteng, South Africa	SF	SF06	77364	-26.2	28.0833	-1240261	20260902123000	https://www.africanews.com/2026/09/02/multimillion-rand-drug-lab-suspects-appear-in-safrica-court/
1321100013	20260902	202609	2026	2026.6630	grb	GREBO			grb																0	120	120	12	3	-4.0	10	1	10	-8.27338129496403	2	Maryland, United States	US	USMD		39.0724	-76.7902	MD	0								2	Maryland, United States	US	USMD		39.0724	-76.7902	MD	20260902123000	https://allafrica.com/stories/202609020416.html
1321100014	20260902	202609	2026	2026.6630	idg	INDIGENOUS			idg																1	0833	083	08	2	5.0	2	1	2	-1.18577075098814	4	Gulf Islands, British Columbia, Canada	CA	CA02	12541	48.8167	-123.467	-565722	0								4	Gulf Islands, British Columbia, Canada	CA	CA02	12541	48.8167	-123.467	-565722	20260902123000	https://www.sanjuanjournal.com/2026/09/02/across-the-dotted-line-what-the-cowichan-tribes-v-canada-ruling-means-for-the-san-juan-islands/
1321100015	20260902	202609	2026	2026.6630	idg	INDIGENOUS			idg																1	0833	083	08	2	5.0	6	1	6	-1.18577075098814	4	Saanich, British Columbia, Canada	CA	CA02	12541	48.55	-123.367	-572612	0								4	Saanich, British Columbia, Canada	CA	CA02	12541	48.55	-123.367	-572612	20260902123000	https://www.sanjuanjournal.com/2026/09/02/across-the-dotted-line-what-the-cowichan-tribes-v-canada-ruling-means-for-the-san-juan-islands/
1321100016	20260902	202609	2026	2026.6630	idg	INDIGENOUS			idg																1	0833	083	08	2	5.0	2	1	2	-1.18577075098814	1	United Kingdom	UK	UK		54	-4	UK	0								1	United Kingdom	UK	UK		54	-4	UK	20260902123000	https://www.sanjuanjournal.com/2026/09/02/across-the-dotted-line-what-the-cowichan-tribes-v-canada-ruling-means-for-the-san-juan-islands/
1321100017	20260902	202609	2026	2026.6630	idg	INDIGENOUS			idg						CAN	BRITISH COLUMBIA	CAN								1	032	032	03	1	4.5	1	1	1	-1.18577075098814	4	Gulf Islands, British Columbia, Canada	CA	CA02	12541	48.8167	-123.467	-565722	4	Gulf Islands, British Columbia, Canada	CA	CA02	12541	48.8167	-123.467	-565722	4	Gulf Islands, British Columbia, Canada	CA	CA02	12541	48.8167	-123.467	-565722	20260902123000	https://www.sanjuanjournal.com/2026/09/02/across-the-dotted-line-what-the-cowichan-tribes-v-canada-ruling-means-for-the-san-juan-islands/
1321100018	20260902	202609	2026	2026.6630	idg	INDIGENOUS			idg						GBR	UNITED KINGDOM	GBR								1	032	032	03	1	4.5	2	1	2	-1.18577075098814	4	Gulf Islands, British Columbia, Canada	CA	CA02	12541	48.8167	-123.467	-565722	4	Gulf Islands, British Columbia, Canada	CA	CA02	12541	48.8167	-123.467	-565722	4	Gulf Islands, British Columbia, Canada	CA	CA02	12541	48.8167	-123.467	-565722	20260902123000	https://www.sanjuanjournal.com/2026/09/02/across-the-dotted-line-what-the-cowichan-tribes-v-canada-ruling-means-for-the-san-juan-islands/
1321100019	20260902	202609	2026	2026.6630	pac	PACIFIC ISLANDERS			pac																1	120	120	12	3	-4.0	5	1	5	3.37552742616034	1	Fiji	FJ	FJ		-18	178	FJ	0								1	Fiji	FJ	FJ		-18	178	FJ	20260902123000	https://theedinburghreporter.co.uk/2026/09/fijian-tree-bark-wedding-outfit-goes-on-display-at-national-museum/
1321100020	20260902	202609	2026	2026.6630	sco	SCOTTISH			sco																1	012	012	01	1	-0.4	10	1	10	-7.21153846153846	1	United Kingdom	UK	UK		54	-4	UK	0								1	United Kingdom	UK	UK		54	-4	UK	20260902123000	https://www.dailyrecord.co.uk/news/scottish-news/swan-causes-m8-motorway-chaos-37618883
1321100021	20260902	202609	2026	2026.6630	tam	TAMIL			tam																1	084	084	08	2	7.0	10	1	10	-0.61099796334013	5	Tamil Nadu, Tamil Nadu, India	IN	IN25	70248	11	78	-2112557	0								5	Tamil Nadu, Tamil Nadu, India	IN	IN25	70248	11	78	-2112557	20260902123000	https://www.filmibeat.com/tamil/news/2026/gdn-ott-release-date-confirmed-when-where-to-watch-r-madhavan-g-d-naidu-biographical-drama-online-529707.html
