1321333718	20250903	202509	2025	2025.6658	BUS	BUSINESS						BUS													1	130	130	13	3	-4.4	4	1	4	3.16573556797021	1	Malta	MT	MT		35.916667	14.433333	MT	0								1	Malta	MT	MT		35.916667	14.433333	MT	20260903171500	https://markets.financialcontent.com/stocks/article/stockstory-2026-9-3-mei-q2-deep-dive-mixed-margin-trends-amid-operational-transformation-and-data-center-momentum
1321333719	20250903	202509	2025	2025.6658	CHN	CHINA	CHN																		0	010	010	01	1	0.0	10	1	10	-2.35148514851485	4	Xinjiang, Jiangxi, China	CH	CH03	13167	27.7481	116.274	11065838	0								4	Xinjiang, Jiangxi, China	CH	CH03	13167	27.7481	116.274	11065838	20260903171500	https://www.theguardian.com/politics/2026/sep/03/reform-media-presenter-worked-chinese-state-propaganda-channel
1321333720	20250903	202509	2025	2025.6658	GBR	UNITED KINGDOM	GBR																		1	051	051	05	1	3.4	3	1	3	2.76360544217687	4	Weem, Perth and Kinross, United Kingdom	UK	UKW1	40177	56.6167	-3.88333	-2611063	0								4	Weem, Perth and Kinross, United Kingdom	UK	UKW1	40177	56.6167	-3.88333	-2611063	20260903171500	https://www.wallpaper.com/art/carrie-mae-weems-guest-edits-wallpaper
1321333721	20250903	202509	2025	2025.6658	GOV	AUTHORITIES						GOV			EDU	UNIVERSITY						EDU			0	193	193	19	4	-10.0	10	1	10	-3.58208955223881	2	Georgia, United States	US	USGA		32.9866	-83.6487	GA	2	Georgia, United States	US	USGA		32.9866	-83.6487	GA	2	Georgia, United States	US	USGA		32.9866	-83.6487	GA	20260903171500	https://coastalcourier.com/opinion/rich-lowry-dont-fear-flock-cameras/
1321333722	20250903	202509	2025	2025.6658	MIL	MILITARY						MIL			CHN	CHINA	CHN								1	017	017	01	1	0.0	24	3	24	-2.07053317733578	4	Tiananmen Square, Beijing, China	CH	CH22	13001	39.9044	116.391	9244097	4	Tiananmen Square, Beijing, China	CH	CH22	13001	39.9044	116.391	9244097	4	Beijing, Beijing, China	CH	CH22	13001	39.9289	116.388	-1898541	20260903171500	http://www.japanherald.com/news/279284196/china-commemorates-81st-anniversary-of-victory-against-japanese-aggression
1321333723	20250903	202509	2025	2025.6658	USA	UNITED STATES	USA								GBR	UNITED KINGDOM	GBR								1	051	051	05	1	3.4	1	1	1	2.76360544217687	4	Weem, Perth and Kinross, United Kingdom	UK	UKW1	40177	56.6167	-3.88333	-2611063	4	Weem, Perth and Kinross, United Kingdom	UK	UKW1	40177	56.6167	-3.88333	-2611063	4	Weem, Perth and Kinross, United Kingdom	UK	UKW1	40177	56.6167	-3.88333	-2611063	20260903171500	https://www.wallpaper.com/art/carrie-mae-weems-guest-edits-wallpaper
1321333724	20250903	202509	2025	2025.6658	USABUS	THE US	USA					BUS													1	035	035	03	1	7.0	40	4	40	1.86405320555189	4	London, London, City of, United Kingdom	UK	UKH9	40110	51.5	-0.116667	-2601889	0								4	London, London, City of, United Kingdom	UK	UKH9	40110	51.5	-0.116667	-2601889	20260903171500	https://www.thewestmorlandgazette.co.uk/news/national/26520756.revolut-takes-first-step-us-bank-launch-regulatory-approval/
1321333725	20260804	202608	2026	2026.5863											COPGOVMIL	DEPUTY						COP	GOV	MIL	1	046	046	04	1	7.0	6	1	6	-2.10859251449657	0								2	Michigan, United States	US	USMI		43.3504	-84.5603	MI	2	Michigan, United States	US	USMI		43.3504	-84.5603	MI	20260903171500	https://www.nbcnews.com/politics/trump-administration/live-blog/trump-congress-2026-midterm-election-iran-live-updates-rcna595790/
1321333726	20260804	202608	2026	2026.5863											USA	UNITED STATES	USA								1	164	164	16	4	-7.0	5	1	5	0.27855153203342	0								1	United States	US	US		39.828175	-98.5795	US	1	United States	US	US		39.828175	-98.5795	US	20260903171500	https://finance.yahoo.com/news/canada-ready-us-trade-deal-161911857.html
1321333727	20260804	202608	2026	2026.5863	COPGOVMIL	DEPUTY						COP	GOV	MIL											1	046	046	04	1	7.0	6	1	6	-2.10859251449657	3	White House, District of Columbia, United States	US	USDC		38.8951	-77.0364	531871	0								3	White House, District of Columbia, United States	US	USDC		38.8951	-77.0364	531871	20260903171500	https://www.nbcnews.com/politics/trump-administration/live-blog/trump-congress-2026-midterm-election-iran-live-updates-rcna595790/
1321333728	20260804	202608	2026	2026.5863	COPGOVMIL	DEPUTY						COP	GOV	MIL	USA	UNITED STATES	USA								1	046	046	04	1	7.0	4	1	4	-2.10859251449657	2	Michigan, United States	US	USMI		43.3504	-84.5603	MI	2	Michigan, United States	US	USMI		43.3504	-84.5603	MI	2	Michigan, United States	US	USMI		43.3504	-84.5603	MI	20260903171500	https://www.nbcnews.com/politics/trump-administration/live-blog/trump-congress-2026-midterm-election-iran-live-updates-rcna595790/
1321333729	20260804	202608	2026	2026.5863	USA	UNITED STATES	USA																		1	010	010	01	1	0.0	5	1	5	0.27855153203342	4	Thunder Bay, Ontario, Canada	CA	CA08	12684	48.4	-89.2333	-574784	0								4	Thunder Bay, Ontario, Canada	CA	CA08	12684	48.4	-89.2333	-574784	20260903171500	https://finance.yahoo.com/news/canada-ready-us-trade-deal-161911857.html
1321333730	20260804	202608	2026	2026.5863	USA	UNITED STATES	USA																		1	164	164	16	4	-7.0	5	1	5	0.27855153203342	1	United States	US	US		39.828175	-98.5795	US	0								1	United States	US	US		39.828175	-98.5795	US	20260903171500	https://finance.yahoo.com/news/canada-ready-us-trade-deal-161911857.html
1321333731	20260804	202608	2026	2026.5863	USA	UNITED STATES	USA								COPGOVMIL	DEPUTY						COP	GOV	MIL	1	046	046	04	1	7.0	4	1	4	-2.10859251449657	2	Michigan, United States	US	USMI		43.3504	-84.5603	MI	2	Michigan, United States	US	USMI		43.3504	-84.5603	MI	2	Michigan, United States	US	USMI		43.3504	-84.5603	MI	20260903171500	https://www.nbcnews.com/politics/trump-administration/live-blog/trump-congress-2026-midterm-election-iran-live-updates-rcna595790/
1321333732	20260827	202608	2026	2026.6493	COP	DEPUTY						COP			VEN	VENEZUELAN	VEN								0	050	050	05	1	3.5	1	1	1	-2.66292922214436	3	Washington, District of Columbia, United States	US	USDC	DC001	38.8951	-77.0364	531871	4	Caracas, Distrito Federal, Venezuela	VE	VE25	31959	10.5	-66.9167	-938457	4	Caracas, Distrito Federal, Venezuela	VE	VE25	31959	10.5	-66.9167	-938457	20260903171500	https://reason.com/2026/09/03/trump-is-taking-a-stake-in-venezuelas-oil-industry-and-this-crony-is-cashing-in/
1321333733	20260827	202608	2026	2026.6493	COP	DEPUTY						COP			VEN	VENEZUELAN	VEN								0	113	113	11	3	-2.0	1	1	1	-2.66292922214436	3	Washington, District of Columbia, United States	US	USDC	DC001	38.8951	-77.0364	531871	4	Caracas, Distrito Federal, Venezuela	VE	VE25	31959	10.5	-66.9167	-938457	4	Caracas, Distrito Federal, Venezuela	VE	VE25	31959	10.5	-66.9167	-938457	20260903171500	https://reason.com/2026/09/03/trump-is-taking-a-stake-in-venezuelas-oil-industry-and-this-crony-is-cashing-in/
1321333734	20260827	202608	2026	2026.6493	LEG	SENATOR						LEG													1	051	051	05	1	3.4	6	1	6	-0.32573289902281	2	South Carolina, United States	US	USSC		33.8191	-80.9066	SC	0								2	South Carolina, United States	US	USSC		33.8191	-80.9066	SC	20260903171500	https://www.foxnews.com/politics/rep-ralph-norman-affirms-support-ex-rival-sen-lindsey-graham-election
1321333735	20260827	202608	2026	2026.6493	USA	UNITED STATES	USA								BUS	COMPANY						BUS			0	010	010	01	1	0.0	3	1	3	-1.57835400225479	2	Alaska, United States	US	USAK		61.385	-152.268	AK	2	Alaska, United States	US	USAK		61.385	-152.268	AK	2	Alaska, United States	US	USAK		61.385	-152.268	AK	20260903171500	https://www.foxnews.com/politics/three-new-companies-face-josh-hawley-investigation-ai-surveillance-vehicle-tracking
1321333736	20260827	202608	2026	2026.6493	USA	UNITED STATES	USA								LEG	SENATOR						LEG			1	051	051	05	1	3.4	4	1	4	-0.32573289902281	2	South Carolina, United States	US	USSC		33.8191	-80.9066	SC	2	South Carolina, United States	US	USSC		33.8191	-80.9066	SC	2	South Carolina, United States	US	USSC		33.8191	-80.9066	SC	20260903171500	https://www.foxnews.com/politics/rep-ralph-norman-affirms-support-ex-rival-sen-lindsey-graham-election
1321333737	20260827	202608	2026	2026.6493	VEN	VENEZUELAN	VEN								COP	DEPUTY						COP			0	050	050	05	1	3.5	1	1	1	-2.66292922214436	4	Caracas, Distrito Federal, Venezuela	VE	VE25	31959	10.5	-66.9167	-938457	3	Washington, District of Columbia, United States	US	USDC	DC001	38.8951	-77.0364	531871	4	Caracas, Distrito Federal, Venezuela	VE	VE25	31959	10.5	-66.9167	-938457	20260903171500	https://reason.com/2026/09/03/trump-is-taking-a-stake-in-venezuelas-oil-industry-and-this-crony-is-cashing-in/
1321333738	20260902	202609	2026	2026.6630	JUD	JUDGE						JUD			GOV	ADMINISTRATION						GOV			0	040	040	04	1	1.0	2	1	2	-2.10859251449657	3	White House, District of Columbia, United States	US	USDC		38.8951	-77.0364	531871	3	White House, District of Columbia, United States	US	USDC		38.8951	-77.0364	531871	3	White House, District of Columbia, United States	US	USDC		38.8951	-77.0364	531871	20260903171500	https://www.nbcnews.com/politics/trump-administration/live-blog/trump-congress-2026-midterm-election-iran-live-updates-rcna595790/
1321333739	20260902	202609	2026	2026.6630	USA	UNITED STATES	USA								JUD	JUDGE						JUD			0	050	050	05	1	3.5	8	1	8	-2.10859251449657	3	White House, District of Columbia, United States	US	USDC		38.8951	-77.0364	531871	3	White House, District of Columbia, United States	US	USDC		38.8951	-77.0364	531871	3	White House, District of Columbia, United States	US	USDC		38.8951	-77.0364	531871	20260903171500	https://www.nbcnews.com/politics/trump-administration/live-blog/trump-congress-2026-midterm-election-iran-live-updates-rcna595790/
1321333740	20260903	202609	2026	2026.6658											AGR	FISHER						AGR			0	036	036	03	1	4.0	6	1	6	1.63934426229508	0								3	Los Angeles, California, United States	US	USCA		34.0522	-118.244	1662328	3	Los Angeles, California, United States	US	USCA		34.0522	-118.244	1662328	20260903171500	https://wwd.com/fashion-news/fashion-features/gloria-steinem-political-activist-journalist-dies-at-92-1239196275/
1321333741	20260903	202609	2026	2026.6658											ARE	DUBAI	ARE								0	043	043	04	1	2.8	1	1	1	-0.53557765876052	0								4	Guarulhos, SãPaulo, Brazil	BR	BR27	11543	-23.4667	-46.5333	-645949	4	Guarulhos, SãPaulo, Brazil	BR	BR27	11543	-23.4667	-46.5333	-645949	20260903171500	https://www.riotimesonline.com/brazil-newspapers-call-justice-moraes-leave-supreme-court/
1321333742	20260903	202609	2026	2026.6658											ARG	BUENOS AIRES	ARG								1	042	042	04	1	1.9	6	1	6	-0.14134275618375	0								4	Madrid, Madrid, Spain	SP	SP29	25820	40.4	-3.68333	-390625	4	Madrid, Madrid, Spain	SP	SP29	25820	40.4	-3.68333	-390625	20260903171500	https://www.riotimesonline.com/milei-madrid-forum-santiago-kast-2026/
1321333743	20260903	202609	2026	2026.6658											AUS	VICTORIA	AUS								1	042	042	04	1	1.9	5	1	5	-6.71140939597316	0								4	Norfolk County, Ontario, Canada	CA	CA08	12653	42.8333	-80.3333	-570257	4	Norfolk County, Ontario, Canada	CA	CA08	12653	42.8333	-80.3333	-570257	20260903171500	https://www.brantfordexpositor.ca:443/news/local-news/cleanup-underway-after-storm-blows-through-norfolk-county
1321333744	20260903	202609	2026	2026.6658											BEL	BELGIUM	BEL								1	030	030	03	1	4.0	5	1	5	4.37956204379562	0								4	Herstal, Waals Gewest, Belgium	BE	BE14	5851	50.6702	5.62888	-1960489	4	Herstal, Waals Gewest, Belgium	BE	BE14	5851	50.6702	5.62888	-1960489	20260903171500	https://www.thehindubusinessline.com/economy/india-and-belgium-sign-defence-agreements-to-boost-industrial-and-military-ties/article71424813.ece
1321333745	20260903	202609	2026	2026.6658											BEL	BELGIUM	BEL								1	057	057	05	1	8.0	2	1	2	4.37956204379562	0								4	Kalyani, Karnataka, India	IN	IN19	17681	17.8667	76.95	-2090726	4	Herstal, Waals Gewest, Belgium	BE	BE14	5851	50.6702	5.62888	-1960489	20260903171500	https://www.thehindubusinessline.com/economy/india-and-belgium-sign-defence-agreements-to-boost-industrial-and-military-ties/article71424813.ece
1321333746	20260903	202609	2026	2026.6658											BRA	BRAZIL	BRA								0	036	036	03	1	4.0	2	1	2	0.846354166666667	0								4	Sao Paulo, SãPaulo, Brazil	BR	BR27	11543	-23.5333	-46.6167	-671824	4	Sao Paulo, SãPaulo, Brazil	BR	BR27	11543	-23.5333	-46.6167	-671824	20260903171500	https://www.riotimesonline.com/santander-brasil-minority-buyout-2026/
1321333747	20260903	202609	2026	2026.6658											BRA	BRAZIL	BRA								0	100	100	10	3	-5.0	2	1	2	-0.53557765876052	0								4	Dirceu, ParáR, Brazil	BR	BR16	18585	-1.36667	-46.55	-640174	4	Dirceu, ParáR, Brazil	BR	BR16	18585	-1.36667	-46.55	-640174	20260903171500	https://www.riotimesonline.com/brazil-newspapers-call-justice-moraes-leave-supreme-court/
1321333748	20260903	202609	2026	2026.6658											BRA	BRAZIL	BRA								0	113	113	11	3	-2.0	4	1	4	-0.53557765876052	0								4	Dirceu, ParáR, Brazil	BR	BR16	18585	-1.36667	-46.55	-640174	4	Dirceu, ParáR, Brazil	BR	BR16	18585	-1.36667	-46.55	-640174	20260903171500	https://www.riotimesonline.com/brazil-newspapers-call-justice-moraes-leave-supreme-court/
1321333749	20260903	202609	2026	2026.6658											BRA	BRAZIL	BRA								1	141	141	14	3	-6.5	1	1	1	-0.53557765876052	0								4	Guarulhos, SãPaulo, Brazil	BR	BR27	11543	-23.4667	-46.5333	-645949	4	Guarulhos, SãPaulo, Brazil	BR	BR27	11543	-23.4667	-46.5333	-645949	20260903171500	https://www.riotimesonline.com/brazil-newspapers-call-justice-moraes-leave-supreme-court/
1321333750	20260903	202609	2026	2026.6658											BUS	COMPANIES						BUS			0	014	014	01	1	0.0	3	1	3	-4.00326797385621	0								4	El Tiempo, Magdalena, Colombia	CO	CO38	14028	10.8736	-74.1814	-584294	4	El Tiempo, Magdalena, Colombia	CO	CO38	14028	10.8736	-74.1814	-584294	20260903171500	https://www.riotimesonline.com/ecopetrol-sirius-gas-community-demands-2026/
1321333751	20260903	202609	2026	2026.6658											BUS	PRODUCER						BUS			1	040	040	04	1	1.0	6	1	6	3.7593984962406	0								1	Panama	PM	PM		9	-80	PM	1	Panama	PM	PM		9	-80	PM	20260903171500	https://www.wjhg.com/2026/09/03/daily-qa-how-much-do-you-love-your-pet/
1321333752	20260903	202609	2026	2026.6658											BUS	BUSINESS						BUS			1	042	042	04	1	1.9	2	1	2	2.44755244755245	0								3	City Of Columbia, South Carolina, United States	US	USSC		34.0364	-80.9025	2404107	3	City Of Columbia, South Carolina, United States	US	USSC		34.0364	-80.9025	2404107	20260903171500	https://www.thecolumbiastar.com/articles/business-briefs-249/
1321333753	20260903	202609	2026	2026.6658											BUS	COMPANIES						BUS			0	043	043	04	1	2.8	3	1	3	-4.00326797385621	0								4	El Tiempo, Magdalena, Colombia	CO	CO38	14028	10.8736	-74.1814	-584294	4	El Tiempo, Magdalena, Colombia	CO	CO38	14028	10.8736	-74.1814	-584294	20260903171500	https://www.riotimesonline.com/ecopetrol-sirius-gas-community-demands-2026/
1321333754	20260903	202609	2026	2026.6658											BUS	COMPANY						BUS			0	046	046	04	1	7.0	10	1	10	-4.00326797385621	0								4	La Guajira, Santander, Colombia	CO	CO26	14213	6.05	-74.3833	-588407	4	La Guajira, Santander, Colombia	CO	CO26	14213	6.05	-74.3833	-588407	20260903171500	https://www.riotimesonline.com/ecopetrol-sirius-gas-community-demands-2026/
1321333755	20260903	202609	2026	2026.6658											BUS	MANUFACTURER						BUS			1	046	046	04	1	7.0	10	1	10	4.22535211267606	0								1	India	IN	IN		20	77	IN	1	India	IN	IN		20	77	IN	20260903171500	https://www.thehindubusinessline.com/companies/siam-appoints-shenu-agarwal-md-ceo-ashok-leyland-as-its-president-for-2026-27/article71424986.ece
1321333756	20260903	202609	2026	2026.6658											BUS	COMPANIES						BUS			1	051	051	05	1	3.4	5	1	5	2.48356464572681	0								1	Mexico	MX	MX		23	-102	MX	1	Mexico	MX	MX		23	-102	MX	20260903171500	https://www.riotimesonline.com/pemex-mixed-contracts-private-investment-2026/
1321333757	20260903	202609	2026	2026.6658											BUS	COMPANY						BUS			0	1031	103	10	3	-5.0	10	1	10	-1.01641907740422	0								2	California, United States	US	USCA		36.17	-119.746	CA	2	California, United States	US	USCA		36.17	-119.746	CA	20260903171500	https://www.rismedia.com/2026/09/03/how-ai-tools-are-exposing-mls-data-and-your-brokerage-to-risk/
1321333758	20260903	202609	2026	2026.6658											BUS	BUSINESS						BUS			1	130	130	13	3	-4.4	10	1	10	-1.52284263959391	0								5	Oyo State, Oyo, Nigeria	NI	NI32	191166	8	4	-2024630	5	Oyo State, Oyo, Nigeria	NI	NI32	191166	8	4	-2024630	20260903171500	https://tribuneonlineng.com/oyo-govt-intensifies-crackdown-on-street-trading-in-ibadan/
1321333759	20260903	202609	2026	2026.6658											CAN	NOVA SCOTIA	CAN								1	051	051	05	1	3.4	2	1	2	4.55486542443064	0								4	Sydney, New South Wales, Australia	AS	AS02	154637	-33.8833	151.217	-1603135	4	Sydney, New South Wales, Australia	AS	AS02	154637	-33.8833	151.217	-1603135	20260903171500	https://www.saltwire.com/cape-breton/walk-in-addiction-support-withdrawal-management-in-cape-breton
1321333760	20260903	202609	2026	2026.6658											CAN	NOVA SCOTIA	CAN								1	051	051	05	1	3.4	6	1	6	4.55486542443064	0								4	Sydney, New South Wales, Australia	AS	AS02	154637	-33.8833	151.217	-1603135	4	Cape Breton, Nova Scotia, Canada	CA	CA07	12622	45.95	-59.7833	-561613	20260903171500	https://www.saltwire.com/cape-breton/walk-in-addiction-support-withdrawal-management-in-cape-breton
1321333761	20260903	202609	2026	2026.6658											CAN	NOVA SCOTIA	CAN								1	051	051	05	1	3.4	2	1	2	4.55486542443064	0								4	Cape Breton, Nova Scotia, Canada	CA	CA07	12622	45.95	-59.7833	-561613	4	Cape Breton, Nova Scotia, Canada	CA	CA07	12622	45.95	-59.7833	-561613	20260903171500	https://www.saltwire.com/cape-breton/walk-in-addiction-support-withdrawal-management-in-cape-breton
1321333762	20260903	202609	2026	2026.6658											CAN	CANADA	CAN								0	060	060	06	2	6.0	1	1	1	1.13636363636363	0								2	North Carolina, United States	US	USNC		35.6411	-79.8431	NC	3	Chapel Hill, North Carolina, United States	US	USNC		35.9429	-82.7088	1019601	20260903171500	https://www.saltwire.com/news/canada/the-key-to-winning-the-canada-u-s-trade-war-is-not-retaliating-says-think-tank/wcm/20110e63-9a65-48be-badc-c35ccb3c5e81
1321333763	20260903	202609	2026	2026.6658											CANMED	CANADIAN	CAN					MED			1	042	042	04	1	1.9	6	1	6	0	0								4	Toronto, Ontario, Canada	CA	CA08	12686	43.6667	-79.4167	-574890	4	Toronto, Ontario, Canada	CA	CA08	12686	43.6667	-79.4167	-574890	20260903171500	https://www.thecolumbiastar.com/articles/alaska-the-final-frontier-dawson-city-pierre-berton-prisoner-of-the-north/
1321333764	20260903	202609	2026	2026.6658											CHL	CHILE	CHL								0	040	040	04	1	1.0	1	1	1	-0.14134275618375	0								4	Madrid, Madrid, Spain	SP	SP29	25820	40.4	-3.68333	-390625	4	Madrid, Madrid, Spain	SP	SP29	25820	40.4	-3.68333	-390625	20260903171500	https://www.riotimesonline.com/milei-madrid-forum-santiago-kast-2026/
1321333765	20260903	202609	2026	2026.6658											CHL	CHILE	CHL								0	042	042	04	1	1.9	2	1	2	-0.14134275618375	0								4	Santiago, Regióetropolitana, Chile	CI	CI12	22379	-33.45	-70.6667	-901202	1	United States	US	US		39.828175	-98.5795	US	20260903171500	https://www.riotimesonline.com/milei-madrid-forum-santiago-kast-2026/
1321333766	20260903	202609	2026	2026.6658											CHL	SANTIAGO	CHL								0	042	042	04	1	1.9	1	1	1	-0.14134275618375	0								4	Buenos Aires, Distrito Federal, Argentina	AR	AR07	22379	-34.5875	-58.6725	-979186	4	Buenos Aires, Distrito Federal, Argentina	AR	AR07	22379	-34.5875	-58.6725	-979186	20260903171500	https://www.riotimesonline.com/milei-madrid-forum-santiago-kast-2026/
1321333767	20260903	202609	2026	2026.6658											CHL	CHILEAN	CHL								1	046	046	04	1	7.0	1	1	1	-0.14134275618375	0								4	Madrid, Madrid, Spain	SP	SP29	25820	40.4	-3.68333	-390625	4	Buenos Aires, Distrito Federal, Argentina	AR	AR07	22379	-34.5875	-58.6725	-979186	20260903171500	https://www.riotimesonline.com/milei-madrid-forum-santiago-kast-2026/
1321333768	20260903	202609	2026	2026.6658											CHL	CHILEAN	CHL								1	046	046	04	1	7.0	1	1	1	-0.14134275618375	0								4	Santiago, Regióetropolitana, Chile	CI	CI12	22379	-33.45	-70.6667	-901202	4	Santiago, Regióetropolitana, Chile	CI	CI12	22379	-33.45	-70.6667	-901202	20260903171500	https://www.riotimesonline.com/milei-madrid-forum-santiago-kast-2026/
1321333769	20260903	202609	2026	2026.6658											CHL	CHILE	CHL								0	057	057	05	1	8.0	2	1	2	-0.14134275618375	0								4	Santiago, Regióetropolitana, Chile	CI	CI12	22379	-33.45	-70.6667	-901202	4	Santiago, Regióetropolitana, Chile	CI	CI12	22379	-33.45	-70.6667	-901202	20260903171500	https://www.riotimesonline.com/milei-madrid-forum-santiago-kast-2026/
1321333770	20260903	202609	2026	2026.6658											CHLGOV	CHILE	CHL					GOV			0	040	040	04	1	1.0	2	1	2	-0.14134275618375	0								4	Santiago, Regióetropolitana, Chile	CI	CI12	22379	-33.45	-70.6667	-901202	4	Santiago, Regióetropolitana, Chile	CI	CI12	22379	-33.45	-70.6667	-901202	20260903171500	https://www.riotimesonline.com/milei-madrid-forum-santiago-kast-2026/
1321333771	20260903	202609	2026	2026.6658											COL	COLOMBIA	COL								0	040	040	04	1	1.0	20	1	10	-4.00326797385621	0								4	La Guajira, Santander, Colombia	CO	CO26	14213	6.05	-74.3833	-588407	4	La Guajira, Santander, Colombia	CO	CO26	14213	6.05	-74.3833	-588407	20260903171500	https://www.riotimesonline.com/ecopetrol-sirius-gas-community-demands-2026/
1321333772	20260903	202609	2026	2026.6658											COP	POLICE						COP			1	020	020	02	1	3.0	10	1	10	-5.52147239263804	0								4	Munich, Bayern, Germany	GM	GM02	16532	48.15	11.5833	-1829149	4	Munich, Bayern, Germany	GM	GM02	16532	48.15	11.5833	-1829149	20260903171500	https://www.euronews.com/my-europe/2026/09/03/two-arrested-after-attack-on-defence-companies-in-munich
1321333773	20260903	202609	2026	2026.6658											COP	POLICE						COP			0	040	040	04	1	1.0	10	1	10	-3.44827586206896	0								4	Helsinki, Eteläuomen Läi, Finland	FI	FI13	16230	60.1756	24.9342	-1364995	4	Helsinki, Eteläuomen Läi, Finland	FI	FI13	16230	60.1756	24.9342	-1364995	20260903171500	https://www.helsinkitimes.fi/finland/finland-news/domestic/29230-two-major-demonstrations-set-for-central-helsinki-on-saturday.html
1321333774	20260903	202609	2026	2026.6658											COP	PRISON						COP			0	040	040	04	1	1.0	4	1	4	-6.6167290886392	0								4	Belfast, Belfast, United Kingdom	UK	UKR3	40158	54.5833	-5.93333	-2589607	4	Belfast, Belfast, United Kingdom	UK	UKR3	40158	54.5833	-5.93333	-2589607	20260903171500	https://www.belfastlive.co.uk/news/belfast-news/former-french-foreign-legionnaire-jailed-34564080
1321333775	20260903	202609	2026	2026.6658											COP	PRISON						COP			0	040	040	04	1	1.0	6	1	6	-6.6167290886392	0								4	Northern Ireland, Craigavon, United Kingdom	UK	UKR8	40152	54.5	-6.5	-2604275	4	Northern Ireland, Craigavon, United Kingdom	UK	UKR8	40152	54.5	-6.5	-2604275	20260903171500	https://www.belfastlive.co.uk/news/belfast-news/former-french-foreign-legionnaire-jailed-34564080
1321333776	20260903	202609	2026	2026.6658											COP	POLICE						COP			1	043	043	04	1	2.8	10	1	10	-5.20446096654275	0								1	Ireland	EI	EI		53	-8	EI	1	Ireland	EI	EI		53	-8	EI	20260903171500	https://www.belfastlive.co.uk/news/belfast-news/review-finds-10-incidents-pursued-34563262
1321333777	20260903	202609	2026	2026.6658											COP	POLICE						COP			0	043	043	04	1	2.8	10	1	10	-6.6167290886392	0								1	France	FR	FR		46	2	FR	1	France	FR	FR		46	2	FR	20260903171500	https://www.belfastlive.co.uk/news/belfast-news/former-french-foreign-legionnaire-jailed-34564080
1321333778	20260903	202609	2026	2026.6658											COP	POLICE						COP			0	173	173	17	4	-5.0	10	1	10	-1.99203187250996	0								2	Maryland, United States	US	USMD		39.0724	-76.7902	MD	2	Maryland, United States	US	USMD		39.0724	-76.7902	MD	20260903171500	https://www.foxnews.com/tech/privacy-risk-moving-retirement-community
1321333779	20260903	202609	2026	2026.6658											CRM	GANG						CRM			0	173	173	17	4	-5.0	2	1	2	-5.05529225908373	0								3	Carroll County, Arkansas, United States	US	USAR		36.3334	-93.5169	66975	3	Carroll County, Arkansas, United States	US	USAR		36.3334	-93.5169	66975	20260903171500	https://www.foxnews.com/politics/dem-senate-nominee-changes-tune-ice-after-vowing-not-one-more-dime-agency
1321333780	20260903	202609	2026	2026.6658											CVL	COMMUNITY						CVL			1	010	010	01	1	0.0	10	1	10	-4.00326797385621	0								4	Santa Marta, Magdalena, Colombia	CO	CO38	14028	11.2408	-74.199	-598739	4	Santa Marta, Magdalena, Colombia	CO	CO38	14028	11.2408	-74.199	-598739	20260903171500	https://www.riotimesonline.com/ecopetrol-sirius-gas-community-demands-2026/
1321333781	20260903	202609	2026	2026.6658											CVL	VOTER						CVL			0	020	020	02	1	3.0	3	1	3	-5.05529225908373	0								3	Carroll County, Arkansas, United States	US	USAR		36.3334	-93.5169	66975	3	Carroll County, Arkansas, United States	US	USAR		36.3334	-93.5169	66975	20260903171500	https://www.foxnews.com/politics/dem-senate-nominee-changes-tune-ice-after-vowing-not-one-more-dime-agency
1321333782	20260903	202609	2026	2026.6658											CVL	COMMUNITY						CVL			1	036	036	03	1	4.0	6	1	6	2.44755244755245	0								3	City Of Columbia, South Carolina, United States	US	USSC		34.0364	-80.9025	2404107	3	City Of Columbia, South Carolina, United States	US	USSC		34.0364	-80.9025	2404107	20260903171500	https://www.thecolumbiastar.com/articles/business-briefs-249/
1321333783	20260903	202609	2026	2026.6658											CVL	ENGINEER						CVL			1	046	046	04	1	7.0	10	1	10	1.12721417069243	0								4	Monza, Lombardia, Italy	IT	IT09	18363	45.5833	9.26667	-122630	4	Monza, Lombardia, Italy	IT	IT09	18363	45.5833	9.26667	-122630	20260903171500	https://www.formula1.com/en/latest/article/lawson-details-biggest-challenge-of-red-bull-switch-as-he-explains-preparation-for-next-outing-in-monza.3dlFi54JDP75xJn7R5roav
1321333784	20260903	202609	2026	2026.6658											CVL	COMMUNITY						CVL			1	051	051	05	1	3.4	5	1	5	3.125	0								4	Carleton Place, Ontario, Canada	CA	CA08	12671	45.1333	-76.1333	-562230	4	Carleton Place, Ontario, Canada	CA	CA08	12671	45.1333	-76.1333	-562230	20260903171500	https://www.insideottawavalley.com/news/take-back-the-night-lanark/article_e5e532db-be3f-5e91-a4fe-16b57b946daa.html
1321333785	20260903	202609	2026	2026.6658											CVL	VOTER						CVL			1	060	060	06	2	6.0	3	1	3	2.27471566054243	0								2	Ohio, United States	US	USOH		40.3736	-82.7755	OH	2	Ohio, United States	US	USOH		40.3736	-82.7755	OH	20260903171500	https://www.farmanddairy.com/columns/ohio-wildlife-history-part-4-odnr-creation/927429.html
1321333786	20260903	202609	2026	2026.6658											CVL	ENGINEER						CVL			1	100	100	10	3	-5.0	10	1	10	-3.76106194690265	0								1	Mexico	MX	MX		23	-102	MX	1	Mexico	MX	MX		23	-102	MX	20260903171500	https://kvia.com/news/new-mexico/2026/09/03/new-mexico-doj-files-support-for-project-jupiter-permit-petitions/
1321333787	20260903	202609	2026	2026.6658											CVL	CIVILIAN						CVL			0	190	190	19	4	-10.0	2	1	2	-4.5016077170418	0								3	Port Orange, Florida, United States	US	USFL		29.1383	-80.9956	295559	3	Port Orange, Florida, United States	US	USFL		29.1383	-80.9956	295559	20260903171500	https://www.foxnews.com/us/florida-woman-70-opens-fire-port-orange-police-department-lobby-chief-says
1321333788	20260903	202609	2026	2026.6658											EDU	SCHOOL						EDU			1	036	036	03	1	4.0	10	1	10	6.76691729323308	0								2	Florida, United States	US	USFL		27.8333	-81.717	FL	2	Florida, United States	US	USFL		27.8333	-81.717	FL	20260903171500	https://www.wftv.com/news/local/florida-launches-2026-hispanic-heritage-month-contests-student-prizes/VMZX6S7UGBB2RIWTR4WN7DVROU/
1321333789	20260903	202609	2026	2026.6658											EDU	STUDENT						EDU			0	042	042	04	1	1.9	10	1	10	-1.20879120879121	0								2	Minnesota, United States	US	USMN		45.7326	-93.9196	MN	2	Minnesota, United States	US	USMN		45.7326	-93.9196	MN	20260903171500	https://www.infectioncontroltoday.com/view/once-teacher-always-teacher-why-infection-prevention-is-education
1321333790	20260903	202609	2026	2026.6658											EDUGOV	STUDENT						EDU	GOV		1	043	043	04	1	2.8	3	1	3	-3.42706502636204	0								3	Berkeley, California, United States	US	USCA	CA001	37.8716	-122.273	1658037	3	Berkeley, California, United States	US	USCA	CA001	37.8716	-122.273	1658037	20260903171500	https://www.thenation.com/article/archive/cias-student-activism-phase/
1321333791	20260903	202609	2026	2026.6658											ELI	ACTOR						ELI			0	190	190	19	4	-10.0	5	1	5	-7.05128205128206	0								3	Hattiesburg, Mississippi, United States	US	USMS	MS035	31.3271	-89.2903	691565	3	Hattiesburg, Mississippi, United States	US	USMS	MS035	31.3271	-89.2903	691565	20260903171500	https://movieweb.com/by-any-means-review/
1321333792	20260903	202609	2026	2026.6658											FRA	LORRAINE	FRA								1	010	010	01	1	0.0	10	1	10	-1.50375939849624	0								4	Hampstead, Camden, United Kingdom	UK	UKC4	40110	51.55	-0.183333	-2598069	4	Hampstead, Camden, United Kingdom	UK	UKC4	40110	51.55	-0.183333	-2598069	20260903171500	https://www.tvguide.co.uk/articles/lorraine-kelly-prickly-michael-winner-stormed-out-of-tv-interview/
1321333793	20260903	202609	2026	2026.6658											FRA	LORRAINE	FRA								1	020	020	02	1	3.0	5	1	5	-1.50375939849624	0								4	Hampstead, Camden, United Kingdom	UK	UKC4	40110	51.55	-0.183333	-2598069	4	Hampstead, Camden, United Kingdom	UK	UKC4	40110	51.55	-0.183333	-2598069	20260903171500	https://www.tvguide.co.uk/articles/lorraine-kelly-prickly-michael-winner-stormed-out-of-tv-interview/
1321333794	20260903	202609	2026	2026.6658											FRA	LORRAINE	FRA								1	020	020	02	1	3.0	5	1	5	-1.50375939849624	0								4	London, London, City of, United Kingdom	UK	UKH9	40110	51.5	-0.116667	-2601889	4	London, London, City of, United Kingdom	UK	UKH9	40110	51.5	-0.116667	-2601889	20260903171500	https://www.tvguide.co.uk/articles/lorraine-kelly-prickly-michael-winner-stormed-out-of-tv-interview/
1321333795	20260903	202609	2026	2026.6658											FRA	FRENCH	FRA								1	173	173	17	4	-5.0	10	1	10	-6.6167290886392	0								4	Northern Ireland, Craigavon, United Kingdom	UK	UKR8	40152	54.5	-6.5	-2604275	4	Northern Ireland, Craigavon, United Kingdom	UK	UKR8	40152	54.5	-6.5	-2604275	20260903171500	https://www.belfastlive.co.uk/news/belfast-news/former-french-foreign-legionnaire-jailed-34564080
1321333796	20260903	202609	2026	2026.6658											GBR	UNITED KINGDOM	GBR								0	020	020	02	1	3.0	5	1	5	2.76360544217687	0								4	Weem, Perth and Kinross, United Kingdom	UK	UKW1	40177	56.6167	-3.88333	-2611063	4	Weem, Perth and Kinross, United Kingdom	UK	UKW1	40177	56.6167	-3.88333	-2611063	20260903171500	https://www.wallpaper.com/art/carrie-mae-weems-guest-edits-wallpaper
1321333797	20260903	202609	2026	2026.6658											GBR	UNITED KINGDOM	GBR								0	020	020	02	1	3.0	1	1	1	2.76360544217687	0								2	New York, United States	US	USNY		42.1497	-74.9384	NY	4	Weem, Perth and Kinross, United Kingdom	UK	UKW1	40177	56.6167	-3.88333	-2611063	20260903171500	https://www.wallpaper.com/art/carrie-mae-weems-guest-edits-wallpaper
1321333798	20260903	202609	2026	2026.6658											GBR	BRITAIN	GBR								0	042	042	04	1	1.9	2	1	2	-3.19917440660474	0								3	White House, District of Columbia, United States	US	USDC		38.8951	-77.0364	531871	3	White House, District of Columbia, United States	US	USDC		38.8951	-77.0364	531871	20260903171500	https://radaronline.com/p/donald-trump-prince-harry-us-reentry-visa-row/
1321333799	20260903	202609	2026	2026.6658											GBR	UNITED KINGDOM	GBR								1	193	193	19	4	-10.0	4	1	4	-7.2202166064982	0								4	Belfast, Belfast, United Kingdom	UK	UKR3	40158	54.5833	-5.93333	-2589607	4	Belfast, Belfast, United Kingdom	UK	UKR3	40158	54.5833	-5.93333	-2589607	20260903171500	https://www.belfastlive.co.uk/news/northern-ireland/police-treating-sean-graham-bookies-34563314
1321333800	20260903	202609	2026	2026.6658											GBREDU	BRITISH	GBR					EDU			0	042	042	04	1	1.9	6	1	6	-3.19917440660474	0								4	London, London, City of, United Kingdom	UK	UKH9	40110	51.5	-0.116667	-2601889	4	London, London, City of, United Kingdom	UK	UKH9	40110	51.5	-0.116667	-2601889	20260903171500	https://radaronline.com/p/donald-trump-prince-harry-us-reentry-visa-row/
1321333801	20260903	202609	2026	2026.6658											GOV	PRESIDENT						GOV			0	040	040	04	1	1.0	6	1	6	-0.14134275618375	0								4	Santiago, Regióetropolitana, Chile	CI	CI12	22379	-33.45	-70.6667	-901202	4	Santiago, Regióetropolitana, Chile	CI	CI12	22379	-33.45	-70.6667	-901202	20260903171500	https://www.riotimesonline.com/milei-madrid-forum-santiago-kast-2026/
1321333802	20260903	202609	2026	2026.6658											GOV	GOVERNMENT						GOV			0	046	046	04	1	7.0	10	1	10	-4.85436893203884	0								4	Ezeiza, Buenos Aires, Argentina	AR	AR01	22379	-34.8479	-58.5287	-989273	4	Ezeiza, Buenos Aires, Argentina	AR	AR01	22379	-34.8479	-58.5287	-989273	20260903171500	https://www.riotimesonline.com/argentina-airport-strike-2026/
1321333803	20260903	202609	2026	2026.6658											GOV	GOVERNMENT						GOV			1	1243	124	12	3	-4.0	10	1	10	-8.21428571428572	0								5	Karnataka, Karnataka, India	IN	IN19	17688	13.5	76	-2099860	5	Karnataka, Karnataka, India	IN	IN19	17688	13.5	76	-2099860	20260903171500	https://economictimes.indiatimes.com/news/india/recruitment-scam-karnataka-suspends-ias-officer-gyanendra-gangwar-after-cid-arrest-ed-scrutiny/articleshow/133741012.cms
1321333804	20260903	202609	2026	2026.6658											GOV	REGULATOR						GOV			1	192	192	19	4	-9.5	10	1	10	-0.80482897384305	0								1	Namibia	WA	WA		-22	17	WA	1	Namibia	WA	WA		-22	17	WA	20260903171500	https://allafrica.com/stories/202609030528.html
1321333805	20260903	202609	2026	2026.6658											GOVLAB	LABOR MINIST						GOV	LAB		0	0213	021	02	1	3.4	10	1	10	-4.85436893203884	0								4	Buenos Aires, Distrito Federal, Argentina	AR	AR07	22379	-34.5875	-58.6725	-979186	4	Buenos Aires, Distrito Federal, Argentina	AR	AR07	22379	-34.5875	-58.6725	-979186	20260903171500	https://www.riotimesonline.com/argentina-airport-strike-2026/
1321333806	20260903	202609	2026	2026.6658											HIN	HINDU				HIN					1	057	057	05	1	8.0	5	1	5	2.25694444444444	0								4	Mumbai, Maharashtra, India	IN	IN16	70184	18.975	72.8258	-2092174	4	Mumbai, Maharashtra, India	IN	IN16	70184	18.975	72.8258	-2092174	20260903171500	https://www.thehindubusinessline.com/economy/agri-business/cai-in-pact-with-ncdex-to-strengthen-cotton-futures-market/article71423339.ece
1321333807	20260903	202609	2026	2026.6658											IND	HARYANA	IND								1	040	040	04	1	1.0	5	1	5	-5.30973451327433	0								4	Haryana, Haryana, India	IN	IN10	17660	29.6161	76.9806	6210381	4	Haryana, Haryana, India	IN	IN10	17660	29.6161	76.9806	6210381	20260903171500	https://www.thehindu.com/sci-tech/energy-and-environment/caqm-in-talks-with-punjab-haryana-to-improve-stubble-burning-estimation-protocol/article71424721.ece
1321333808	20260903	202609	2026	2026.6658											IND	NEW DELHI	IND								0	050	050	05	1	3.5	1	1	1	0.807265388496471	0								4	New Delhi, Delhi, India	IN	IN07	17911	28.6	77.2	-2106102	4	New Delhi, Delhi, India	IN	IN07	17911	28.6	77.2	-2106102	20260903171500	https://www.realclearworld.com/articles/2026/09/03/bangladesh_is_reshaping_its_relationship_with_india_1204068.html
1321333809	20260903	202609	2026	2026.6658											IND	BIHAR	IND								1	090	090	09	2	-2.0	4	1	4	-4.26356589147287	0								4	Aurangabad, Maharashtra, India	IN	IN16	70178	19.8833	75.3333	-2089356	4	Aurangabad, Maharashtra, India	IN	IN16	70178	19.8833	75.3333	-2089356	20260903171500	https://timesofindia.indiatimes.com/city/patna/pk-questions-bjp-bihar-govt-over-ugc-and-crime/articleshow/133741539.cms
1321333810	20260903	202609	2026	2026.6658											IND	BIHAR	IND								1	090	090	09	2	-2.0	2	1	2	-4.26356589147287	0								4	Patna, Bihar, India	IN	IN34	17632	25.6	85.1167	-2107500	4	Patna, Bihar, India	IN	IN34	17632	25.6	85.1167	-2107500	20260903171500	https://timesofindia.indiatimes.com/city/patna/pk-questions-bjp-bihar-govt-over-ugc-and-crime/articleshow/133741539.cms
1321333811	20260903	202609	2026	2026.6658											IRL	DUBLIN	IRL								0	042	042	04	1	1.9	1	1	1	2.12443095599393	0								4	Dublin, Dublin, Ireland	EI	EI07	18288	53.3331	-6.24889	-1502554	4	Sussex, East Sussex, United Kingdom	UK	UKE2	40137	50.9167	-0.083333	-2609142	20260903171500	https://www.hellomagazine.com/royalty/921548/prince-william-reaction-prince-harry-attacks-kate-middleton/
1321333812	20260903	202609	2026	2026.6658											ITA	ITALY	ITA								0	043	043	04	1	2.8	10	1	10	0.87064676616916	0								4	Lake Maggiore, Italy (general), Italy	IT	IT00	26305	45.95	8.65	-120679	4	Lake Maggiore, Italy (general), Italy	IT	IT00	26305	45.95	8.65	-120679	20260903171500	https://www.dailymail.com/tvshowbiz/article-16101927/Country-house-chaos-Guy-Ritchie-reveals-fled-hotel-handing-sprawling-estate-Gentlemen-cast.html
1321333813	20260903	202609	2026	2026.6658											JUD	JUDGE						JUD			1	020	020	02	1	3.0	3	1	3	5.95533498759305	0								2	New Jersey, United States	US	USNJ		40.314	-74.5089	NJ	3	Asbury Park, New Jersey, United States	US	USNJ		40.2204	-74.0121	874396	20260903171500	https://nj1015.com/nj-best-plain-slice/
1321333814	20260903	202609	2026	2026.6658											JUD	JUDGE						JUD			1	020	020	02	1	3.0	2	1	2	5.95533498759305	0								2	New Jersey, United States	US	USNJ		40.314	-74.5089	NJ	2	New Jersey, United States	US	USNJ		40.314	-74.5089	NJ	20260903171500	https://nj1015.com/nj-best-plain-slice/
1321333815	20260903	202609	2026	2026.6658											JUD	BARRISTER						JUD			0	036	036	03	1	4.0	6	1	6	-7.46582544689804	0								4	Belfast, Belfast, United Kingdom	UK	UKR3	40158	54.5833	-5.93333	-2589607	4	Belfast, Belfast, United Kingdom	UK	UKR3	40158	54.5833	-5.93333	-2589607	20260903171500	https://www.belfastlive.co.uk/news/northern-ireland/men-jailed-savage-train-station-34563382
1321333816	20260903	202609	2026	2026.6658											JUD	BARRISTER						JUD			0	036	036	03	1	4.0	4	1	4	-7.46582544689804	0								4	Portrush, Coleraine, United Kingdom	UK	UKR6	40176	55.2167	-6.65	-2605638	4	Portrush, Coleraine, United Kingdom	UK	UKR6	40176	55.2167	-6.65	-2605638	20260903171500	https://www.belfastlive.co.uk/news/northern-ireland/men-jailed-savage-train-station-34563382
1321333817	20260903	202609	2026	2026.6658											JUD	BARRISTER						JUD			0	043	043	04	1	2.8	6	1	6	-7.46582544689804	0								4	Belfast, Belfast, United Kingdom	UK	UKR3	40158	54.5833	-5.93333	-2589607	4	Belfast, Belfast, United Kingdom	UK	UKR3	40158	54.5833	-5.93333	-2589607	20260903171500	https://www.belfastlive.co.uk/news/northern-ireland/men-jailed-savage-train-station-34563382
1321333818	20260903	202609	2026	2026.6658											JUD	BARRISTER						JUD			0	043	043	04	1	2.8	4	1	4	-7.46582544689804	0								4	Portrush, Coleraine, United Kingdom	UK	UKR6	40176	55.2167	-6.65	-2605638	4	Portrush, Coleraine, United Kingdom	UK	UKR6	40176	55.2167	-6.65	-2605638	20260903171500	https://www.belfastlive.co.uk/news/northern-ireland/men-jailed-savage-train-station-34563382
1321333819	20260903	202609	2026	2026.6658											JUD	ATTORNEY						JUD			0	115	115	11	3	-2.0	1	1	1	-2.32193926188207	0								3	Richland, South Carolina, United States	US	USSC	SC081	33.9529	-81.6937	1231725	3	Oakridge, South Carolina, United States	US	USSC	SC089	33.421	-79.6442	1225127	20260903171500	https://www.thecolumbiastar.com/articles/public-notices-1840/
1321333820	20260903	202609	2026	2026.6658											JUD	ATTORNEY						JUD			0	115	115	11	3	-2.0	1	1	1	-2.32193926188207	0								3	Richland County, South Carolina, United States	US	USSC		34.0168	-80.9165	1249299	3	Richland County, South Carolina, United States	US	USSC		34.0168	-80.9165	1249299	20260903171500	https://www.thecolumbiastar.com/articles/public-notices-1840/
1321333821	20260903	202609	2026	2026.6658											JUD	ATTORNEY						JUD			0	115	115	11	3	-2.0	1	1	1	-2.32193926188207	0								3	Richland County, South Carolina, United States	US	USSC		34.0168	-80.9165	1249299	2	South Carolina, United States	US	USSC		33.8191	-80.9066	SC	20260903171500	https://www.thecolumbiastar.com/articles/public-notices-1840/
1321333822	20260903	202609	2026	2026.6658											JUD	ATTORNEY						JUD			0	115	115	11	3	-2.0	6	1	2	-2.32193926188207	0								2	South Carolina, United States	US	USSC		33.8191	-80.9066	SC	3	Richland County, South Carolina, United States	US	USSC		34.0168	-80.9165	1249299	20260903171500	https://www.thecolumbiastar.com/articles/public-notices-1840/
1321333823	20260903	202609	2026	2026.6658											LAB	WORKER						LAB			0	190	190	19	4	-10.0	10	1	10	-4.85436893203884	0								4	Buenos Aires, Distrito Federal, Argentina	AR	AR07	22379	-34.5875	-58.6725	-979186	4	Buenos Aires, Distrito Federal, Argentina	AR	AR07	22379	-34.5875	-58.6725	-979186	20260903171500	https://www.riotimesonline.com/argentina-airport-strike-2026/
1321333824	20260903	202609	2026	2026.6658											LEG	GENERAL ASSEMBLY						LEG			0	051	051	05	1	3.4	10	1	10	2.27471566054243	0								2	Ohio, United States	US	USOH		40.3736	-82.7755	OH	2	Ohio, United States	US	USOH		40.3736	-82.7755	OH	20260903171500	https://www.farmanddairy.com/columns/ohio-wildlife-history-part-4-odnr-creation/927429.html
1321333825	20260903	202609	2026	2026.6658											LEG	CHAMBER						LEG			1	060	060	06	2	6.0	5	1	5	-3.7593984962406	0								2	Connecticut, United States	US	USCT		41.5834	-72.7622	CT	2	Connecticut, United States	US	USCT		41.5834	-72.7622	CT	20260903171500	https://hartfordbusiness.com/article/noise-complaint-exposes-unreported-2019-sale-of-east-lyme-solar-farm/
1321333826	20260903	202609	2026	2026.6658											LEG	SENATE						LEG			0	130	130	13	3	-4.4	5	1	5	-0.53557765876052	0								4	Guarulhos, SãPaulo, Brazil	BR	BR27	11543	-23.4667	-46.5333	-645949	4	Guarulhos, SãPaulo, Brazil	BR	BR27	11543	-23.4667	-46.5333	-645949	20260903171500	https://www.riotimesonline.com/brazil-newspapers-call-justice-moraes-leave-supreme-court/
1321333827	20260903	202609	2026	2026.6658											LEG	CHAMBER						LEG			0	190	190	19	4	-10.0	6	1	6	-5.05529225908373	0								2	Arkansas, United States	US	USAR		34.9513	-92.3809	AR	2	Arkansas, United States	US	USAR		34.9513	-92.3809	AR	20260903171500	https://www.foxnews.com/politics/dem-senate-nominee-changes-tune-ice-after-vowing-not-one-more-dime-agency
1321333828	20260903	202609	2026	2026.6658											MEA	ARABIAN SEA	MEA								1	043	043	04	1	2.8	6	1	6	-3.29457364341085	0								4	Arabian Sea, India (general), India	IN	IN00		20	65	-2089022	4	Arabian Sea, India (general), India	IN	IN00		20	65	-2089022	20260903171500	https://www.skymetweather.com/content/monsoon-update/heavy-rains-unlikely-over-mumbai-till-mid-september
1321333829	20260903	202609	2026	2026.6658											MEX	MEXICO	MEX								0	042	042	04	1	1.9	1	1	1	-1.59857904085257	0								4	Gulf Of Mexico, Mexico (general), Mexico	MX	MX00	20887	25	-90	-1683344	4	Gulf Of Mexico, Mexico (general), Mexico	MX	MX00	20887	25	-90	-1683344	20260903171500	https://tribuneonlineng.com/trump-suggests-renaming-strait-of-hormuz-as-trump-strait/
1321333830	20260903	202609	2026	2026.6658											MNCBRA	PETROBRAS	BRA					MNC			0	040	040	04	1	1.0	10	1	10	-4.00326797385621	0								4	El Tiempo, Magdalena, Colombia	CO	CO38	14028	10.8736	-74.1814	-584294	4	El Tiempo, Magdalena, Colombia	CO	CO38	14028	10.8736	-74.1814	-584294	20260903171500	https://www.riotimesonline.com/ecopetrol-sirius-gas-community-demands-2026/
1321333831	20260903	202609	2026	2026.6658											MNCBRA	PETROBRAS	BRA					MNC			0	040	040	04	1	1.0	10	1	10	-4.00326797385621	0								4	La Guajira, Santander, Colombia	CO	CO26	14213	6.05	-74.3833	-588407	4	La Guajira, Santander, Colombia	CO	CO26	14213	6.05	-74.3833	-588407	20260903171500	https://www.riotimesonline.com/ecopetrol-sirius-gas-community-demands-2026/
1321333832	20260903	202609	2026	2026.6658											MNCESP	BANCO SANTANDER	ESP					MNC			0	036	036	03	1	4.0	6	1	6	0.846354166666667	0								4	Sao Paulo, SãPaulo, Brazil	BR	BR27	11543	-23.5333	-46.6167	-671824	4	Sao Paulo, SãPaulo, Brazil	BR	BR27	11543	-23.5333	-46.6167	-671824	20260903171500	https://www.riotimesonline.com/santander-brasil-minority-buyout-2026/
1321333833	20260903	202609	2026	2026.6658											MNCUSA	NETFLIX	USA					MNC			1	0841	084	08	2	7.0	6	1	6	0.87064676616916	0								4	Lake Maggiore, Italy (general), Italy	IT	IT00	26305	45.95	8.65	-120679	4	Lake Maggiore, Italy (general), Italy	IT	IT00	26305	45.95	8.65	-120679	20260903171500	https://www.dailymail.com/tvshowbiz/article-16101927/Country-house-chaos-Guy-Ritchie-reveals-fled-hotel-handing-sprawling-estate-Gentlemen-cast.html
1321333834	20260903	202609	2026	2026.6658											MNCUSA	NETFLIX	USA					MNC			1	0841	084	08	2	7.0	4	1	4	0.87064676616916	0								4	London, London, City of, United Kingdom	UK	UKH9	40110	51.5	-0.116667	-2601889	4	London, London, City of, United Kingdom	UK	UKH9	40110	51.5	-0.116667	-2601889	20260903171500	https://www.dailymail.com/tvshowbiz/article-16101927/Country-house-chaos-Guy-Ritchie-reveals-fled-hotel-handing-sprawling-estate-Gentlemen-cast.html
1321333835	20260903	202609	2026	2026.6658											MNCUSA	NETFLIX	USA					MNC			1	173	173	17	4	-5.0	10	1	10	0.87064676616916	0								4	London, London, City of, United Kingdom	UK	UKH9	40110	51.5	-0.116667	-2601889	4	London, London, City of, United Kingdom	UK	UKH9	40110	51.5	-0.116667	-2601889	20260903171500	https://www.dailymail.com/tvshowbiz/article-16101927/Country-house-chaos-Guy-Ritchie-reveals-fled-hotel-handing-sprawling-estate-Gentlemen-cast.html
1321333836	20260903	202609	2026	2026.6658											MOS	ISLAMIC				MOS					0	043	043	04	1	2.8	6	1	6	-7.17539863325741	0								4	Riyadh, Ar Riya?, Saudi Arabia	SA	SA10	25316	24.6408	46.7728	-3093009	4	Riyadh, Ar Riya?, Saudi Arabia	SA	SA10	25316	24.6408	46.7728	-3093009	20260903171500	https://www.realclearworld.com/articles/2026/09/03/houthi_propaganda_laid_the_groundwork_for_military_escalation_1204067.html
1321333837	20260903	202609	2026	2026.6658											NGA	NIGERIA	NGA								0	057	057	05	1	8.0	6	1	6	-1.52284263959391	0								5	Oyo State, Oyo, Nigeria	NI	NI32	191166	8	4	-2024630	5	Oyo State, Oyo, Nigeria	NI	NI32	191166	8	4	-2024630	20260903171500	https://tribuneonlineng.com/oyo-govt-intensifies-crackdown-on-street-trading-in-ibadan/
1321333838	20260903	202609	2026	2026.6658											NGA	IBADAN	NGA								0	170	170	17	4	-7.0	10	1	10	3.33333333333333	0								4	Ibadan, Oyo, Nigeria	NI	NI32	191242	7.38778	3.89639	-2010458	4	Ibadan, Oyo, Nigeria	NI	NI32	191242	7.38778	3.89639	-2010458	20260903171500	https://tribuneonlineng.com/atiku-welcomes-ipman-call-for-intervention-to-reduce-petrol-prices/
1321333839	20260903	202609	2026	2026.6658											NGA	IBADAN	NGA								1	170	170	17	4	-7.0	10	1	10	-1.52284263959391	0								5	Oyo State, Oyo, Nigeria	NI	NI32	191166	8	4	-2024630	5	Oyo State, Oyo, Nigeria	NI	NI32	191166	8	4	-2024630	20260903171500	https://tribuneonlineng.com/oyo-govt-intensifies-crackdown-on-street-trading-in-ibadan/
1321333840	20260903	202609	2026	2026.6658											PHL	PHILIPPINE	PHL								0	042	042	04	1	1.9	2	1	2	3.63752393107849	0								2	Hawaii, United States	US	USHI		21.1098	-157.531	HI	2	Hawaii, United States	US	USHI		21.1098	-157.531	HI	20260903171500	https://thepointsguy.com/credit-cards/7500-point-atmos-rewards-awards/
1321333841	20260903	202609	2026	2026.6658											PRT	LISBON	PRT								1	190	190	19	4	-10.0	3	1	3	-9.63855421686747	0								1	United Kingdom	UK	UK		54	-4	UK	1	United Kingdom	UK	UK		54	-4	UK	20260903171500	https://www.irishexaminer.com/world/arid-41906452.html
1321333842	20260903	202609	2026	2026.6658											RUSSPY	MOSCOW	RUS					SPY			0	042	042	04	1	1.9	6	1	6	-5.11463844797178	0								4	Moscow, Moskva, Russia	RS	RS48	25106	55.7522	37.6156	-2960561	4	Moscow, Moskva, Russia	RS	RS48	25106	55.7522	37.6156	-2960561	20260903171500	https://tribuneonlineng.com/putin-says-ukraine-peace-deal-possible-attacks-complicate-talks/
1321333843	20260903	202609	2026	2026.6658											SPY	INTELLIGENCE						SPY			0	110	110	11	3	-2.0	1	1	1	-1.57835400225479	0								3	Denver, Colorado, United States	US	USCO	CO031	39.7392	-104.985	201738	3	Denver, Colorado, United States	US	USCO	CO031	39.7392	-104.985	201738	20260903171500	https://www.foxnews.com/politics/three-new-companies-face-josh-hawley-investigation-ai-surveillance-vehicle-tracking
1321333844	20260903	202609	2026	2026.6658											SPY	INTELLIGENCE						SPY			0	110	110	11	3	-2.0	1	1	1	-1.57835400225479	0								2	Alaska, United States	US	USAK		61.385	-152.268	AK	2	Alaska, United States	US	USAK		61.385	-152.268	AK	20260903171500	https://www.foxnews.com/politics/three-new-companies-face-josh-hawley-investigation-ai-surveillance-vehicle-tracking
1321333845	20260903	202609	2026	2026.6658											USA	UNITED STATES	USA								1	010	010	01	1	0.0	4	1	4	-3.73563218390805	0								3	Jackson Hole, Wyoming, United States	US	USWY		43.6844	-110.69	1609109	3	Jackson Hole, Wyoming, United States	US	USWY		43.6844	-110.69	1609109	20260903171500	http://www.tetonvalleynews.net/one-killed-and-another-injured-in-wreck-on-teton-pass/article_445478a1-2398-40e5-a520-fa164a93f0ec.html
1321333846	20260903	202609	2026	2026.6658											USA	UNITED STATES	USA								0	022	022	02	1	3.2	3	1	3	2.76360544217687	0								3	Portland, Oregon, United States	US	USOR	OR051	45.5235	-122.676	1136645	3	Portland, Oregon, United States	US	USOR	OR051	45.5235	-122.676	1136645	20260903171500	https://www.wallpaper.com/art/carrie-mae-weems-guest-edits-wallpaper
1321333847	20260903	202609	2026	2026.6658											USA	SOUTH CAROLINA	USA								1	036	036	03	1	4.0	6	1	4	3.21782178217822	0								3	City Of Cayce, South Carolina, United States	US	USSC		33.9516	-81.0601	2404011	3	City Of Cayce, South Carolina, United States	US	USSC		33.9516	-81.0601	2404011	20260903171500	https://www.thecolumbiastar.com/articles/thomas-dambo-visits-cayce-as-city-moves-forward-with-s-c-s-first-troll-installation/
1321333848	20260903	202609	2026	2026.6658											USA	SOUTH CAROLINA	USA								0	036	036	03	1	4.0	2	1	2	3.21782178217822	0								2	South Carolina, United States	US	USSC		33.8191	-80.9066	SC	3	City Of Cayce, South Carolina, United States	US	USSC		33.9516	-81.0601	2404011	20260903171500	https://www.thecolumbiastar.com/articles/thomas-dambo-visits-cayce-as-city-moves-forward-with-s-c-s-first-troll-installation/
1321333849	20260903	202609	2026	2026.6658											USA	ALABAMA	USA								1	040	040	04	1	1.0	17	2	17	-1.20919293401846	0								2	Alabama, United States	US	USAL		32.799	-86.8073	AL	2	Alabama, United States	US	USAL		32.799	-86.8073	AL	20260903171500	https://foxbaltimore.com/news/bmore-lifestyle/lemme-tell-you-chatgpt-dating-drama-tip-for-self-service-airline-merch
1321333850	20260903	202609	2026	2026.6658											USA	UNITED STATES	USA								1	040	040	04	1	1.0	1	1	1	2.06327372764787	0								2	Minnesota, United States	US	USMN		45.7326	-93.9196	MN	3	Washington, District of Columbia, United States	US	USDC	DC001	38.8951	-77.0364	531871	20260903171500	https://www.superiortelegram.com/business/events-planned-to-support-businesses-through-bridge-closure
1321333851	20260903	202609	2026	2026.6658											USA	UNITED STATES	USA								1	042	042	04	1	1.9	4	1	4	-1.37659783677482	0								3	Rockingham County, North Carolina, United States	US	USNC		36.4001	-79.7831	1008582	3	Mayo River, North Carolina, United States	US	USNC		36.3901	-79.952	989503	20260903171500	https://www.thestokesnews.com/opinion/genealogy-corner-joyce-family-reflections/article_d272559d-cf1d-44eb-b49f-6896c468313c.html
1321333852	20260903	202609	2026	2026.6658											USA	UNITED STATES	USA								1	042	042	04	1	1.9	2	1	2	-1.37659783677482	0								3	Rowan County, North Carolina, United States	US	USNC		35.6501	-80.5164	1008583	3	Rowan County, North Carolina, United States	US	USNC		35.6501	-80.5164	1008583	20260903171500	https://www.thestokesnews.com/opinion/genealogy-corner-joyce-family-reflections/article_d272559d-cf1d-44eb-b49f-6896c468313c.html
1321333853	20260903	202609	2026	2026.6658											USA	UNITED STATES	USA								1	042	042	04	1	1.9	1	1	1	-1.37659783677482	0								3	Rowan County, North Carolina, United States	US	USNC		35.6501	-80.5164	1008583	2	Virginia, United States	US	USVA		37.768	-78.2057	VA	20260903171500	https://www.thestokesnews.com/opinion/genealogy-corner-joyce-family-reflections/article_d272559d-cf1d-44eb-b49f-6896c468313c.html
1321333854	20260903	202609	2026	2026.6658											USA	VIRGINIA	USA								1	042	042	04	1	1.9	11	1	10	-1.37659783677482	0								3	Mayodan, North Carolina, United States	US	USNC	NC157	36.4124	-79.967	1021374	3	Mayodan, North Carolina, United States	US	USNC	NC157	36.4124	-79.967	1021374	20260903171500	https://www.thestokesnews.com/opinion/genealogy-corner-joyce-family-reflections/article_d272559d-cf1d-44eb-b49f-6896c468313c.html
1321333855	20260903	202609	2026	2026.6658											USA	NEW YORK	USA								0	042	042	04	1	1.9	1	1	1	2.76360544217687	0								3	Portland, Oregon, United States	US	USOR	OR051	45.5235	-122.676	1136645	3	Syracuse University, New York, United States	US	USNY		43.0378	-76.1346	966969	20260903171500	https://www.wallpaper.com/art/carrie-mae-weems-guest-edits-wallpaper
1321333856	20260903	202609	2026	2026.6658											USA	UNITED STATES	USA								0	042	042	04	1	1.9	3	1	3	2.76360544217687	0								3	Portland, Oregon, United States	US	USOR	OR051	45.5235	-122.676	1136645	2	New York, United States	US	USNY		42.1497	-74.9384	NY	20260903171500	https://www.wallpaper.com/art/carrie-mae-weems-guest-edits-wallpaper
1321333857	20260903	202609	2026	2026.6658											USA	SOUTH CAROLINA	USA								0	042	042	04	1	1.9	2	1	2	-2.45310245310245	0								3	Georgetown County, South Carolina, United States	US	USSC		33.4502	-79.3498	1248002	3	Georgetown County, South Carolina, United States	US	USSC		33.4502	-79.3498	1248002	20260903171500	https://www.foxnews.com/us/this-is-real-bad-911-call-reveals-frantic-moments-after-autistic-daughter-5-vanished-south-carolina
1321333858	20260903	202609	2026	2026.6658											USA	COLUMBUS	USA								0	042	042	04	1	1.9	10	1	10	3.95550061804697	0								3	Lincoln Park, Michigan, United States	US	USMI		42.2506	-83.1785	630462	3	Lincoln Park, Michigan, United States	US	USMI		42.2506	-83.1785	630462	20260903171500	https://www.greeleytribune.com/2026/09/03/upcoming-events-in-greeley-include-first-friday-art-walk-3/
1321333859	20260903	202609	2026	2026.6658											USA	UNITED STATES	USA								1	042	042	04	1	1.9	6	1	6	-7.05128205128206	0								3	Hattiesburg, Mississippi, United States	US	USMS	MS035	31.3271	-89.2903	691565	3	Hattiesburg, Mississippi, United States	US	USMS	MS035	31.3271	-89.2903	691565	20260903171500	https://movieweb.com/by-any-means-review/
1321333860	20260903	202609	2026	2026.6658											USA	UNITED STATES	USA								1	042	042	04	1	1.9	2	1	2	-1.37659783677482	0								3	Mayo River, North Carolina, United States	US	USNC		36.3901	-79.952	989503	3	Mayo River, North Carolina, United States	US	USNC		36.3901	-79.952	989503	20260903171500	https://www.thestokesnews.com/opinion/genealogy-corner-joyce-family-reflections/article_d272559d-cf1d-44eb-b49f-6896c468313c.html
1321333861	20260903	202609	2026	2026.6658											USA	UNITED STATES	USA								1	042	042	04	1	1.9	2	1	2	-1.37659783677482	0								3	Mayo River, North Carolina, United States	US	USNC		36.3901	-79.952	989503	2	North Carolina, United States	US	USNC		35.6411	-79.8431	NC	20260903171500	https://www.thestokesnews.com/opinion/genealogy-corner-joyce-family-reflections/article_d272559d-cf1d-44eb-b49f-6896c468313c.html
1321333862	20260903	202609	2026	2026.6658											USA	NORTH CAROLINA	USA								1	042	042	04	1	1.9	1	1	1	-1.37659783677482	0								2	North Carolina, United States	US	USNC		35.6411	-79.8431	NC	3	Rowan County, North Carolina, United States	US	USNC		35.6501	-80.5164	1008583	20260903171500	https://www.thestokesnews.com/opinion/genealogy-corner-joyce-family-reflections/article_d272559d-cf1d-44eb-b49f-6896c468313c.html
1321333863	20260903	202609	2026	2026.6658											USA	NEW YORK	USA								0	042	042	04	1	1.9	4	1	4	2.76360544217687	0								2	New York, United States	US	USNY		42.1497	-74.9384	NY	3	Syracuse, New York, United States	US	USNY	NY067	43.0481	-76.1474	966966	20260903171500	https://www.wallpaper.com/art/carrie-mae-weems-guest-edits-wallpaper
1321333864	20260903	202609	2026	2026.6658											USA	UNITED STATES	USA								1	042	042	04	1	1.9	2	1	2	-4.65587044534413	0								2	Ohio, United States	US	USOH		40.3736	-82.7755	OH	3	Waupun, Wisconsin, United States	US	USWI	WI039	43.6333	-88.7296	1576324	20260903171500	https://radaronline.com/p/chris-watts-planning-prison-wedding-new-girlfriend/
1321333865	20260903	202609	2026	2026.6658											USA	UNITED STATES	USA								1	042	042	04	1	1.9	2	1	2	-3.68271954674221	0								2	Wisconsin, United States	US	USWI		44.2563	-89.6385	WI	3	Seattle, Washington, United States	US	USWA	WA033	47.6062	-122.332	1512650	20260903171500	https://www.rismedia.com/2026/09/03/theres-something-air-that-moves-people-literally/
1321333866	20260903	202609	2026	2026.6658											USA	UNITED STATES	USA								0	043	043	04	1	2.8	2	1	2	-1.37659783677482	0								3	Mayodan, North Carolina, United States	US	USNC	NC157	36.4124	-79.967	1021374	3	Mayodan, North Carolina, United States	US	USNC	NC157	36.4124	-79.967	1021374	20260903171500	https://www.thestokesnews.com/opinion/genealogy-corner-joyce-family-reflections/article_d272559d-cf1d-44eb-b49f-6896c468313c.html
1321333867	20260903	202609	2026	2026.6658											USA	UNITED STATES	USA								1	043	043	04	1	2.8	5	1	5	-0.28169014084507	0								3	Gulf State Park, Alabama, United States	US	USAL		30.2652	-87.6411	119463	3	Gulf State Park, Alabama, United States	US	USAL		30.2652	-87.6411	119463	20260903171500	http://www.gulfcoastmedia.com/stories/fort-morgan-trail-extended-44-miles-at-gulf-state-park,346503
1321333868	20260903	202609	2026	2026.6658											USA	UNITED STATES	USA								1	043	043	04	1	2.8	1	1	1	-0.28169014084507	0								3	Gulf State Park, Alabama, United States	US	USAL		30.2652	-87.6411	119463	3	Fort Morgan, Alabama, United States	US	USAL		30.2285	-88.0231	156368	20260903171500	http://www.gulfcoastmedia.com/stories/fort-morgan-trail-extended-44-miles-at-gulf-state-park,346503
1321333869	20260903	202609	2026	2026.6658											USA	UNITED STATES	USA								1	043	043	04	1	2.8	1	1	1	-0.28169014084507	0								3	Orange Beach, Alabama, United States	US	USAL		30.2944	-87.5736	124297	3	Gulf State Park, Alabama, United States	US	USAL		30.2652	-87.6411	119463	20260903171500	http://www.gulfcoastmedia.com/stories/fort-morgan-trail-extended-44-miles-at-gulf-state-park,346503
1321333870	20260903	202609	2026	2026.6658											USA	UNITED STATES	USA								1	043	043	04	1	2.8	1	1	1	-0.28169014084507	0								3	Orange Beach, Alabama, United States	US	USAL		30.2944	-87.5736	124297	3	Fort Morgan, Alabama, United States	US	USAL		30.2285	-88.0231	156368	20260903171500	http://www.gulfcoastmedia.com/stories/fort-morgan-trail-extended-44-miles-at-gulf-state-park,346503
1321333871	20260903	202609	2026	2026.6658											USA	CHICAGO	USA								1	043	043	04	1	2.8	2	1	2	-7.05128205128206	0								3	Chicago, Illinois, United States	US	USIL	IL031	41.85	-87.6501	423587	3	Hattiesburg, Mississippi, United States	US	USMS	MS035	31.3271	-89.2903	691565	20260903171500	https://movieweb.com/by-any-means-review/
1321333872	20260903	202609	2026	2026.6658											USA	UNITED STATES	USA								1	043	043	04	1	2.8	2	1	2	-4.65587044534413	0								2	Ohio, United States	US	USOH		40.3736	-82.7755	OH	3	Waupun, Wisconsin, United States	US	USWI	WI039	43.6333	-88.7296	1576324	20260903171500	https://radaronline.com/p/chris-watts-planning-prison-wedding-new-girlfriend/
1321333873	20260903	202609	2026	2026.6658											USA	CHICAGO	USA								0	080	080	08	2	5.0	2	1	2	2.76360544217687	0								3	Chicago, Illinois, United States	US	USIL	IL031	41.85	-87.6501	423587	3	Chicago, Illinois, United States	US	USIL	IL031	41.85	-87.6501	423587	20260903171500	https://www.wallpaper.com/art/carrie-mae-weems-guest-edits-wallpaper
1321333874	20260903	202609	2026	2026.6658											USA	UNITED STATES	USA								0	080	080	08	2	5.0	1	1	1	2.76360544217687	0								3	Chicago, Illinois, United States	US	USIL	IL031	41.85	-87.6501	423587	2	Arkansas, United States	US	USAR		34.9513	-92.3809	AR	20260903171500	https://www.wallpaper.com/art/carrie-mae-weems-guest-edits-wallpaper
1321333875	20260903	202609	2026	2026.6658											USA	UNITED STATES	USA								0	100	100	10	3	-5.0	2	1	2	-12.1495327102804	0								2	South Carolina, United States	US	USSC		33.8191	-80.9066	SC	2	North Carolina, United States	US	USNC		35.6411	-79.8431	NC	20260903171500	https://www.ncspin.com:443/lying-liars-lie
1321333876	20260903	202609	2026	2026.6658											USA	UNITED STATES	USA								0	100	100	10	3	-5.0	2	1	2	-12.1495327102804	0								2	South Carolina, United States	US	USSC		33.8191	-80.9066	SC	2	South Carolina, United States	US	USSC		33.8191	-80.9066	SC	20260903171500	https://www.ncspin.com:443/lying-liars-lie
1321333877	20260903	202609	2026	2026.6658											USA	UNITED STATES	USA								1	112	112	11	3	-2.0	4	1	4	-13.2743362831858	0								3	Cohoes, New York, United States	US	USNY	NY001	42.7742	-73.7001	947009	3	Cohoes, New York, United States	US	USNY	NY001	42.7742	-73.7001	947009	20260903171500	https://cbs6albany.com/news/local/burglary-suspect-caught-after-fake-active-shooter-call-made-to-911-saratoga-county-wilton-mall-ariana-wainwright-cohoes-sheriff
1321333878	20260903	202609	2026	2026.6658											USA	UNITED STATES	USA								1	112	112	11	3	-2.0	2	1	2	-12.2605363984675	0								3	Rochester, New York, United States	US	USNY	NY055	43.1548	-77.6156	962684	3	Rochester, New York, United States	US	USNY	NY055	43.1548	-77.6156	962684	20260903171500	https://13wham.com/news/local/ex-rochester-nursing-home-employee-accused-of-assaulting-resident-kirkhaven-alexander-street-cvanna-gibson
1321333879	20260903	202609	2026	2026.6658											USA	UNITED STATES	USA								1	112	112	11	3	-2.0	4	1	4	-13.2743362831858	0								3	Saratoga Springs, New York, United States	US	USNY		43.0831	-73.7846	964489	3	Saratoga Springs, New York, United States	US	USNY		43.0831	-73.7846	964489	20260903171500	https://cbs6albany.com/news/local/burglary-suspect-caught-after-fake-active-shooter-call-made-to-911-saratoga-county-wilton-mall-ariana-wainwright-cohoes-sheriff
1321333880	20260903	202609	2026	2026.6658											USA	UNITED STATES	USA								0	115	115	11	3	-2.0	1	1	1	-2.32193926188207	0								3	Oakridge, South Carolina, United States	US	USSC	SC089	33.421	-79.6442	1225127	3	Oakridge, South Carolina, United States	US	USSC	SC089	33.421	-79.6442	1225127	20260903171500	https://www.thecolumbiastar.com/articles/public-notices-1840/
1321333881	20260903	202609	2026	2026.6658											USA	UNITED STATES	USA								0	115	115	11	3	-2.0	16	1	6	-2.32193926188207	0								3	Richland County, South Carolina, United States	US	USSC		34.0168	-80.9165	1249299	3	Richland County, South Carolina, United States	US	USSC		34.0168	-80.9165	1249299	20260903171500	https://www.thecolumbiastar.com/articles/public-notices-1840/
1321333882	20260903	202609	2026	2026.6658											USA	UNITED STATES	USA								0	115	115	11	3	-2.0	1	1	1	-2.32193926188207	0								2	South Carolina, United States	US	USSC		33.8191	-80.9066	SC	2	South Carolina, United States	US	USSC		33.8191	-80.9066	SC	20260903171500	https://www.thecolumbiastar.com/articles/public-notices-1840/
1321333883	20260903	202609	2026	2026.6658											USA	UNITED STATES	USA								0	1243	124	12	3	-4.0	4	1	4	-12.2605363984675	0								3	Rochester, New York, United States	US	USNY	NY055	43.1548	-77.6156	962684	3	Rochester, New York, United States	US	USNY	NY055	43.1548	-77.6156	962684	20260903171500	https://13wham.com/news/local/ex-rochester-nursing-home-employee-accused-of-assaulting-resident-kirkhaven-alexander-street-cvanna-gibson
1321333884	20260903	202609	2026	2026.6658											USA	NEW YORK	USA								1	180	180	18	4	-9.0	2	1	2	-12.2605363984675	0								2	New York, United States	US	USNY		42.1497	-74.9384	NY	3	Rochester, New York, United States	US	USNY	NY055	43.1548	-77.6156	962684	20260903171500	https://13wham.com/news/local/ex-rochester-nursing-home-employee-accused-of-assaulting-resident-kirkhaven-alexander-street-cvanna-gibson
1321333885	20260903	202609	2026	2026.6658											USA	UNITED STATES	USA								1	190	190	19	4	-10.0	8	1	8	-3.73563218390805	0								3	Teton Pass, Wyoming, United States	US	USWY		43.4974	-110.955	1609164	3	Teton Pass, Wyoming, United States	US	USWY		43.4974	-110.955	1609164	20260903171500	http://www.tetonvalleynews.net/one-killed-and-another-injured-in-wreck-on-teton-pass/article_445478a1-2398-40e5-a520-fa164a93f0ec.html
1321333886	20260903	202609	2026	2026.6658											USA	WYOMING	USA								1	190	190	19	4	-10.0	6	1	6	-3.73563218390805	0								2	Idaho, United States	US	USID		44.2394	-114.51	ID	2	Idaho, United States	US	USID		44.2394	-114.51	ID	20260903171500	http://www.tetonvalleynews.net/one-killed-and-another-injured-in-wreck-on-teton-pass/article_445478a1-2398-40e5-a520-fa164a93f0ec.html
1321333887	20260903	202609	2026	2026.6658											USA	UNITED STATES	USA								1	190	190	19	4	-10.0	4	1	4	-3.73563218390805	0								2	Wyoming, United States	US	USWY		42.7475	-107.209	WY	2	Wyoming, United States	US	USWY		42.7475	-107.209	WY	20260903171500	http://www.tetonvalleynews.net/one-killed-and-another-injured-in-wreck-on-teton-pass/article_445478a1-2398-40e5-a520-fa164a93f0ec.html
1321333888	20260903	202609	2026	2026.6658											USA	UNITED STATES	USA								0	193	193	19	4	-10.0	4	1	4	-2.39520958083833	0								3	Times Square, New York, United States	US	USNY		40.757	-73.986	967537	3	Times Square, New York, United States	US	USNY		40.757	-73.986	967537	20260903171500	https://reason.com/2026/09/03/mamdani-bans-the-robot-teachers/
1321333889	20260903	202609	2026	2026.6658											USA	UNITED STATES	USA								1	193	193	19	4	-10.0	6	1	6	-13.2743362831858	0								3	Town Of Wilton, New York, United States	US	USNY		43.1556	-73.7243	979647	3	Saratoga County, New York, United States	US	USNY		43.1001	-73.8496	974143	20260903171500	https://cbs6albany.com/news/local/burglary-suspect-caught-after-fake-active-shooter-call-made-to-911-saratoga-county-wilton-mall-ariana-wainwright-cohoes-sheriff
1321333890	20260903	202609	2026	2026.6658											USA	UNITED STATES	USA								1	193	193	19	4	-10.0	2	1	2	-13.2743362831858	0								3	Town Of Wilton, New York, United States	US	USNY		43.1556	-73.7243	979647	3	Town Of Wilton, New York, United States	US	USNY		43.1556	-73.7243	979647	20260903171500	https://cbs6albany.com/news/local/burglary-suspect-caught-after-fake-active-shooter-call-made-to-911-saratoga-county-wilton-mall-ariana-wainwright-cohoes-sheriff
1321333891	20260903	202609	2026	2026.6658											USACVL	UNITED STATES	USA					CVL			1	020	020	02	1	3.0	1	1	1	5.95533498759305	0								3	Asbury Park, New Jersey, United States	US	USNJ		40.2204	-74.0121	874396	3	Asbury Park, New Jersey, United States	US	USNJ		40.2204	-74.0121	874396	20260903171500	https://nj1015.com/nj-best-plain-slice/
1321333892	20260903	202609	2026	2026.6658											USACVL	NEW JERSEY	USA					CVL			1	020	020	02	1	3.0	2	1	2	5.95533498759305	0								2	New Jersey, United States	US	USNJ		40.314	-74.5089	NJ	3	Asbury Park, New Jersey, United States	US	USNJ		40.2204	-74.0121	874396	20260903171500	https://nj1015.com/nj-best-plain-slice/
1321333893	20260903	202609	2026	2026.6658											USACVL	NEW JERSEY	USA					CVL			1	020	020	02	1	3.0	3	1	3	5.95533498759305	0								2	New Jersey, United States	US	USNJ		40.314	-74.5089	NJ	2	New Jersey, United States	US	USNJ		40.314	-74.5089	NJ	20260903171500	https://nj1015.com/nj-best-plain-slice/
1321333894	20260903	202609	2026	2026.6658											USAGOV	HARTFORD	USA					GOV			1	190	190	19	4	-10.0	5	1	5	-3.18379160636758	0								2	New York, United States	US	USNY		42.1497	-74.9384	NY	2	New York, United States	US	USNY		42.1497	-74.9384	NY	20260903171500	https://hartfordbusiness.com/article/despite-clash-with-hartford-mayor-problem-landlord-expands-city-holdings/
1321333895	20260903	202609	2026	2026.6658											USALAB	UNITED STATES	USA					LAB			0	043	043	04	1	2.8	4	1	4	-2.39520958083833	0								3	Times Square, New York, United States	US	USNY		40.757	-73.986	967537	3	Times Square, New York, United States	US	USNY		40.757	-73.986	967537	20260903171500	https://reason.com/2026/09/03/mamdani-bans-the-robot-teachers/
1321333896	20260903	202609	2026	2026.6658											ZMB	ZAMBIAN	ZMB								1	042	042	04	1	1.9	8	1	8	-6.68449197860963	0								1	Zambia	ZA	ZA		-15	30	ZA	1	Zambia	ZA	ZA		-15	30	ZA	20260903171500	https://allafrica.com/stories/202609030521.html
1321333897	20260903	202609	2026	2026.6658											gay	GAYO			gay						1	043	043	04	1	2.8	2	1	2	2.01271186440678	0								4	Cadeira, Nampula, Mozambique	MZ	MZ06	21897	-15.6508	39.6608	353219	4	Cadeira, Nampula, Mozambique	MZ	MZ06	21897	-15.6508	39.6608	353219	20260903171500	https://www.dwell.com:443/article/the-dwell-24-riffing-on-history-2026-ff735fef
1321333898	20260903	202609	2026	2026.6658											nag	NAGA			nag						0	020	020	02	1	3.0	5	1	5	-5.48926014319809	0								0								0								20260903171500	https://www.thehindu.com/news/national/manipur/manipur-deputy-cm-nemcha-kipgen-switched-off-phone-after-naga-abductions-deputy-cm-losii-dikho/article71424033.ece
1321333899	20260903	202609	2026	2026.6658											nag	NAGA			nag						0	181	181	18	4	-9.0	10	1	10	-5.48926014319809	0								0								0								20260903171500	https://www.thehindu.com/news/national/manipur/manipur-deputy-cm-nemcha-kipgen-switched-off-phone-after-naga-abductions-deputy-cm-losii-dikho/article71424033.ece
1321333900	20260903	202609	2026	2026.6658	AFR	AFRICA	AFR																		0	110	110	11	3	-2.0	4	1	4	-3.72093023255814	4	Canary Islands, Spain (general), Spain	SP	SP00	25789	28	-15.5	-375618	0								4	Canary Islands, Spain (general), Spain	SP	SP00	25789	28	-15.5	-375618	20260903171500	https://theleader.info/2026/09/03/more-than-80-feared-dead-after-migrant-boat-drifts-for-27-days-close-to-canary-islands/
1321333901	20260903	202609	2026	2026.6658	AFR	AFRICA	AFR																		0	110	110	11	3	-2.0	1	1	1	-3.72093023255814	1	Gambia	GA	GA		13.5	-15.5	GA	0								4	Canary Islands, Spain (general), Spain	SP	SP00	25789	28	-15.5	-375618	20260903171500	https://theleader.info/2026/09/03/more-than-80-feared-dead-after-migrant-boat-drifts-for-27-days-close-to-canary-islands/
1321333902	20260903	202609	2026	2026.6658	AGR	FISHER						AGR													0	036	036	03	1	4.0	6	1	6	1.63934426229508	3	Los Angeles, California, United States	US	USCA	CA037	34.0522	-118.244	1662328	0								3	Los Angeles, California, United States	US	USCA		34.0522	-118.244	1662328	20260903171500	https://wwd.com/fashion-news/fashion-features/gloria-steinem-political-activist-journalist-dies-at-92-1239196275/
1321333903	20260903	202609	2026	2026.6658	AGR	FARMER						AGR													0	191	191	19	4	-9.5	5	1	5	-3.16558441558442	4	La Paz, La Paz, Bolivia	BL	BL04	40202	-16.5	-68.15	-693412	0								4	La Paz, La Paz, Bolivia	BL	BL04	40202	-16.5	-68.15	-693412	20260903171500	https://www.riotimesonline.com/bolivia-ypfb-fuel-crisis-intervention/
1321333904	20260903	202609	2026	2026.6658	AGR	FARMER						AGR			GOV	GOVERNMENT						GOV			0	191	191	19	4	-9.5	5	1	5	-3.16558441558442	4	La Paz, La Paz, Bolivia	BL	BL04	40202	-16.5	-68.15	-693412	4	La Paz, La Paz, Bolivia	BL	BL04	40202	-16.5	-68.15	-693412	4	La Paz, La Paz, Bolivia	BL	BL04	40202	-16.5	-68.15	-693412	20260903171500	https://www.riotimesonline.com/bolivia-ypfb-fuel-crisis-intervention/
1321333905	20260903	202609	2026	2026.6658	AGR	FISHER						AGR			USA	UNITED STATES	USA								0	036	036	03	1	4.0	4	1	4	1.63934426229508	2	Ohio, United States	US	USOH		40.3736	-82.7755	OH	2	Ohio, United States	US	USOH		40.3736	-82.7755	OH	2	Ohio, United States	US	USOH		40.3736	-82.7755	OH	20260903171500	https://wwd.com/fashion-news/fashion-features/gloria-steinem-political-activist-journalist-dies-at-92-1239196275/
1321333906	20260903	202609	2026	2026.6658	ARE	DUBAI	ARE																		0	042	042	04	1	1.9	1	1	1	-0.53557765876052	4	Guarulhos, SãPaulo, Brazil	BR	BR27	11543	-23.4667	-46.5333	-645949	0								4	Guarulhos, SãPaulo, Brazil	BR	BR27	11543	-23.4667	-46.5333	-645949	20260903171500	https://www.riotimesonline.com/brazil-newspapers-call-justice-moraes-leave-supreme-court/
1321333907	20260903	202609	2026	2026.6658	ARE	DUBAI	ARE								BRA	BRAZIL	BRA								0	043	043	04	1	2.8	1	1	1	-0.53557765876052	4	Guarulhos, SãPaulo, Brazil	BR	BR27	11543	-23.4667	-46.5333	-645949	4	Guarulhos, SãPaulo, Brazil	BR	BR27	11543	-23.4667	-46.5333	-645949	4	Guarulhos, SãPaulo, Brazil	BR	BR27	11543	-23.4667	-46.5333	-645949	20260903171500	https://www.riotimesonline.com/brazil-newspapers-call-justice-moraes-leave-supreme-court/
1321333908	20260903	202609	2026	2026.6658	ARE	UNITED ARAB EMIRATES	ARE								BRA	BRAZIL	BRA								0	043	043	04	1	2.8	1	1	1	-0.53557765876052	4	Dubai, Dubayy, United Arab Emirates	AE	AE03	28575	25.2522	55.28	-782831	4	Guarulhos, SãPaulo, Brazil	BR	BR27	11543	-23.4667	-46.5333	-645949	4	Guarulhos, SãPaulo, Brazil	BR	BR27	11543	-23.4667	-46.5333	-645949	20260903171500	https://www.riotimesonline.com/brazil-newspapers-call-justice-moraes-leave-supreme-court/
1321333909	20260903	202609	2026	2026.6658	ARE	UNITED ARAB EMIRATES	ARE								BRA	BRAZIL	BRA								0	043	043	04	1	2.8	2	1	2	-0.53557765876052	4	Dubai, Dubayy, United Arab Emirates	AE	AE03	28575	25.2522	55.28	-782831	4	Guarulhos, SãPaulo, Brazil	BR	BR27	11543	-23.4667	-46.5333	-645949	4	Dubai, Dubayy, United Arab Emirates	AE	AE03	28575	25.2522	55.28	-782831	20260903171500	https://www.riotimesonline.com/brazil-newspapers-call-justice-moraes-leave-supreme-court/
1321333910	20260903	202609	2026	2026.6658	ARE	DUBAI	ARE								GOV	DIRECTOR GENERAL						GOV			1	042	042	04	1	1.9	7	1	7	3.18906605922551	4	Dubai, Dubayy, United Arab Emirates	AE	AE03	28575	25.2522	55.28	-782831	4	Dubai, Dubayy, United Arab Emirates	AE	AE03	28575	25.2522	55.28	-782831	4	Dubai, Dubayy, United Arab Emirates	AE	AE03	28575	25.2522	55.28	-782831	20260903171500	http://www.bignewsnetwork.com/news/279284206/dubai-land-department-launches-ai-powered-initial-registration-platform-for-real-estate-developers
1321333911	20260903	202609	2026	2026.6658	ARG	ARGENTINA	ARG																		0	138	138	13	3	-7.0	4	1	4	-4.85436893203884	4	Ezeiza, Buenos Aires, Argentina	AR	AR01	22379	-34.8479	-58.5287	-989273	0								4	Ezeiza, Buenos Aires, Argentina	AR	AR01	22379	-34.8479	-58.5287	-989273	20260903171500	https://www.riotimesonline.com/argentina-airport-strike-2026/
1321333912	20260903	202609	2026	2026.6658	ARG	ARGENTINA	ARG								BRA	BRAZIL	BRA								0	030	030	03	1	4.0	6	1	6	-2.85459411239965	1	Argentina	AR	AR		-34	-64	AR	1	Brazil	BR	BR		-10	-55	BR	4	Montevideo, Montevideo, Uruguay	UY	UY10	22379	-34.8581	-56.1708	-907764	20260903171500	https://www.riotimesonline.com/eu-suspends-brazilian-meat-mercosur-quota-fight/
1321333913	20260903	202609	2026	2026.6658	ARG	ARGENTINA	ARG								BRA	BRAZIL	BRA								0	030	030	03	1	4.0	2	1	2	-2.85459411239965	1	Brazil	BR	BR		-10	-55	BR	1	Brazil	BR	BR		-10	-55	BR	4	Montevideo, Montevideo, Uruguay	UY	UY10	22379	-34.8581	-56.1708	-907764	20260903171500	https://www.riotimesonline.com/eu-suspends-brazilian-meat-mercosur-quota-fight/
1321333914	20260903	202609	2026	2026.6658	ARG	ARGENTINA	ARG								BRA	BRAZIL	BRA								0	030	030	03	1	4.0	2	1	2	-2.85459411239965	1	Brazil	BR	BR		-10	-55	BR	1	Brazil	BR	BR		-10	-55	BR	1	Brazil	BR	BR		-10	-55	BR	20260903171500	https://www.riotimesonline.com/eu-suspends-brazilian-meat-mercosur-quota-fight/
1321333915	20260903	202609	2026	2026.6658	ARG	ARGENTINA	ARG								CAN	MONTREAL	CAN								1	042	042	04	1	1.9	5	1	5	3.3271719038817	4	Buenos Aires, Distrito Federal, Argentina	AR	AR07	22379	-34.5875	-58.6725	-979186	4	Buenos Aires, Distrito Federal, Argentina	AR	AR07	22379	-34.5875	-58.6725	-979186	4	Buenos Aires, Distrito Federal, Argentina	AR	AR07	22379	-34.5875	-58.6725	-979186	20260903171500	https://www.riotimesonline.com/mutek-argentina-2026-buenos-aires-october-7-11-electronic-music-digital-arts/
1321333916	20260903	202609	2026	2026.6658	ARG	BUENOS AIRES	ARG								CHL	CHILE	CHL								0	042	042	04	1	1.9	1	1	1	-0.14134275618375	4	Santiago, Regióetropolitana, Chile	CI	CI12	22379	-33.45	-70.6667	-901202	4	Madrid, Madrid, Spain	SP	SP29	25820	40.4	-3.68333	-390625	4	Santiago, Regióetropolitana, Chile	CI	CI12	22379	-33.45	-70.6667	-901202	20260903171500	https://www.riotimesonline.com/milei-madrid-forum-santiago-kast-2026/
1321333917	20260903	202609	2026	2026.6658	ARG	ARGENTINE	ARG								CHL	CHILE	CHL								1	042	042	04	1	1.9	1	1	1	-0.14134275618375	4	Santiago, Regióetropolitana, Chile	CI	CI12	22379	-33.45	-70.6667	-901202	1	United States	US	US		39.828175	-98.5795	US	4	Santiago, Regióetropolitana, Chile	CI	CI12	22379	-33.45	-70.6667	-901202	20260903171500	https://www.riotimesonline.com/milei-madrid-forum-santiago-kast-2026/
1321333918	20260903	202609	2026	2026.6658	ARG	ARGENTINE	ARG								CHL	SANTIAGO	CHL								1	042	042	04	1	1.9	4	1	3	-0.14134275618375	4	Buenos Aires, Distrito Federal, Argentina	AR	AR07	22379	-34.5875	-58.6725	-979186	4	Santiago, Regióetropolitana, Chile	CI	CI12	22379	-33.45	-70.6667	-901202	4	Santiago, Regióetropolitana, Chile	CI	CI12	22379	-33.45	-70.6667	-901202	20260903171500	https://www.riotimesonline.com/milei-madrid-forum-santiago-kast-2026/
1321333919	20260903	202609	2026	2026.6658	ARG	BUENOS AIRES	ARG								CHL	CHILE	CHL								0	042	042	04	1	1.9	7	1	7	-0.14134275618375	4	Buenos Aires, Distrito Federal, Argentina	AR	AR07	22379	-34.5875	-58.6725	-979186	4	Santiago, Regióetropolitana, Chile	CI	CI12	22379	-33.45	-70.6667	-901202	4	Buenos Aires, Distrito Federal, Argentina	AR	AR07	22379	-34.5875	-58.6725	-979186	20260903171500	https://www.riotimesonline.com/milei-madrid-forum-santiago-kast-2026/
1321333920	20260903	202609	2026	2026.6658	ARG	ARGENTINA	ARG								CHL	CHILE	CHL								1	043	043	04	1	2.8	3	1	2	-0.14134275618375	4	Santiago, Regióetropolitana, Chile	CI	CI12	22379	-33.45	-70.6667	-901202	4	Santiago, Regióetropolitana, Chile	CI	CI12	22379	-33.45	-70.6667	-901202	4	Santiago, Regióetropolitana, Chile	CI	CI12	22379	-33.45	-70.6667	-901202	20260903171500	https://www.riotimesonline.com/milei-madrid-forum-santiago-kast-2026/
1321333921	20260903	202609	2026	2026.6658	ARG	ARGENTINE	ARG								CHL	CHILE	CHL								1	043	043	04	1	2.8	1	1	1	-0.14134275618375	4	Buenos Aires, Distrito Federal, Argentina	AR	AR07	22379	-34.5875	-58.6725	-979186	4	Santiago, Regióetropolitana, Chile	CI	CI12	22379	-33.45	-70.6667	-901202	4	Santiago, Regióetropolitana, Chile	CI	CI12	22379	-33.45	-70.6667	-901202	20260903171500	https://www.riotimesonline.com/milei-madrid-forum-santiago-kast-2026/
1321333922	20260903	202609	2026	2026.6658	ARG	ARGENTINA	ARG								CHL	CHILE	CHL								1	043	043	04	1	2.8	6	1	2	-0.14134275618375	4	Buenos Aires, Distrito Federal, Argentina	AR	AR07	22379	-34.5875	-58.6725	-979186	4	Santiago, Regióetropolitana, Chile	CI	CI12	22379	-33.45	-70.6667	-901202	4	Buenos Aires, Distrito Federal, Argentina	AR	AR07	22379	-34.5875	-58.6725	-979186	20260903171500	https://www.riotimesonline.com/milei-madrid-forum-santiago-kast-2026/
1321333923	20260903	202609	2026	2026.6658	ARG	ARGENTINA	ARG								CHL	CHILE	CHL								0	043	043	04	1	2.8	2	1	2	-0.14134275618375	1	United States	US	US		39.828175	-98.5795	US	4	Santiago, Regióetropolitana, Chile	CI	CI12	22379	-33.45	-70.6667	-901202	1	United States	US	US		39.828175	-98.5795	US	20260903171500	https://www.riotimesonline.com/milei-madrid-forum-santiago-kast-2026/
1321333924	20260903	202609	2026	2026.6658	ARG	ARGENTINE	ARG								CHL	CHILEAN	CHL								1	046	046	04	1	7.0	1	1	1	-0.14134275618375	4	Buenos Aires, Distrito Federal, Argentina	AR	AR07	22379	-34.5875	-58.6725	-979186	4	Santiago, Regióetropolitana, Chile	CI	CI12	22379	-33.45	-70.6667	-901202	4	Santiago, Regióetropolitana, Chile	CI	CI12	22379	-33.45	-70.6667	-901202	20260903171500	https://www.riotimesonline.com/milei-madrid-forum-santiago-kast-2026/
1321333925	20260903	202609	2026	2026.6658	ARG	ARGENTINE	ARG								CHL	CHILEAN	CHL								1	046	046	04	1	7.0	1	1	1	-0.14134275618375	4	Buenos Aires, Distrito Federal, Argentina	AR	AR07	22379	-34.5875	-58.6725	-979186	4	Santiago, Regióetropolitana, Chile	CI	CI12	22379	-33.45	-70.6667	-901202	4	Buenos Aires, Distrito Federal, Argentina	AR	AR07	22379	-34.5875	-58.6725	-979186	20260903171500	https://www.riotimesonline.com/milei-madrid-forum-santiago-kast-2026/
1321333926	20260903	202609	2026	2026.6658	ARG	ARGENTINA	ARG								PRY	PARAGUAY	PRY								0	030	030	03	1	4.0	6	1	6	-2.85459411239965	1	Argentina	AR	AR		-34	-64	AR	1	Paraguay	PA	PA		-22.993333	-57.996389	PA	4	Montevideo, Montevideo, Uruguay	UY	UY10	22379	-34.8581	-56.1708	-907764	20260903171500	https://www.riotimesonline.com/eu-suspends-brazilian-meat-mercosur-quota-fight/
1321333927	20260903	202609	2026	2026.6658	ARG	ARGENTINA	ARG								PRY	PARAGUAY	PRY								0	030	030	03	1	4.0	2	1	2	-2.85459411239965	1	Brazil	BR	BR		-10	-55	BR	1	Argentina	AR	AR		-34	-64	AR	4	Montevideo, Montevideo, Uruguay	UY	UY10	22379	-34.8581	-56.1708	-907764	20260903171500	https://www.riotimesonline.com/eu-suspends-brazilian-meat-mercosur-quota-fight/
1321333928	20260903	202609	2026	2026.6658	ARG	ARGENTINA	ARG								PRY	PARAGUAY	PRY								0	030	030	03	1	4.0	2	1	2	-2.85459411239965	1	Brazil	BR	BR		-10	-55	BR	1	Brazil	BR	BR		-10	-55	BR	1	Brazil	BR	BR		-10	-55	BR	20260903171500	https://www.riotimesonline.com/eu-suspends-brazilian-meat-mercosur-quota-fight/
1321333929	20260903	202609	2026	2026.6658	ARG	ARGENTINA	ARG								URY	URUGUAY	URY								0	030	030	03	1	4.0	6	1	6	-2.85459411239965	1	Argentina	AR	AR		-34	-64	AR	4	Montevideo, Montevideo, Uruguay	UY	UY10	22379	-34.8581	-56.1708	-907764	4	Montevideo, Montevideo, Uruguay	UY	UY10	22379	-34.8581	-56.1708	-907764	20260903171500	https://www.riotimesonline.com/eu-suspends-brazilian-meat-mercosur-quota-fight/
1321333930	20260903	202609	2026	2026.6658	ARG	ARGENTINA	ARG								URY	URUGUAY	URY								0	030	030	03	1	4.0	2	1	2	-2.85459411239965	1	Brazil	BR	BR		-10	-55	BR	4	Montevideo, Montevideo, Uruguay	UY	UY10	22379	-34.8581	-56.1708	-907764	4	Montevideo, Montevideo, Uruguay	UY	UY10	22379	-34.8581	-56.1708	-907764	20260903171500	https://www.riotimesonline.com/eu-suspends-brazilian-meat-mercosur-quota-fight/
1321333931	20260903	202609	2026	2026.6658	ARG	ARGENTINA	ARG								URY	URUGUAY	URY								0	030	030	03	1	4.0	2	1	2	-2.85459411239965	1	Brazil	BR	BR		-10	-55	BR	1	Brazil	BR	BR		-10	-55	BR	1	Brazil	BR	BR		-10	-55	BR	20260903171500	https://www.riotimesonline.com/eu-suspends-brazilian-meat-mercosur-quota-fight/
1321333932	20260903	202609	2026	2026.6658	ARGGOV	ARGENTINE	ARG					GOV			CHL	CHILE	CHL								1	042	042	04	1	1.9	8	1	4	-0.14134275618375	4	Buenos Aires, Distrito Federal, Argentina	AR	AR07	22379	-34.5875	-58.6725	-979186	4	Santiago, Regióetropolitana, Chile	CI	CI12	22379	-33.45	-70.6667	-901202	4	Santiago, Regióetropolitana, Chile	CI	CI12	22379	-33.45	-70.6667	-901202	20260903171500	https://www.riotimesonline.com/milei-madrid-forum-santiago-kast-2026/
1321333933	20260903	202609	2026	2026.6658	ARGGOV	ARGENTINA	ARG					GOV			CHL	CHILE	CHL								1	042	042	04	1	1.9	4	1	2	-0.14134275618375	4	Buenos Aires, Distrito Federal, Argentina	AR	AR07	22379	-34.5875	-58.6725	-979186	4	Santiago, Regióetropolitana, Chile	CI	CI12	22379	-33.45	-70.6667	-901202	4	Buenos Aires, Distrito Federal, Argentina	AR	AR07	22379	-34.5875	-58.6725	-979186	20260903171500	https://www.riotimesonline.com/milei-madrid-forum-santiago-kast-2026/
1321333934	20260903	202609	2026	2026.6658	ARGGOV	ARGENTINE	ARG					GOV			CHLGOV	CHILEAN	CHL					GOV			1	046	046	04	1	7.0	6	1	6	-0.14134275618375	4	Buenos Aires, Distrito Federal, Argentina	AR	AR07	22379	-34.5875	-58.6725	-979186	4	Santiago, Regióetropolitana, Chile	CI	CI12	22379	-33.45	-70.6667	-901202	4	Santiago, Regióetropolitana, Chile	CI	CI12	22379	-33.45	-70.6667	-901202	20260903171500	https://www.riotimesonline.com/milei-madrid-forum-santiago-kast-2026/
1321333935	20260903	202609	2026	2026.6658	AUS	AUSTRALIA	AUS																		1	051	051	05	1	3.4	4	1	4	-0.74294205052006	4	Batt Reef, Queensland, Australia	AS	AS04	40202	-16.4167	145.767	-1557893	0								4	Batt Reef, Queensland, Australia	AS	AS04	40202	-16.4167	145.767	-1557893	20260903171500	https://radaronline.com/p/bindi-irwin-touching-5-word-tribute-dad-steve-memorial-service/
1321333936	20260903	202609	2026	2026.6658	AUS	AUSTRALIAN	AUS																		1	084	084	08	2	7.0	10	1	10	3.63636363636364	4	Melbourne, Victoria, Australia	AS	AS07	5430	-37.8167	144.967	-1586844	0								4	Melbourne, Victoria, Australia	AS	AS07	5430	-37.8167	144.967	-1586844	20260903171500	https://www.rrr.org.au/explore/programs/the-australian-mood/episodes/39429-the-australian-mood-3-september-2026
1321333937	20260903	202609	2026	2026.6658	AUS	AUSTRALIA	AUS																		1	111	111	11	3	-2.0	10	1	10	-4.92424242424242	1	United States	US	US		39.828175	-98.5795	US	0								1	United States	US	US		39.828175	-98.5795	US	20260903171500	https://www.rrr.org.au/events/to-the-grave-no-cure-algor-mortis-bloodmouth-scattered-limbs
1321333938	20260903	202609	2026	2026.6658	AUS	AUSTRALIA	AUS																		1	130	130	13	3	-4.4	8	1	4	-0.74294205052006	4	Batt Reef, Queensland, Australia	AS	AS04	40202	-16.4167	145.767	-1557893	0								4	Batt Reef, Queensland, Australia	AS	AS04	40202	-16.4167	145.767	-1557893	20260903171500	https://radaronline.com/p/bindi-irwin-touching-5-word-tribute-dad-steve-memorial-service/
1321333939	20260903	202609	2026	2026.6658	AUS	AUSTRALIA	AUS								AUSJUD	AUSTRALIA	AUS					JUD			0	020	020	02	1	3.0	2	1	2	-8.19672131147541	4	Sydney, New South Wales, Australia	AS	AS02	154637	-33.8833	151.217	-1603135	4	Sydney, New South Wales, Australia	AS	AS02	154637	-33.8833	151.217	-1603135	4	Sydney, New South Wales, Australia	AS	AS02	154637	-33.8833	151.217	-1603135	20260903171500	https://thetab.com/realityshrine/2026/09/03/below-decks-nathan-gallagher-is-a-wanted-man-in-two-countries-as-he-goes-on-run/
1321333940	20260903	202609	2026	2026.6658	AUS	SYDNEY	AUS								AUSJUD	AUSTRALIA	AUS					JUD			0	173	173	17	4	-5.0	2	1	2	-8.19672131147541	4	Sydney, New South Wales, Australia	AS	AS02	154637	-33.8833	151.217	-1603135	4	Sydney, New South Wales, Australia	AS	AS02	154637	-33.8833	151.217	-1603135	4	Sydney, New South Wales, Australia	AS	AS02	154637	-33.8833	151.217	-1603135	20260903171500	https://thetab.com/realityshrine/2026/09/03/below-decks-nathan-gallagher-is-a-wanted-man-in-two-countries-as-he-goes-on-run/
1321333941	20260903	202609	2026	2026.6658	AUS	SYDNEY	AUS								JUD	JUDGE						JUD			0	020	020	02	1	3.0	5	1	5	-8.19672131147541	4	Sydney, New South Wales, Australia	AS	AS02	154637	-33.8833	151.217	-1603135	4	Sydney, New South Wales, Australia	AS	AS02	154637	-33.8833	151.217	-1603135	4	Sydney, New South Wales, Australia	AS	AS02	154637	-33.8833	151.217	-1603135	20260903171500	https://thetab.com/realityshrine/2026/09/03/below-decks-nathan-gallagher-is-a-wanted-man-in-two-countries-as-he-goes-on-run/
1321333942	20260903	202609	2026	2026.6658	AUS	SYDNEY	AUS								JUD	JUDGE						JUD			0	173	173	17	4	-5.0	3	1	3	-8.19672131147541	4	Sydney, New South Wales, Australia	AS	AS02	154637	-33.8833	151.217	-1603135	4	Sydney, New South Wales, Australia	AS	AS02	154637	-33.8833	151.217	-1603135	4	Sydney, New South Wales, Australia	AS	AS02	154637	-33.8833	151.217	-1603135	20260903171500	https://thetab.com/realityshrine/2026/09/03/below-decks-nathan-gallagher-is-a-wanted-man-in-two-countries-as-he-goes-on-run/
1321333943	20260903	202609	2026	2026.6658	AUS	AUSTRALIA	AUS								MED	MEDIA						MED			0	040	040	04	1	1.0	4	1	4	4.55486542443064	4	Sydney, New South Wales, Australia	AS	AS02	154637	-33.8833	151.217	-1603135	4	Sydney, New South Wales, Australia	AS	AS02	154637	-33.8833	151.217	-1603135	4	Sydney, New South Wales, Australia	AS	AS02	154637	-33.8833	151.217	-1603135	20260903171500	https://www.saltwire.com/cape-breton/walk-in-addiction-support-withdrawal-management-in-cape-breton
1321333944	20260903	202609	2026	2026.6658	AUSJUD	AUSTRALIA	AUS					JUD													0	010	010	01	1	0.0	2	1	2	-8.19672131147541	4	Sydney, New South Wales, Australia	AS	AS02	154637	-33.8833	151.217	-1603135	0								4	Sydney, New South Wales, Australia	AS	AS02	154637	-33.8833	151.217	-1603135	20260903171500	https://thetab.com/realityshrine/2026/09/03/below-decks-nathan-gallagher-is-a-wanted-man-in-two-countries-as-he-goes-on-run/
1321333945	20260903	202609	2026	2026.6658	BEL	BELGIUM	BEL																		1	057	057	05	1	8.0	10	1	10	4.37956204379562	4	Brussels, Bruxelles-Capitale, Belgium	BE	BE11	5850	50.8333	4.33333	-1955538	0								4	Brussels, Bruxelles-Capitale, Belgium	BE	BE11	5850	50.8333	4.33333	-1955538	20260903171500	https://www.thehindubusinessline.com/economy/india-and-belgium-sign-defence-agreements-to-boost-industrial-and-military-ties/article71424813.ece
1321333946	20260903	202609	2026	2026.6658	BEL	BELGIUM	BEL																		0	070	070	07	2	7.0	2	1	2	3.14285714285714	1	Belgium	BE	BE		50.833333	4	BE	0								1	Belgium	BE	BE		50.833333	4	BE	20260903171500	https://www.thehindubusinessline.com/economy/india-belgium-set-to-double-bilateral-trade-from-13-billion-in-5-years/article71424941.ece
1321333947	20260903	202609	2026	2026.6658	BEL	BELGIUM	BEL																		0	070	070	07	2	7.0	8	1	8	3.14285714285714	1	Belgium	BE	BE		50.833333	4	BE	0								1	India	IN	IN		20	77	IN	20260903171500	https://www.thehindubusinessline.com/economy/india-belgium-set-to-double-bilateral-trade-from-13-billion-in-5-years/article71424941.ece
1321333948	20260903	202609	2026	2026.6658	BEL	BELGIUM	BEL								BELMIL	BELGIUM	BEL					MIL			1	057	057	05	1	8.0	8	1	8	4.37956204379562	4	Herstal, Waals Gewest, Belgium	BE	BE14	5851	50.6702	5.62888	-1960489	4	Herstal, Waals Gewest, Belgium	BE	BE14	5851	50.6702	5.62888	-1960489	4	Herstal, Waals Gewest, Belgium	BE	BE14	5851	50.6702	5.62888	-1960489	20260903171500	https://www.thehindubusinessline.com/economy/india-and-belgium-sign-defence-agreements-to-boost-industrial-and-military-ties/article71424813.ece
1321333949	20260903	202609	2026	2026.6658	BEL	BELGIUM	BEL								BELMIL	BELGIUM	BEL					MIL			1	057	057	05	1	8.0	2	1	2	4.37956204379562	4	Kalyani, Karnataka, India	IN	IN19	17681	17.8667	76.95	-2090726	4	Kalyani, Karnataka, India	IN	IN19	17681	17.8667	76.95	-2090726	4	Herstal, Waals Gewest, Belgium	BE	BE14	5851	50.6702	5.62888	-1960489	20260903171500	https://www.thehindubusinessline.com/economy/india-and-belgium-sign-defence-agreements-to-boost-industrial-and-military-ties/article71424813.ece
1321333950	20260903	202609	2026	2026.6658	BELMIL	BELGIUM	BEL					MIL			BEL	BELGIUM	BEL								1	057	057	05	1	8.0	8	1	8	4.37956204379562	4	Herstal, Waals Gewest, Belgium	BE	BE14	5851	50.6702	5.62888	-1960489	4	Herstal, Waals Gewest, Belgium	BE	BE14	5851	50.6702	5.62888	-1960489	4	Herstal, Waals Gewest, Belgium	BE	BE14	5851	50.6702	5.62888	-1960489	20260903171500	https://www.thehindubusinessline.com/economy/india-and-belgium-sign-defence-agreements-to-boost-industrial-and-military-ties/article71424813.ece
1321333951	20260903	202609	2026	2026.6658	BELMIL	BELGIUM	BEL					MIL			BEL	BELGIUM	BEL								1	057	057	05	1	8.0	2	1	2	4.37956204379562	4	Kalyani, Karnataka, India	IN	IN19	17681	17.8667	76.95	-2090726	4	Kalyani, Karnataka, India	IN	IN19	17681	17.8667	76.95	-2090726	4	Herstal, Waals Gewest, Belgium	BE	BE14	5851	50.6702	5.62888	-1960489	20260903171500	https://www.thehindubusinessline.com/economy/india-and-belgium-sign-defence-agreements-to-boost-industrial-and-military-ties/article71424813.ece
1321333952	20260903	202609	2026	2026.6658	BFA	BURKINA FASO	BFA								GBR	GLASGOW	GBR								0	040	040	04	1	1.0	10	1	10	3.30788804071247	1	Burkina Faso	UV	UV		13	-2	UV	4	Glasgow, Glasgow City, United Kingdom	UK	UKV2	40176	55.8333	-4.25	-2597039	1	Burkina Faso	UV	UV		13	-2	UV	20260903171500	https://www.thescottishfarmer.co.uk/opinion/26514020.international-perspective-can-add-value-scottish-family-farm/
1321333953	20260903	202609	2026	2026.6658	BGD	BANGLADESH	BGD								CHN	BEIJING	CHN								0	036	036	03	1	4.0	1	1	1	0.807265388496471	4	New Delhi, Delhi, India	IN	IN07	17911	28.6	77.2	-2106102	4	New Delhi, Delhi, India	IN	IN07	17911	28.6	77.2	-2106102	4	New Delhi, Delhi, India	IN	IN07	17911	28.6	77.2	-2106102	20260903171500	https://www.realclearworld.com/articles/2026/09/03/bangladesh_is_reshaping_its_relationship_with_india_1204068.html
1321333954	20260903	202609	2026	2026.6658	BGD	BANGLADESH	BGD								CHN	BEIJING	CHN								0	036	036	03	1	4.0	1	1	1	0.807265388496471	4	Dhaka, Dhaka, Bangladesh	BG	BG81	5778	23.7231	90.4086	-2737683	4	Beijing, Beijing, China	CH	CH22	13001	39.9289	116.388	-1898541	4	Dhaka, Dhaka, Bangladesh	BG	BG81	5778	23.7231	90.4086	-2737683	20260903171500	https://www.realclearworld.com/articles/2026/09/03/bangladesh_is_reshaping_its_relationship_with_india_1204068.html
1321333955	20260903	202609	2026	2026.6658	BGD	BANGLADESH	BGD								CHN	CHINA	CHN								0	042	042	04	1	1.9	2	1	2	0.807265388496471	4	Dhaka, Dhaka, Bangladesh	BG	BG81	5778	23.7231	90.4086	-2737683	4	Beijing, Beijing, China	CH	CH22	13001	39.9289	116.388	-1898541	4	Beijing, Beijing, China	CH	CH22	13001	39.9289	116.388	-1898541	20260903171500	https://www.realclearworld.com/articles/2026/09/03/bangladesh_is_reshaping_its_relationship_with_india_1204068.html
1321333956	20260903	202609	2026	2026.6658	BGD	BANGLADESH	BGD								CHN	CHINA	CHN								0	042	042	04	1	1.9	2	1	2	0.807265388496471	4	Dhaka, Dhaka, Bangladesh	BG	BG81	5778	23.7231	90.4086	-2737683	4	New Delhi, Delhi, India	IN	IN07	17911	28.6	77.2	-2106102	4	Dhaka, Dhaka, Bangladesh	BG	BG81	5778	23.7231	90.4086	-2737683	20260903171500	https://www.realclearworld.com/articles/2026/09/03/bangladesh_is_reshaping_its_relationship_with_india_1204068.html
1321333957	20260903	202609	2026	2026.6658	BGD	BANGLADESH	BGD								PAK	ISLAMABAD	PAK								0	050	050	05	1	3.5	1	1	1	0.807265388496471	4	New Delhi, Delhi, India	IN	IN07	17911	28.6	77.2	-2106102	4	New Delhi, Delhi, India	IN	IN07	17911	28.6	77.2	-2106102	4	New Delhi, Delhi, India	IN	IN07	17911	28.6	77.2	-2106102	20260903171500	https://www.realclearworld.com/articles/2026/09/03/bangladesh_is_reshaping_its_relationship_with_india_1204068.html
1321333958	20260903	202609	2026	2026.6658	BGD	BANGLADESH	BGD								PAK	ISLAMABAD	PAK								0	050	050	05	1	3.5	1	1	1	0.807265388496471	4	Dhaka, Dhaka, Bangladesh	BG	BG81	5778	23.7231	90.4086	-2737683	4	Islamabad, Islamabad, Pakistan	PK	PK08	23674	33.7	73.1667	-2762812	4	Islamabad, Islamabad, Pakistan	PK	PK08	23674	33.7	73.1667	-2762812	20260903171500	https://www.realclearworld.com/articles/2026/09/03/bangladesh_is_reshaping_its_relationship_with_india_1204068.html
1321333959	20260903	202609	2026	2026.6658	BGDGOV	BANGLADESH	BGD					GOV													1	160	160	16	4	-4.0	2	1	2	0.807265388496471	4	New Delhi, Delhi, India	IN	IN07	17911	28.6	77.2	-2106102	0								4	New Delhi, Delhi, India	IN	IN07	17911	28.6	77.2	-2106102	20260903171500	https://www.realclearworld.com/articles/2026/09/03/bangladesh_is_reshaping_its_relationship_with_india_1204068.html
1321333960	20260903	202609	2026	2026.6658	BGDGOV	BANGLADESH	BGD					GOV													1	160	160	16	4	-4.0	6	1	6	0.807265388496471	4	Dhaka, Dhaka, Bangladesh	BG	BG81	5778	23.7231	90.4086	-2737683	0								4	Beijing, Beijing, China	CH	CH22	13001	39.9289	116.388	-1898541	20260903171500	https://www.realclearworld.com/articles/2026/09/03/bangladesh_is_reshaping_its_relationship_with_india_1204068.html
1321333961	20260903	202609	2026	2026.6658	BGDGOV	BANGLADESH	BGD					GOV			BGD	BANGLADESH	BGD								1	160	160	16	4	-4.0	2	1	2	0.807265388496471	4	Dhaka, Dhaka, Bangladesh	BG	BG81	5778	23.7231	90.4086	-2737683	4	Beijing, Beijing, China	CH	CH22	13001	39.9289	116.388	-1898541	4	Beijing, Beijing, China	CH	CH22	13001	39.9289	116.388	-1898541	20260903171500	https://www.realclearworld.com/articles/2026/09/03/bangladesh_is_reshaping_its_relationship_with_india_1204068.html
1321333962	20260903	202609	2026	2026.6658	BOLGOV	BOLIVIA	BOL					GOV													0	010	010	01	1	0.0	2	1	2	-3.16558441558442	4	La Paz, La Paz, Bolivia	BL	BL04	40202	-16.5	-68.15	-693412	0								4	La Paz, La Paz, Bolivia	BL	BL04	40202	-16.5	-68.15	-693412	20260903171500	https://www.riotimesonline.com/bolivia-ypfb-fuel-crisis-intervention/
1321333963	20260903	202609	2026	2026.6658	BOLGOV	BOLIVIA	BOL					GOV													0	020	020	02	1	3.0	2	1	2	-3.16558441558442	4	La Paz, La Paz, Bolivia	BL	BL04	40202	-16.5	-68.15	-693412	0								4	La Paz, La Paz, Bolivia	BL	BL04	40202	-16.5	-68.15	-693412	20260903171500	https://www.riotimesonline.com/bolivia-ypfb-fuel-crisis-intervention/
1321333964	20260903	202609	2026	2026.6658	BOLGOV	BOLIVIA	BOL					GOV			BUS	COMPANY						BUS			1	192	192	19	4	-9.5	10	1	10	-3.16558441558442	4	La Paz, La Paz, Bolivia	BL	BL04	40202	-16.5	-68.15	-693412	4	La Paz, La Paz, Bolivia	BL	BL04	40202	-16.5	-68.15	-693412	4	La Paz, La Paz, Bolivia	BL	BL04	40202	-16.5	-68.15	-693412	20260903171500	https://www.riotimesonline.com/bolivia-ypfb-fuel-crisis-intervention/
1321333965	20260903	202609	2026	2026.6658	BRA	BRAZIL	BRA																		1	010	010	01	1	0.0	1	1	1	0.846354166666667	4	Sao Paulo, SãPaulo, Brazil	BR	BR27	11543	-23.5333	-46.6167	-671824	0								2	New York, United States	US	USNY		42.1497	-74.9384	NY	20260903171500	https://www.riotimesonline.com/santander-brasil-minority-buyout-2026/
1321333966	20260903	202609	2026	2026.6658	BRA	BRASIL	BRA																		1	010	010	01	1	0.0	4	1	4	0.846354166666667	2	New York, United States	US	USNY		42.1497	-74.9384	NY	0								2	New York, United States	US	USNY		42.1497	-74.9384	NY	20260903171500	https://www.riotimesonline.com/santander-brasil-minority-buyout-2026/
1321333967	20260903	202609	2026	2026.6658	BRA	BRAZIL	BRA																		1	020	020	02	1	3.0	4	1	4	-0.53557765876052	4	Dirceu, ParáR, Brazil	BR	BR16	18585	-1.36667	-46.55	-640174	0								4	Dirceu, ParáR, Brazil	BR	BR16	18585	-1.36667	-46.55	-640174	20260903171500	https://www.riotimesonline.com/brazil-newspapers-call-justice-moraes-leave-supreme-court/
1321333968	20260903	202609	2026	2026.6658	BRA	BRAZILIAN	BRA																		1	020	020	02	1	3.0	3	1	3	-1.4018691588785	1	Ethiopia	ET	ET		8	38	ET	0								1	Ethiopia	ET	ET		8	38	ET	20260903171500	https://www.thehindubusinessline.com/economy/agri-business/coffee-prices-set-to-stay-firm-as-el-nino-supply-risks-mount/article71424171.ece
1321333969	20260903	202609	2026	2026.6658	BRA	BRAZIL	BRA																		0	036	036	03	1	4.0	2	1	2	0.846354166666667	4	Sao Paulo, SãPaulo, Brazil	BR	BR27	11543	-23.5333	-46.6167	-671824	0								4	Sao Paulo, SãPaulo, Brazil	BR	BR27	11543	-23.5333	-46.6167	-671824	20260903171500	https://www.riotimesonline.com/santander-brasil-minority-buyout-2026/
1321333970	20260903	202609	2026	2026.6658	BRA	BRAZIL	BRA																		0	080	080	08	2	5.0	2	1	2	0.846354166666667	4	Sao Paulo, SãPaulo, Brazil	BR	BR27	11543	-23.5333	-46.6167	-671824	0								4	Sao Paulo, SãPaulo, Brazil	BR	BR27	11543	-23.5333	-46.6167	-671824	20260903171500	https://www.riotimesonline.com/santander-brasil-minority-buyout-2026/
1321333971	20260903	202609	2026	2026.6658	BRA	BRAZIL	BRA																		0	141	141	14	3	-6.5	2	1	2	-0.53557765876052	4	Dirceu, ParáR, Brazil	BR	BR16	18585	-1.36667	-46.55	-640174	0								4	Dirceu, ParáR, Brazil	BR	BR16	18585	-1.36667	-46.55	-640174	20260903171500	https://www.riotimesonline.com/brazil-newspapers-call-justice-moraes-leave-supreme-court/
1321333972	20260903	202609	2026	2026.6658	BRA	BRAZIL	BRA								ARE	DUBAI	ARE								0	042	042	04	1	1.9	1	1	1	-0.53557765876052	4	Guarulhos, SãPaulo, Brazil	BR	BR27	11543	-23.4667	-46.5333	-645949	4	Guarulhos, SãPaulo, Brazil	BR	BR27	11543	-23.4667	-46.5333	-645949	4	Guarulhos, SãPaulo, Brazil	BR	BR27	11543	-23.4667	-46.5333	-645949	20260903171500	https://www.riotimesonline.com/brazil-newspapers-call-justice-moraes-leave-supreme-court/
1321333973	20260903	202609	2026	2026.6658	BRA	BRAZIL	BRA								ARE	UNITED ARAB EMIRATES	ARE								0	042	042	04	1	1.9	1	1	1	-0.53557765876052	4	Guarulhos, SãPaulo, Brazil	BR	BR27	11543	-23.4667	-46.5333	-645949	4	Dubai, Dubayy, United Arab Emirates	AE	AE03	28575	25.2522	55.28	-782831	4	Guarulhos, SãPaulo, Brazil	BR	BR27	11543	-23.4667	-46.5333	-645949	20260903171500	https://www.riotimesonline.com/brazil-newspapers-call-justice-moraes-leave-supreme-court/
1321333974	20260903	202609	2026	2026.6658	BRA	BRAZIL	BRA								ARE	UNITED ARAB EMIRATES	ARE								0	042	042	04	1	1.9	2	1	2	-0.53557765876052	4	Guarulhos, SãPaulo, Brazil	BR	BR27	11543	-23.4667	-46.5333	-645949	4	Dubai, Dubayy, United Arab Emirates	AE	AE03	28575	25.2522	55.28	-782831	4	Dubai, Dubayy, United Arab Emirates	AE	AE03	28575	25.2522	55.28	-782831	20260903171500	https://www.riotimesonline.com/brazil-newspapers-call-justice-moraes-leave-supreme-court/
1321333975	20260903	202609	2026	2026.6658	BRA	BRAZIL	BRA								ARG	ARGENTINA	ARG								0	030	030	03	1	4.0	6	1	6	-2.85459411239965	1	Brazil	BR	BR		-10	-55	BR	1	Argentina	AR	AR		-34	-64	AR	4	Montevideo, Montevideo, Uruguay	UY	UY10	22379	-34.8581	-56.1708	-907764	20260903171500	https://www.riotimesonline.com/eu-suspends-brazilian-meat-mercosur-quota-fight/
1321333976	20260903	202609	2026	2026.6658	BRA	BRAZIL	BRA								ARG	ARGENTINA	ARG								0	030	030	03	1	4.0	2	1	2	-2.85459411239965	1	Brazil	BR	BR		-10	-55	BR	1	Brazil	BR	BR		-10	-55	BR	4	Montevideo, Montevideo, Uruguay	UY	UY10	22379	-34.8581	-56.1708	-907764	20260903171500	https://www.riotimesonline.com/eu-suspends-brazilian-meat-mercosur-quota-fight/
1321333977	20260903	202609	2026	2026.6658	BRA	BRAZIL	BRA								ARG	ARGENTINA	ARG								0	030	030	03	1	4.0	2	1	2	-2.85459411239965	1	Brazil	BR	BR		-10	-55	BR	1	Brazil	BR	BR		-10	-55	BR	1	Brazil	BR	BR		-10	-55	BR	20260903171500	https://www.riotimesonline.com/eu-suspends-brazilian-meat-mercosur-quota-fight/
1321333978	20260903	202609	2026	2026.6658	BRA	BRAZIL	BRA								COP	FEDERAL POLICE						COP			0	010	010	01	1	0.0	2	1	2	-0.53557765876052	4	Dirceu, ParáR, Brazil	BR	BR16	18585	-1.36667	-46.55	-640174	4	Dirceu, ParáR, Brazil	BR	BR16	18585	-1.36667	-46.55	-640174	4	Dirceu, ParáR, Brazil	BR	BR16	18585	-1.36667	-46.55	-640174	20260903171500	https://www.riotimesonline.com/brazil-newspapers-call-justice-moraes-leave-supreme-court/
1321333979	20260903	202609	2026	2026.6658	BRA	BRAZIL	BRA								COP	FEDERAL POLICE						COP			0	010	010	01	1	0.0	2	1	2	-0.53557765876052	4	Guarulhos, SãPaulo, Brazil	BR	BR27	11543	-23.4667	-46.5333	-645949	4	Dirceu, ParáR, Brazil	BR	BR16	18585	-1.36667	-46.55	-640174	4	Dirceu, ParáR, Brazil	BR	BR16	18585	-1.36667	-46.55	-640174	20260903171500	https://www.riotimesonline.com/brazil-newspapers-call-justice-moraes-leave-supreme-court/
1321333980	20260903	202609	2026	2026.6658	BRA	BRAZIL	BRA								COP	POLICE						COP			0	020	020	02	1	3.0	4	1	4	-0.53557765876052	4	Guarulhos, SãPaulo, Brazil	BR	BR27	11543	-23.4667	-46.5333	-645949	4	Guarulhos, SãPaulo, Brazil	BR	BR27	11543	-23.4667	-46.5333	-645949	4	Guarulhos, SãPaulo, Brazil	BR	BR27	11543	-23.4667	-46.5333	-645949	20260903171500	https://www.riotimesonline.com/brazil-newspapers-call-justice-moraes-leave-supreme-court/
1321333981	20260903	202609	2026	2026.6658	BRA	BRAZIL	BRA								COP	POLICE						COP			0	173	173	17	4	-5.0	10	1	10	-0.53557765876052	4	Dirceu, ParáR, Brazil	BR	BR16	18585	-1.36667	-46.55	-640174	4	Dirceu, ParáR, Brazil	BR	BR16	18585	-1.36667	-46.55	-640174	4	Dirceu, ParáR, Brazil	BR	BR16	18585	-1.36667	-46.55	-640174	20260903171500	https://www.riotimesonline.com/brazil-newspapers-call-justice-moraes-leave-supreme-court/
1321333982	20260903	202609	2026	2026.6658	BRA	BRAZIL	BRA								CVL	VOTER						CVL			1	014	014	01	1	0.0	4	1	4	-0.48231511254019	4	Pernambuco, Estado de Pernambuco, Brazil	BR	BR30	18585	-8.05	-34.9	-665520	4	Pernambuco, Estado de Pernambuco, Brazil	BR	BR30	18585	-8.05	-34.9	-665520	4	Pernambuco, Estado de Pernambuco, Brazil	BR	BR30	18585	-8.05	-34.9	-665520	20260903171500	https://www.riotimesonline.com/brazil-poll-flavio-bolsonaro-ahead-lula-first-time/
1321333983	20260903	202609	2026	2026.6658	BRA	BRAZIL	BRA								CVL	VOTER						CVL			1	014	014	01	1	0.0	1	1	1	-0.48231511254019	4	Mato Grosso, Estado do Rio, Brazil	BR	BR21	9974	-22.8667	-42.6	-667943	4	Bahia, Bahia, Brazil	BR	BR05	6865	-12.9833	-38.5167	-667833	4	Bahia, Bahia, Brazil	BR	BR05	6865	-12.9833	-38.5167	-667833	20260903171500	https://www.riotimesonline.com/brazil-poll-flavio-bolsonaro-ahead-lula-first-time/
1321333984	20260903	202609	2026	2026.6658	BRA	BRASIL	BRA								MNCESP	BANCO SANTANDER	ESP					MNC			1	010	010	01	1	0.0	5	1	5	0.846354166666667	4	Sao Paulo, SãPaulo, Brazil	BR	BR27	11543	-23.5333	-46.6167	-671824	4	Sao Paulo, SãPaulo, Brazil	BR	BR27	11543	-23.5333	-46.6167	-671824	4	Sao Paulo, SãPaulo, Brazil	BR	BR27	11543	-23.5333	-46.6167	-671824	20260903171500	https://www.riotimesonline.com/santander-brasil-minority-buyout-2026/
1321333985	20260903	202609	2026	2026.6658	BRA	BRAZIL	BRA								MNCESP	BANCO SANTANDER	ESP					MNC			1	010	010	01	1	0.0	1	1	1	0.846354166666667	4	Sao Paulo, SãPaulo, Brazil	BR	BR27	11543	-23.5333	-46.6167	-671824	2	New York, United States	US	USNY		42.1497	-74.9384	NY	2	New York, United States	US	USNY		42.1497	-74.9384	NY	20260903171500	https://www.riotimesonline.com/santander-brasil-minority-buyout-2026/
1321333986	20260903	202609	2026	2026.6658	BRA	BRASIL	BRA								MNCESP	BANCO SANTANDER	ESP					MNC			1	010	010	01	1	0.0	4	1	4	0.846354166666667	2	New York, United States	US	USNY		42.1497	-74.9384	NY	2	New York, United States	US	USNY		42.1497	-74.9384	NY	2	New York, United States	US	USNY		42.1497	-74.9384	NY	20260903171500	https://www.riotimesonline.com/santander-brasil-minority-buyout-2026/
1321333987	20260903	202609	2026	2026.6658	BRA	BRAZIL	BRA								MNCESP	BANCO SANTANDER	ESP					MNC			0	036	036	03	1	4.0	2	1	2	0.846354166666667	4	Sao Paulo, SãPaulo, Brazil	BR	BR27	11543	-23.5333	-46.6167	-671824	4	Sao Paulo, SãPaulo, Brazil	BR	BR27	11543	-23.5333	-46.6167	-671824	4	Sao Paulo, SãPaulo, Brazil	BR	BR27	11543	-23.5333	-46.6167	-671824	20260903171500	https://www.riotimesonline.com/santander-brasil-minority-buyout-2026/
1321333988	20260903	202609	2026	2026.6658	BRA	BRAZIL	BRA								PRY	PARAGUAY	PRY								0	030	030	03	1	4.0	2	1	2	-2.85459411239965	1	Brazil	BR	BR		-10	-55	BR	1	Argentina	AR	AR		-34	-64	AR	4	Montevideo, Montevideo, Uruguay	UY	UY10	22379	-34.8581	-56.1708	-907764	20260903171500	https://www.riotimesonline.com/eu-suspends-brazilian-meat-mercosur-quota-fight/
1321333989	20260903	202609	2026	2026.6658	BRA	BRAZIL	BRA								PRY	PARAGUAY	PRY								0	030	030	03	1	4.0	2	1	2	-2.85459411239965	1	Brazil	BR	BR		-10	-55	BR	1	Brazil	BR	BR		-10	-55	BR	1	Brazil	BR	BR		-10	-55	BR	20260903171500	https://www.riotimesonline.com/eu-suspends-brazilian-meat-mercosur-quota-fight/
1321333990	20260903	202609	2026	2026.6658	BRA	BRAZIL	BRA								PRY	PARAGUAY	PRY								0	030	030	03	1	4.0	6	1	6	-2.85459411239965	1	Brazil	BR	BR		-10	-55	BR	1	Paraguay	PA	PA		-22.993333	-57.996389	PA	4	Montevideo, Montevideo, Uruguay	UY	UY10	22379	-34.8581	-56.1708	-907764	20260903171500	https://www.riotimesonline.com/eu-suspends-brazilian-meat-mercosur-quota-fight/
1321333991	20260903	202609	2026	2026.6658	BRA	BRAZIL	BRA								URY	URUGUAY	URY								0	030	030	03	1	4.0	8	1	8	-2.85459411239965	1	Brazil	BR	BR		-10	-55	BR	4	Montevideo, Montevideo, Uruguay	UY	UY10	22379	-34.8581	-56.1708	-907764	4	Montevideo, Montevideo, Uruguay	UY	UY10	22379	-34.8581	-56.1708	-907764	20260903171500	https://www.riotimesonline.com/eu-suspends-brazilian-meat-mercosur-quota-fight/
1321333992	20260903	202609	2026	2026.6658	BRA	BRAZIL	BRA								URY	URUGUAY	URY								0	030	030	03	1	4.0	2	1	2	-2.85459411239965	1	Brazil	BR	BR		-10	-55	BR	1	Brazil	BR	BR		-10	-55	BR	1	Brazil	BR	BR		-10	-55	BR	20260903171500	https://www.riotimesonline.com/eu-suspends-brazilian-meat-mercosur-quota-fight/
1321333993	20260903	202609	2026	2026.6658	BRAJUD	BRAZIL	BRA					JUD			COP	PRISON						COP			0	173	173	17	4	-5.0	4	1	4	-0.48231511254019	4	Pernambuco, Estado de Pernambuco, Brazil	BR	BR30	18585	-8.05	-34.9	-665520	4	Pernambuco, Estado de Pernambuco, Brazil	BR	BR30	18585	-8.05	-34.9	-665520	4	Pernambuco, Estado de Pernambuco, Brazil	BR	BR30	18585	-8.05	-34.9	-665520	20260903171500	https://www.riotimesonline.com/brazil-poll-flavio-bolsonaro-ahead-lula-first-time/
1321333994	20260903	202609	2026	2026.6658	BRAJUD	BRAZIL	BRA					JUD			COP	PRISON						COP			0	173	173	17	4	-5.0	5	1	5	-0.48231511254019	4	Rio De Janeiro, Estado do Rio, Brazil	BR	BR21	9961	-22.9	-43.2333	-666610	4	Rio De Janeiro, Estado do Rio, Brazil	BR	BR21	9961	-22.9	-43.2333	-666610	4	Rio De Janeiro, Estado do Rio, Brazil	BR	BR21	9961	-22.9	-43.2333	-666610	20260903171500	https://www.riotimesonline.com/brazil-poll-flavio-bolsonaro-ahead-lula-first-time/
1321333995	20260903	202609	2026	2026.6658	BRAJUD	BRAZIL	BRA					JUD			COP	PRISON						COP			0	173	173	17	4	-5.0	1	1	1	-0.48231511254019	4	Mato Grosso, Estado do Rio, Brazil	BR	BR21	9974	-22.8667	-42.6	-667943	4	Mato Grosso, Estado do Rio, Brazil	BR	BR21	9974	-22.8667	-42.6	-667943	4	Mato Grosso, Estado do Rio, Brazil	BR	BR21	9974	-22.8667	-42.6	-667943	20260903171500	https://www.riotimesonline.com/brazil-poll-flavio-bolsonaro-ahead-lula-first-time/
1321333996	20260903	202609	2026	2026.6658	BUS	INDUSTRY						BUS													1	010	010	01	1	0.0	5	1	5	1.14285714285714	4	Kampala, Kampala, Uganda	UG	UG37	18585	0.315556	32.5656	-1728891	0								4	Kampala, Kampala, Uganda	UG	UG37	18585	0.315556	32.5656	-1728891	20260903171500	https://www.newvision.co.ug/category/entertainment/thursday-throwback-joshua-barakas-nana-finds-NV_240022_092026
1321333997	20260903	202609	2026	2026.6658	BUS	COMPANY						BUS													1	010	010	01	1	0.0	10	1	10	3.27380952380953	3	Orlando, Florida, United States	US	USFL	FL095	28.5383	-81.3792	288240	0								3	Orlando, Florida, United States	US	USFL	FL095	28.5383	-81.3792	288240	20260903171500	https://www.fox35orlando.com/news/universal-orlando-close-long-running-animal-actors-show
1321333998	20260903	202609	2026	2026.6658	BUS	COMPANY						BUS													1	010	010	01	1	0.0	22	1	20	-1.49236728184096	2	Connecticut, United States	US	USCT		41.5834	-72.7622	CT	0								2	Connecticut, United States	US	USCT		41.5834	-72.7622	CT	20260903171500	https://hartfordbusiness.com/article/school-safety-tech-company-relocates-hq-from-ny-to-stamford/
1321333999	20260903	202609	2026	2026.6658	BUS	COMPANY						BUS													1	012	012	01	1	-0.4	10	1	10	-3.7593984962406	2	Connecticut, United States	US	USCT		41.5834	-72.7622	CT	0								2	Connecticut, United States	US	USCT		41.5834	-72.7622	CT	20260903171500	https://hartfordbusiness.com/article/noise-complaint-exposes-unreported-2019-sale-of-east-lyme-solar-farm/
1321334000	20260903	202609	2026	2026.6658	BUS	INDUSTRY						BUS													1	014	014	01	1	0.0	3	1	3	7.46606334841629	3	Liberty County, Georgia, United States	US	USGA	GA179	31.8335	-81.5004	357095	0								3	Liberty County, Georgia, United States	US	USGA		31.8335	-81.5004	357095	20260903171500	https://coastalcourier.com/news/lcda-closes-year-of-progress-investments/
1321334001	20260903	202609	2026	2026.6658	BUS	BANK						BUS													0	015	015	01	1	0.0	6	1	6	-5.32598714416896	4	Dagenham, Barking and Dagenham, United Kingdom	UK	UKA1	40110	51.55	0.166667	-2593987	0								4	Dagenham, Barking and Dagenham, United Kingdom	UK	UKA1	40110	51.55	0.166667	-2593987	20260903171500	https://www.manchestereveningnews.co.uk/news/greater-manchester-news/inside-despicable-bistro-served-far-34562307
1321334002	20260903	202609	2026	2026.6658	BUS	COMPANIES						BUS													1	020	020	02	1	3.0	10	1	10	2.9050279329609	4	Taipei, T'ai-pei, Taiwan	TW	TW03	13277	25.0478	121.532	-2637882	0								4	Taipei, T'ai-pei, Taiwan	TW	TW03	13277	25.0478	121.532	-2637882	20260903171500	https://www.techradar.com/pro/lenovo-just-put-nvidias-arm-superchip-in-two-yoga-laptops-but-professionals-might-be-more-enthused-by-their-ai-centric-memory-configurations
1321334003	20260903	202609	2026	2026.6658	BUS	COMPANY						BUS													0	030	030	03	1	4.0	10	1	10	-1.57835400225479	2	Alaska, United States	US	USAK		61.385	-152.268	AK	0								2	Alaska, United States	US	USAK		61.385	-152.268	AK	20260903171500	https://www.foxnews.com/politics/three-new-companies-face-josh-hawley-investigation-ai-surveillance-vehicle-tracking
1321334004	20260903	202609	2026	2026.6658	BUS	BUSINESS LEADER						BUS													0	036	036	03	1	4.0	10	1	10	1.82291666666667	3	Washington, District of Columbia, United States	US	USDC	DC001	38.8951	-77.0364	531871	0								3	Washington, District of Columbia, United States	US	USDC	DC001	38.8951	-77.0364	531871	20260903171500	https://hartfordbusiness.com/article/lamont-joins-bipartisan-governors-compact-aimed-at-boosting-entrepreneurship/
1321334005	20260903	202609	2026	2026.6658	BUS	PRODUCER						BUS													1	040	040	04	1	1.0	6	1	6	3.7593984962406	1	Panama	PM	PM		9	-80	PM	0								1	Panama	PM	PM		9	-80	PM	20260903171500	https://www.wjhg.com/2026/09/03/daily-qa-how-much-do-you-love-your-pet/
1321334006	20260903	202609	2026	2026.6658	BUS	COMPANIES						BUS													0	042	042	04	1	1.9	3	1	3	-4.00326797385621	4	El Tiempo, Magdalena, Colombia	CO	CO38	14028	10.8736	-74.1814	-584294	0								4	El Tiempo, Magdalena, Colombia	CO	CO38	14028	10.8736	-74.1814	-584294	20260903171500	https://www.riotimesonline.com/ecopetrol-sirius-gas-community-demands-2026/
1321334007	20260903	202609	2026	2026.6658	BUS	BUSINESS						BUS													1	043	043	04	1	2.8	2	1	2	2.44755244755245	3	City Of Columbia, South Carolina, United States	US	USSC	SC079	34.0364	-80.9025	2404107	0								3	City Of Columbia, South Carolina, United States	US	USSC		34.0364	-80.9025	2404107	20260903171500	https://www.thecolumbiastar.com/articles/business-briefs-249/
1321334008	20260903	202609	2026	2026.6658	BUS	COMPANY						BUS													0	046	046	04	1	7.0	10	1	10	-4.00326797385621	4	La Guajira, Santander, Colombia	CO	CO26	14213	6.05	-74.3833	-588407	0								4	La Guajira, Santander, Colombia	CO	CO26	14213	6.05	-74.3833	-588407	20260903171500	https://www.riotimesonline.com/ecopetrol-sirius-gas-community-demands-2026/
1321334009	20260903	202609	2026	2026.6658	BUS	MANUFACTURER						BUS													1	046	046	04	1	7.0	10	1	10	4.22535211267606	1	India	IN	IN		20	77	IN	0								1	India	IN	IN		20	77	IN	20260903171500	https://www.thehindubusinessline.com/companies/siam-appoints-shenu-agarwal-md-ceo-ashok-leyland-as-its-president-for-2026-27/article71424986.ece
1321334010	20260903	202609	2026	2026.6658	BUS	INDUSTRY						BUS													1	050	050	05	1	3.5	3	1	3	7.46606334841629	3	Liberty County, Georgia, United States	US	USGA	GA179	31.8335	-81.5004	357095	0								3	Liberty County, Georgia, United States	US	USGA		31.8335	-81.5004	357095	20260903171500	https://coastalcourier.com/news/lcda-closes-year-of-progress-investments/
1321334011	20260903	202609	2026	2026.6658	BUS	ENTREPRENEUR						BUS													1	051	051	05	1	3.4	6	1	6	8.4375	4	Windhoek, Khomas, Namibia	WA	WA21	22288	-22.57	17.0836	-2587496	0								4	Windhoek, Khomas, Namibia	WA	WA21	22288	-22.57	17.0836	-2587496	20260903171500	https://allafrica.com/stories/202609030524.html
1321334012	20260903	202609	2026	2026.6658	BUS	EMPLOYER						BUS													1	060	060	06	2	6.0	5	1	5	0.37568306010929	2	Colorado, United States	US	USCO		39.0646	-105.327	CO	0								2	Colorado, United States	US	USCO		39.0646	-105.327	CO	20260903171500	https://natlawreview.com/article/next-wave-ai-regulation-what-employers-should-know-about-state-level-activity
1321334013	20260903	202609	2026	2026.6658	BUS	COMPANY						BUS													1	070	070	07	2	7.0	8	1	8	3.16573556797021	1	Malta	MT	MT		35.916667	14.433333	MT	0								1	Malta	MT	MT		35.916667	14.433333	MT	20260903171500	https://markets.financialcontent.com/stocks/article/stockstory-2026-9-3-mei-q2-deep-dive-mixed-margin-trends-amid-operational-transformation-and-data-center-momentum
1321334014	20260903	202609	2026	2026.6658	BUS	INDUSTRY						BUS													0	071	071	07	2	7.4	5	1	5	0.36724201248623	2	Michigan, United States	US	USMI		43.3504	-84.5603	MI	0								2	Michigan, United States	US	USMI		43.3504	-84.5603	MI	20260903171500	https://www.thenation.com/article/politics/abdul-el-sayed-interview-michigan-senate/
1321334015	20260903	202609	2026	2026.6658	BUS	INDUSTRY						BUS													0	073	073	07	2	7.4	10	1	10	-5.85034013605443	1	United States	US	US		39.828175	-98.5795	US	0								1	United States	US	US		39.828175	-98.5795	US	20260903171500	https://www.thescottishfarmer.co.uk/opinion/26508942.grain-farmers-ability-cope-comforting-troubled-times/
1321334016	20260903	202609	2026	2026.6658	BUS	COMPANY						BUS													0	084	084	08	2	7.0	5	1	5	-2.05761316872428	4	Frankfurt, Brandenburg, Germany	GM	GM11	16538	52.35	14.55	-1771146	0								4	Frankfurt, Brandenburg, Germany	GM	GM11	16538	52.35	14.55	-1771146	20260903171500	https://www.sci-tech-today.com/news/tenx-protocols-q1-fiscal-2027-earnings/
1321334017	20260903	202609	2026	2026.6658	BUS	BUSINESS						BUS													1	111	111	11	3	-2.0	3	1	3	1.95121951219512	1	Germany	GM	GM		51.5	10.5	GM	0								1	Germany	GM	GM		51.5	10.5	GM	20260903171500	https://www.thehindubusinessline.com/companies/aditya-birla-groups-next-big-bet-can-its-wires-and-cables-venture-replicate-the-birla-opus-playbook/article71424512.ece
1321334018	20260903	202609	2026	2026.6658	BUS	COMPANY						BUS													1	120	120	12	3	-4.0	10	1	10	-2.05761316872428	4	Frankfurt, Brandenburg, Germany	GM	GM11	16538	52.35	14.55	-1771146	0								4	Frankfurt, Brandenburg, Germany	GM	GM11	16538	52.35	14.55	-1771146	20260903171500	https://www.sci-tech-today.com/news/tenx-protocols-q1-fiscal-2027-earnings/
1321334019	20260903	202609	2026	2026.6658	BUS	INVESTOR						BUS													1	125	125	12	3	-5.0	3	1	3	4.13694721825963	4	Kwara, Zamfara, Nigeria	NI	NI57	191424	12.3337	6.28493	-2017020	0								4	Kwara, Zamfara, Nigeria	NI	NI57	191424	12.3337	6.28493	-2017020	20260903171500	https://tribuneonlineng.com/kwara-digitises-19591-land-records-in-one-year/
1321334020	20260903	202609	2026	2026.6658	BUS	INDUSTRY						BUS													1	141	141	14	3	-6.5	10	1	10	1.26182965299684	2	Vermont, United States	US	USVT		44.0407	-72.7093	VT	0								2	Vermont, United States	US	USVT		44.0407	-72.7093	VT	20260903171500	https://economictimes.indiatimes.com/news/international/us/science-in-1834-an-american-blacksmith-along-with-his-wife-built-the-first-practical-dc-electric-motor-creating-a-blueprint-for-modern-electrical-machinery/articleshow/133740631.cms
1321334021	20260903	202609	2026	2026.6658	BUS	COMPANY						BUS													1	172	172	17	4	-5.0	10	1	10	1.40845070422535	2	New Jersey, United States	US	USNJ		40.314	-74.5089	NJ	0								2	New Jersey, United States	US	USNJ		40.314	-74.5089	NJ	20260903171500	https://nj1015.com/real-ingredients-replace-processed-foods/
1321334022	20260903	202609	2026	2026.6658	BUS	COMPANIES						BUS			COL	COLOMBIA	COL								0	042	042	04	1	1.9	4	1	4	-4.00326797385621	4	El Tiempo, Magdalena, Colombia	CO	CO38	14028	10.8736	-74.1814	-584294	4	El Tiempo, Magdalena, Colombia	CO	CO38	14028	10.8736	-74.1814	-584294	4	El Tiempo, Magdalena, Colombia	CO	CO38	14028	10.8736	-74.1814	-584294	20260903171500	https://www.riotimesonline.com/ecopetrol-sirius-gas-community-demands-2026/
1321334023	20260903	202609	2026	2026.6658	BUS	COMPANIES						BUS			CRM	CULPRIT						CRM			0	051	051	05	1	3.4	10	1	10	-1.87463386057411	0								0								0								20260903171500	https://memeburn.com/openai-is-hoarding-mac-minis-for-ai-training-and-apple-is-quietly-winning-a-race-it-never-joined/
1321334024	20260903	202609	2026	2026.6658	BUS	COMPANIES						BUS			CRM	CULPRIT						CRM			0	111	111	11	3	-2.0	10	1	10	-1.87463386057411	0								0								0								20260903171500	https://memeburn.com/openai-is-hoarding-mac-minis-for-ai-training-and-apple-is-quietly-winning-a-race-it-never-joined/
1321334025	20260903	202609	2026	2026.6658	BUS	ENTREPRENEUR						BUS			EDU	UNIVERSITY						EDU			1	111	111	11	3	-2.0	10	1	10	4.51306413301663	0								0								0								20260903171500	https://www.premierguitar.com/news/lr-baggs-second-generation-leadership
1321334026	20260903	202609	2026	2026.6658	BUS	PRODUCER						BUS			GOV	REGULATOR						GOV			0	046	046	04	1	7.0	10	1	10	-2.85459411239965	1	Brazil	BR	BR		-10	-55	BR	1	Brazil	BR	BR		-10	-55	BR	1	Brazil	BR	BR		-10	-55	BR	20260903171500	https://www.riotimesonline.com/eu-suspends-brazilian-meat-mercosur-quota-fight/
1321334027	20260903	202609	2026	2026.6658	BUS	BANK						BUS			GOVBUS	RESERVE BANK						GOV	BUS		1	040	040	04	1	1.0	10	1	10	-1.38888888888889	1	India	IN	IN		20	77	IN	1	India	IN	IN		20	77	IN	1	India	IN	IN		20	77	IN	20260903171500	https://www.thehindubusinessline.com/money-and-banking/970-lakh-cr-liquidity-surplus-due-to-fcnrb-deposits-rbi-officials/article71425132.ece
1321334028	20260903	202609	2026	2026.6658	BUS	BANK						BUS			GOVBUS	RESERVE BANK						GOV	BUS		1	043	043	04	1	2.8	10	1	10	-1.38888888888889	1	India	IN	IN		20	77	IN	1	India	IN	IN		20	77	IN	1	India	IN	IN		20	77	IN	20260903171500	https://www.thehindubusinessline.com/money-and-banking/970-lakh-cr-liquidity-surplus-due-to-fcnrb-deposits-rbi-officials/article71425132.ece
1321334029	20260903	202609	2026	2026.6658	BUS	BOSS						BUS			GOVMED	TRANSPORT MINIST						GOV	MED		1	040	040	04	1	1.0	8	1	8	0	4	Paris, France (general), France	FR	FR00	16282	48.8667	2.33333	-1456928	4	Paris, France (general), France	FR	FR00	16282	48.8667	2.33333	-1456928	4	Paris, France (general), France	FR	FR00	16282	48.8667	2.33333	-1456928	20260903171500	https://www.euronews.com/next/2026/09/03/france-tests-tesla-self-driving-two-months-after-calling-it-too-risky
1321334030	20260903	202609	2026	2026.6658	BUS	BUSINESS						BUS			HLH	HOSPITAL						HLH			1	020	020	02	1	3.0	10	1	10	-0.18083182640145	0								0								0								20260903171500	https://investinglive.com/education/trading-lesson-do-you-need-to-know-a-lot-about-a-company-to-trade-their-stock/
1321334031	20260903	202609	2026	2026.6658	BUS	COMPANY						BUS			LAB	EMPLOYEE						LAB			1	010	010	01	1	0.0	5	1	5	0.3968253968254	2	Connecticut, United States	US	USCT		41.5834	-72.7622	CT	2	Connecticut, United States	US	USCT		41.5834	-72.7622	CT	2	Connecticut, United States	US	USCT		41.5834	-72.7622	CT	20260903171500	https://hartfordbusiness.com/article/school-safety-tech-company-relocates-hq-from-ny-to-stamford/
1321334032	20260903	202609	2026	2026.6658	BUS	COMPANY						BUS			MED	PUBLISHER						MED			0	020	020	02	1	3.0	10	1	10	-3.83795309168443	0								0								0								20260903171500	https://reason.com/2026/09/03/judge-rejects-trump-administrations-plan-to-break-up-googles-ad-business/
1321334033	20260903	202609	2026	2026.6658	BUS	COMPANIES						BUS			MNCBRAGOV	PETROBRAS	BRA					MNC	GOV		0	042	042	04	1	1.9	3	1	3	-4.00326797385621	4	El Tiempo, Magdalena, Colombia	CO	CO38	14028	10.8736	-74.1814	-584294	4	El Tiempo, Magdalena, Colombia	CO	CO38	14028	10.8736	-74.1814	-584294	4	El Tiempo, Magdalena, Colombia	CO	CO38	14028	10.8736	-74.1814	-584294	20260903171500	https://www.riotimesonline.com/ecopetrol-sirius-gas-community-demands-2026/
1321334034	20260903	202609	2026	2026.6658	BUS	AUTOMAKER						BUS			NMR	NORTH AMERICA	NMR								1	030	030	03	1	4.0	2	1	2	0.46838407494145	1	United States	US	US		39.828175	-98.5795	US	1	China	CH	CH		35	105	CH	1	China	CH	CH		35	105	CH	20260903171500	https://www.theepochtimes.com/business/volkswagen-names-new-north-america-chief-6083020
1321334035	20260903	202609	2026	2026.6658	BUS	PRODUCER						BUS			PAN	PANAMA	PAN								1	040	040	04	1	1.0	4	1	4	3.7593984962406	1	Panama	PM	PM		9	-80	PM	1	Panama	PM	PM		9	-80	PM	1	Panama	PM	PM		9	-80	PM	20260903171500	https://www.wjhg.com/2026/09/03/daily-qa-how-much-do-you-love-your-pet/
1321334036	20260903	202609	2026	2026.6658	BUS	INDUSTRY						BUS			USA	UNITED STATES	USA								1	014	014	01	1	0.0	2	1	2	7.46606334841629	3	Liberty County, Georgia, United States	US	USGA	GA179	31.8335	-81.5004	357095	3	Liberty County, Georgia, United States	US	USGA		31.8335	-81.5004	357095	3	Liberty County, Georgia, United States	US	USGA		31.8335	-81.5004	357095	20260903171500	https://coastalcourier.com/news/lcda-closes-year-of-progress-investments/
1321334037	20260903	202609	2026	2026.6658	BUS	BUSINESS						BUS			USA	UNITED STATES	USA								1	042	042	04	1	1.9	8	1	8	2.44755244755245	3	City Of Columbia, South Carolina, United States	US	USSC	SC079	34.0364	-80.9025	2404107	3	City Of Columbia, South Carolina, United States	US	USSC		34.0364	-80.9025	2404107	3	City Of Columbia, South Carolina, United States	US	USSC		34.0364	-80.9025	2404107	20260903171500	https://www.thecolumbiastar.com/articles/business-briefs-249/
1321334038	20260903	202609	2026	2026.6658	BUS	INDUSTRY						BUS			USA	UNITED STATES	USA								1	050	050	05	1	3.5	2	1	2	7.46606334841629	3	Liberty County, Georgia, United States	US	USGA	GA179	31.8335	-81.5004	357095	3	Liberty County, Georgia, United States	US	USGA		31.8335	-81.5004	357095	3	Liberty County, Georgia, United States	US	USGA		31.8335	-81.5004	357095	20260903171500	https://coastalcourier.com/news/lcda-closes-year-of-progress-investments/
1321334039	20260903	202609	2026	2026.6658	BUS	LANDLORD						BUS			USAGOV	HARTFORD	USA					GOV			1	190	190	19	4	-10.0	5	1	5	-3.18379160636758	2	New York, United States	US	USNY		42.1497	-74.9384	NY	2	New York, United States	US	USNY		42.1497	-74.9384	NY	2	New York, United States	US	USNY		42.1497	-74.9384	NY	20260903171500	https://hartfordbusiness.com/article/despite-clash-with-hartford-mayor-problem-landlord-expands-city-holdings/
1321334040	20260903	202609	2026	2026.6658	BUSBUS	PRODUCER						BUS	BUS												1	080	080	08	2	5.0	10	1	10	1.97841726618705	4	Fukuoka, Fukuoka, Japan	JA	JA07	33728	33.5833	130.4	-227372	0								4	Fukuoka, Fukuoka, Japan	JA	JA07	33728	33.5833	130.4	-227372	20260903171500	https://www.tickerreport.com/banking-finance/13572202/comparing-kyushu-electric-power-kysey-and-its-competitors.html
1321334041	20260903	202609	2026	2026.6658	CAN	CANADA	CAN																		1	173	173	17	4	-5.0	2	1	2	-4.74860335195531	4	Lanark County, South Lanarkshire, United Kingdom	UK	UKW5	40176	55.5833	-3.83333	-2600653	0								4	Lanark County, South Lanarkshire, United Kingdom	UK	UKW5	40176	55.5833	-3.83333	-2600653	20260903171500	https://www.insideottawavalley.com/news/crime/perth-last-duel-park-murder-charges/article_e4432f82-d296-5dc1-9101-c44f307185a3.html
1321334042	20260903	202609	2026	2026.6658	CAN	MONTREAL	CAN								ARG	ARGENTINA	ARG								1	043	043	04	1	2.8	5	1	5	3.3271719038817	4	Montreal, Quebec, Canada	CA	CA10	12713	45.5	-73.5833	-569541	4	Buenos Aires, Distrito Federal, Argentina	AR	AR07	22379	-34.5875	-58.6725	-979186	4	Buenos Aires, Distrito Federal, Argentina	AR	AR07	22379	-34.5875	-58.6725	-979186	20260903171500	https://www.riotimesonline.com/mutek-argentina-2026-buenos-aires-october-7-11-electronic-music-digital-arts/
1321334043	20260903	202609	2026	2026.6658	CAN	OTTAWA	CAN								AUS	PERTH	AUS								1	0311	031	03	1	5.2	3	1	3	-4.74860335195531	4	Lanark County, South Lanarkshire, United Kingdom	UK	UKW5	40176	55.5833	-3.83333	-2600653	4	Lanark County, South Lanarkshire, United Kingdom	UK	UKW5	40176	55.5833	-3.83333	-2600653	4	Lanark County, South Lanarkshire, United Kingdom	UK	UKW5	40176	55.5833	-3.83333	-2600653	20260903171500	https://www.insideottawavalley.com/news/crime/perth-last-duel-park-murder-charges/article_e4432f82-d296-5dc1-9101-c44f307185a3.html
1321334044	20260903	202609	2026	2026.6658	CAN	OTTAWA	CAN								AUS	AUSTRALIA	AUS								1	112	112	11	3	-2.0	2	1	2	-4.74860335195531	4	Lanark County, South Lanarkshire, United Kingdom	UK	UKW5	40176	55.5833	-3.83333	-2600653	4	Lanark County, South Lanarkshire, United Kingdom	UK	UKW5	40176	55.5833	-3.83333	-2600653	4	Lanark County, South Lanarkshire, United Kingdom	UK	UKW5	40176	55.5833	-3.83333	-2600653	20260903171500	https://www.insideottawavalley.com/news/crime/perth-last-duel-park-murder-charges/article_e4432f82-d296-5dc1-9101-c44f307185a3.html
1321334045	20260903	202609	2026	2026.6658	CAN	OTTAWA	CAN								AUS	PERTH	AUS								1	112	112	11	3	-2.0	3	1	3	-4.74860335195531	4	Ottawa, Ontario, Canada	CA	CA08	12755	45.4167	-75.7	-570760	4	Perth, Western Australia, Australia	AS	AS08	5533	-31.9333	115.833	-1594675	4	Perth, Western Australia, Australia	AS	AS08	5533	-31.9333	115.833	-1594675	20260903171500	https://www.insideottawavalley.com/news/crime/perth-last-duel-park-murder-charges/article_e4432f82-d296-5dc1-9101-c44f307185a3.html
1321334046	20260903	202609	2026	2026.6658	CAN	CANADIAN	CAN								CANMED	CANADA	CAN					MED			1	043	043	04	1	2.8	2	1	2	0	4	Dawson City, Yukon, Canada	CA	CA12	25042	64.0667	-139.417	-563371	4	Dawson City, Yukon, Canada	CA	CA12	25042	64.0667	-139.417	-563371	4	Dawson City, Yukon, Canada	CA	CA12	25042	64.0667	-139.417	-563371	20260903171500	https://www.thecolumbiastar.com/articles/alaska-the-final-frontier-dawson-city-pierre-berton-prisoner-of-the-north/
1321334047	20260903	202609	2026	2026.6658	CAN	NOVA SCOTIA	CAN								COP	POLICE						COP			1	020	020	02	1	3.0	10	1	10	1.73410404624278	0								0								0								20260903171500	https://www.saltwire.com/cape-breton/nova-scotia-rcmp-advise-road-closure-in-cape-breton-for-arrest
1321334048	20260903	202609	2026	2026.6658	CAN	CANADIAN	CAN								FRA	FRANCE	FRA								1	042	042	04	1	1.9	2	1	2	-2.75590551181102	1	Canada	CA	CA		60	-96	CA	1	Canada	CA	CA		60	-96	CA	1	Canada	CA	CA		60	-96	CA	20260903171500	https://www.ncspin.com:443/a-dagger-in-the-heart
1321334049	20260903	202609	2026	2026.6658	CAN	CANADA	CAN								GOV	AMBASSADOR						GOV			0	017	017	01	1	0.0	10	1	10	-0.63613231552163	1	Canada	CA	CA		60	-96	CA	1	Canada	CA	CA		60	-96	CA	1	Canada	CA	CA		60	-96	CA	20260903171500	https://www.saltwire.com/public-service/defence-watch/u-s-admiral-dodges-questions-about-attacking-canada-but-acknowledges-he-would-follow-trumps-orders/wcm/44e3c2a8-b5e5-4532-8d3e-c72aa16d8255
1321334050	20260903	202609	2026	2026.6658	CAN	CANADIAN	CAN								GOV	PRESIDENT						GOV			0	040	040	04	1	1.0	2	1	2	0.27855153203342	4	Thunder Bay, Ontario, Canada	CA	CA08	12684	48.4	-89.2333	-574784	4	Thunder Bay, Ontario, Canada	CA	CA08	12684	48.4	-89.2333	-574784	4	Thunder Bay, Ontario, Canada	CA	CA08	12684	48.4	-89.2333	-574784	20260903171500	https://finance.yahoo.com/news/canada-ready-us-trade-deal-161911857.html
1321334051	20260903	202609	2026	2026.6658	CAN	CANADA	CAN								GOV	AMBASSADOR						GOV			0	154	154	15	4	-7.2	10	1	10	-0.63613231552163	1	Canada	CA	CA		60	-96	CA	1	Canada	CA	CA		60	-96	CA	1	Canada	CA	CA		60	-96	CA	20260903171500	https://www.saltwire.com/public-service/defence-watch/u-s-admiral-dodges-questions-about-attacking-canada-but-acknowledges-he-would-follow-trumps-orders/wcm/44e3c2a8-b5e5-4532-8d3e-c72aa16d8255
1321334052	20260903	202609	2026	2026.6658	CAN	ONTARIO	CAN								LAB	WORKER						LAB			0	030	030	03	1	4.0	10	1	10	3.77200335289187	1	United States	US	US		39.828175	-98.5795	US	1	United States	US	US		39.828175	-98.5795	US	1	United States	US	US		39.828175	-98.5795	US	20260903171500	https://www.nugget.ca:443/news/project-to-restart-the-shuttered-espanola-pulp-mill-takes-a-step-forward
1321334053	20260903	202609	2026	2026.6658	CAN	CANADIAN	CAN								MIL	MILITARY						MIL			0	036	036	03	1	4.0	4	1	4	-0.63613231552163	1	Canada	CA	CA		60	-96	CA	1	Canada	CA	CA		60	-96	CA	1	Canada	CA	CA		60	-96	CA	20260903171500	https://www.saltwire.com/public-service/defence-watch/u-s-admiral-dodges-questions-about-attacking-canada-but-acknowledges-he-would-follow-trumps-orders/wcm/44e3c2a8-b5e5-4532-8d3e-c72aa16d8255
1321334054	20260903	202609	2026	2026.6658	CAN	OTTAWA	CAN								RUSGOV	RUSSIA	RUS					GOV			1	043	043	04	1	2.8	10	1	10	-1.8796992481203	4	Ottawa, Ontario, Canada	CA	CA08	12755	45.4167	-75.7	-570760	4	Ottawa, Ontario, Canada	CA	CA08	12755	45.4167	-75.7	-570760	4	Ottawa, Ontario, Canada	CA	CA08	12755	45.4167	-75.7	-570760	20260903171500	https://www.wellandtribune.ca/news/canada/carney-says-he-ll-tell-putin-to-end-ukraine-war-if-trump-welcomes-him-to-g20-summit/article_2d8fb79c-c5c1-545e-8250-30c90a77c5a4.html
1321334055	20260903	202609	2026	2026.6658	CAN	OTTAWA	CAN								USA	WASHINGTON	USA								1	046	046	04	1	7.0	10	1	7	-4.27591770875353	4	Ottawa, Ontario, Canada	CA	CA08	12755	45.4167	-75.7	-570760	3	Washington, District of Columbia, United States	US	USDC	DC001	38.8951	-77.0364	531871	3	Washington, District of Columbia, United States	US	USDC	DC001	38.8951	-77.0364	531871	20260903171500	https://www.riotimesonline.com/usa-canada-intelligence-brief-thursday-september-3-2026/
1321334056	20260903	202609	2026	2026.6658	CAN	OTTAWA	CAN								USA	WASHINGTON	USA								0	046	046	04	1	7.0	2	1	2	-4.27591770875353	3	Washington, District of Columbia, United States	US	USDC	DC001	38.8951	-77.0364	531871	3	Washington, District of Columbia, United States	US	USDC	DC001	38.8951	-77.0364	531871	4	Ottawa, Ontario, Canada	CA	CA08	12755	45.4167	-75.7	-570760	20260903171500	https://www.riotimesonline.com/usa-canada-intelligence-brief-thursday-september-3-2026/
1321334057	20260903	202609	2026	2026.6658	CAN	CANADA	CAN								USA	UNITED STATES	USA								1	046	046	04	1	7.0	3	1	2	-4.27591770875353	3	Washington, District of Columbia, United States	US	USDC	DC001	38.8951	-77.0364	531871	3	Washington, District of Columbia, United States	US	USDC	DC001	38.8951	-77.0364	531871	3	Washington, District of Columbia, United States	US	USDC	DC001	38.8951	-77.0364	531871	20260903171500	https://www.riotimesonline.com/usa-canada-intelligence-brief-thursday-september-3-2026/
1321334058	20260903	202609	2026	2026.6658	CAN	CANADIAN	CAN								USA	UNITED STATES	USA								0	051	051	05	1	3.4	2	1	2	-4.27591770875353	4	Quebec, Quebec, Canada	CA	CA10	12750	47.5	-72	-571850	3	Washington, District of Columbia, United States	US	USDC	DC001	38.8951	-77.0364	531871	3	Washington, District of Columbia, United States	US	USDC	DC001	38.8951	-77.0364	531871	20260903171500	https://www.riotimesonline.com/usa-canada-intelligence-brief-thursday-september-3-2026/
1321334059	20260903	202609	2026	2026.6658	CAN	CANADIAN	CAN								USA	UNITED STATES	USA								0	051	051	05	1	3.4	2	1	2	-4.27591770875353	3	Washington, District of Columbia, United States	US	USDC	DC001	38.8951	-77.0364	531871	4	Quebec, Quebec, Canada	CA	CA10	12750	47.5	-72	-571850	3	Washington, District of Columbia, United States	US	USDC	DC001	38.8951	-77.0364	531871	20260903171500	https://www.riotimesonline.com/usa-canada-intelligence-brief-thursday-september-3-2026/
1321334060	20260903	202609	2026	2026.6658	CAN	OTTAWA	CAN								USA	WASHINGTON	USA								1	164	164	16	4	-7.0	9	1	7	-4.27591770875353	4	Ottawa, Ontario, Canada	CA	CA08	12755	45.4167	-75.7	-570760	3	Washington, District of Columbia, United States	US	USDC	DC001	38.8951	-77.0364	531871	4	Ottawa, Ontario, Canada	CA	CA08	12755	45.4167	-75.7	-570760	20260903171500	https://www.riotimesonline.com/usa-canada-intelligence-brief-thursday-september-3-2026/
1321334061	20260903	202609	2026	2026.6658	CAN	CANADA	CAN								USA	UNITED STATES	USA								1	164	164	16	4	-7.0	3	1	2	-4.27591770875353	3	Washington, District of Columbia, United States	US	USDC	DC001	38.8951	-77.0364	531871	3	Washington, District of Columbia, United States	US	USDC	DC001	38.8951	-77.0364	531871	4	Ottawa, Ontario, Canada	CA	CA08	12755	45.4167	-75.7	-570760	20260903171500	https://www.riotimesonline.com/usa-canada-intelligence-brief-thursday-september-3-2026/
1321334062	20260903	202609	2026	2026.6658	CAN	OTTAWA	CAN								USA	WASHINGTON	USA								0	164	164	16	4	-7.0	1	1	1	-4.27591770875353	3	Washington, District of Columbia, United States	US	USDC	DC001	38.8951	-77.0364	531871	3	Washington, District of Columbia, United States	US	USDC	DC001	38.8951	-77.0364	531871	3	Washington, District of Columbia, United States	US	USDC	DC001	38.8951	-77.0364	531871	20260903171500	https://www.riotimesonline.com/usa-canada-intelligence-brief-thursday-september-3-2026/
1321334063	20260903	202609	2026	2026.6658	CANBUS	CANADIAN	CAN					BUS			USA	AMERICAN	USA								0	051	051	05	1	3.4	6	1	6	-4.27591770875353	4	Quebec, Quebec, Canada	CA	CA10	12750	47.5	-72	-571850	3	Washington, District of Columbia, United States	US	USDC	DC001	38.8951	-77.0364	531871	3	Washington, District of Columbia, United States	US	USDC	DC001	38.8951	-77.0364	531871	20260903171500	https://www.riotimesonline.com/usa-canada-intelligence-brief-thursday-september-3-2026/
1321334064	20260903	202609	2026	2026.6658	CANGOV	CANADA	CAN					GOV			USAGOV	OVAL OFFICE	USA					GOV			1	046	046	04	1	7.0	2	1	2	1.13636363636363	4	Montreal, Quebec, Canada	CA	CA10	12713	45.5	-73.5833	-569541	4	Montreal, Quebec, Canada	CA	CA10	12713	45.5	-73.5833	-569541	4	Montreal, Quebec, Canada	CA	CA10	12713	45.5	-73.5833	-569541	20260903171500	https://www.saltwire.com/news/canada/the-key-to-winning-the-canada-u-s-trade-war-is-not-retaliating-says-think-tank/wcm/20110e63-9a65-48be-badc-c35ccb3c5e81
1321334065	20260903	202609	2026	2026.6658	CANGOVBUS	MARK CARNEY	CAN					GOV	BUS		CAN	CANADIAN	CAN								0	138	138	13	3	-7.0	10	1	10	-0.63613231552163	1	Canada	CA	CA		60	-96	CA	1	Canada	CA	CA		60	-96	CA	1	Canada	CA	CA		60	-96	CA	20260903171500	https://www.saltwire.com/public-service/defence-watch/u-s-admiral-dodges-questions-about-attacking-canada-but-acknowledges-he-would-follow-trumps-orders/wcm/44e3c2a8-b5e5-4532-8d3e-c72aa16d8255
1321334066	20260903	202609	2026	2026.6658	CANMED	CANADIAN	CAN					MED													1	043	043	04	1	2.8	6	1	6	0	4	Toronto, Ontario, Canada	CA	CA08	12686	43.6667	-79.4167	-574890	0								4	Toronto, Ontario, Canada	CA	CA08	12686	43.6667	-79.4167	-574890	20260903171500	https://www.thecolumbiastar.com/articles/alaska-the-final-frontier-dawson-city-pierre-berton-prisoner-of-the-north/
1321334067	20260903	202609	2026	2026.6658	CANMED	CANADA	CAN					MED			CAN	CANADIAN	CAN								1	042	042	04	1	1.9	1	1	1	0	4	Dawson City, Yukon, Canada	CA	CA12	25042	64.0667	-139.417	-563371	4	Dawson City, Yukon, Canada	CA	CA12	25042	64.0667	-139.417	-563371	4	Dawson City, Yukon, Canada	CA	CA12	25042	64.0667	-139.417	-563371	20260903171500	https://www.thecolumbiastar.com/articles/alaska-the-final-frontier-dawson-city-pierre-berton-prisoner-of-the-north/
1321334068	20260903	202609	2026	2026.6658	CANMED	CANADA	CAN					MED			CAN	CANADIAN	CAN								1	042	042	04	1	1.9	1	1	1	0	4	Dawson City, Yukon, Canada	CA	CA12	25042	64.0667	-139.417	-563371	4	Dawson City, Yukon, Canada	CA	CA12	25042	64.0667	-139.417	-563371	4	Toronto, Ontario, Canada	CA	CA08	12686	43.6667	-79.4167	-574890	20260903171500	https://www.thecolumbiastar.com/articles/alaska-the-final-frontier-dawson-city-pierre-berton-prisoner-of-the-north/
1321334069	20260903	202609	2026	2026.6658	CANMIL	CANADIAN	CAN					MIL			MIL	MILITARY						MIL			0	036	036	03	1	4.0	6	1	6	-0.63613231552163	1	Canada	CA	CA		60	-96	CA	1	Canada	CA	CA		60	-96	CA	1	Canada	CA	CA		60	-96	CA	20260903171500	https://www.saltwire.com/public-service/defence-watch/u-s-admiral-dodges-questions-about-attacking-canada-but-acknowledges-he-would-follow-trumps-orders/wcm/44e3c2a8-b5e5-4532-8d3e-c72aa16d8255
1321334070	20260903	202609	2026	2026.6658	CHE	SWITZERLAND	CHE								GOV	AUTHORITIES						GOV			1	020	020	02	1	3.0	4	1	4	-1.45985401459854	4	Geneva, Genè, Switzerland	SZ	SZ07	16329	46.1956	6.14811	-2552151	4	Geneva, Genè, Switzerland	SZ	SZ07	16329	46.1956	6.14811	-2552151	4	Geneva, Genè, Switzerland	SZ	SZ07	16329	46.1956	6.14811	-2552151	20260903171500	https://www.thehindu.com/news/international/el-nino-could-be-strongest-in-decades-un-warns/article71425407.ece
1321334071	20260903	202609	2026	2026.6658	CHL	CHILE	CHL																		0	040	040	04	1	1.0	1	1	1	-0.14134275618375	4	Madrid, Madrid, Spain	SP	SP29	25820	40.4	-3.68333	-390625	0								4	Madrid, Madrid, Spain	SP	SP29	25820	40.4	-3.68333	-390625	20260903171500	https://www.riotimesonline.com/milei-madrid-forum-santiago-kast-2026/
1321334072	20260903	202609	2026	2026.6658	CHL	CHILE	CHL																		0	043	043	04	1	2.8	2	1	2	-0.14134275618375	4	Santiago, Regióetropolitana, Chile	CI	CI12	22379	-33.45	-70.6667	-901202	0								1	United States	US	US		39.828175	-98.5795	US	20260903171500	https://www.riotimesonline.com/milei-madrid-forum-santiago-kast-2026/
1321334073	20260903	202609	2026	2026.6658	CHL	CHILEAN	CHL																		1	046	046	04	1	7.0	1	1	1	-0.14134275618375	4	Santiago, Regióetropolitana, Chile	CI	CI12	22379	-33.45	-70.6667	-901202	0								4	Santiago, Regióetropolitana, Chile	CI	CI12	22379	-33.45	-70.6667	-901202	20260903171500	https://www.riotimesonline.com/milei-madrid-forum-santiago-kast-2026/
1321334074	20260903	202609	2026	2026.6658	CHL	CHILEAN	CHL																		1	046	046	04	1	7.0	1	1	1	-0.14134275618375	4	Santiago, Regióetropolitana, Chile	CI	CI12	22379	-33.45	-70.6667	-901202	0								4	Buenos Aires, Distrito Federal, Argentina	AR	AR07	22379	-34.5875	-58.6725	-979186	20260903171500	https://www.riotimesonline.com/milei-madrid-forum-santiago-kast-2026/
1321334075	20260903	202609	2026	2026.6658	CHL	CHILE	CHL																		0	057	057	05	1	8.0	2	1	2	-0.14134275618375	4	Santiago, Regióetropolitana, Chile	CI	CI12	22379	-33.45	-70.6667	-901202	0								4	Santiago, Regióetropolitana, Chile	CI	CI12	22379	-33.45	-70.6667	-901202	20260903171500	https://www.riotimesonline.com/milei-madrid-forum-santiago-kast-2026/
1321334076	20260903	202609	2026	2026.6658	CHL	CHILE	CHL								ARG	ARGENTINA	ARG								0	020	020	02	1	3.0	2	1	2	-0.14134275618375	4	Santiago, Regióetropolitana, Chile	CI	CI12	22379	-33.45	-70.6667	-901202	4	Buenos Aires, Distrito Federal, Argentina	AR	AR07	22379	-34.5875	-58.6725	-979186	4	Buenos Aires, Distrito Federal, Argentina	AR	AR07	22379	-34.5875	-58.6725	-979186	20260903171500	https://www.riotimesonline.com/milei-madrid-forum-santiago-kast-2026/
1321334077	20260903	202609	2026	2026.6658	CHL	CHILE	CHL								ARG	ARGENTINA	ARG								0	020	020	02	1	3.0	2	1	2	-0.14134275618375	4	Santiago, Regióetropolitana, Chile	CI	CI12	22379	-33.45	-70.6667	-901202	1	United States	US	US		39.828175	-98.5795	US	1	United States	US	US		39.828175	-98.5795	US	20260903171500	https://www.riotimesonline.com/milei-madrid-forum-santiago-kast-2026/
1321334078	20260903	202609	2026	2026.6658	CHL	CHILE	CHL								ARG	BUENOS AIRES	ARG								1	042	042	04	1	1.9	1	1	1	-0.14134275618375	4	Madrid, Madrid, Spain	SP	SP29	25820	40.4	-3.68333	-390625	4	Madrid, Madrid, Spain	SP	SP29	25820	40.4	-3.68333	-390625	4	Madrid, Madrid, Spain	SP	SP29	25820	40.4	-3.68333	-390625	20260903171500	https://www.riotimesonline.com/milei-madrid-forum-santiago-kast-2026/
1321334079	20260903	202609	2026	2026.6658	CHL	CHILE	CHL								ARG	ARGENTINA	ARG								1	042	042	04	1	1.9	3	1	2	-0.14134275618375	4	Santiago, Regióetropolitana, Chile	CI	CI12	22379	-33.45	-70.6667	-901202	4	Santiago, Regióetropolitana, Chile	CI	CI12	22379	-33.45	-70.6667	-901202	4	Santiago, Regióetropolitana, Chile	CI	CI12	22379	-33.45	-70.6667	-901202	20260903171500	https://www.riotimesonline.com/milei-madrid-forum-santiago-kast-2026/
1321334080	20260903	202609	2026	2026.6658	CHL	CHILE	CHL								ARG	ARGENTINE	ARG								1	042	042	04	1	1.9	1	1	1	-0.14134275618375	4	Santiago, Regióetropolitana, Chile	CI	CI12	22379	-33.45	-70.6667	-901202	4	Buenos Aires, Distrito Federal, Argentina	AR	AR07	22379	-34.5875	-58.6725	-979186	4	Santiago, Regióetropolitana, Chile	CI	CI12	22379	-33.45	-70.6667	-901202	20260903171500	https://www.riotimesonline.com/milei-madrid-forum-santiago-kast-2026/
1321334081	20260903	202609	2026	2026.6658	CHL	CHILE	CHL								ARG	ARGENTINA	ARG								1	042	042	04	1	1.9	5	1	2	-0.14134275618375	4	Santiago, Regióetropolitana, Chile	CI	CI12	22379	-33.45	-70.6667	-901202	4	Buenos Aires, Distrito Federal, Argentina	AR	AR07	22379	-34.5875	-58.6725	-979186	4	Buenos Aires, Distrito Federal, Argentina	AR	AR07	22379	-34.5875	-58.6725	-979186	20260903171500	https://www.riotimesonline.com/milei-madrid-forum-santiago-kast-2026/
1321334082	20260903	202609	2026	2026.6658	CHL	CHILE	CHL								ARG	ARGENTINA	ARG								0	042	042	04	1	1.9	2	1	2	-0.14134275618375	4	Santiago, Regióetropolitana, Chile	CI	CI12	22379	-33.45	-70.6667	-901202	1	United States	US	US		39.828175	-98.5795	US	1	United States	US	US		39.828175	-98.5795	US	20260903171500	https://www.riotimesonline.com/milei-madrid-forum-santiago-kast-2026/
1321334083	20260903	202609	2026	2026.6658	CHL	CHILE	CHL								ARG	BUENOS AIRES	ARG								0	043	043	04	1	2.8	1	1	1	-0.14134275618375	4	Madrid, Madrid, Spain	SP	SP29	25820	40.4	-3.68333	-390625	4	Santiago, Regióetropolitana, Chile	CI	CI12	22379	-33.45	-70.6667	-901202	4	Santiago, Regióetropolitana, Chile	CI	CI12	22379	-33.45	-70.6667	-901202	20260903171500	https://www.riotimesonline.com/milei-madrid-forum-santiago-kast-2026/
1321334084	20260903	202609	2026	2026.6658	CHL	SANTIAGO	CHL								ARG	ARGENTINE	ARG								1	043	043	04	1	2.8	4	1	3	-0.14134275618375	4	Santiago, Regióetropolitana, Chile	CI	CI12	22379	-33.45	-70.6667	-901202	4	Buenos Aires, Distrito Federal, Argentina	AR	AR07	22379	-34.5875	-58.6725	-979186	4	Santiago, Regióetropolitana, Chile	CI	CI12	22379	-33.45	-70.6667	-901202	20260903171500	https://www.riotimesonline.com/milei-madrid-forum-santiago-kast-2026/
1321334085	20260903	202609	2026	2026.6658	CHL	CHILE	CHL								ARG	BUENOS AIRES	ARG								0	043	043	04	1	2.8	7	1	7	-0.14134275618375	4	Santiago, Regióetropolitana, Chile	CI	CI12	22379	-33.45	-70.6667	-901202	4	Buenos Aires, Distrito Federal, Argentina	AR	AR07	22379	-34.5875	-58.6725	-979186	4	Buenos Aires, Distrito Federal, Argentina	AR	AR07	22379	-34.5875	-58.6725	-979186	20260903171500	https://www.riotimesonline.com/milei-madrid-forum-santiago-kast-2026/
1321334086	20260903	202609	2026	2026.6658	CHL	CHILE	CHL								ARG	ARGENTINE	ARG								1	043	043	04	1	2.8	1	1	1	-0.14134275618375	1	United States	US	US		39.828175	-98.5795	US	4	Santiago, Regióetropolitana, Chile	CI	CI12	22379	-33.45	-70.6667	-901202	4	Santiago, Regióetropolitana, Chile	CI	CI12	22379	-33.45	-70.6667	-901202	20260903171500	https://www.riotimesonline.com/milei-madrid-forum-santiago-kast-2026/
1321334087	20260903	202609	2026	2026.6658	CHL	CHILEAN	CHL								ARG	ARGENTINE	ARG								1	046	046	04	1	7.0	1	1	1	-0.14134275618375	4	Santiago, Regióetropolitana, Chile	CI	CI12	22379	-33.45	-70.6667	-901202	4	Buenos Aires, Distrito Federal, Argentina	AR	AR07	22379	-34.5875	-58.6725	-979186	4	Santiago, Regióetropolitana, Chile	CI	CI12	22379	-33.45	-70.6667	-901202	20260903171500	https://www.riotimesonline.com/milei-madrid-forum-santiago-kast-2026/
1321334088	20260903	202609	2026	2026.6658	CHL	CHILEAN	CHL								ARG	ARGENTINE	ARG								1	046	046	04	1	7.0	1	1	1	-0.14134275618375	4	Santiago, Regióetropolitana, Chile	CI	CI12	22379	-33.45	-70.6667	-901202	4	Buenos Aires, Distrito Federal, Argentina	AR	AR07	22379	-34.5875	-58.6725	-979186	4	Buenos Aires, Distrito Federal, Argentina	AR	AR07	22379	-34.5875	-58.6725	-979186	20260903171500	https://www.riotimesonline.com/milei-madrid-forum-santiago-kast-2026/
1321334089	20260903	202609	2026	2026.6658	CHL	CHILE	CHL								ARGGOV	ARGENTINE	ARG					GOV			1	043	043	04	1	2.8	8	1	4	-0.14134275618375	4	Santiago, Regióetropolitana, Chile	CI	CI12	22379	-33.45	-70.6667	-901202	4	Buenos Aires, Distrito Federal, Argentina	AR	AR07	22379	-34.5875	-58.6725	-979186	4	Santiago, Regióetropolitana, Chile	CI	CI12	22379	-33.45	-70.6667	-901202	20260903171500	https://www.riotimesonline.com/milei-madrid-forum-santiago-kast-2026/
1321334090	20260903	202609	2026	2026.6658	CHL	CHILE	CHL								ARGGOV	ARGENTINA	ARG					GOV			1	043	043	04	1	2.8	4	1	2	-0.14134275618375	4	Santiago, Regióetropolitana, Chile	CI	CI12	22379	-33.45	-70.6667	-901202	4	Buenos Aires, Distrito Federal, Argentina	AR	AR07	22379	-34.5875	-58.6725	-979186	4	Buenos Aires, Distrito Federal, Argentina	AR	AR07	22379	-34.5875	-58.6725	-979186	20260903171500	https://www.riotimesonline.com/milei-madrid-forum-santiago-kast-2026/
1321334091	20260903	202609	2026	2026.6658	CHL	SANTIAGO	CHL								ESP	MADRID	ESP								0	040	040	04	1	1.0	5	1	5	-0.14134275618375	4	Santiago, Regióetropolitana, Chile	CI	CI12	22379	-33.45	-70.6667	-901202	4	Madrid, Madrid, Spain	SP	SP29	25820	40.4	-3.68333	-390625	4	Santiago, Regióetropolitana, Chile	CI	CI12	22379	-33.45	-70.6667	-901202	20260903171500	https://www.riotimesonline.com/milei-madrid-forum-santiago-kast-2026/
1321334092	20260903	202609	2026	2026.6658	CHL	SANTIAGO	CHL								ESP	MADRID	ESP								0	040	040	04	1	1.0	1	1	1	-0.14134275618375	4	Santiago, Regióetropolitana, Chile	CI	CI12	22379	-33.45	-70.6667	-901202	4	Santiago, Regióetropolitana, Chile	CI	CI12	22379	-33.45	-70.6667	-901202	4	Santiago, Regióetropolitana, Chile	CI	CI12	22379	-33.45	-70.6667	-901202	20260903171500	https://www.riotimesonline.com/milei-madrid-forum-santiago-kast-2026/
1321334093	20260903	202609	2026	2026.6658	CHL	CHILE	CHL								ESP	MADRID	ESP								1	042	042	04	1	1.9	1	1	1	-0.14134275618375	4	Madrid, Madrid, Spain	SP	SP29	25820	40.4	-3.68333	-390625	4	Madrid, Madrid, Spain	SP	SP29	25820	40.4	-3.68333	-390625	4	Madrid, Madrid, Spain	SP	SP29	25820	40.4	-3.68333	-390625	20260903171500	https://www.riotimesonline.com/milei-madrid-forum-santiago-kast-2026/
1321334094	20260903	202609	2026	2026.6658	CHL	CHILE	CHL								ESP	MADRID	ESP								0	042	042	04	1	1.9	8	1	8	-0.14134275618375	4	Santiago, Regióetropolitana, Chile	CI	CI12	22379	-33.45	-70.6667	-901202	4	Madrid, Madrid, Spain	SP	SP29	25820	40.4	-3.68333	-390625	4	Santiago, Regióetropolitana, Chile	CI	CI12	22379	-33.45	-70.6667	-901202	20260903171500	https://www.riotimesonline.com/milei-madrid-forum-santiago-kast-2026/
1321334095	20260903	202609	2026	2026.6658	CHL	CHILE	CHL								ESP	MADRID	ESP								0	042	042	04	1	1.9	2	1	2	-0.14134275618375	4	Santiago, Regióetropolitana, Chile	CI	CI12	22379	-33.45	-70.6667	-901202	4	Santiago, Regióetropolitana, Chile	CI	CI12	22379	-33.45	-70.6667	-901202	4	Santiago, Regióetropolitana, Chile	CI	CI12	22379	-33.45	-70.6667	-901202	20260903171500	https://www.riotimesonline.com/milei-madrid-forum-santiago-kast-2026/
1321334096	20260903	202609	2026	2026.6658	CHL	CHILE	CHL								ESP	MADRID	ESP								1	042	042	04	1	1.9	1	1	1	-0.14134275618375	4	Buenos Aires, Distrito Federal, Argentina	AR	AR07	22379	-34.5875	-58.6725	-979186	4	Buenos Aires, Distrito Federal, Argentina	AR	AR07	22379	-34.5875	-58.6725	-979186	4	Buenos Aires, Distrito Federal, Argentina	AR	AR07	22379	-34.5875	-58.6725	-979186	20260903171500	https://www.riotimesonline.com/milei-madrid-forum-santiago-kast-2026/
1321334097	20260903	202609	2026	2026.6658	CHL	CHILE	CHL								GOV	PRESIDENT						GOV			0	040	040	04	1	1.0	6	1	6	-0.14134275618375	4	Santiago, Regióetropolitana, Chile	CI	CI12	22379	-33.45	-70.6667	-901202	4	Madrid, Madrid, Spain	SP	SP29	25820	40.4	-3.68333	-390625	4	Madrid, Madrid, Spain	SP	SP29	25820	40.4	-3.68333	-390625	20260903171500	https://www.riotimesonline.com/milei-madrid-forum-santiago-kast-2026/
1321334098	20260903	202609	2026	2026.6658	CHL	CHILE	CHL								GOV	PRESIDENT						GOV			0	040	040	04	1	1.0	6	1	4	-0.14134275618375	4	Santiago, Regióetropolitana, Chile	CI	CI12	22379	-33.45	-70.6667	-901202	4	Santiago, Regióetropolitana, Chile	CI	CI12	22379	-33.45	-70.6667	-901202	4	Santiago, Regióetropolitana, Chile	CI	CI12	22379	-33.45	-70.6667	-901202	20260903171500	https://www.riotimesonline.com/milei-madrid-forum-santiago-kast-2026/
1321334099	20260903	202609	2026	2026.6658	CHL	CHILE	CHL								GOV	PRESIDENT						GOV			0	046	046	04	1	7.0	6	1	6	-0.14134275618375	4	Santiago, Regióetropolitana, Chile	CI	CI12	22379	-33.45	-70.6667	-901202	4	Madrid, Madrid, Spain	SP	SP29	25820	40.4	-3.68333	-390625	4	Madrid, Madrid, Spain	SP	SP29	25820	40.4	-3.68333	-390625	20260903171500	https://www.riotimesonline.com/milei-madrid-forum-santiago-kast-2026/
1321334100	20260903	202609	2026	2026.6658	CHL	CHILE	CHL								GOV	PRESIDENT						GOV			0	046	046	04	1	7.0	2	1	2	-0.14134275618375	4	Santiago, Regióetropolitana, Chile	CI	CI12	22379	-33.45	-70.6667	-901202	4	Santiago, Regióetropolitana, Chile	CI	CI12	22379	-33.45	-70.6667	-901202	4	Madrid, Madrid, Spain	SP	SP29	25820	40.4	-3.68333	-390625	20260903171500	https://www.riotimesonline.com/milei-madrid-forum-santiago-kast-2026/
1321334101	20260903	202609	2026	2026.6658	CHL	CHILE	CHL								GOV	PRESIDENT						GOV			0	046	046	04	1	7.0	2	1	2	-0.14134275618375	4	Santiago, Regióetropolitana, Chile	CI	CI12	22379	-33.45	-70.6667	-901202	4	Santiago, Regióetropolitana, Chile	CI	CI12	22379	-33.45	-70.6667	-901202	4	Santiago, Regióetropolitana, Chile	CI	CI12	22379	-33.45	-70.6667	-901202	20260903171500	https://www.riotimesonline.com/milei-madrid-forum-santiago-kast-2026/
1321334102	20260903	202609	2026	2026.6658	CHLGOV	CHILE	CHL					GOV													0	040	040	04	1	1.0	2	1	2	-0.14134275618375	4	Santiago, Regióetropolitana, Chile	CI	CI12	22379	-33.45	-70.6667	-901202	0								4	Santiago, Regióetropolitana, Chile	CI	CI12	22379	-33.45	-70.6667	-901202	20260903171500	https://www.riotimesonline.com/milei-madrid-forum-santiago-kast-2026/
1321334103	20260903	202609	2026	2026.6658	CHLGOV	CHILEAN	CHL					GOV			ARGGOV	ARGENTINE	ARG					GOV			1	046	046	04	1	7.0	6	1	6	-0.14134275618375	4	Santiago, Regióetropolitana, Chile	CI	CI12	22379	-33.45	-70.6667	-901202	4	Buenos Aires, Distrito Federal, Argentina	AR	AR07	22379	-34.5875	-58.6725	-979186	4	Santiago, Regióetropolitana, Chile	CI	CI12	22379	-33.45	-70.6667	-901202	20260903171500	https://www.riotimesonline.com/milei-madrid-forum-santiago-kast-2026/
1321334104	20260903	202609	2026	2026.6658	CHN	CHINA	CHN								BGD	BANGLADESH	BGD								0	043	043	04	1	2.8	2	1	2	0.807265388496471	4	Beijing, Beijing, China	CH	CH22	13001	39.9289	116.388	-1898541	4	Dhaka, Dhaka, Bangladesh	BG	BG81	5778	23.7231	90.4086	-2737683	4	Beijing, Beijing, China	CH	CH22	13001	39.9289	116.388	-1898541	20260903171500	https://www.realclearworld.com/articles/2026/09/03/bangladesh_is_reshaping_its_relationship_with_india_1204068.html
1321334105	20260903	202609	2026	2026.6658	CHN	CHINA	CHN								BGD	BANGLADESH	BGD								0	043	043	04	1	2.8	2	1	2	0.807265388496471	4	New Delhi, Delhi, India	IN	IN07	17911	28.6	77.2	-2106102	4	Dhaka, Dhaka, Bangladesh	BG	BG81	5778	23.7231	90.4086	-2737683	4	Dhaka, Dhaka, Bangladesh	BG	BG81	5778	23.7231	90.4086	-2737683	20260903171500	https://www.realclearworld.com/articles/2026/09/03/bangladesh_is_reshaping_its_relationship_with_india_1204068.html
1321334106	20260903	202609	2026	2026.6658	CHN	XINJIANG	CHN								CHNCVL	CHINA	CHN					CVL			1	1122	112	11	3	-2.0	1	1	1	-2.35148514851485	4	Xinjiang, Jiangxi, China	CH	CH03	13167	27.7481	116.274	11065838	4	Xinjiang, Jiangxi, China	CH	CH03	13167	27.7481	116.274	11065838	4	Xinjiang, Jiangxi, China	CH	CH03	13167	27.7481	116.274	11065838	20260903171500	https://www.theguardian.com/politics/2026/sep/03/reform-media-presenter-worked-chinese-state-propaganda-channel
1321334107	20260903	202609	2026	2026.6658	CHN	XINJIANG	CHN								CHNCVL	CHINA	CHN					CVL			1	1122	112	11	3	-2.0	1	1	1	-2.35148514851485	4	Xinjiang, Jiangxi, China	CH	CH03	13167	27.7481	116.274	11065838	1	United Kingdom	UK	UK		54	-4	UK	1	United Kingdom	UK	UK		54	-4	UK	20260903171500	https://www.theguardian.com/politics/2026/sep/03/reform-media-presenter-worked-chinese-state-propaganda-channel
1321334108	20260903	202609	2026	2026.6658	CHN	TIBET	CHN								CHNGOVMED	CHINESE	CHN					GOV	MED		1	190	190	19	4	-10.0	8	1	8	-6.26450116009281	4	Tatopani, Nepal (general), Nepal	NP	NP00	22352	27.9419	85.9416	-1022692	4	Tatopani, Nepal (general), Nepal	NP	NP00	22352	27.9419	85.9416	-1022692	4	Tatopani, Nepal (general), Nepal	NP	NP00	22352	27.9419	85.9416	-1022692	20260903171500	https://www.thehindu.com/news/international/nepal-flash-floods-death-toll-missing-search-operations-fresh-risks/article71425373.ece
1321334109	20260903	202609	2026	2026.6658	CHN	CHINA	CHN								EUR	EUROPE	EUR								0	072	072	07	2	8.3	2	1	2	-2.35148514851485	4	Xinjiang, Jiangxi, China	CH	CH03	13167	27.7481	116.274	11065838	4	Xinjiang, Jiangxi, China	CH	CH03	13167	27.7481	116.274	11065838	4	Xinjiang, Jiangxi, China	CH	CH03	13167	27.7481	116.274	11065838	20260903171500	https://www.theguardian.com/politics/2026/sep/03/reform-media-presenter-worked-chinese-state-propaganda-channel
1321334110	20260903	202609	2026	2026.6658	CHN	BEIJING	CHN								JPN	JAPAN	JPN								1	017	017	01	1	0.0	1	1	1	-2.06451612903226	1	Japan	JA	JA		36	138	JA	4	Beijing, Beijing, China	CH	CH22	13001	39.9289	116.388	-1898541	1	Japan	JA	JA		36	138	JA	20260903171500	http://www.bignewsnetwork.com/news/279284195/china-focus-china-commemorates-81st-anniversary-of-victory-against-japanese-aggression
1321334111	20260903	202609	2026	2026.6658	CHN	CHINA	CHN								JPN	JAPAN	JPN								1	017	017	01	1	0.0	7	3	7	-2.07139275566485	1	Japan	JA	JA		36	138	JA	1	Japan	JA	JA		36	138	JA	4	Beijing, Beijing, China	CH	CH22	13001	39.9289	116.388	-1898541	20260903171500	http://www.japanherald.com/news/279284196/china-commemorates-81st-anniversary-of-victory-against-japanese-aggression
1321334112	20260903	202609	2026	2026.6658	CHN	CHINA	CHN								JPN	JAPANESE	JPN								1	017	017	01	1	0.0	39	3	39	-2.07068746062561	1	Japan	JA	JA		36	138	JA	1	Japan	JA	JA		36	138	JA	1	Japan	JA	JA		36	138	JA	20260903171500	http://www.japanherald.com/news/279284196/china-commemorates-81st-anniversary-of-victory-against-japanese-aggression
1321334113	20260903	202609	2026	2026.6658	CHN	CHINA	CHN								LEG	REPRESENTATIVES						LEG			0	070	070	07	2	7.0	20	3	20	-2.07053317733578	5	Heilongjiang, Heilongjiang, China	CH	CH08	13097	48	128	-1908709	5	Heilongjiang, Heilongjiang, China	CH	CH08	13097	48	128	-1908709	5	Heilongjiang, Heilongjiang, China	CH	CH08	13097	48	128	-1908709	20260903171500	http://www.japanherald.com/news/279284196/china-commemorates-81st-anniversary-of-victory-against-japanese-aggression
1321334114	20260903	202609	2026	2026.6658	CHN	XINJIANG	CHN								MED	CORRESPONDENT						MED			1	010	010	01	1	0.0	5	1	5	-2.35148514851485	4	Xinjiang, Jiangxi, China	CH	CH03	13167	27.7481	116.274	11065838	4	Xinjiang, Jiangxi, China	CH	CH03	13167	27.7481	116.274	11065838	4	Xinjiang, Jiangxi, China	CH	CH03	13167	27.7481	116.274	11065838	20260903171500	https://www.theguardian.com/politics/2026/sep/03/reform-media-presenter-worked-chinese-state-propaganda-channel
1321334115	20260903	202609	2026	2026.6658	CHN	XINJIANG	CHN								MED	CORRESPONDENT						MED			1	051	051	05	1	3.4	5	1	5	-2.35148514851485	4	Xinjiang, Jiangxi, China	CH	CH03	13167	27.7481	116.274	11065838	4	Xinjiang, Jiangxi, China	CH	CH03	13167	27.7481	116.274	11065838	4	Xinjiang, Jiangxi, China	CH	CH03	13167	27.7481	116.274	11065838	20260903171500	https://www.theguardian.com/politics/2026/sep/03/reform-media-presenter-worked-chinese-state-propaganda-channel
1321334116	20260903	202609	2026	2026.6658	CHN	XINJIANG	CHN								MOS	MUSLIM				MOS					1	1122	112	11	3	-2.0	8	1	8	-2.35148514851485	4	Xinjiang, Jiangxi, China	CH	CH03	13167	27.7481	116.274	11065838	4	Xinjiang, Jiangxi, China	CH	CH03	13167	27.7481	116.274	11065838	4	Xinjiang, Jiangxi, China	CH	CH03	13167	27.7481	116.274	11065838	20260903171500	https://www.theguardian.com/politics/2026/sep/03/reform-media-presenter-worked-chinese-state-propaganda-channel
1321334117	20260903	202609	2026	2026.6658	CHN	CHINA	CHN								USA	UNITED STATES	USA								0	043	043	04	1	2.8	2	1	2	1.65289256198347	1	China	CH	CH		35	105	CH	2	Wisconsin, United States	US	USWI		44.2563	-89.6385	WI	2	Wisconsin, United States	US	USWI		44.2563	-89.6385	WI	20260903171500	https://www.nbcnews.com/politics/2026-election/elon-musk-super-pac-midterms-republicans-rcna595909
1321334118	20260903	202609	2026	2026.6658	CHN	CHINA	CHN								USA	UNITED STATES	USA								0	043	043	04	1	2.8	2	1	2	1.65289256198347	2	Wisconsin, United States	US	USWI		44.2563	-89.6385	WI	2	Wisconsin, United States	US	USWI		44.2563	-89.6385	WI	2	Wisconsin, United States	US	USWI		44.2563	-89.6385	WI	20260903171500	https://www.nbcnews.com/politics/2026-election/elon-musk-super-pac-midterms-republicans-rcna595909
1321334119	20260903	202609	2026	2026.6658	CHN	TIBET	CHN								USA	UNITED STATES	USA								1	045	045	04	1	5.0	2	1	2	1.62748643761302	5	Tibet, Xizang, China	CH	CH14	13213	32	90	-1934604	1	India	IN	IN		20	77	IN	5	Tibet, Xizang, China	CH	CH14	13213	32	90	-1934604	20260903171500	https://phayul.com/tibetan-chinese-pro-democracy-advocates-adopt-joint-declaration-at-dharamshala-forum/
1321334120	20260903	202609	2026	2026.6658	CHN	TIBET	CHN								USA	UNITED STATES	USA								1	045	045	04	1	5.0	3	1	3	1.62748643761302	5	Tibet, Xizang, China	CH	CH14	13213	32	90	-1934604	1	United States	US	US		39.828175	-98.5795	US	1	India	IN	IN		20	77	IN	20260903171500	https://phayul.com/tibetan-chinese-pro-democracy-advocates-adopt-joint-declaration-at-dharamshala-forum/
1321334121	20260903	202609	2026	2026.6658	CHNGOV	CHINESE	CHN					GOV			NPL	KATHMANDU	NPL								1	040	040	04	1	1.0	10	1	10	3.51758793969849	4	Kathmandu, Bagmati, Nepal	NP	NP01	22353	27.7167	85.3167	-1022136	4	Kathmandu, Bagmati, Nepal	NP	NP01	22353	27.7167	85.3167	-1022136	4	Kathmandu, Bagmati, Nepal	NP	NP01	22353	27.7167	85.3167	-1022136	20260903171500	http://www.bignewsnetwork.com/news/279284191/nepali-fm-thanks-china-for-disaster-relief-assistance
1321334122	20260903	202609	2026	2026.6658	CHR	CHRISTIAN				CHR															1	010	010	01	1	0.0	6	1	6	0.72639225181598	2	Alabama, United States	US	USAL		32.799	-86.8073	AL	0								2	Alabama, United States	US	USAL		32.799	-86.8073	AL	20260903171500	http://www.gulfcoastmedia.com/stories/conservation-event-highlights-alabamas-marine-wildlife-threats,346504
1321334123	20260903	202609	2026	2026.6658	CHR	CHRISTIAN				CHR					USA	UNITED STATES	USA								1	010	010	01	1	0.0	2	1	2	0.72639225181598	2	Florida, United States	US	USFL		27.8333	-81.717	FL	2	Florida, United States	US	USFL		27.8333	-81.717	FL	2	Florida, United States	US	USFL		27.8333	-81.717	FL	20260903171500	http://www.gulfcoastmedia.com/stories/conservation-event-highlights-alabamas-marine-wildlife-threats,346504
1321334124	20260903	202609	2026	2026.6658	CHR	DIOCESE				CHR					VAT	VATICAN	VAT								0	037	037	03	1	5.0	4	1	4	-0.55172413793103	1	Vatican City	VT	VT		41.9	12.45	VT	4	Pueyo, Navarra, Spain	SP	SP32	25823	42.5651	-1.64826	-397899	4	Pueyo, Navarra, Spain	SP	SP32	25823	42.5651	-1.64826	-397899	20260903171500	https://cruxnow.com/church-in-europe/2026/09/spanish-bishop-renews-dispute-with-opus-dei-over-marian-image
1321334125	20260903	202609	2026	2026.6658	CHR	DIOCESE				CHR					VAT	VATICAN	VAT								0	037	037	03	1	5.0	6	1	6	-0.55172413793103	1	Vatican City	VT	VT		41.9	12.45	VT	1	Vatican City	VT	VT		41.9	12.45	VT	1	Vatican City	VT	VT		41.9	12.45	VT	20260903171500	https://cruxnow.com/church-in-europe/2026/09/spanish-bishop-renews-dispute-with-opus-dei-over-marian-image
1321334126	20260903	202609	2026	2026.6658	CHRPRO117	SEVENTH DAY ADVENTIST CHURCH				CHR	PRO				PAN	PANAMA CITY	PAN								1	046	046	04	1	7.0	10	1	10	1.05263157894737	1	Panama	PM	PM		9	-80	PM	1	Panama	PM	PM		9	-80	PM	1	Panama	PM	PM		9	-80	PM	20260903171500	https://www.wjhg.com/2026/09/03/international-veggie-fest-returns-food-fellowship-panama-city/
1321334127	20260903	202609	2026	2026.6658	CHRPRO230	METHODIST				CHR	PRO														1	013	013	01	1	0.4	10	1	10	2.90076335877863	1	Greece	GR	GR		39	22	GR	0								1	Greece	GR	GR		39	22	GR	20260903171500	https://uscatholic.org/articles/202609/finding-jesus-is-a-lifelong-process/
1321334128	20260903	202609	2026	2026.6658	COL	COLOMBIA	COL																		1	010	010	01	1	0.0	4	1	4	2.3876404494382	2	Wisconsin, United States	US	USWI		44.2563	-89.6385	WI	0								2	Wisconsin, United States	US	USWI		44.2563	-89.6385	WI	20260903171500	https://www.swnews4u.com/local/environment/flow-annual-meeting-features-interesting-line-up-of-speakers/
1321334129	20260903	202609	2026	2026.6658	COL	COLOMBIAN	COL																		0	020	020	02	1	3.0	10	1	10	-4.00326797385621	4	La Guajira, Santander, Colombia	CO	CO26	14213	6.05	-74.3833	-588407	0								4	La Guajira, Santander, Colombia	CO	CO26	14213	6.05	-74.3833	-588407	20260903171500	https://www.riotimesonline.com/ecopetrol-sirius-gas-community-demands-2026/
1321334130	20260903	202609	2026	2026.6658	COL	COLOMBIAN	COL																		0	0311	031	03	1	5.2	2	1	2	-2.54098360655738	3	Miami, Florida, United States	US	USFL	FL086	25.7743	-80.1937	295004	0								4	Caracas, Distrito Federal, Venezuela	VE	VE25	31959	10.5	-66.9167	-938457	20260903171500	https://www.riotimesonline.com/venezuela-oil-deal-maduro-immunity-claim/
1321334131	20260903	202609	2026	2026.6658	COL	COLOMBIAN	COL																		0	0311	031	03	1	5.2	2	1	2	-2.54098360655738	1	Colombia	CO	CO		4	-72	CO	0								1	Colombia	CO	CO		4	-72	CO	20260903171500	https://www.riotimesonline.com/venezuela-oil-deal-maduro-immunity-claim/
1321334132	20260903	202609	2026	2026.6658	COL	COLOMBIA	COL																		0	040	040	04	1	1.0	20	1	10	-4.00326797385621	4	La Guajira, Santander, Colombia	CO	CO26	14213	6.05	-74.3833	-588407	0								4	La Guajira, Santander, Colombia	CO	CO26	14213	6.05	-74.3833	-588407	20260903171500	https://www.riotimesonline.com/ecopetrol-sirius-gas-community-demands-2026/
1321334133	20260903	202609	2026	2026.6658	COL	COLOMBIA	COL																		0	120	120	12	3	-4.0	10	1	10	-4.00326797385621	4	La Guajira, Santander, Colombia	CO	CO26	14213	6.05	-74.3833	-588407	0								4	La Guajira, Santander, Colombia	CO	CO26	14213	6.05	-74.3833	-588407	20260903171500	https://www.riotimesonline.com/ecopetrol-sirius-gas-community-demands-2026/
1321334134	20260903	202609	2026	2026.6658	COL	COLOMBIA	COL								BUS	COMPANIES						BUS			0	014	014	01	1	0.0	4	1	4	-4.00326797385621	4	El Tiempo, Magdalena, Colombia	CO	CO38	14028	10.8736	-74.1814	-584294	4	El Tiempo, Magdalena, Colombia	CO	CO38	14028	10.8736	-74.1814	-584294	4	El Tiempo, Magdalena, Colombia	CO	CO38	14028	10.8736	-74.1814	-584294	20260903171500	https://www.riotimesonline.com/ecopetrol-sirius-gas-community-demands-2026/
1321334135	20260903	202609	2026	2026.6658	COL	COLOMBIA	COL								BUS	COMPANIES						BUS			0	043	043	04	1	2.8	4	1	4	-4.00326797385621	4	El Tiempo, Magdalena, Colombia	CO	CO38	14028	10.8736	-74.1814	-584294	4	El Tiempo, Magdalena, Colombia	CO	CO38	14028	10.8736	-74.1814	-584294	4	El Tiempo, Magdalena, Colombia	CO	CO38	14028	10.8736	-74.1814	-584294	20260903171500	https://www.riotimesonline.com/ecopetrol-sirius-gas-community-demands-2026/
1321334136	20260903	202609	2026	2026.6658	COL	COLOMBIA	COL								CVL	COMMUNITY						CVL			0	040	040	04	1	1.0	10	1	10	-4.00326797385621	4	La Guajira, Santander, Colombia	CO	CO26	14213	6.05	-74.3833	-588407	4	La Guajira, Santander, Colombia	CO	CO26	14213	6.05	-74.3833	-588407	4	La Guajira, Santander, Colombia	CO	CO26	14213	6.05	-74.3833	-588407	20260903171500	https://www.riotimesonline.com/ecopetrol-sirius-gas-community-demands-2026/
1321334137	20260903	202609	2026	2026.6658	COL	COLOMBIA	COL								CVL	COMMUNITY						CVL			0	112	112	11	3	-2.0	5	1	5	-4.00326797385621	4	Santa Marta, Magdalena, Colombia	CO	CO38	14028	11.2408	-74.199	-598739	4	Santa Marta, Magdalena, Colombia	CO	CO38	14028	11.2408	-74.199	-598739	4	Santa Marta, Magdalena, Colombia	CO	CO38	14028	11.2408	-74.199	-598739	20260903171500	https://www.riotimesonline.com/ecopetrol-sirius-gas-community-demands-2026/
1321334138	20260903	202609	2026	2026.6658	COL	COLOMBIA	COL								GOV	GOVERNMENT						GOV			0	010	010	01	1	0.0	10	1	10	-4.00326797385621	4	El Tiempo, Magdalena, Colombia	CO	CO38	14028	10.8736	-74.1814	-584294	4	El Tiempo, Magdalena, Colombia	CO	CO38	14028	10.8736	-74.1814	-584294	4	El Tiempo, Magdalena, Colombia	CO	CO38	14028	10.8736	-74.1814	-584294	20260903171500	https://www.riotimesonline.com/ecopetrol-sirius-gas-community-demands-2026/
1321334139	20260903	202609	2026	2026.6658	COL	COLOMBIA	COL								VEN	VENEZUELA	VEN								1	090	090	09	2	-2.0	2	1	2	2.3876404494382	1	Colombia	CO	CO		4	-72	CO	1	Colombia	CO	CO		4	-72	CO	1	Colombia	CO	CO		4	-72	CO	20260903171500	https://www.swnews4u.com/local/environment/flow-annual-meeting-features-interesting-line-up-of-speakers/
1321334140	20260903	202609	2026	2026.6658	COL	COLOMBIA	COL								VEN	VENEZUELA	VEN								1	090	090	09	2	-2.0	2	1	2	2.3876404494382	1	Colombia	CO	CO		4	-72	CO	1	Venezuela	VE	VE		8	-66	VE	1	Venezuela	VE	VE		8	-66	VE	20260903171500	https://www.swnews4u.com/local/environment/flow-annual-meeting-features-interesting-line-up-of-speakers/
1321334141	20260903	202609	2026	2026.6658	COL	COLOMBIA	COL								VEN	VENEZUELA	VEN								1	090	090	09	2	-2.0	6	1	6	2.3876404494382	2	Wisconsin, United States	US	USWI		44.2563	-89.6385	WI	2	Wisconsin, United States	US	USWI		44.2563	-89.6385	WI	2	Wisconsin, United States	US	USWI		44.2563	-89.6385	WI	20260903171500	https://www.swnews4u.com/local/environment/flow-annual-meeting-features-interesting-line-up-of-speakers/
1321334142	20260903	202609	2026	2026.6658	COLBUS	COLOMBIAN	COL					BUS													0	0311	031	03	1	5.2	6	1	6	-2.54098360655738	1	Colombia	CO	CO		4	-72	CO	0								1	Colombia	CO	CO		4	-72	CO	20260903171500	https://www.riotimesonline.com/venezuela-oil-deal-maduro-immunity-claim/
1321334143	20260903	202609	2026	2026.6658	COP	POLICE CHIEF						COP													1	010	010	01	1	0.0	2	1	2	-4.5016077170418	3	Port Orange, Florida, United States	US	USFL	FL127	29.1383	-80.9956	295559	0								3	Port Orange, Florida, United States	US	USFL		29.1383	-80.9956	295559	20260903171500	https://www.foxnews.com/us/florida-woman-70-opens-fire-port-orange-police-department-lobby-chief-says
1321334144	20260903	202609	2026	2026.6658	COP	DEPUTIES						COP													1	010	010	01	1	0.0	2	1	2	-4.71698113207547	3	Alachua County, Florida, United States	US	USFL	FL001	29.7086	-82.3332	308548	0								3	Alachua County, Florida, United States	US	USFL		29.7086	-82.3332	308548	20260903171500	https://www.wcjb.com/2026/09/03/attempted-murderer-wanted-by-alachua-deputies-whereabouts-unknown/
1321334145	20260903	202609	2026	2026.6658	COP	POLICE						COP													1	012	012	01	1	-0.4	10	1	10	-8.19672131147541	4	Sydney, New South Wales, Australia	AS	AS02	154637	-33.8833	151.217	-1603135	0								4	Sydney, New South Wales, Australia	AS	AS02	154637	-33.8833	151.217	-1603135	20260903171500	https://thetab.com/realityshrine/2026/09/03/below-decks-nathan-gallagher-is-a-wanted-man-in-two-countries-as-he-goes-on-run/
1321334146	20260903	202609	2026	2026.6658	COP	POLICE						COP													0	020	020	02	1	3.0	6	1	6	-0.53557765876052	4	Guarulhos, SãPaulo, Brazil	BR	BR27	11543	-23.4667	-46.5333	-645949	0								4	Guarulhos, SãPaulo, Brazil	BR	BR27	11543	-23.4667	-46.5333	-645949	20260903171500	https://www.riotimesonline.com/brazil-newspapers-call-justice-moraes-leave-supreme-court/
1321334147	20260903	202609	2026	2026.6658	COP	POLICE						COP													0	040	040	04	1	1.0	10	1	10	-3.44827586206896	4	Helsinki, Eteläuomen Läi, Finland	FI	FI13	16230	60.1756	24.9342	-1364995	0								4	Helsinki, Eteläuomen Läi, Finland	FI	FI13	16230	60.1756	24.9342	-1364995	20260903171500	https://www.helsinkitimes.fi/finland/finland-news/domestic/29230-two-major-demonstrations-set-for-central-helsinki-on-saturday.html
1321334148	20260903	202609	2026	2026.6658	COP	PRISON						COP													0	040	040	04	1	1.0	4	1	4	-6.6167290886392	4	Belfast, Belfast, United Kingdom	UK	UKR3	40158	54.5833	-5.93333	-2589607	0								4	Belfast, Belfast, United Kingdom	UK	UKR3	40158	54.5833	-5.93333	-2589607	20260903171500	https://www.belfastlive.co.uk/news/belfast-news/former-french-foreign-legionnaire-jailed-34564080
1321334149	20260903	202609	2026	2026.6658	COP	PRISON						COP													0	040	040	04	1	1.0	6	1	6	-6.6167290886392	4	Northern Ireland, Craigavon, United Kingdom	UK	UKR8	40152	54.5	-6.5	-2604275	0								4	Northern Ireland, Craigavon, United Kingdom	UK	UKR8	40152	54.5	-6.5	-2604275	20260903171500	https://www.belfastlive.co.uk/news/belfast-news/former-french-foreign-legionnaire-jailed-34564080
1321334150	20260903	202609	2026	2026.6658	COP	POLICE						COP													1	042	042	04	1	1.9	10	1	10	-5.20446096654275	1	Ireland	EI	EI		53	-8	EI	0								1	Ireland	EI	EI		53	-8	EI	20260903171500	https://www.belfastlive.co.uk/news/belfast-news/review-finds-10-incidents-pursued-34563262
1321334151	20260903	202609	2026	2026.6658	COP	POLICE						COP													0	042	042	04	1	1.9	10	1	10	-6.6167290886392	1	France	FR	FR		46	2	FR	0								1	France	FR	FR		46	2	FR	20260903171500	https://www.belfastlive.co.uk/news/belfast-news/former-french-foreign-legionnaire-jailed-34564080
1321334152	20260903	202609	2026	2026.6658	COP	POLICE						COP													1	084	084	08	2	7.0	10	1	10	-8.19672131147541	4	Sydney, New South Wales, Australia	AS	AS02	154637	-33.8833	151.217	-1603135	0								4	Sydney, New South Wales, Australia	AS	AS02	154637	-33.8833	151.217	-1603135	20260903171500	https://thetab.com/realityshrine/2026/09/03/below-decks-nathan-gallagher-is-a-wanted-man-in-two-countries-as-he-goes-on-run/
1321334153	20260903	202609	2026	2026.6658	COP	POLICE CHIEF						COP													1	0871	087	08	2	9.0	2	1	2	-4.5016077170418	3	Port Orange, Florida, United States	US	USFL	FL127	29.1383	-80.9956	295559	0								3	Port Orange, Florida, United States	US	USFL		29.1383	-80.9956	295559	20260903171500	https://www.foxnews.com/us/florida-woman-70-opens-fire-port-orange-police-department-lobby-chief-says
1321334154	20260903	202609	2026	2026.6658	COP	POLICE						COP													1	111	111	11	3	-2.0	1	1	1	-5.02092050209206	3	Port Orange, Florida, United States	US	USFL	FL127	29.1383	-80.9956	295559	0								3	Port Orange, Florida, United States	US	USFL		29.1383	-80.9956	295559	20260903171500	https://www.fox35orlando.com/news/shooting-reported-inside-lobby-port-orange-police-department-police-say
1321334155	20260903	202609	2026	2026.6658	COP	PRISON						COP													1	173	173	17	4	-5.0	4	1	4	-9.73451327433632	3	Marion County, Indiana, United States	US	USIN	IN097	39.7684	-86.1555	450371	0								3	Marion County, Indiana, United States	US	USIN		39.7684	-86.1555	450371	20260903171500	https://www.dailystar.co.uk/news/latest-news/girl-5-who-starved-death-37624588
1321334156	20260903	202609	2026	2026.6658	COP	PRISON						COP													0	173	173	17	4	-5.0	6	1	6	-12.2605363984675	3	Rochester, New York, United States	US	USNY	NY055	43.1548	-77.6156	962684	0								3	Rochester, New York, United States	US	USNY	NY055	43.1548	-77.6156	962684	20260903171500	https://13wham.com/news/local/ex-rochester-nursing-home-employee-accused-of-assaulting-resident-kirkhaven-alexander-street-cvanna-gibson
1321334157	20260903	202609	2026	2026.6658	COP	DEPUTIES						COP													1	192	192	19	4	-9.5	10	1	10	-1.23456790123457	3	Buffalo County, Nebraska, United States	US	USNE	NE019	40.85	-99.0837	835831	0								3	Buffalo County, Nebraska, United States	US	USNE		40.85	-99.0837	835831	20260903171500	https://rock1015.com/2026/09/03/gibbon-firefighters-respond-to-horse-trailer-fire-on-i-80/
1321334158	20260903	202609	2026	2026.6658	COP	DEPUTIES						COP													1	193	193	19	4	-10.0	10	1	10	-4.67289719626169	3	Bannock County, Idaho, United States	US	USID	ID005	42.6507	-112.212	395091	0								3	Bannock County, Idaho, United States	US	USID		42.6507	-112.212	395091	20260903171500	https://www.idahostatejournal.com/news/crimes_court/2-men-arrested-after-shots-fired-at-motorhome-hourslong-standoff-near-trail-creek/article_2963949f-5f92-4daf-86b1-61696a276e8b.html
1321334159	20260903	202609	2026	2026.6658	COP	DEPUTY						COP			CHN	CHINESE	CHN								0	012	012	01	1	-0.4	10	1	10	-2.35148514851485	4	Xinjiang, Jiangxi, China	CH	CH03	13167	27.7481	116.274	11065838	4	Xinjiang, Jiangxi, China	CH	CH03	13167	27.7481	116.274	11065838	4	Xinjiang, Jiangxi, China	CH	CH03	13167	27.7481	116.274	11065838	20260903171500	https://www.theguardian.com/politics/2026/sep/03/reform-media-presenter-worked-chinese-state-propaganda-channel
1321334160	20260903	202609	2026	2026.6658	COP	LAW ENFORCEMENT OFFICER						COP			CVL	COMMUNITY						CVL			1	043	043	04	1	2.8	5	1	5	1.08695652173913	1	United States	US	US		39.828175	-98.5795	US	1	United States	US	US		39.828175	-98.5795	US	1	United States	US	US		39.828175	-98.5795	US	20260903171500	https://www.spartaindependent.com/news/local-news/sccc-to-host-25th-anniversary-9-11-remembrance-ceremony-FX6167304
1321334161	20260903	202609	2026	2026.6658	COP	DEPUTIES						COP			GOV	AUTHORITIES						GOV			1	073	073	07	2	7.4	2	1	2	-4.67289719626169	3	Power County, Idaho, United States	US	USID	ID077	42.6932	-112.818	394951	3	Power County, Idaho, United States	US	USID		42.6932	-112.818	394951	3	Power County, Idaho, United States	US	USID		42.6932	-112.818	394951	20260903171500	https://www.idahostatejournal.com/news/crimes_court/2-men-arrested-after-shots-fired-at-motorhome-hourslong-standoff-near-trail-creek/article_2963949f-5f92-4daf-86b1-61696a276e8b.html
1321334162	20260903	202609	2026	2026.6658	COP	POLICE						COP			GOV	AUTHORITIES						GOV			1	193	193	19	4	-10.0	15	1	10	-4.04624277456647	0								0								0								20260903171500	https://foxbaltimore.com/news/local/police-involved-shooting-middle-river-baltimore-county-maryland
1321334163	20260903	202609	2026	2026.6658	COP	PRISON						COP			MIL	MILITARY						MIL			0	040	040	04	1	1.0	4	1	4	-6.6167290886392	4	Belfast, Belfast, United Kingdom	UK	UKR3	40158	54.5833	-5.93333	-2589607	4	Northern Ireland, Craigavon, United Kingdom	UK	UKR8	40152	54.5	-6.5	-2604275	4	Northern Ireland, Craigavon, United Kingdom	UK	UKR8	40152	54.5	-6.5	-2604275	20260903171500	https://www.belfastlive.co.uk/news/belfast-news/former-french-foreign-legionnaire-jailed-34564080
1321334164	20260903	202609	2026	2026.6658	COP	PRISON						COP			MIL	MILITARY						MIL			0	040	040	04	1	1.0	6	1	6	-6.6167290886392	4	Northern Ireland, Craigavon, United Kingdom	UK	UKR8	40152	54.5	-6.5	-2604275	4	Northern Ireland, Craigavon, United Kingdom	UK	UKR8	40152	54.5	-6.5	-2604275	4	Northern Ireland, Craigavon, United Kingdom	UK	UKR8	40152	54.5	-6.5	-2604275	20260903171500	https://www.belfastlive.co.uk/news/belfast-news/former-french-foreign-legionnaire-jailed-34564080
1321334165	20260903	202609	2026	2026.6658	COP	POLICE						COP			MNCUSA	COSTCO	USA					MNC			1	173	173	17	4	-5.0	15	1	10	-7.73420479302832	0								0								0								20260903171500	https://www.saltwire.com/nova-scotia/halifax/bayers-lake-costco-racist-anti-immigrant-tirade-new-charges
1321334166	20260903	202609	2026	2026.6658	COP	POLICE						COP			NAM	NAMIBIA	NAM								1	1243	124	12	3	-4.0	4	1	4	-6.66666666666667	5	Omusati, Omusati, Namibia	WA	WA36	42167	-18.3333	14.8333	311110	5	Omusati, Omusati, Namibia	WA	WA36	42167	-18.3333	14.8333	311110	5	Omusati, Omusati, Namibia	WA	WA36	42167	-18.3333	14.8333	311110	20260903171500	https://allafrica.com/stories/202609030525.html
1321334167	20260903	202609	2026	2026.6658	COP	DEPUTIES						COP			USA	UNITED STATES	USA								1	010	010	01	1	0.0	8	1	8	-4.71698113207547	3	Alachua County, Florida, United States	US	USFL	FL001	29.7086	-82.3332	308548	3	Alachua County, Florida, United States	US	USFL		29.7086	-82.3332	308548	3	Alachua County, Florida, United States	US	USFL		29.7086	-82.3332	308548	20260903171500	https://www.wcjb.com/2026/09/03/attempted-murderer-wanted-by-alachua-deputies-whereabouts-unknown/
1321334168	20260903	202609	2026	2026.6658	COP	DEPUTIES						COP			USA	UNITED STATES	USA								1	020	020	02	1	3.0	6	1	6	-4.71698113207547	3	Alachua County, Florida, United States	US	USFL	FL001	29.7086	-82.3332	308548	3	Alachua County, Florida, United States	US	USFL		29.7086	-82.3332	308548	3	Alachua County, Florida, United States	US	USFL		29.7086	-82.3332	308548	20260903171500	https://www.wcjb.com/2026/09/03/attempted-murderer-wanted-by-alachua-deputies-whereabouts-unknown/
1321334169	20260903	202609	2026	2026.6658	COP	DEPUTIES						COP			USA	UNITED STATES	USA								1	073	073	07	2	7.4	2	1	2	-4.67289719626169	3	Power County, Idaho, United States	US	USID	ID077	42.6932	-112.818	394951	3	Power County, Idaho, United States	US	USID		42.6932	-112.818	394951	3	Power County, Idaho, United States	US	USID		42.6932	-112.818	394951	20260903171500	https://www.idahostatejournal.com/news/crimes_court/2-men-arrested-after-shots-fired-at-motorhome-hourslong-standoff-near-trail-creek/article_2963949f-5f92-4daf-86b1-61696a276e8b.html
1321334170	20260903	202609	2026	2026.6658	COP	DEPUTIES						COP			USA	UNITED STATES	USA								1	073	073	07	2	7.4	6	1	6	-4.67289719626169	3	Power County, Idaho, United States	US	USID	ID077	42.6932	-112.818	394951	3	Bannock County, Idaho, United States	US	USID		42.6507	-112.212	395091	3	Power County, Idaho, United States	US	USID		42.6932	-112.818	394951	20260903171500	https://www.idahostatejournal.com/news/crimes_court/2-men-arrested-after-shots-fired-at-motorhome-hourslong-standoff-near-trail-creek/article_2963949f-5f92-4daf-86b1-61696a276e8b.html
1321334171	20260903	202609	2026	2026.6658	COP	POLICE CHIEF						COP			USA	FLORIDA	USA								0	090	090	09	2	-2.0	2	1	2	-4.5016077170418	3	Port Orange, Florida, United States	US	USFL	FL127	29.1383	-80.9956	295559	3	Port Orange, Florida, United States	US	USFL		29.1383	-80.9956	295559	3	Port Orange, Florida, United States	US	USFL		29.1383	-80.9956	295559	20260903171500	https://www.foxnews.com/us/florida-woman-70-opens-fire-port-orange-police-department-lobby-chief-says
1321334172	20260903	202609	2026	2026.6658	COP	PRISON						COP			USA	UNITED STATES	USA								0	112	112	11	3	-2.0	4	1	4	-12.2605363984675	3	Rochester, New York, United States	US	USNY	NY055	43.1548	-77.6156	962684	3	Rochester, New York, United States	US	USNY	NY055	43.1548	-77.6156	962684	3	Rochester, New York, United States	US	USNY	NY055	43.1548	-77.6156	962684	20260903171500	https://13wham.com/news/local/ex-rochester-nursing-home-employee-accused-of-assaulting-resident-kirkhaven-alexander-street-cvanna-gibson
1321334173	20260903	202609	2026	2026.6658	COP	LAW ENFORCEMENT AGENCY						COP			USA	AMERICAN	USA								1	130	130	13	3	-4.4	5	1	5	-3.56347438752784	1	United States	US	US		39.828175	-98.5795	US	1	United States	US	US		39.828175	-98.5795	US	1	United States	US	US		39.828175	-98.5795	US	20260903171500	https://www.techradar.com/pro/security/clicking-allow-on-a-google-and-microsoft-permission-screens-could-give-hackers-access-to-your-entire-account-fbi-warns
1321334174	20260903	202609	2026	2026.6658	COP	PRISON						COP			USA	UNITED STATES	USA								0	173	173	17	4	-5.0	4	1	4	-12.2605363984675	3	Rochester, New York, United States	US	USNY	NY055	43.1548	-77.6156	962684	3	Rochester, New York, United States	US	USNY	NY055	43.1548	-77.6156	962684	3	Rochester, New York, United States	US	USNY	NY055	43.1548	-77.6156	962684	20260903171500	https://13wham.com/news/local/ex-rochester-nursing-home-employee-accused-of-assaulting-resident-kirkhaven-alexander-street-cvanna-gibson
1321334175	20260903	202609	2026	2026.6658	COP	PRISON						COP			USA	UNITED STATES	USA								1	173	173	17	4	-5.0	3	3	3	-7.43801652892562	2	Texas, United States	US	USTX		31.106	-97.6475	TX	2	Oklahoma, United States	US	USOK		35.5376	-96.9247	OK	2	Oklahoma, United States	US	USOK		35.5376	-96.9247	OK	20260903171500	https://www.greeleytribune.com/2026/09/03/texas-killing-fields-trial/
1321334176	20260903	202609	2026	2026.6658	COP	STATE PRISON						COP			USAJUD	WISCONSIN	USA					JUD			1	083	083	08	2	5.0	3	1	3	-7.18446601941748	3	Dane County, Wisconsin, United States	US	USWI	WI025	43.0667	-89.4335	1581072	3	Dane County, Wisconsin, United States	US	USWI		43.0667	-89.4335	1581072	3	Dane County, Wisconsin, United States	US	USWI		43.0667	-89.4335	1581072	20260903171500	https://www.swnews4u.com/local/courtscrime/two-want-homicide-life-sentences-commuted/
1321334177	20260903	202609	2026	2026.6658	COP	STATE PRISON						COP			USAJUD	WISCONSIN	USA					JUD			1	083	083	08	2	5.0	3	1	3	-7.18446601941748	2	Wisconsin, United States	US	USWI		44.2563	-89.6385	WI	2	Wisconsin, United States	US	USWI		44.2563	-89.6385	WI	2	Wisconsin, United States	US	USWI		44.2563	-89.6385	WI	20260903171500	https://www.swnews4u.com/local/courtscrime/two-want-homicide-life-sentences-commuted/
1321334178	20260903	202609	2026	2026.6658	COPCOP	DETECTIVE						COP	COP												1	012	012	01	1	-0.4	10	1	10	-9.05172413793108	0								0								0								20260903171500	https://www.nwemail.co.uk/news/26520071.jayden-cammock-jailed-killing-teenager-coast-road-crash/
1321334179	20260903	202609	2026	2026.6658	COPCOP	DETECTIVE						COP	COP		JUD	MAGISTRATE						JUD			0	010	010	01	1	0.0	10	1	10	-6.48148148148148	0								0								0								20260903171500	https://www.belfastlive.co.uk/news/northern-ireland/judge-warns-councillor-rape-case-34562090
1321334180	20260903	202609	2026	2026.6658	COPGOV	DEPUTY						COP	GOV		NAM	NAMIBIA	NAM								0	120	120	12	3	-4.0	4	1	4	-2.35602094240838	4	Katima Mulilo, Caprivi, Namibia	WA	WA28	42156	-17.5	24.2667	-2582871	4	Katima Mulilo, Caprivi, Namibia	WA	WA28	42156	-17.5	24.2667	-2582871	4	Katima Mulilo, Caprivi, Namibia	WA	WA28	42156	-17.5	24.2667	-2582871	20260903171500	https://allafrica.com/stories/202609030522.html
1321334181	20260903	202609	2026	2026.6658	COPJUD	POLICE						COP	JUD		JUD	JUDGE						JUD			0	020	020	02	1	3.0	3	1	3	-8.19672131147541	4	Sydney, New South Wales, Australia	AS	AS02	154637	-33.8833	151.217	-1603135	4	Sydney, New South Wales, Australia	AS	AS02	154637	-33.8833	151.217	-1603135	4	Sydney, New South Wales, Australia	AS	AS02	154637	-33.8833	151.217	-1603135	20260903171500	https://thetab.com/realityshrine/2026/09/03/below-decks-nathan-gallagher-is-a-wanted-man-in-two-countries-as-he-goes-on-run/
1321334182	20260903	202609	2026	2026.6658	COPJUD	POLICE						COP	JUD		JUD	JUDGE						JUD			0	173	173	17	4	-5.0	3	1	3	-8.19672131147541	4	Sydney, New South Wales, Australia	AS	AS02	154637	-33.8833	151.217	-1603135	4	Sydney, New South Wales, Australia	AS	AS02	154637	-33.8833	151.217	-1603135	4	Sydney, New South Wales, Australia	AS	AS02	154637	-33.8833	151.217	-1603135	20260903171500	https://thetab.com/realityshrine/2026/09/03/below-decks-nathan-gallagher-is-a-wanted-man-in-two-countries-as-he-goes-on-run/
1321334183	20260903	202609	2026	2026.6658	CRM	CRIMINAL						CRM													0	020	020	02	1	3.0	4	2	4	-3.17757009345794	2	Mississippi, United States	US	USMS		32.7673	-89.6812	MS	0								2	Mississippi, United States	US	USMS		32.7673	-89.6812	MS	20260903171500	https://q961.com/ixp/442/p/by-any-means-movie-review/
1321334184	20260903	202609	2026	2026.6658	CRM	KILLERS						CRM													0	060	060	06	2	6.0	14	2	14	-3.17757009345794	2	Mississippi, United States	US	USMS		32.7673	-89.6812	MS	0								2	Mississippi, United States	US	USMS		32.7673	-89.6812	MS	20260903171500	https://q961.com/ixp/442/p/by-any-means-movie-review/
1321334185	20260903	202609	2026	2026.6658	CRM	EXTORTIONIST						CRM													0	0862	086	08	2	9.0	10	1	10	-4.60829493087557	1	Russia	RS	RS		60	100	RS	0								1	Russia	RS	RS		60	100	RS	20260903171500	https://www.techradar.com/pro/security/it-helpdesk-impersonation-hits-microsoft-teams-once-again-with-the-hackers-hiding-their-activity-within-legitimate-tools
1321334186	20260903	202609	2026	2026.6658	CRM	ROBBER						CRM													1	1712	171	17	4	-9.2	10	1	10	1.05263157894736	0								0								0								20260903171500	https://www.punjabijagran.com/punjab/kapurthala-robbers-flee-from-kala-sangha-after-snatching-old-womans-gold-earrings-in-broad-daylight-9676266.html
1321334187	20260903	202609	2026	2026.6658	CRM	BANDIT						CRM													1	173	173	17	4	-5.0	1	1	1	-7.51748251748251	4	Abuja, Abuja Federal Capital Territory, Nigeria	NI	NI11	191147	9.08333	7.53333	-1997013	0								4	Abuja, Abuja Federal Capital Territory, Nigeria	NI	NI11	191147	9.08333	7.53333	-1997013	20260903171500	https://tribuneonlineng.com/flooding-fcta-begins-city-wide-desilting-of-drains/
1321334188	20260903	202609	2026	2026.6658	CRM	CRIMINAL						CRM													1	173	173	17	4	-5.0	5	1	5	-9.73451327433632	3	Marion County, Indiana, United States	US	USIN	IN097	39.7684	-86.1555	450371	0								3	Marion County, Indiana, United States	US	USIN		39.7684	-86.1555	450371	20260903171500	https://www.dailystar.co.uk/news/latest-news/girl-5-who-starved-death-37624588
1321334189	20260903	202609	2026	2026.6658	CRM	CRIMINAL						CRM			BUS	BOSS						BUS			1	020	020	02	1	3.0	6	1	6	0.87064676616916	4	Lake Maggiore, Italy (general), Italy	IT	IT00	26305	45.95	8.65	-120679	4	Lake Maggiore, Italy (general), Italy	IT	IT00	26305	45.95	8.65	-120679	4	Lake Maggiore, Italy (general), Italy	IT	IT00	26305	45.95	8.65	-120679	20260903171500	https://www.dailymail.com/tvshowbiz/article-16101927/Country-house-chaos-Guy-Ritchie-reveals-fled-hotel-handing-sprawling-estate-Gentlemen-cast.html
1321334190	20260903	202609	2026	2026.6658	CRM	DEALER						CRM			BUS	COMPANY						BUS			1	036	036	03	1	4.0	10	1	10	1.97628458498024	1	India	IN	IN		20	77	IN	1	India	IN	IN		20	77	IN	1	India	IN	IN		20	77	IN	20260903171500	https://www.thehindubusinessline.com/markets/ola-electric-weighs-fresh-fundraising-three-months-after-780-crore-qip/article71423817.ece
1321334191	20260903	202609	2026	2026.6658	CRM	CRIMINAL						CRM			LEG	CONGRESS						LEG			0	112	112	11	3	-2.0	10	1	10	-1.48	3	Washington, District of Columbia, United States	US	USDC	DC001	38.8951	-77.0364	531871	3	Washington, District of Columbia, United States	US	USDC	DC001	38.8951	-77.0364	531871	3	Washington, District of Columbia, United States	US	USDC	DC001	38.8951	-77.0364	531871	20260903171500	https://www.elle.com/culture/career-politics/a73535518/congresswoman-lamonica-mciver-pregnant-prison-essay-2026/
1321334192	20260903	202609	2026	2026.6658	CRM	BANDIT						CRM			NGA	NIGERIA	NGA								1	173	173	17	4	-5.0	4	1	4	-7.51748251748251	4	Abuja, Abuja Federal Capital Territory, Nigeria	NI	NI11	191147	9.08333	7.53333	-1997013	4	Abuja, Abuja Federal Capital Territory, Nigeria	NI	NI11	191147	9.08333	7.53333	-1997013	4	Abuja, Abuja Federal Capital Territory, Nigeria	NI	NI11	191147	9.08333	7.53333	-1997013	20260903171500	https://tribuneonlineng.com/flooding-fcta-begins-city-wide-desilting-of-drains/
1321334193	20260903	202609	2026	2026.6658	CUB	CUBA	CUB																		0	111	111	11	3	-2.0	2	1	2	-3.42706502636204	3	Miami, Florida, United States	US	USFL	FL086	25.7743	-80.1937	295004	0								3	Miami, Florida, United States	US	USFL	FL086	25.7743	-80.1937	295004	20260903171500	https://www.thenation.com/article/archive/cias-student-activism-phase/
1321334194	20260903	202609	2026	2026.6658	CUB	CUBA	CUB								USA	UNITED STATES	USA								0	010	010	01	1	0.0	4	1	4	-3.42706502636204	4	Bay Of Pigs, Matanzas, Cuba	CU	CU03	14751	22.18	-81.1664	-1618230	3	White House, District of Columbia, United States	US	USDC		38.8951	-77.0364	531871	3	White House, District of Columbia, United States	US	USDC		38.8951	-77.0364	531871	20260903171500	https://www.thenation.com/article/archive/cias-student-activism-phase/
1321334195	20260903	202609	2026	2026.6658	CUB	CUBA	CUB								USA	UNITED STATES	USA								0	173	173	17	4	-5.0	1	1	1	-3.42706502636204	4	Bay Of Pigs, Matanzas, Cuba	CU	CU03	14751	22.18	-81.1664	-1618230	3	Miami, Florida, United States	US	USFL	FL086	25.7743	-80.1937	295004	3	Miami, Florida, United States	US	USFL	FL086	25.7743	-80.1937	295004	20260903171500	https://www.thenation.com/article/archive/cias-student-activism-phase/
1321334196	20260903	202609	2026	2026.6658	CUB	CUBA	CUB								USA	UNITED STATES	USA								0	173	173	17	4	-5.0	1	1	1	-3.42706502636204	4	Bay Of Pigs, Matanzas, Cuba	CU	CU03	14751	22.18	-81.1664	-1618230	1	Iran	IR	IR		32	53	IR	1	Iran	IR	IR		32	53	IR	20260903171500	https://www.thenation.com/article/archive/cias-student-activism-phase/
1321334197	20260903	202609	2026	2026.6658	CVL	COMMUNITY						CVL													1	012	012	01	1	-0.4	10	1	10	-4.00326797385621	4	Caribbean Sea, Belize (general), Belize	BH	BH00		15	-75	-1149009	0								4	Caribbean Sea, Belize (general), Belize	BH	BH00		15	-75	-1149009	20260903171500	https://www.riotimesonline.com/ecopetrol-sirius-gas-community-demands-2026/
1321334198	20260903	202609	2026	2026.6658	CVL	RESIDENTS						CVL													1	012	012	01	1	-0.4	10	1	10	-3.55329949238579	4	Winnipeg, Manitoba, Canada	CA	CA03	12577	49.8833	-97.1667	-576096	0								4	Winnipeg, Manitoba, Canada	CA	CA03	12577	49.8833	-97.1667	-576096	20260903171500	https://www.winnipegfreepress.com/arts-and-life/life/health/2026/09/03/audit-flags-reports-of-abuse-missing-patients-in-n-l-long-term-care
1321334199	20260903	202609	2026	2026.6658	CVL	COMMUNITY						CVL													1	013	013	01	1	0.4	8	1	8	-4.5016077170418	3	Port Orange Police Department, Florida, United States	US	USFL	FL127	29.1198	-81.0169	2331442	0								3	Port Orange Police Department, Florida, United States	US	USFL		29.1198	-81.0169	2331442	20260903171500	https://www.foxnews.com/us/florida-woman-70-opens-fire-port-orange-police-department-lobby-chief-says
1321334200	20260903	202609	2026	2026.6658	CVL	COMMUNITY						CVL													1	013	013	01	1	0.4	1	1	1	-4.5016077170418	2	Florida, United States	US	USFL		27.8333	-81.717	FL	0								3	Port Orange, Florida, United States	US	USFL		29.1383	-80.9956	295559	20260903171500	https://www.foxnews.com/us/florida-woman-70-opens-fire-port-orange-police-department-lobby-chief-says
1321334201	20260903	202609	2026	2026.6658	CVL	COMMUNITY						CVL													1	013	013	01	1	0.4	1	1	1	-4.5016077170418	2	Florida, United States	US	USFL		27.8333	-81.717	FL	0								2	Florida, United States	US	USFL		27.8333	-81.717	FL	20260903171500	https://www.foxnews.com/us/florida-woman-70-opens-fire-port-orange-police-department-lobby-chief-says
1321334202	20260903	202609	2026	2026.6658	CVL	COMMUNITY						CVL													1	016	016	01	1	-2.0	10	1	10	-4.00326797385621	4	El Tiempo, Magdalena, Colombia	CO	CO38	14028	10.8736	-74.1814	-584294	0								4	El Tiempo, Magdalena, Colombia	CO	CO38	14028	10.8736	-74.1814	-584294	20260903171500	https://www.riotimesonline.com/ecopetrol-sirius-gas-community-demands-2026/
1321334203	20260903	202609	2026	2026.6658	CVL	COMMUNITY						CVL													0	017	017	01	1	0.0	10	1	10	1.08695652173913	1	United States	US	US		39.828175	-98.5795	US	0								1	United States	US	US		39.828175	-98.5795	US	20260903171500	https://www.spartaindependent.com/news/local-news/sccc-to-host-25th-anniversary-9-11-remembrance-ceremony-FX6167304
1321334204	20260903	202609	2026	2026.6658	CVL	HUNTER						CVL													0	020	020	02	1	3.0	3	1	3	2.27471566054243	3	Scioto, Ohio, United States	US	USOH	OH041	40.2803	-83.1407	1063003	0								3	Scioto, Ohio, United States	US	USOH	OH041	40.2803	-83.1407	1063003	20260903171500	https://www.farmanddairy.com/columns/ohio-wildlife-history-part-4-odnr-creation/927429.html
1321334205	20260903	202609	2026	2026.6658	CVL	COMMUNITY						CVL													1	0256	025	02	1	-0.3	5	1	5	3.125	4	Carleton Place, Ontario, Canada	CA	CA08	12671	45.1333	-76.1333	-562230	0								4	Carleton Place, Ontario, Canada	CA	CA08	12671	45.1333	-76.1333	-562230	20260903171500	https://www.insideottawavalley.com/news/take-back-the-night-lanark/article_e5e532db-be3f-5e91-a4fe-16b57b946daa.html
1321334206	20260903	202609	2026	2026.6658	CVL	COMMUNITY						CVL													0	030	030	03	1	4.0	10	1	10	3.21782178217822	3	City Of Cayce, South Carolina, United States	US	USSC	SC063	33.9516	-81.0601	2404011	0								3	City Of Cayce, South Carolina, United States	US	USSC		33.9516	-81.0601	2404011	20260903171500	https://www.thecolumbiastar.com/articles/thomas-dambo-visits-cayce-as-city-moves-forward-with-s-c-s-first-troll-installation/
1321334207	20260903	202609	2026	2026.6658	CVL	COMMUNITY						CVL													1	036	036	03	1	4.0	6	1	6	2.44755244755245	3	City Of Columbia, South Carolina, United States	US	USSC	SC079	34.0364	-80.9025	2404107	0								3	City Of Columbia, South Carolina, United States	US	USSC		34.0364	-80.9025	2404107	20260903171500	https://www.thecolumbiastar.com/articles/business-briefs-249/
1321334208	20260903	202609	2026	2026.6658	CVL	RESIDENTS						CVL													0	040	040	04	1	1.0	5	1	5	-0.69364161849711	3	Cumberland County, Pennsylvania, United States	US	USPA	PA041	40.2504	-77.375	1209176	0								3	Cumberland County, Pennsylvania, United States	US	USPA		40.2504	-77.375	1209176	20260903171500	https://www.witf.org/2026/09/03/middlesex-township-approves-first-phase-of-controversial-pax-1-data-center-project/
1321334209	20260903	202609	2026	2026.6658	CVL	ENGINEER						CVL													1	046	046	04	1	7.0	10	1	10	1.12721417069243	4	Monza, Lombardia, Italy	IT	IT09	18363	45.5833	9.26667	-122630	0								4	Monza, Lombardia, Italy	IT	IT09	18363	45.5833	9.26667	-122630	20260903171500	https://www.formula1.com/en/latest/article/lawson-details-biggest-challenge-of-red-bull-switch-as-he-explains-preparation-for-next-outing-in-monza.3dlFi54JDP75xJn7R5roav
1321334210	20260903	202609	2026	2026.6658	CVL	COMMUNITY						CVL													1	051	051	05	1	3.4	5	1	5	3.125	4	Carleton Place, Ontario, Canada	CA	CA08	12671	45.1333	-76.1333	-562230	0								4	Carleton Place, Ontario, Canada	CA	CA08	12671	45.1333	-76.1333	-562230	20260903171500	https://www.insideottawavalley.com/news/take-back-the-night-lanark/article_e5e532db-be3f-5e91-a4fe-16b57b946daa.html
1321334211	20260903	202609	2026	2026.6658	CVL	COMMUNITY						CVL													0	051	051	05	1	3.4	5	1	5	-1.99203187250996	3	Florida State University, Florida, United States	US	USFL	FL073	30.4408	-84.2918	305682	0								3	Florida State University, Florida, United States	US	USFL		30.4408	-84.2918	305682	20260903171500	https://www.foxnews.com/tech/privacy-risk-moving-retirement-community
1321334212	20260903	202609	2026	2026.6658	CVL	IMMIGRANT						CVL													0	051	051	05	1	3.4	8	1	8	-3.48189415041783	1	Australia	AS	AS		-25	135	AS	0								1	Australia	AS	AS		-25	135	AS	20260903171500	https://reason.com/2026/09/03/trump-cant-deport-legal-immigrants-for-protected-speech-judge-rules/
1321334213	20260903	202609	2026	2026.6658	CVL	IMMIGRANT						CVL													0	051	051	05	1	3.4	2	1	2	-3.48189415041783	1	Israel	IS	IS		31.5	34.75	IS	0								1	Israel	IS	IS		31.5	34.75	IS	20260903171500	https://reason.com/2026/09/03/trump-cant-deport-legal-immigrants-for-protected-speech-judge-rules/
1321334214	20260903	202609	2026	2026.6658	CVL	COMMUNITY						CVL													0	060	060	06	2	6.0	3	1	3	3.125	4	Carleton Place, Ontario, Canada	CA	CA08	12671	45.1333	-76.1333	-562230	0								4	Carleton Place, Ontario, Canada	CA	CA08	12671	45.1333	-76.1333	-562230	20260903171500	https://www.insideottawavalley.com/news/take-back-the-night-lanark/article_e5e532db-be3f-5e91-a4fe-16b57b946daa.html
1321334215	20260903	202609	2026	2026.6658	CVL	VOTER						CVL													1	060	060	06	2	6.0	3	1	3	2.27471566054243	2	Ohio, United States	US	USOH		40.3736	-82.7755	OH	0								2	Ohio, United States	US	USOH		40.3736	-82.7755	OH	20260903171500	https://www.farmanddairy.com/columns/ohio-wildlife-history-part-4-odnr-creation/927429.html
1321334216	20260903	202609	2026	2026.6658	CVL	COMMUNITY						CVL													1	070	070	07	2	7.0	10	1	10	5.7826520438684	4	Amsterdam, Noord-Holland, Netherlands	NL	NL07	22373	52.35	4.91667	-2140479	0								4	Amsterdam, Noord-Holland, Netherlands	NL	NL07	22373	52.35	4.91667	-2140479	20260903171500	https://mixmag.net/feature/industry-insider-interview-amsterdam-dance-event-managing-director-jan-willem-van-de-ven
1321334217	20260903	202609	2026	2026.6658	CVL	POPULATION						CVL													0	070	070	07	2	7.0	10	1	10	0.72639225181598	2	Alabama, United States	US	USAL		32.799	-86.8073	AL	0								2	Alabama, United States	US	USAL		32.799	-86.8073	AL	20260903171500	http://www.gulfcoastmedia.com/stories/conservation-event-highlights-alabamas-marine-wildlife-threats,346504
1321334218	20260903	202609	2026	2026.6658	CVL	VILLAGE						CVL													1	073	073	07	2	7.4	2	1	2	-1	4	Indergarh, Uttar Pradesh, India	IN	IN36	70269	26.9352	79.6724	-2097793	0								4	Indergarh, Uttar Pradesh, India	IN	IN36	70269	26.9352	79.6724	-2097793	20260903171500	https://timesofindia.indiatimes.com/city/bhopal/four-bonded-labourers-rescued-in-datia-village/articleshow/133741651.cms
1321334219	20260903	202609	2026	2026.6658	CVL	RESIDENTS						CVL													0	090	090	09	2	-2.0	4	1	4	-2.45310245310245	3	Pawleys Island, South Carolina, United States	US	USSC	SC043	33.4332	-79.1214	1231638	0								3	Pawleys Island, South Carolina, United States	US	USSC		33.4332	-79.1214	1231638	20260903171500	https://www.foxnews.com/us/this-is-real-bad-911-call-reveals-frantic-moments-after-autistic-daughter-5-vanished-south-carolina
1321334220	20260903	202609	2026	2026.6658	CVL	RESIDENTS						CVL													0	090	090	09	2	-2.0	2	1	2	-2.45310245310245	2	Virginia, United States	US	USVA		37.768	-78.2057	VA	0								3	Hagley Estates, South Carolina, United States	US	USSC		33.4313	-79.1645	1232347	20260903171500	https://www.foxnews.com/us/this-is-real-bad-911-call-reveals-frantic-moments-after-autistic-daughter-5-vanished-south-carolina
1321334221	20260903	202609	2026	2026.6658	CVL	IMMIGRANT						CVL													0	110	110	11	3	-2.0	2	1	2	-3.48189415041783	1	Israel	IS	IS		31.5	34.75	IS	0								1	Israel	IS	IS		31.5	34.75	IS	20260903171500	https://reason.com/2026/09/03/trump-cant-deport-legal-immigrants-for-protected-speech-judge-rules/
1321334222	20260903	202609	2026	2026.6658	CVL	COMMUNITY						CVL													0	130	130	13	3	-4.4	10	1	10	-2.73972602739726	1	United States	US	US		39.828175	-98.5795	US	0								1	United States	US	US		39.828175	-98.5795	US	20260903171500	https://www.techradar.com/vpn/vpn-privacy-security/us-senator-demands-nsa-update-vpn-guidance-over-foreign-spying-risks
1321334223	20260903	202609	2026	2026.6658	CVL	COMMUNITY						CVL													1	192	192	19	4	-9.5	30	1	10	-1.99203187250996	3	Florida State University, Florida, United States	US	USFL	FL073	30.4408	-84.2918	305682	0								3	Florida State University, Florida, United States	US	USFL		30.4408	-84.2918	305682	20260903171500	https://www.foxnews.com/tech/privacy-risk-moving-retirement-community
1321334224	20260903	202609	2026	2026.6658	CVL	RESIDENTS						CVL													0	192	192	19	4	-9.5	10	1	10	-1.99203187250996	2	Florida, United States	US	USFL		27.8333	-81.717	FL	0								2	Florida, United States	US	USFL		27.8333	-81.717	FL	20260903171500	https://www.foxnews.com/tech/privacy-risk-moving-retirement-community
1321334225	20260903	202609	2026	2026.6658	CVL	COMMUNITY						CVL			COL	COLOMBIA	COL								0	040	040	04	1	1.0	10	1	10	-4.00326797385621	4	La Guajira, Santander, Colombia	CO	CO26	14213	6.05	-74.3833	-588407	4	La Guajira, Santander, Colombia	CO	CO26	14213	6.05	-74.3833	-588407	4	La Guajira, Santander, Colombia	CO	CO26	14213	6.05	-74.3833	-588407	20260903171500	https://www.riotimesonline.com/ecopetrol-sirius-gas-community-demands-2026/
1321334226	20260903	202609	2026	2026.6658	CVL	COMMUNITY						CVL			COP	LAW ENFORCEMENT OFFICER						COP			1	017	017	01	1	0.0	5	1	5	1.08695652173913	1	United States	US	US		39.828175	-98.5795	US	1	United States	US	US		39.828175	-98.5795	US	1	United States	US	US		39.828175	-98.5795	US	20260903171500	https://www.spartaindependent.com/news/local-news/sccc-to-host-25th-anniversary-9-11-remembrance-ceremony-FX6167304
1321334227	20260903	202609	2026	2026.6658	CVL	COMMUNITY						CVL			COP	LAW ENFORCEMENT OFFICER						COP			1	042	042	04	1	1.9	5	1	5	1.08695652173913	1	United States	US	US		39.828175	-98.5795	US	1	United States	US	US		39.828175	-98.5795	US	1	United States	US	US		39.828175	-98.5795	US	20260903171500	https://www.spartaindependent.com/news/local-news/sccc-to-host-25th-anniversary-9-11-remembrance-ceremony-FX6167304
1321334228	20260903	202609	2026	2026.6658	CVL	SCIENTIST						CVL			EDU	PROFESSOR						EDU			0	040	040	04	1	1.0	3	1	3	0.72639225181598	3	Dauphin Island Sea Lab, Alabama, United States	US	USAL	AL097	30.2488	-88.0772	143289	3	Dauphin Island Sea Lab, Alabama, United States	US	USAL		30.2488	-88.0772	143289	3	Dauphin Island Sea Lab, Alabama, United States	US	USAL		30.2488	-88.0772	143289	20260903171500	http://www.gulfcoastmedia.com/stories/conservation-event-highlights-alabamas-marine-wildlife-threats,346504
1321334229	20260903	202609	2026	2026.6658	CVL	SCIENTIST						CVL			EDU	PROFESSOR						EDU			0	040	040	04	1	1.0	1	1	1	0.72639225181598	2	Alabama, United States	US	USAL		32.799	-86.8073	AL	3	Dauphin Island Sea Lab, Alabama, United States	US	USAL		30.2488	-88.0772	143289	3	Dauphin Island Sea Lab, Alabama, United States	US	USAL		30.2488	-88.0772	143289	20260903171500	http://www.gulfcoastmedia.com/stories/conservation-event-highlights-alabamas-marine-wildlife-threats,346504
1321334230	20260903	202609	2026	2026.6658	CVL	SCIENTIST						CVL			EDU	PROFESSOR						EDU			0	040	040	04	1	1.0	1	1	1	0.72639225181598	2	Alabama, United States	US	USAL		32.799	-86.8073	AL	2	Alabama, United States	US	USAL		32.799	-86.8073	AL	2	Alabama, United States	US	USAL		32.799	-86.8073	AL	20260903171500	http://www.gulfcoastmedia.com/stories/conservation-event-highlights-alabamas-marine-wildlife-threats,346504
1321334231	20260903	202609	2026	2026.6658	CVL	COMMUNITY						CVL			EDULEG	COLLEGE						EDU	LEG		1	010	010	01	1	0.0	5	1	5	2.71317829457365	0								0								0								20260903171500	https://anewscafe.com/2026/09/03/redding/shasta-college-holds-community-forums-for-bond-measure-c/
1321334232	20260903	202609	2026	2026.6658	CVL	CITIZEN						CVL			GOV	ADMINISTRATION						GOV			0	170	170	17	4	-7.0	5	1	5	-3.88852883992223	1	Honduras	HO	HO		15	-86.5	HO	1	Honduras	HO	HO		15	-86.5	HO	1	Honduras	HO	HO		15	-86.5	HO	20260903171500	https://www.latimes.com/california/story/2026-09-03/trump-has-new-scheme-to-surpress-california-vote-this-november-threat-is-real
1321334233	20260903	202609	2026	2026.6658	CVL	COMMUNITY						CVL			LAB	EMPLOYEE						LAB			1	010	010	01	1	0.0	10	1	10	0.5338078291815	2	Wisconsin, United States	US	USWI		44.2563	-89.6385	WI	2	Wisconsin, United States	US	USWI		44.2563	-89.6385	WI	2	Wisconsin, United States	US	USWI		44.2563	-89.6385	WI	20260903171500	https://www.swnews4u.com/local/business/beci-765-kv-transmission-line-open-house-draws-a-large-crowd/
1321334234	20260903	202609	2026	2026.6658	CVL	COMMUNITY						CVL			LAB	EMPLOYEE						LAB			1	060	060	06	2	6.0	5	1	5	0.5338078291815	1	Canada	CA	CA		60	-96	CA	1	Canada	CA	CA		60	-96	CA	1	Canada	CA	CA		60	-96	CA	20260903171500	https://www.swnews4u.com/local/business/beci-765-kv-transmission-line-open-house-draws-a-large-crowd/
1321334235	20260903	202609	2026	2026.6658	CVL	COMMUNITY						CVL			LAB	EMPLOYEE						LAB			1	060	060	06	2	6.0	5	1	5	0.5338078291815	2	Wisconsin, United States	US	USWI		44.2563	-89.6385	WI	2	Wisconsin, United States	US	USWI		44.2563	-89.6385	WI	2	Wisconsin, United States	US	USWI		44.2563	-89.6385	WI	20260903171500	https://www.swnews4u.com/local/business/beci-765-kv-transmission-line-open-house-draws-a-large-crowd/
1321334236	20260903	202609	2026	2026.6658	CVL	COMMUNITY						CVL			LEG	CHAMBER						LEG			1	045	045	04	1	5.0	5	1	5	6.77966101694915	0								0								0								20260903171500	https://coastalcourier.com/news/chamber-welcomes-cavonis-to-the-community/
1321334237	20260903	202609	2026	2026.6658	CVL	COMMUNITY						CVL			USA	UNITED STATES	USA								1	017	017	01	1	0.0	1	1	1	-0.28169014084507	3	Fort Morgan, Alabama, United States	US	USAL	AL003	30.2285	-88.0231	156368	3	Fort Morgan, Alabama, United States	US	USAL		30.2285	-88.0231	156368	3	Fort Morgan, Alabama, United States	US	USAL		30.2285	-88.0231	156368	20260903171500	http://www.gulfcoastmedia.com/stories/fort-morgan-trail-extended-44-miles-at-gulf-state-park,346503
1321334238	20260903	202609	2026	2026.6658	CVL	COMMUNITY						CVL			USA	UNITED STATES	USA								1	017	017	01	1	0.0	1	1	1	-0.28169014084507	2	Alabama, United States	US	USAL		32.799	-86.8073	AL	3	Fort Morgan, Alabama, United States	US	USAL		30.2285	-88.0231	156368	3	Fort Morgan, Alabama, United States	US	USAL		30.2285	-88.0231	156368	20260903171500	http://www.gulfcoastmedia.com/stories/fort-morgan-trail-extended-44-miles-at-gulf-state-park,346503
1321334239	20260903	202609	2026	2026.6658	CVL	RESIDENTS						CVL			USA	SOUTH CAROLINA	USA								0	036	036	03	1	4.0	2	1	2	3.21782178217822	3	City Of Cayce, South Carolina, United States	US	USSC	SC063	33.9516	-81.0601	2404011	3	City Of Cayce, South Carolina, United States	US	USSC		33.9516	-81.0601	2404011	3	City Of Cayce, South Carolina, United States	US	USSC		33.9516	-81.0601	2404011	20260903171500	https://www.thecolumbiastar.com/articles/thomas-dambo-visits-cayce-as-city-moves-forward-with-s-c-s-first-troll-installation/
1321334240	20260903	202609	2026	2026.6658	CVL	RESIDENTS						CVL			USA	SOUTH CAROLINA	USA								0	036	036	03	1	4.0	2	1	2	3.21782178217822	3	City Of Cayce, South Carolina, United States	US	USSC	SC063	33.9516	-81.0601	2404011	2	South Carolina, United States	US	USSC		33.8191	-80.9066	SC	3	City Of Cayce, South Carolina, United States	US	USSC		33.9516	-81.0601	2404011	20260903171500	https://www.thecolumbiastar.com/articles/thomas-dambo-visits-cayce-as-city-moves-forward-with-s-c-s-first-troll-installation/
1321334241	20260903	202609	2026	2026.6658	CVL	RESIDENTS						CVL			USA	SOUTH CAROLINA	USA								0	036	036	03	1	4.0	6	1	6	3.21782178217822	2	South Carolina, United States	US	USSC		33.8191	-80.9066	SC	2	South Carolina, United States	US	USSC		33.8191	-80.9066	SC	2	South Carolina, United States	US	USSC		33.8191	-80.9066	SC	20260903171500	https://www.thecolumbiastar.com/articles/thomas-dambo-visits-cayce-as-city-moves-forward-with-s-c-s-first-troll-installation/
1321334242	20260903	202609	2026	2026.6658	CVL	RESIDENTS						CVL			USA	FLORIDA	USA								1	051	051	05	1	3.4	10	1	10	-3.42857142857143	2	Florida, United States	US	USFL		27.8333	-81.717	FL	2	Florida, United States	US	USFL		27.8333	-81.717	FL	2	Florida, United States	US	USFL		27.8333	-81.717	FL	20260903171500	https://www.wftv.com/news/local/west-nile-virus-detected-brevard-county-chickens/3TXFRSVKEBFMVET63HZ2L6QGPM/
1321334243	20260903	202609	2026	2026.6658	CVL	TOURIST						CVL			USA	FLORIDA	USA								1	090	090	09	2	-2.0	8	1	8	3.8781163434903	3	Orlando, Florida, United States	US	USFL	FL095	28.5383	-81.3792	288240	3	Orlando, Florida, United States	US	USFL	FL095	28.5383	-81.3792	288240	3	Orlando, Florida, United States	US	USFL	FL095	28.5383	-81.3792	288240	20260903171500	https://www.wftv.com/news/local/orlando-museum-art-debut-three-new-exhibitions-starting-sept-11/MN2U4DFIMNDJRCKFLMOSJWNN6E/
1321334244	20260903	202609	2026	2026.6658	CVL	TOURIST						CVL			USA	FLORIDA	USA								1	090	090	09	2	-2.0	2	1	2	3.8781163434903	2	Florida, United States	US	USFL		27.8333	-81.717	FL	2	Florida, United States	US	USFL		27.8333	-81.717	FL	2	Florida, United States	US	USFL		27.8333	-81.717	FL	20260903171500	https://www.wftv.com/news/local/orlando-museum-art-debut-three-new-exhibitions-starting-sept-11/MN2U4DFIMNDJRCKFLMOSJWNN6E/
1321334245	20260903	202609	2026	2026.6658	CVL	COMMUNITY						CVL			idg	INDIGENOUS			idg						0	040	040	04	1	1.0	10	1	10	-4.00326797385621	4	El Tiempo, Magdalena, Colombia	CO	CO38	14028	10.8736	-74.1814	-584294	4	El Tiempo, Magdalena, Colombia	CO	CO38	14028	10.8736	-74.1814	-584294	4	El Tiempo, Magdalena, Colombia	CO	CO38	14028	10.8736	-74.1814	-584294	20260903171500	https://www.riotimesonline.com/ecopetrol-sirius-gas-community-demands-2026/
1321334246	20260903	202609	2026	2026.6658	DEU	GERMANY	DEU																		1	042	042	04	1	1.9	3	1	3	-5.76923076923077	4	Leipzig, Sachsen, Germany	GM	GM13	40699	51.3	12.3333	-1817680	0								4	Moscow, Moskva, Russia	RS	RS48	25106	55.7522	37.6156	-2960561	20260903171500	https://www.yahoo.com/news/world/articles/goethe-institute-chief-laments-ending-161836959.html
1321334247	20260903	202609	2026	2026.6658	DEU	GERMANY	DEU								RUS	RUSSIA	RUS								1	043	043	04	1	2.8	1	1	1	-5.76923076923077	4	Moscow, Moskva, Russia	RS	RS48	25106	55.7522	37.6156	-2960561	4	Moscow, Moskva, Russia	RS	RS48	25106	55.7522	37.6156	-2960561	4	Moscow, Moskva, Russia	RS	RS48	25106	55.7522	37.6156	-2960561	20260903171500	https://www.yahoo.com/news/world/articles/goethe-institute-chief-laments-ending-161836959.html
1321334248	20260903	202609	2026	2026.6658	DEU	GERMAN	DEU								RUS	RUSSIAN	RUS								0	110	110	11	3	-2.0	6	1	6	-5.76923076923077	4	Leipzig, Sachsen, Germany	GM	GM13	40699	51.3	12.3333	-1817680	4	Moscow, Moskva, Russia	RS	RS48	25106	55.7522	37.6156	-2960561	4	Leipzig, Sachsen, Germany	GM	GM13	40699	51.3	12.3333	-1817680	20260903171500	https://www.yahoo.com/news/world/articles/goethe-institute-chief-laments-ending-161836959.html
1321334249	20260903	202609	2026	2026.6658	DEU	GERMAN	DEU								RUS	RUSSIAN	RUS								0	110	110	11	3	-2.0	1	1	1	-5.76923076923077	4	Leipzig, Sachsen, Germany	GM	GM13	40699	51.3	12.3333	-1817680	4	Moscow, Moskva, Russia	RS	RS48	25106	55.7522	37.6156	-2960561	4	Moscow, Moskva, Russia	RS	RS48	25106	55.7522	37.6156	-2960561	20260903171500	https://www.yahoo.com/news/world/articles/goethe-institute-chief-laments-ending-161836959.html
1321334250	20260903	202609	2026	2026.6658	DEU	GERMAN	DEU								RUS	RUSSIAN	RUS								0	110	110	11	3	-2.0	1	1	1	-5.76923076923077	4	Moscow, Moskva, Russia	RS	RS48	25106	55.7522	37.6156	-2960561	4	Leipzig, Sachsen, Germany	GM	GM13	40699	51.3	12.3333	-1817680	4	Leipzig, Sachsen, Germany	GM	GM13	40699	51.3	12.3333	-1817680	20260903171500	https://www.yahoo.com/news/world/articles/goethe-institute-chief-laments-ending-161836959.html
1321334251	20260903	202609	2026	2026.6658	DEU	GERMAN	DEU								RUS	MOSCOW	RUS								0	172	172	17	4	-5.0	8	1	8	-5.76923076923077	4	Leipzig, Sachsen, Germany	GM	GM13	40699	51.3	12.3333	-1817680	4	Moscow, Moskva, Russia	RS	RS48	25106	55.7522	37.6156	-2960561	4	Moscow, Moskva, Russia	RS	RS48	25106	55.7522	37.6156	-2960561	20260903171500	https://www.yahoo.com/news/world/articles/goethe-institute-chief-laments-ending-161836959.html
1321334252	20260903	202609	2026	2026.6658	DEU	GERMAN	DEU								RUS	MOSCOW	RUS								0	172	172	17	4	-5.0	2	1	2	-5.76923076923077	4	Moscow, Moskva, Russia	RS	RS48	25106	55.7522	37.6156	-2960561	4	Moscow, Moskva, Russia	RS	RS48	25106	55.7522	37.6156	-2960561	4	Moscow, Moskva, Russia	RS	RS48	25106	55.7522	37.6156	-2960561	20260903171500	https://www.yahoo.com/news/world/articles/goethe-institute-chief-laments-ending-161836959.html
1321334253	20260903	202609	2026	2026.6658	DJI	DJIBOUTI	DJI								REB	REBEL						REB			1	130	130	13	3	-4.4	3	1	3	-7.17539863325741	4	Tehran, Tehran, Iran	IR	IR26	41130	35.75	51.5148	10074674	4	Tehran, Tehran, Iran	IR	IR26	41130	35.75	51.5148	10074674	4	Tehran, Tehran, Iran	IR	IR26	41130	35.75	51.5148	10074674	20260903171500	https://www.realclearworld.com/articles/2026/09/03/houthi_propaganda_laid_the_groundwork_for_military_escalation_1204067.html
1321334254	20260903	202609	2026	2026.6658	DJI	DJIBOUTI	DJI								REB	REBEL						REB			1	130	130	13	3	-4.4	3	1	3	-7.17539863325741	3	Washington, District of Columbia, United States	US	USDC	DC001	38.8951	-77.0364	531871	4	Tehran, Tehran, Iran	IR	IR26	41130	35.75	51.5148	10074674	4	Tehran, Tehran, Iran	IR	IR26	41130	35.75	51.5148	10074674	20260903171500	https://www.realclearworld.com/articles/2026/09/03/houthi_propaganda_laid_the_groundwork_for_military_escalation_1204067.html
1321334255	20260903	202609	2026	2026.6658	DNK	DANISH	DNK								EGY	EGYPT	EGY								1	014	014	01	1	0.0	2	1	2	0.74866310160428	4	Copenhagen, Køavn*, Denmark	DA	DA05	15213	55.6667	12.5833	-2745636	4	Cairo, Al Qahirah, Egypt	EG	EG11	65350	30.05	31.25	-290692	4	Cairo, Al Qahirah, Egypt	EG	EG11	65350	30.05	31.25	-290692	20260903171500	https://www.dwell.com:443/article/the-dwell-24-edges-2026-585e9a8d
1321334256	20260903	202609	2026	2026.6658	DNK	DANISH	DNK								EGY	EGYPTIAN	EGY								1	014	014	01	1	0.0	8	1	8	0.74866310160428	4	Cairo, Al Qahirah, Egypt	EG	EG11	65350	30.05	31.25	-290692	4	Cairo, Al Qahirah, Egypt	EG	EG11	65350	30.05	31.25	-290692	4	Cairo, Al Qahirah, Egypt	EG	EG11	65350	30.05	31.25	-290692	20260903171500	https://www.dwell.com:443/article/the-dwell-24-edges-2026-585e9a8d
1321334257	20260903	202609	2026	2026.6658	DNK	COPENHAGEN	DNK								ITA	MILAN	ITA								1	043	043	04	1	2.8	8	1	8	2.64423076923077	4	Copenhagen, Køavn*, Denmark	DA	DA05	15213	55.6667	12.5833	-2745636	4	Milan, Lombardia, Italy	IT	IT09	18363	45.4667	9.2	-121726	4	Copenhagen, Køavn*, Denmark	DA	DA05	15213	55.6667	12.5833	-2745636	20260903171500	https://www.dwell.com:443/article/the-dwell-24-best-emerging-designers-2026-2eb77981
1321334258	20260903	202609	2026	2026.6658	DNK	DENMARK	DNK								ITA	ITALY	ITA								1	043	043	04	1	2.8	2	1	2	2.64423076923077	4	Copenhagen, Køavn*, Denmark	DA	DA05	15213	55.6667	12.5833	-2745636	4	Copenhagen, Køavn*, Denmark	DA	DA05	15213	55.6667	12.5833	-2745636	4	Copenhagen, Køavn*, Denmark	DA	DA05	15213	55.6667	12.5833	-2745636	20260903171500	https://www.dwell.com:443/article/the-dwell-24-best-emerging-designers-2026-2eb77981
1321334259	20260903	202609	2026	2026.6658	DNKCVL	DENMARK	DNK					CVL													1	010	010	01	1	0.0	20	2	20	-2.9940119760479	4	Munich, Bayern, Germany	GM	GM02	16532	48.15	11.5833	-1829149	0								4	Munich, Bayern, Germany	GM	GM02	16532	48.15	11.5833	-1829149	20260903171500	https://www.gjsentinel.com/lifestyle/health_and_wellness/study-suggests-statins-may-reduce-risk-of-dementia-in-diabetics/article_0e54b988-a9e4-59d6-99ba-4dba067d0d38.html
1321334260	20260903	202609	2026	2026.6658	EDU	LECTURER						EDU													1	010	010	01	1	0.0	10	1	10	1.66666666666666	4	Hyderabad, Andhra Pradesh, India	IN	IN02	17564	17.3753	78.4744	-2097701	0								4	Hyderabad, Andhra Pradesh, India	IN	IN02	17564	17.3753	78.4744	-2097701	20260903171500	https://www.thehindu.com/news/cities/Hyderabad/readers-recall-influence-of-the-hindu-on-reading-habits-careers-and-public-discourse/article71424833.ece
1321334261	20260903	202609	2026	2026.6658	EDU	STUDENT						EDU													0	013	013	01	1	0.4	20	2	20	3.82244724198747	1	United States	US	US		39.828175	-98.5795	US	0								1	United States	US	US		39.828175	-98.5795	US	20260903171500	https://www.y100fm.com/news/ai-hype-fades/ONN2QMZBUMZ2FP3HYHQF45JEBM/
1321334262	20260903	202609	2026	2026.6658	EDU	STUDENT						EDU													1	014	014	01	1	0.0	10	1	10	0.27397260273973	4	Hyderabad, Andhra Pradesh, India	IN	IN02	17564	17.3753	78.4744	-2097701	0								4	Hyderabad, Andhra Pradesh, India	IN	IN02	17564	17.3753	78.4744	-2097701	20260903171500	https://www.thehindubusinessline.com/info-tech/reverse-migration-rethink-us-based-indian-tech-talent-may-be-looking-homeward/article71424523.ece
1321334263	20260903	202609	2026	2026.6658	EDU	STUDENT						EDU													1	020	020	02	1	3.0	2	1	2	-0.39840637450199	2	Florida, United States	US	USFL		27.8333	-81.717	FL	0								2	Florida, United States	US	USFL		27.8333	-81.717	FL	20260903171500	https://thealabamabaptist.org/students-urged-to-cultivate-a-faith-that-trusts-god-for-impossible/
1321334264	20260903	202609	2026	2026.6658	EDU	SCHOOL						EDU													1	036	036	03	1	4.0	10	1	10	6.76691729323308	2	Florida, United States	US	USFL		27.8333	-81.717	FL	0								2	Florida, United States	US	USFL		27.8333	-81.717	FL	20260903171500	https://www.wftv.com/news/local/florida-launches-2026-hispanic-heritage-month-contests-student-prizes/VMZX6S7UGBB2RIWTR4WN7DVROU/
1321334265	20260903	202609	2026	2026.6658	EDU	STUDENT						EDU													0	043	043	04	1	2.8	10	1	10	-1.20879120879121	2	Minnesota, United States	US	USMN		45.7326	-93.9196	MN	0								2	Minnesota, United States	US	USMN		45.7326	-93.9196	MN	20260903171500	https://www.infectioncontroltoday.com/view/once-teacher-always-teacher-why-infection-prevention-is-education
1321334266	20260903	202609	2026	2026.6658	EDU	STUDENT						EDU													1	090	090	09	2	-2.0	10	1	10	1.91846522781774	3	Bull River, Georgia, United States	US	USGA	GA051	31.978	-80.9271	312022	0								3	Bull River, Georgia, United States	US	USGA		31.978	-80.9271	312022	20260903171500	https://www.wtoc.com/2026/09/02/local-oyster-farm-balances-harvest-with-environmental-impact-peak-season-begins/
1321334267	20260903	202609	2026	2026.6658	EDU	STUDENT						EDU													1	111	111	11	3	-2.0	20	1	10	5.55555555555556	2	Oklahoma, United States	US	USOK		35.5376	-96.9247	OK	0								2	Oklahoma, United States	US	USOK		35.5376	-96.9247	OK	20260903171500	https://www.koco.com/article/john-marshall-hands-on-state-of-the-art-program-oklahoma/73604404
1321334268	20260903	202609	2026	2026.6658	EDU	SCHOOL						EDU													1	193	193	19	4	-10.0	3	1	3	-1.58259149357073	1	United Kingdom	UK	UK		54	-4	UK	0								1	United Kingdom	UK	UK		54	-4	UK	20260903171500	https://www.timeout.com:443/london/news/bayeux-tapestry-british-museum-review-090326
1321334269	20260903	202609	2026	2026.6658	EDU	SCHOOL						EDU			BUS	COMPANIES						BUS			1	111	111	11	3	-2.0	5	1	5	-2.28690228690229	4	London, London, City of, United Kingdom	UK	UKH9	40110	51.5	-0.116667	-2601889	4	London, London, City of, United Kingdom	UK	UKH9	40110	51.5	-0.116667	-2601889	4	London, London, City of, United Kingdom	UK	UKH9	40110	51.5	-0.116667	-2601889	20260903171500	https://thetab.com/2026/09/03/i-found-the-men-in-lily-phillips-gloryhle-stunt-and-they-have-very-x-rated-backstories
1321334270	20260903	202609	2026	2026.6658	EDU	PROFESSOR						EDU			CVL	SCIENTIST						CVL			0	040	040	04	1	1.0	3	1	3	0.72639225181598	3	Dauphin Island Sea Lab, Alabama, United States	US	USAL	AL097	30.2488	-88.0772	143289	3	Dauphin Island Sea Lab, Alabama, United States	US	USAL		30.2488	-88.0772	143289	3	Dauphin Island Sea Lab, Alabama, United States	US	USAL		30.2488	-88.0772	143289	20260903171500	http://www.gulfcoastmedia.com/stories/conservation-event-highlights-alabamas-marine-wildlife-threats,346504
1321334271	20260903	202609	2026	2026.6658	EDU	PROFESSOR						EDU			CVL	SCIENTIST						CVL			0	040	040	04	1	1.0	1	1	1	0.72639225181598	3	Dauphin Island Sea Lab, Alabama, United States	US	USAL	AL097	30.2488	-88.0772	143289	2	Alabama, United States	US	USAL		32.799	-86.8073	AL	3	Dauphin Island Sea Lab, Alabama, United States	US	USAL		30.2488	-88.0772	143289	20260903171500	http://www.gulfcoastmedia.com/stories/conservation-event-highlights-alabamas-marine-wildlife-threats,346504
1321334272	20260903	202609	2026	2026.6658	EDU	PROFESSOR						EDU			CVL	SCIENTIST						CVL			0	040	040	04	1	1.0	1	1	1	0.72639225181598	2	Alabama, United States	US	USAL		32.799	-86.8073	AL	2	Alabama, United States	US	USAL		32.799	-86.8073	AL	2	Alabama, United States	US	USAL		32.799	-86.8073	AL	20260903171500	http://www.gulfcoastmedia.com/stories/conservation-event-highlights-alabamas-marine-wildlife-threats,346504
1321334273	20260903	202609	2026	2026.6658	EDU	STUDENT						EDU			EDUGOV	STUDENT						EDU	GOV		1	043	043	04	1	2.8	3	1	3	-3.42706502636204	3	Berkeley, California, United States	US	USCA	CA001	37.8716	-122.273	1658037	3	Berkeley, California, United States	US	USCA	CA001	37.8716	-122.273	1658037	3	Berkeley, California, United States	US	USCA	CA001	37.8716	-122.273	1658037	20260903171500	https://www.thenation.com/article/archive/cias-student-activism-phase/
1321334274	20260903	202609	2026	2026.6658	EDU	STUDENT						EDU			EDULEG	STUDENT						EDU	LEG		0	051	051	05	1	3.4	40	3	40	-2.07053317733578	5	Heilongjiang, Heilongjiang, China	CH	CH08	13097	48	128	-1908709	5	Heilongjiang, Heilongjiang, China	CH	CH08	13097	48	128	-1908709	5	Heilongjiang, Heilongjiang, China	CH	CH08	13097	48	128	-1908709	20260903171500	http://www.japanherald.com/news/279284196/china-commemorates-81st-anniversary-of-victory-against-japanese-aggression
1321334275	20260903	202609	2026	2026.6658	EDU	SCHOOL						EDU			GBR	UNITED KINGDOM	GBR								1	193	193	19	4	-10.0	3	1	3	-1.58259149357073	1	United Kingdom	UK	UK		54	-4	UK	1	United Kingdom	UK	UK		54	-4	UK	1	United Kingdom	UK	UK		54	-4	UK	20260903171500	https://www.timeout.com:443/london/news/bayeux-tapestry-british-museum-review-090326
1321334276	20260903	202609	2026	2026.6658	EDU	SCHOOL						EDU			GOV	PRESIDENT						GOV			1	036	036	03	1	4.0	5	1	5	1.08695652173913	1	United States	US	US		39.828175	-98.5795	US	1	United States	US	US		39.828175	-98.5795	US	1	United States	US	US		39.828175	-98.5795	US	20260903171500	https://www.spartaindependent.com/news/local-news/sccc-to-host-25th-anniversary-9-11-remembrance-ceremony-FX6167304
1321334277	20260903	202609	2026	2026.6658	EDU	STUDENT						EDU			JUD	JUDGE						JUD			0	016	016	01	1	-2.0	5	1	5	-3.11850311850312	1	United Kingdom	UK	UK		54	-4	UK	1	United Kingdom	UK	UK		54	-4	UK	1	United Kingdom	UK	UK		54	-4	UK	20260903171500	https://thetab.com/2026/09/03/university-of-oxford-offer-holders-lose-high-court-challenge-to-visa-brake
1321334278	20260903	202609	2026	2026.6658	EDU	STUDENT						EDU			JUD	JUDGE						JUD			0	036	036	03	1	4.0	5	1	5	-3.11850311850312	1	United Kingdom	UK	UK		54	-4	UK	1	United Kingdom	UK	UK		54	-4	UK	1	United Kingdom	UK	UK		54	-4	UK	20260903171500	https://thetab.com/2026/09/03/university-of-oxford-offer-holders-lose-high-court-challenge-to-visa-brake
1321334279	20260903	202609	2026	2026.6658	EDU	SCHOOL						EDU			USA	UNITED STATES	USA								1	036	036	03	1	4.0	4	1	4	6.76691729323308	3	Florida College, Florida, United States	US	USFL	FL057	28.0342	-82.3837	299723	3	Florida College, Florida, United States	US	USFL		28.0342	-82.3837	299723	3	Florida College, Florida, United States	US	USFL		28.0342	-82.3837	299723	20260903171500	https://www.wftv.com/news/local/florida-launches-2026-hispanic-heritage-month-contests-student-prizes/VMZX6S7UGBB2RIWTR4WN7DVROU/
1321334280	20260903	202609	2026	2026.6658	EDU	STUDENT						EDU			USA	UNITED STATES	USA								1	043	043	04	1	2.8	1	1	1	-3.42706502636204	3	Berkeley, California, United States	US	USCA	CA001	37.8716	-122.273	1658037	3	Berkeley, California, United States	US	USCA	CA001	37.8716	-122.273	1658037	3	Berkeley, California, United States	US	USCA	CA001	37.8716	-122.273	1658037	20260903171500	https://www.thenation.com/article/archive/cias-student-activism-phase/
1321334281	20260903	202609	2026	2026.6658	EDU	SCHOOL						EDU			USAEDU	FLORIDA	USA					EDU			1	036	036	03	1	4.0	4	1	4	6.76691729323308	3	Florida College, Florida, United States	US	USFL	FL057	28.0342	-82.3837	299723	3	Florida College, Florida, United States	US	USFL		28.0342	-82.3837	299723	3	Florida College, Florida, United States	US	USFL		28.0342	-82.3837	299723	20260903171500	https://www.wftv.com/news/local/florida-launches-2026-hispanic-heritage-month-contests-student-prizes/VMZX6S7UGBB2RIWTR4WN7DVROU/
1321334282	20260903	202609	2026	2026.6658	EDUGOV	STUDENT						EDU	GOV												1	042	042	04	1	1.9	3	1	3	-3.42706502636204	3	Miami, Florida, United States	US	USFL	FL086	25.7743	-80.1937	295004	0								3	Miami, Florida, United States	US	USFL	FL086	25.7743	-80.1937	295004	20260903171500	https://www.thenation.com/article/archive/cias-student-activism-phase/
1321334283	20260903	202609	2026	2026.6658	EDUGOV	STUDENT						EDU	GOV		EDU	STUDENT						EDU			1	042	042	04	1	1.9	3	1	3	-3.42706502636204	3	Miami, Florida, United States	US	USFL	FL086	25.7743	-80.1937	295004	3	Miami, Florida, United States	US	USFL	FL086	25.7743	-80.1937	295004	3	Miami, Florida, United States	US	USFL	FL086	25.7743	-80.1937	295004	20260903171500	https://www.thenation.com/article/archive/cias-student-activism-phase/
1321334284	20260903	202609	2026	2026.6658	EDUGOV	STUDENT						EDU	GOV		USA	UNITED STATES	USA								1	042	042	04	1	1.9	2	1	2	-3.42706502636204	4	Rostow, Rostovskaya Oblast', Russia	RS	RS61	25090	47.2364	39.7139	-2993218	1	South Africa	SF	SF		-30	26	SF	1	South Africa	SF	SF		-30	26	SF	20260903171500	https://www.thenation.com/article/archive/cias-student-activism-phase/
1321334285	20260903	202609	2026	2026.6658	EDUGOV	STUDENT						EDU	GOV		USA	UNITED STATES	USA								1	043	043	04	1	2.8	1	1	1	-3.42706502636204	3	Berkeley, California, United States	US	USCA	CA001	37.8716	-122.273	1658037	3	Berkeley, California, United States	US	USCA	CA001	37.8716	-122.273	1658037	3	Berkeley, California, United States	US	USCA	CA001	37.8716	-122.273	1658037	20260903171500	https://www.thenation.com/article/archive/cias-student-activism-phase/
1321334286	20260903	202609	2026	2026.6658	ELI	ACTOR						ELI													0	012	012	01	1	-0.4	10	1	10	-3.56347438752784	1	United States	US	US		39.828175	-98.5795	US	0								1	United States	US	US		39.828175	-98.5795	US	20260903171500	https://www.techradar.com/pro/security/clicking-allow-on-a-google-and-microsoft-permission-screens-could-give-hackers-access-to-your-entire-account-fbi-warns
1321334287	20260903	202609	2026	2026.6658	ELI	ACTOR						ELI													0	190	190	19	4	-10.0	5	1	5	-7.05128205128206	3	Hattiesburg, Mississippi, United States	US	USMS	MS035	31.3271	-89.2903	691565	0								3	Hattiesburg, Mississippi, United States	US	USMS	MS035	31.3271	-89.2903	691565	20260903171500	https://movieweb.com/by-any-means-review/
1321334288	20260903	202609	2026	2026.6658	ESP	SPAIN	ESP																		0	060	060	06	2	6.0	2	1	2	-0.55172413793103	4	Pueyo, Navarra, Spain	SP	SP32	25823	42.5651	-1.64826	-397899	0								4	Pueyo, Navarra, Spain	SP	SP32	25823	42.5651	-1.64826	-397899	20260903171500	https://cruxnow.com/church-in-europe/2026/09/spanish-bishop-renews-dispute-with-opus-dei-over-marian-image
1321334289	20260903	202609	2026	2026.6658	ESP	SPAIN	ESP								CHL	CHILE	CHL								0	040	040	04	1	1.0	2	1	2	-0.14134275618375	4	Madrid, Madrid, Spain	SP	SP29	25820	40.4	-3.68333	-390625	4	Santiago, Regióetropolitana, Chile	CI	CI12	22379	-33.45	-70.6667	-901202	4	Madrid, Madrid, Spain	SP	SP29	25820	40.4	-3.68333	-390625	20260903171500	https://www.riotimesonline.com/milei-madrid-forum-santiago-kast-2026/
1321334290	20260903	202609	2026	2026.6658	ESP	MADRID	ESP								CHL	SANTIAGO	CHL								0	040	040	04	1	1.0	5	1	5	-0.14134275618375	4	Madrid, Madrid, Spain	SP	SP29	25820	40.4	-3.68333	-390625	4	Santiago, Regióetropolitana, Chile	CI	CI12	22379	-33.45	-70.6667	-901202	4	Santiago, Regióetropolitana, Chile	CI	CI12	22379	-33.45	-70.6667	-901202	20260903171500	https://www.riotimesonline.com/milei-madrid-forum-santiago-kast-2026/
1321334291	20260903	202609	2026	2026.6658	ESP	MADRID	ESP								CHL	SANTIAGO	CHL								0	040	040	04	1	1.0	1	1	1	-0.14134275618375	4	Santiago, Regióetropolitana, Chile	CI	CI12	22379	-33.45	-70.6667	-901202	4	Santiago, Regióetropolitana, Chile	CI	CI12	22379	-33.45	-70.6667	-901202	4	Santiago, Regióetropolitana, Chile	CI	CI12	22379	-33.45	-70.6667	-901202	20260903171500	https://www.riotimesonline.com/milei-madrid-forum-santiago-kast-2026/
1321334292	20260903	202609	2026	2026.6658	ESP	MADRID	ESP								CHL	CHILE	CHL								1	043	043	04	1	2.8	9	1	8	-0.14134275618375	4	Madrid, Madrid, Spain	SP	SP29	25820	40.4	-3.68333	-390625	4	Santiago, Regióetropolitana, Chile	CI	CI12	22379	-33.45	-70.6667	-901202	4	Santiago, Regióetropolitana, Chile	CI	CI12	22379	-33.45	-70.6667	-901202	20260903171500	https://www.riotimesonline.com/milei-madrid-forum-santiago-kast-2026/
1321334293	20260903	202609	2026	2026.6658	ESP	MADRID	ESP								CHL	CHILE	CHL								1	043	043	04	1	2.8	3	1	2	-0.14134275618375	4	Santiago, Regióetropolitana, Chile	CI	CI12	22379	-33.45	-70.6667	-901202	4	Santiago, Regióetropolitana, Chile	CI	CI12	22379	-33.45	-70.6667	-901202	4	Santiago, Regióetropolitana, Chile	CI	CI12	22379	-33.45	-70.6667	-901202	20260903171500	https://www.riotimesonline.com/milei-madrid-forum-santiago-kast-2026/
1321334294	20260903	202609	2026	2026.6658	ESP	SPAIN	ESP								EDU	SCHOOL						EDU			0	020	020	02	1	3.0	4	1	4	-2.06540447504303	2	New York, United States	US	USNY		42.1497	-74.9384	NY	2	New York, United States	US	USNY		42.1497	-74.9384	NY	2	New York, United States	US	USNY		42.1497	-74.9384	NY	20260903171500	https://www.farmanddairy.com/columns/navigating-summer-food-recalls-and-safety/927438.html
1321334295	20260903	202609	2026	2026.6658	ESP	CANARY ISLANDS	ESP								ESPGOV	SPAIN	ESP					GOV			0	020	020	02	1	3.0	4	1	4	-3.72093023255814	4	Canary Islands, Spain (general), Spain	SP	SP00	25789	28	-15.5	-375618	4	Canary Islands, Spain (general), Spain	SP	SP00	25789	28	-15.5	-375618	4	Canary Islands, Spain (general), Spain	SP	SP00	25789	28	-15.5	-375618	20260903171500	https://theleader.info/2026/09/03/more-than-80-feared-dead-after-migrant-boat-drifts-for-27-days-close-to-canary-islands/
1321334296	20260903	202609	2026	2026.6658	ESP	MADRID	ESP								FRA	LYON	FRA								1	036	036	03	1	4.0	8	1	8	3.63752393107849	2	Hawaii, United States	US	USHI		21.1098	-157.531	HI	2	Hawaii, United States	US	USHI		21.1098	-157.531	HI	2	Hawaii, United States	US	USHI		21.1098	-157.531	HI	20260903171500	https://thepointsguy.com/credit-cards/7500-point-atmos-rewards-awards/
1321334297	20260903	202609	2026	2026.6658	ESP	MADRID	ESP								GOV	PRESIDENT						GOV			1	046	046	04	1	7.0	6	1	6	-0.14134275618375	4	Madrid, Madrid, Spain	SP	SP29	25820	40.4	-3.68333	-390625	4	Madrid, Madrid, Spain	SP	SP29	25820	40.4	-3.68333	-390625	4	Madrid, Madrid, Spain	SP	SP29	25820	40.4	-3.68333	-390625	20260903171500	https://www.riotimesonline.com/milei-madrid-forum-santiago-kast-2026/
1321334298	20260903	202609	2026	2026.6658	ESP	SPAIN	ESP								GOV	PRESIDENT						GOV			1	046	046	04	1	7.0	1	1	1	-0.14134275618375	4	Madrid, Madrid, Spain	SP	SP29	25820	40.4	-3.68333	-390625	4	Santiago, Regióetropolitana, Chile	CI	CI12	22379	-33.45	-70.6667	-901202	4	Madrid, Madrid, Spain	SP	SP29	25820	40.4	-3.68333	-390625	20260903171500	https://www.riotimesonline.com/milei-madrid-forum-santiago-kast-2026/
1321334299	20260903	202609	2026	2026.6658	ESP	SPAIN	ESP								GOV	PRESIDENT						GOV			1	046	046	04	1	7.0	1	1	1	-0.14134275618375	4	Santiago, Regióetropolitana, Chile	CI	CI12	22379	-33.45	-70.6667	-901202	4	Santiago, Regióetropolitana, Chile	CI	CI12	22379	-33.45	-70.6667	-901202	4	Santiago, Regióetropolitana, Chile	CI	CI12	22379	-33.45	-70.6667	-901202	20260903171500	https://www.riotimesonline.com/milei-madrid-forum-santiago-kast-2026/
1321334300	20260903	202609	2026	2026.6658	ESP	MADRID	ESP								PTY	POLITICIAN									0	010	010	01	1	0.0	5	1	5	-0.14134275618375	4	Madrid, Madrid, Spain	SP	SP29	25820	40.4	-3.68333	-390625	4	Madrid, Madrid, Spain	SP	SP29	25820	40.4	-3.68333	-390625	4	Madrid, Madrid, Spain	SP	SP29	25820	40.4	-3.68333	-390625	20260903171500	https://www.riotimesonline.com/milei-madrid-forum-santiago-kast-2026/
1321334301	20260903	202609	2026	2026.6658	ESP	SPAIN	ESP								REL	BISHOP									0	051	051	05	1	3.4	4	1	4	-0.55172413793103	4	Pueyo, Navarra, Spain	SP	SP32	25823	42.5651	-1.64826	-397899	4	Pueyo, Navarra, Spain	SP	SP32	25823	42.5651	-1.64826	-397899	4	Pueyo, Navarra, Spain	SP	SP32	25823	42.5651	-1.64826	-397899	20260903171500	https://cruxnow.com/church-in-europe/2026/09/spanish-bishop-renews-dispute-with-opus-dei-over-marian-image
1321334302	20260903	202609	2026	2026.6658	ESP	SPANISH	ESP								USA	AMERICAN	USA								0	190	190	19	4	-10.0	6	1	6	-2.06540447504303	2	New York, United States	US	USNY		42.1497	-74.9384	NY	2	New York, United States	US	USNY		42.1497	-74.9384	NY	2	New York, United States	US	USNY		42.1497	-74.9384	NY	20260903171500	https://www.farmanddairy.com/columns/navigating-summer-food-recalls-and-safety/927438.html
1321334303	20260903	202609	2026	2026.6658	ESP	SPANISH	ESP								USA	UNITED STATES	USA								0	190	190	19	4	-10.0	2	1	2	-2.06540447504303	1	Spain	SP	SP		40	-4	SP	2	New York, United States	US	USNY		42.1497	-74.9384	NY	2	New York, United States	US	USNY		42.1497	-74.9384	NY	20260903171500	https://www.farmanddairy.com/columns/navigating-summer-food-recalls-and-safety/927438.html
1321334304	20260903	202609	2026	2026.6658	ESP	SPANISH	ESP								USA	UNITED STATES	USA								0	190	190	19	4	-10.0	2	1	2	-2.06540447504303	1	Spain	SP	SP		40	-4	SP	1	Spain	SP	SP		40	-4	SP	2	New York, United States	US	USNY		42.1497	-74.9384	NY	20260903171500	https://www.farmanddairy.com/columns/navigating-summer-food-recalls-and-safety/927438.html
1321334305	20260903	202609	2026	2026.6658	ESPGOV	CANARY ISLANDS	ESP					GOV													0	020	020	02	1	3.0	6	1	6	-3.72093023255814	4	Canary Islands, Spain (general), Spain	SP	SP00	25789	28	-15.5	-375618	0								4	Canary Islands, Spain (general), Spain	SP	SP00	25789	28	-15.5	-375618	20260903171500	https://theleader.info/2026/09/03/more-than-80-feared-dead-after-migrant-boat-drifts-for-27-days-close-to-canary-islands/
1321334306	20260903	202609	2026	2026.6658	FRA	FRENCH	FRA																		0	010	010	01	1	0.0	2	1	2	-6.6167290886392	4	Belfast, Belfast, United Kingdom	UK	UKR3	40158	54.5833	-5.93333	-2589607	0								4	Belfast, Belfast, United Kingdom	UK	UKR3	40158	54.5833	-5.93333	-2589607	20260903171500	https://www.belfastlive.co.uk/news/belfast-news/former-french-foreign-legionnaire-jailed-34564080
1321334307	20260903	202609	2026	2026.6658	FRA	LORRAINE	FRA																		1	010	010	01	1	0.0	5	2	5	-2.63808724544847	4	London, London, City of, United Kingdom	UK	UKH9	40110	51.5	-0.116667	-2601889	0								4	London, London, City of, United Kingdom	UK	UKH9	40110	51.5	-0.116667	-2601889	20260903171500	https://www.tvguide.co.uk/articles/lorraine-kelly-prickly-michael-winner-stormed-out-of-tv-interview/
1321334308	20260903	202609	2026	2026.6658	FRA	FRANCE	FRA																		0	010	010	01	1	0.0	2	1	2	-7.17539863325741	1	France	FR	FR		46	2	FR	0								4	London, London, City of, United Kingdom	UK	UKH9	40110	51.5	-0.116667	-2601889	20260903171500	https://www.realclearworld.com/articles/2026/09/03/houthi_propaganda_laid_the_groundwork_for_military_escalation_1204067.html
1321334309	20260903	202609	2026	2026.6658	FRA	FRANCE	FRA								CAN	CANADIAN	CAN								1	043	043	04	1	2.8	2	1	2	-2.75590551181102	1	France	FR	FR		46	2	FR	1	Canada	CA	CA		60	-96	CA	1	France	FR	FR		46	2	FR	20260903171500	https://www.ncspin.com:443/a-dagger-in-the-heart
1321334310	20260903	202609	2026	2026.6658	FRA	LYON	FRA								GOV	FIRE DEPARTMENT						GOV			0	070	070	07	2	7.0	2	1	2	-4.71698113207547	3	Lyon County, Nevada, United States	US	USNV	NV019	39.0002	-119.126	858645	3	Lyon County, Nevada, United States	US	USNV		39.0002	-119.126	858645	3	Lyon County, Nevada, United States	US	USNV		39.0002	-119.126	858645	20260903171500	https://www.2news.com/news/local/crash-near-lyon-washoe-line-sends-two-people-to-hospital/article_aa2bf77e-75b0-4829-b151-6b65914b22ee.html
1321334311	20260903	202609	2026	2026.6658	FRA	LYON	FRA								USAGOV	UNITED STATES	USA					GOV			0	020	020	02	1	3.0	2	1	2	-4.71698113207547	3	Lyon County, Nevada, United States	US	USNV	NV019	39.0002	-119.126	858645	3	Lyon County, Nevada, United States	US	USNV		39.0002	-119.126	858645	3	Lyon County, Nevada, United States	US	USNV		39.0002	-119.126	858645	20260903171500	https://www.2news.com/news/local/crash-near-lyon-washoe-line-sends-two-people-to-hospital/article_aa2bf77e-75b0-4829-b151-6b65914b22ee.html
1321334312	20260903	202609	2026	2026.6658	FRA	LYON	FRA								USAGOV	UNITED STATES	USA					GOV			0	030	030	03	1	4.0	2	1	2	-4.71698113207547	3	Lyon County, Nevada, United States	US	USNV	NV019	39.0002	-119.126	858645	3	Lyon County, Nevada, United States	US	USNV		39.0002	-119.126	858645	3	Lyon County, Nevada, United States	US	USNV		39.0002	-119.126	858645	20260903171500	https://www.2news.com/news/local/crash-near-lyon-washoe-line-sends-two-people-to-hospital/article_aa2bf77e-75b0-4829-b151-6b65914b22ee.html
1321334313	20260903	202609	2026	2026.6658	FRA	LYON	FRA								USAGOV	UNITED STATES	USA					GOV			0	070	070	07	2	7.0	2	1	2	-4.71698113207547	3	Lyon County, Nevada, United States	US	USNV	NV019	39.0002	-119.126	858645	3	Lyon County, Nevada, United States	US	USNV		39.0002	-119.126	858645	3	Lyon County, Nevada, United States	US	USNV		39.0002	-119.126	858645	20260903171500	https://www.2news.com/news/local/crash-near-lyon-washoe-line-sends-two-people-to-hospital/article_aa2bf77e-75b0-4829-b151-6b65914b22ee.html
1321334314	20260903	202609	2026	2026.6658	FRA	LYON	FRA								USAGOV	UNITED STATES	USA					GOV			0	190	190	19	4	-10.0	2	1	2	-4.71698113207547	3	Lyon County, Nevada, United States	US	USNV	NV019	39.0002	-119.126	858645	3	Lyon County, Nevada, United States	US	USNV		39.0002	-119.126	858645	3	Lyon County, Nevada, United States	US	USNV		39.0002	-119.126	858645	20260903171500	https://www.2news.com/news/local/crash-near-lyon-washoe-line-sends-two-people-to-hospital/article_aa2bf77e-75b0-4829-b151-6b65914b22ee.html
1321334315	20260903	202609	2026	2026.6658	FRABUS	FRANCE	FRA					BUS			GOVMED	TRANSPORT MINIST						GOV	MED		1	040	040	04	1	1.0	2	1	2	0	4	Paris, France (general), France	FR	FR00	16282	48.8667	2.33333	-1456928	4	Paris, France (general), France	FR	FR00	16282	48.8667	2.33333	-1456928	4	Paris, France (general), France	FR	FR00	16282	48.8667	2.33333	-1456928	20260903171500	https://www.euronews.com/next/2026/09/03/france-tests-tesla-self-driving-two-months-after-calling-it-too-risky
1321334316	20260903	202609	2026	2026.6658	FRAGOV	FRANCE	FRA					GOV													1	042	042	04	1	1.9	1	1	1	2.25806451612903	1	France	FR	FR		46	2	FR	0								1	France	FR	FR		46	2	FR	20260903171500	https://www.maritimejournal.com/news/vessels/aister-reaches-janot-hull-milestone/
1321334317	20260903	202609	2026	2026.6658	GBR	UNITED KINGDOM	GBR																		1	010	010	01	1	0.0	2	1	2	2.76360544217687	4	Weem, Perth and Kinross, United Kingdom	UK	UKW1	40177	56.6167	-3.88333	-2611063	0								4	Weem, Perth and Kinross, United Kingdom	UK	UKW1	40177	56.6167	-3.88333	-2611063	20260903171500	https://www.wallpaper.com/art/carrie-mae-weems-guest-edits-wallpaper
1321334318	20260903	202609	2026	2026.6658	GBR	UNITED KINGDOM	GBR																		0	015	015	01	1	0.0	1	1	1	-5.32598714416896	4	Caldy, Wirral, United Kingdom	UK	UKQ1	40179	53.35	-3.16667	-2591590	0								4	Caldy, Wirral, United Kingdom	UK	UKQ1	40179	53.35	-3.16667	-2591590	20260903171500	https://www.manchestereveningnews.co.uk/news/greater-manchester-news/inside-despicable-bistro-served-far-34562307
1321334319	20260903	202609	2026	2026.6658	GBR	UNITED KINGDOM	GBR																		0	015	015	01	1	0.0	5	1	5	-5.32598714416896	4	Caldy, Wirral, United Kingdom	UK	UKQ1	40179	53.35	-3.16667	-2591590	0								4	Ramsbottom, Bury, United Kingdom	UK	UKC1	40123	53.6333	-2.31667	-2605974	20260903171500	https://www.manchestereveningnews.co.uk/news/greater-manchester-news/inside-despicable-bistro-served-far-34562307
1321334320	20260903	202609	2026	2026.6658	GBR	UNITED KINGDOM	GBR																		0	015	015	01	1	0.0	4	1	4	-5.32598714416896	4	Dagenham, Barking and Dagenham, United Kingdom	UK	UKA1	40110	51.55	0.166667	-2593987	0								4	Dagenham, Barking and Dagenham, United Kingdom	UK	UKA1	40110	51.55	0.166667	-2593987	20260903171500	https://www.manchestereveningnews.co.uk/news/greater-manchester-news/inside-despicable-bistro-served-far-34562307
1321334321	20260903	202609	2026	2026.6658	GBR	UNITED KINGDOM	GBR																		0	015	015	01	1	0.0	2	1	2	-5.32598714416896	4	Manchester, Manchester, United Kingdom	UK	UKI2	40118	53.5	-2.21667	-2602512	0								4	Dagenham, Barking and Dagenham, United Kingdom	UK	UKA1	40110	51.55	0.166667	-2593987	20260903171500	https://www.manchestereveningnews.co.uk/news/greater-manchester-news/inside-despicable-bistro-served-far-34562307
1321334322	20260903	202609	2026	2026.6658	GBR	UNITED KINGDOM	GBR																		0	015	015	01	1	0.0	2	1	2	-5.32598714416896	4	Manchester, Manchester, United Kingdom	UK	UKI2	40118	53.5	-2.21667	-2602512	0								4	Manchester, Manchester, United Kingdom	UK	UKI2	40118	53.5	-2.21667	-2602512	20260903171500	https://www.manchestereveningnews.co.uk/news/greater-manchester-news/inside-despicable-bistro-served-far-34562307
1321334323	20260903	202609	2026	2026.6658	GBR	BRITISH	GBR																		1	020	020	02	1	3.0	10	1	10	-0.13114754098361	4	Rabnitz, Steiermark, Austria	AU	AU06	5658	47.15	15.5167	-1988642	0								4	Rabnitz, Steiermark, Austria	AU	AU06	5658	47.15	15.5167	-1988642	20260903171500	https://fm4.orf.at/story/farming-nature-drought-100
1321334324	20260903	202609	2026	2026.6658	GBR	UNITED KINGDOM	GBR																		1	020	020	02	1	3.0	4	1	4	3.09597523219814	5	Aberdeenshire, Aberdeenshire, United Kingdom	UK	UKT6	40171	57.1667	-2.66667	-2587759	0								5	Aberdeenshire, Aberdeenshire, United Kingdom	UK	UKT6	40171	57.1667	-2.66667	-2587759	20260903171500	https://www.thescottishfarmer.co.uk/arable/26508102.sruc-chief-powell-calls-faster-crop-variety-testing/
1321334325	20260903	202609	2026	2026.6658	GBR	UNITED KINGDOM	GBR																		0	022	022	02	1	3.2	4	1	4	-3.02178496134927	4	London, London, City of, United Kingdom	UK	UKH9	40110	51.5	-0.116667	-2601889	0								4	London, London, City of, United Kingdom	UK	UKH9	40110	51.5	-0.116667	-2601889	20260903171500	https://www.nbcnews.com/world/europe/clancy-postpartum-psychosis-uk-treatment-rcna594470
1321334326	20260903	202609	2026	2026.6658	GBR	BRITAIN	GBR																		0	043	043	04	1	2.8	2	1	2	-3.19917440660474	3	White House, District of Columbia, United States	US	USDC		38.8951	-77.0364	531871	0								3	White House, District of Columbia, United States	US	USDC		38.8951	-77.0364	531871	20260903171500	https://radaronline.com/p/donald-trump-prince-harry-us-reentry-visa-row/
1321334327	20260903	202609	2026	2026.6658	GBR	LONDON	GBR																		1	051	051	05	1	3.4	3	1	3	2.15686274509804	2	Texas, United States	US	USTX		31.106	-97.6475	TX	0								4	London, London, City of, United Kingdom	UK	UKH9	40110	51.5	-0.116667	-2601889	20260903171500	https://www.techradar.com/vehicle-tech/hybrid-electric-vehicles/want-a-ride-in-uber-and-wayves-first-driverless-london-taxis-heres-how-to-boost-your-chances
1321334328	20260903	202609	2026	2026.6658	GBR	UNITED KINGDOM	GBR																		1	080	080	08	2	5.0	2	1	2	0.87064676616916	4	Lake Maggiore, Italy (general), Italy	IT	IT00	26305	45.95	8.65	-120679	0								4	Lake Maggiore, Italy (general), Italy	IT	IT00	26305	45.95	8.65	-120679	20260903171500	https://www.dailymail.com/tvshowbiz/article-16101927/Country-house-chaos-Guy-Ritchie-reveals-fled-hotel-handing-sprawling-estate-Gentlemen-cast.html
1321334329	20260903	202609	2026	2026.6658	GBR	BRITISH	GBR																		1	080	080	08	2	5.0	7	1	7	0.79365079365079	3	Redbird Creek, Georgia, United States	US	USGA	GA029	31.8424	-81.1548	329384	0								3	Ogeechee River, Georgia, United States	US	USGA		31.8336	-81.0276	354254	20260903171500	https://coastalcourier.com/news/fort-morris-to-turn-back-the-clock-this-weekend/
1321334330	20260903	202609	2026	2026.6658	GBR	BRITISH	GBR																		1	080	080	08	2	5.0	1	1	1	0.79365079365079	3	Ogeechee River, Georgia, United States	US	USGA	GA051	31.8336	-81.0276	354254	0								3	Ogeechee River, Georgia, United States	US	USGA		31.8336	-81.0276	354254	20260903171500	https://coastalcourier.com/news/fort-morris-to-turn-back-the-clock-this-weekend/
1321334331	20260903	202609	2026	2026.6658	GBR	WELSH	GBR								AFR	AFRICA	AFR								1	010	010	01	1	0.0	5	1	5	2.97029702970297	0								0								0								20260903171500	https://mixmag.net/read/birkenhead-future-yard-inaugural-programme-autumn-launch-news
1321334332	20260903	202609	2026	2026.6658	GBR	GLASGOW	GBR								BFA	BURKINA FASO	BFA								0	040	040	04	1	1.0	10	1	10	3.30788804071247	4	Glasgow, Glasgow City, United Kingdom	UK	UKV2	40176	55.8333	-4.25	-2597039	1	Burkina Faso	UV	UV		13	-2	UV	1	Burkina Faso	UV	UV		13	-2	UV	20260903171500	https://www.thescottishfarmer.co.uk/opinion/26514020.international-perspective-can-add-value-scottish-family-farm/
1321334333	20260903	202609	2026	2026.6658	GBR	UNITED KINGDOM	GBR								BUS	BANK						BUS			0	015	015	01	1	0.0	4	1	4	-5.32598714416896	4	Manchester, Manchester, United Kingdom	UK	UKI2	40118	53.5	-2.21667	-2602512	4	Manchester, Manchester, United Kingdom	UK	UKI2	40118	53.5	-2.21667	-2602512	4	Manchester, Manchester, United Kingdom	UK	UKI2	40118	53.5	-2.21667	-2602512	20260903171500	https://www.manchestereveningnews.co.uk/news/greater-manchester-news/inside-despicable-bistro-served-far-34562307
1321334334	20260903	202609	2026	2026.6658	GBR	UNITED KINGDOM	GBR								BUS	BANK						BUS			0	173	173	17	4	-5.0	4	1	4	-5.32598714416896	4	Manchester, Manchester, United Kingdom	UK	UKI2	40118	53.5	-2.21667	-2602512	4	Manchester, Manchester, United Kingdom	UK	UKI2	40118	53.5	-2.21667	-2602512	4	Manchester, Manchester, United Kingdom	UK	UKI2	40118	53.5	-2.21667	-2602512	20260903171500	https://www.manchestereveningnews.co.uk/news/greater-manchester-news/inside-despicable-bistro-served-far-34562307
1321334335	20260903	202609	2026	2026.6658	GBR	BRITISH	GBR								CHN	CHINA	CHN								0	110	110	11	3	-2.0	2	1	2	-2.35148514851485	1	United Kingdom	UK	UK		54	-4	UK	4	Xinjiang, Jiangxi, China	CH	CH03	13167	27.7481	116.274	11065838	4	Xinjiang, Jiangxi, China	CH	CH03	13167	27.7481	116.274	11065838	20260903171500	https://www.theguardian.com/politics/2026/sep/03/reform-media-presenter-worked-chinese-state-propaganda-channel
1321334336	20260903	202609	2026	2026.6658	GBR	BRITISH	GBR								CHN	CHINA	CHN								0	110	110	11	3	-2.0	8	1	8	-2.35148514851485	1	United Kingdom	UK	UK		54	-4	UK	4	Xinjiang, Jiangxi, China	CH	CH03	13167	27.7481	116.274	11065838	1	United Kingdom	UK	UK		54	-4	UK	20260903171500	https://www.theguardian.com/politics/2026/sep/03/reform-media-presenter-worked-chinese-state-propaganda-channel
1321334337	20260903	202609	2026	2026.6658	GBR	UNITED KINGDOM	GBR								FRA	FRANCE	FRA								1	010	010	01	1	0.0	1	1	1	-1.58259149357073	1	France	FR	FR		46	2	FR	1	France	FR	FR		46	2	FR	1	France	FR	FR		46	2	FR	20260903171500	https://www.timeout.com:443/london/news/bayeux-tapestry-british-museum-review-090326
1321334338	20260903	202609	2026	2026.6658	GBR	UNITED KINGDOM	GBR								FRA	FRANCE	FRA								1	010	010	01	1	0.0	1	1	1	-1.58259149357073	1	United Kingdom	UK	UK		54	-4	UK	1	United Kingdom	UK	UK		54	-4	UK	1	France	FR	FR		46	2	FR	20260903171500	https://www.timeout.com:443/london/news/bayeux-tapestry-british-museum-review-090326
1321334339	20260903	202609	2026	2026.6658	GBR	UNITED KINGDOM	GBR								GBRGOV	DOWNING STREET	GBR					GOV			1	042	042	04	1	1.9	8	1	8	-0.77619663648125	4	Burnham, Somerset, United Kingdom	UK	UKM3	40129	51.2417	-2.99528	-2591330	4	Burnham, Somerset, United Kingdom	UK	UKM3	40129	51.2417	-2.99528	-2591330	4	Burnham, Somerset, United Kingdom	UK	UKM3	40129	51.2417	-2.99528	-2591330	20260903171500	https://www.manchestereveningnews.co.uk/news/greater-manchester-news/selfies-smiles-andy-burnham-hands-34563993
1321334340	20260903	202609	2026	2026.6658	GBR	UNITED KINGDOM	GBR								GOV	DIPLOMAT						GOV			0	043	043	04	1	2.8	1	1	1	3.30788804071247	4	Glasgow, Glasgow City, United Kingdom	UK	UKV2	40176	55.8333	-4.25	-2597039	4	Glasgow, Glasgow City, United Kingdom	UK	UKV2	40176	55.8333	-4.25	-2597039	4	Glasgow, Glasgow City, United Kingdom	UK	UKV2	40176	55.8333	-4.25	-2597039	20260903171500	https://www.thescottishfarmer.co.uk/opinion/26514020.international-perspective-can-add-value-scottish-family-farm/
1321334341	20260903	202609	2026	2026.6658	GBR	GLASGOW	GBR								GOV	DIPLOMAT						GOV			0	043	043	04	1	2.8	2	1	2	3.30788804071247	4	Glasgow, Glasgow City, United Kingdom	UK	UKV2	40176	55.8333	-4.25	-2597039	1	Burkina Faso	UV	UV		13	-2	UV	4	Glasgow, Glasgow City, United Kingdom	UK	UKV2	40176	55.8333	-4.25	-2597039	20260903171500	https://www.thescottishfarmer.co.uk/opinion/26514020.international-perspective-can-add-value-scottish-family-farm/
1321334342	20260903	202609	2026	2026.6658	GBR	GLASGOW	GBR								GOV	DIPLOMAT						GOV			0	043	043	04	1	2.8	2	1	2	3.30788804071247	4	Glasgow, Glasgow City, United Kingdom	UK	UKV2	40176	55.8333	-4.25	-2597039	1	Burkina Faso	UV	UV		13	-2	UV	1	Burkina Faso	UV	UV		13	-2	UV	20260903171500	https://www.thescottishfarmer.co.uk/opinion/26514020.international-perspective-can-add-value-scottish-family-farm/
1321334343	20260903	202609	2026	2026.6658	GBR	GLASGOW	GBR								GOV	DIPLOMAT						GOV			0	043	043	04	1	2.8	5	1	5	3.30788804071247	1	Italy	IT	IT		42.833333	12.833333	IT	1	Italy	IT	IT		42.833333	12.833333	IT	1	Italy	IT	IT		42.833333	12.833333	IT	20260903171500	https://www.thescottishfarmer.co.uk/opinion/26514020.international-perspective-can-add-value-scottish-family-farm/
1321334344	20260903	202609	2026	2026.6658	GBR	UNITED KINGDOM	GBR								IRL	DUBLIN	IRL								0	042	042	04	1	1.9	1	1	1	2.12443095599393	4	London, London, City of, United Kingdom	UK	UKH9	40110	51.5	-0.116667	-2601889	4	London, London, City of, United Kingdom	UK	UKH9	40110	51.5	-0.116667	-2601889	4	London, London, City of, United Kingdom	UK	UKH9	40110	51.5	-0.116667	-2601889	20260903171500	https://www.hellomagazine.com/royalty/921548/prince-william-reaction-prince-harry-attacks-kate-middleton/
1321334345	20260903	202609	2026	2026.6658	GBR	UNITED KINGDOM	GBR								IRL	DUBLIN	IRL								0	042	042	04	1	1.9	1	1	1	2.12443095599393	4	Sussex, East Sussex, United Kingdom	UK	UKE2	40137	50.9167	-0.083333	-2609142	4	Dublin, Dublin, Ireland	EI	EI07	18288	53.3331	-6.24889	-1502554	4	Dublin, Dublin, Ireland	EI	EI07	18288	53.3331	-6.24889	-1502554	20260903171500	https://www.hellomagazine.com/royalty/921548/prince-william-reaction-prince-harry-attacks-kate-middleton/
1321334346	20260903	202609	2026	2026.6658	GBR	UNITED KINGDOM	GBR								IRL	IRELAND	IRL								0	042	042	04	1	1.9	4	1	4	2.12443095599393	4	Sussex, East Sussex, United Kingdom	UK	UKE2	40137	50.9167	-0.083333	-2609142	4	Dublin, Dublin, Ireland	EI	EI07	18288	53.3331	-6.24889	-1502554	4	Sussex, East Sussex, United Kingdom	UK	UKE2	40137	50.9167	-0.083333	-2609142	20260903171500	https://www.hellomagazine.com/royalty/921548/prince-william-reaction-prince-harry-attacks-kate-middleton/
1321334347	20260903	202609	2026	2026.6658	GBR	UNITED KINGDOM	GBR								ITA	MARCHE	ITA								1	012	012	01	1	-0.4	6	1	6	-4.7244094488189	4	Portadown, Craigavon, United Kingdom	UK	UKR8	40152	54.4333	-6.45	-2605557	4	Portadown, Craigavon, United Kingdom	UK	UKR8	40152	54.4333	-6.45	-2605557	4	Portadown, Craigavon, United Kingdom	UK	UKR8	40152	54.4333	-6.45	-2605557	20260903171500	https://highlandradio.com/2026/09/03/orange-order-applies-for-permission-to-march-down-garvaghey-road/
1321334348	20260903	202609	2026	2026.6658	GBR	UNITED KINGDOM	GBR								JUD	JUDGE						JUD			0	042	042	04	1	1.9	1	1	1	-6.6167290886392	4	Northern Ireland, Craigavon, United Kingdom	UK	UKR8	40152	54.5	-6.5	-2604275	4	Northern Ireland, Craigavon, United Kingdom	UK	UKR8	40152	54.5	-6.5	-2604275	4	Northern Ireland, Craigavon, United Kingdom	UK	UKR8	40152	54.5	-6.5	-2604275	20260903171500	https://www.belfastlive.co.uk/news/belfast-news/former-french-foreign-legionnaire-jailed-34564080
1321334349	20260903	202609	2026	2026.6658	GBR	UNITED KINGDOM	GBR								JUD	COUNSELLOR						JUD			0	051	051	05	1	3.4	4	1	4	-3.02178496134927	4	London, London, City of, United Kingdom	UK	UKH9	40110	51.5	-0.116667	-2601889	4	London, London, City of, United Kingdom	UK	UKH9	40110	51.5	-0.116667	-2601889	4	London, London, City of, United Kingdom	UK	UKH9	40110	51.5	-0.116667	-2601889	20260903171500	https://www.nbcnews.com/world/europe/clancy-postpartum-psychosis-uk-treatment-rcna594470
1321334350	20260903	202609	2026	2026.6658	GBR	UNITED KINGDOM	GBR								MDV	MALE	MDV								1	015	015	01	1	0.0	8	1	8	-6.6167290886392	4	Belfast, Belfast, United Kingdom	UK	UKR3	40158	54.5833	-5.93333	-2589607	4	Belfast, Belfast, United Kingdom	UK	UKR3	40158	54.5833	-5.93333	-2589607	4	Belfast, Belfast, United Kingdom	UK	UKR3	40158	54.5833	-5.93333	-2589607	20260903171500	https://www.belfastlive.co.uk/news/belfast-news/former-french-foreign-legionnaire-jailed-34564080
1321334351	20260903	202609	2026	2026.6658	GBR	UNITED KINGDOM	GBR								USA	UNITED STATES	USA								0	042	042	04	1	1.9	2	1	2	3.28820116054159	3	Beverly Hills, California, United States	US	USCA	CA037	34.0736	-118.4	1652672	3	Beverly Hills, California, United States	US	USCA		34.0736	-118.4	1652672	3	Beverly Hills, California, United States	US	USCA		34.0736	-118.4	1652672	20260903171500	https://www.latimes.com/entertainment-arts/story/2026-09-03/amelia-dimoldenberg-chicken-shop-date-ending
1321334352	20260903	202609	2026	2026.6658	GBR	UNITED KINGDOM	GBR								USA	UNITED STATES	USA								0	046	046	04	1	7.0	4	1	4	2.76360544217687	4	Weem, Perth and Kinross, United Kingdom	UK	UKW1	40177	56.6167	-3.88333	-2611063	3	Portland, Oregon, United States	US	USOR	OR051	45.5235	-122.676	1136645	4	Weem, Perth and Kinross, United Kingdom	UK	UKW1	40177	56.6167	-3.88333	-2611063	20260903171500	https://www.wallpaper.com/art/carrie-mae-weems-guest-edits-wallpaper
1321334353	20260903	202609	2026	2026.6658	GBR	UNITED KINGDOM	GBR								USA	CHARLOTTE	USA								0	055	055	05	1	7.0	2	1	2	2.12443095599393	4	London, London, City of, United Kingdom	UK	UKH9	40110	51.5	-0.116667	-2601889	4	London, London, City of, United Kingdom	UK	UKH9	40110	51.5	-0.116667	-2601889	4	London, London, City of, United Kingdom	UK	UKH9	40110	51.5	-0.116667	-2601889	20260903171500	https://www.hellomagazine.com/royalty/921548/prince-william-reaction-prince-harry-attacks-kate-middleton/
1321334354	20260903	202609	2026	2026.6658	GBREDU	BRITISH	GBR					EDU													0	043	043	04	1	2.8	6	1	6	-3.19917440660474	4	London, London, City of, United Kingdom	UK	UKH9	40110	51.5	-0.116667	-2601889	0								4	London, London, City of, United Kingdom	UK	UKH9	40110	51.5	-0.116667	-2601889	20260903171500	https://radaronline.com/p/donald-trump-prince-harry-us-reentry-visa-row/
1321334355	20260903	202609	2026	2026.6658	GBRGOV	DOWNING STREET	GBR					GOV			GBR	UNITED KINGDOM	GBR								1	043	043	04	1	2.8	8	1	8	-0.77619663648125	4	Burnham, Somerset, United Kingdom	UK	UKM3	40129	51.2417	-2.99528	-2591330	4	Burnham, Somerset, United Kingdom	UK	UKM3	40129	51.2417	-2.99528	-2591330	4	Burnham, Somerset, United Kingdom	UK	UKM3	40129	51.2417	-2.99528	-2591330	20260903171500	https://www.manchestereveningnews.co.uk/news/greater-manchester-news/selfies-smiles-andy-burnham-hands-34563993
1321334356	20260903	202609	2026	2026.6658	GBRGOV	DOWNING STREET	GBR					GOV			GBR	UNITED KINGDOM	GBR								1	051	051	05	1	3.4	4	1	4	-0.77619663648125	4	Burnham, Somerset, United Kingdom	UK	UKM3	40129	51.2417	-2.99528	-2591330	4	Burnham, Somerset, United Kingdom	UK	UKM3	40129	51.2417	-2.99528	-2591330	4	Burnham, Somerset, United Kingdom	UK	UKM3	40129	51.2417	-2.99528	-2591330	20260903171500	https://www.manchestereveningnews.co.uk/news/greater-manchester-news/selfies-smiles-andy-burnham-hands-34563993
1321334357	20260903	202609	2026	2026.6658	GBRGOV	DOWNING STREET	GBR					GOV			GBR	UNITED KINGDOM	GBR								1	051	051	05	1	3.4	4	1	4	-0.77619663648125	4	English Channel, United Kingdom (general), United Kingdom	UK	UK00	154724	54.5833	-3.68333	-2595622	4	English Channel, United Kingdom (general), United Kingdom	UK	UK00	154724	54.5833	-3.68333	-2595622	4	English Channel, United Kingdom (general), United Kingdom	UK	UK00	154724	54.5833	-3.68333	-2595622	20260903171500	https://www.manchestereveningnews.co.uk/news/greater-manchester-news/selfies-smiles-andy-burnham-hands-34563993
1321334358	20260903	202609	2026	2026.6658	GBRIMY	MANX	GBR								BUS	COMPANY						BUS			1	010	010	01	1	0.0	10	1	10	0	0								0								0								20260903171500	https://www.manxradio.com/news/isle-of-man-news/spc-says-project-to-replace-manannan-ongoing-despite-claims-from-minister-its-on-pause/
1321334359	20260903	202609	2026	2026.6658	GBRIMY	MANX	GBR								BUS	COMPANY						BUS			1	020	020	02	1	3.0	10	1	10	0	0								0								0								20260903171500	https://www.manxradio.com/news/isle-of-man-news/spc-says-project-to-replace-manannan-ongoing-despite-claims-from-minister-its-on-pause/
1321334360	20260903	202609	2026	2026.6658	GBRJUD	UNITED KINGDOM	GBR					JUD			GBR	UNITED KINGDOM	GBR								0	014	014	01	1	0.0	2	1	2	-6.6167290886392	4	Northern Ireland, Craigavon, United Kingdom	UK	UKR8	40152	54.5	-6.5	-2604275	4	Northern Ireland, Craigavon, United Kingdom	UK	UKR8	40152	54.5	-6.5	-2604275	4	Northern Ireland, Craigavon, United Kingdom	UK	UKR8	40152	54.5	-6.5	-2604275	20260903171500	https://www.belfastlive.co.uk/news/belfast-news/former-french-foreign-legionnaire-jailed-34564080
1321334361	20260903	202609	2026	2026.6658	GOV	GOVERNMENT						GOV													0	010	010	01	1	0.0	10	1	10	-4.85436893203884	4	Buenos Aires, Distrito Federal, Argentina	AR	AR07	22379	-34.5875	-58.6725	-979186	0								4	Buenos Aires, Distrito Federal, Argentina	AR	AR07	22379	-34.5875	-58.6725	-979186	20260903171500	https://www.riotimesonline.com/argentina-airport-strike-2026/
1321334362	20260903	202609	2026	2026.6658	GOV	TREASURY SECRETARY						GOV													0	010	010	01	1	0.0	6	1	6	-2.39520958083833	3	Times Square, New York, United States	US	USNY	NY061	40.757	-73.986	967537	0								3	Times Square, New York, United States	US	USNY		40.757	-73.986	967537	20260903171500	https://reason.com/2026/09/03/mamdani-bans-the-robot-teachers/
1321334363	20260903	202609	2026	2026.6658	GOV	GOVERNMENT						GOV													0	012	012	01	1	-0.4	10	1	10	-3.16558441558442	4	La Paz, La Paz, Bolivia	BL	BL04	40202	-16.5	-68.15	-693412	0								4	La Paz, La Paz, Bolivia	BL	BL04	40202	-16.5	-68.15	-693412	20260903171500	https://www.riotimesonline.com/bolivia-ypfb-fuel-crisis-intervention/
1321334364	20260903	202609	2026	2026.6658	GOV	GOVERNMENT						GOV													1	013	013	01	1	0.4	6	1	6	-2.12765957446808	1	Nigeria	NI	NI		10	8	NI	0								1	Nigeria	NI	NI		10	8	NI	20260903171500	https://tribuneonlineng.com/ubers-exit-exposes-nigerias-harsh-operating-environment-adc/
1321334365	20260903	202609	2026	2026.6658	GOV	MINISTRY						GOV													1	020	020	02	1	3.0	5	1	5	8.89487870619946	4	Windhoek, Khomas, Namibia	WA	WA21	22288	-22.57	17.0836	-2587496	0								4	Windhoek, Khomas, Namibia	WA	WA21	22288	-22.57	17.0836	-2587496	20260903171500	https://allafrica.com/stories/202609030516.html
1321334366	20260903	202609	2026	2026.6658	GOV	MINIST						GOV													0	020	020	02	1	3.0	8	1	8	-3.16558441558442	4	La Paz, La Paz, Bolivia	BL	BL04	40202	-16.5	-68.15	-693412	0								4	La Paz, La Paz, Bolivia	BL	BL04	40202	-16.5	-68.15	-693412	20260903171500	https://www.riotimesonline.com/bolivia-ypfb-fuel-crisis-intervention/
1321334367	20260903	202609	2026	2026.6658	GOV	MINISTRY						GOV													1	030	030	03	1	4.0	5	1	5	8.89487870619946	4	Windhoek, Khomas, Namibia	WA	WA21	22288	-22.57	17.0836	-2587496	0								4	Windhoek, Khomas, Namibia	WA	WA21	22288	-22.57	17.0836	-2587496	20260903171500	https://allafrica.com/stories/202609030516.html
1321334368	20260903	202609	2026	2026.6658	GOV	KING						GOV													1	035	035	03	1	7.0	5	1	5	11.9601328903655	0								0								0								20260903171500	https://blogs.crossmap.com/stories/dance-before-the-lord-k4LMHpc11X-A7PgPCL6dc
1321334369	20260903	202609	2026	2026.6658	GOV	MINIST						GOV													0	036	036	03	1	4.0	2	1	2	-2.85459411239965	4	Montevideo, Montevideo, Uruguay	UY	UY10	22379	-34.8581	-56.1708	-907764	0								4	Montevideo, Montevideo, Uruguay	UY	UY10	22379	-34.8581	-56.1708	-907764	20260903171500	https://www.riotimesonline.com/eu-suspends-brazilian-meat-mercosur-quota-fight/
1321334370	20260903	202609	2026	2026.6658	GOV	PRESIDENT						GOV													0	040	040	04	1	1.0	6	1	6	-0.14134275618375	4	Santiago, Regióetropolitana, Chile	CI	CI12	22379	-33.45	-70.6667	-901202	0								4	Santiago, Regióetropolitana, Chile	CI	CI12	22379	-33.45	-70.6667	-901202	20260903171500	https://www.riotimesonline.com/milei-madrid-forum-santiago-kast-2026/
1321334371	20260903	202609	2026	2026.6658	GOV	CABINET						GOV													0	042	042	04	1	1.9	2	1	2	1.65289256198347	2	Wisconsin, United States	US	USWI		44.2563	-89.6385	WI	0								2	Wisconsin, United States	US	USWI		44.2563	-89.6385	WI	20260903171500	https://www.nbcnews.com/politics/2026-election/elon-musk-super-pac-midterms-republicans-rcna595909
1321334372	20260903	202609	2026	2026.6658	GOV	ADMINISTRATION						GOV													0	045	045	04	1	5.0	6	1	6	-3.19917440660474	4	London, London, City of, United Kingdom	UK	UKH9	40110	51.5	-0.116667	-2601889	0								4	London, London, City of, United Kingdom	UK	UKH9	40110	51.5	-0.116667	-2601889	20260903171500	https://radaronline.com/p/donald-trump-prince-harry-us-reentry-visa-row/
1321334373	20260903	202609	2026	2026.6658	GOV	GOVERNMENT						GOV													0	046	046	04	1	7.0	10	1	10	-4.85436893203884	4	Ezeiza, Buenos Aires, Argentina	AR	AR01	22379	-34.8479	-58.5287	-989273	0								4	Ezeiza, Buenos Aires, Argentina	AR	AR01	22379	-34.8479	-58.5287	-989273	20260903171500	https://www.riotimesonline.com/argentina-airport-strike-2026/
1321334374	20260903	202609	2026	2026.6658	GOV	GOVERNMENT						GOV													0	050	050	05	1	3.5	4	1	4	-0.14134275618375	4	Santiago, Regióetropolitana, Chile	CI	CI12	22379	-33.45	-70.6667	-901202	0								4	Santiago, Regióetropolitana, Chile	CI	CI12	22379	-33.45	-70.6667	-901202	20260903171500	https://www.riotimesonline.com/milei-madrid-forum-santiago-kast-2026/
1321334375	20260903	202609	2026	2026.6658	GOV	CHIEF EXECUTIVE						GOV													1	051	051	05	1	3.4	5	1	5	0	4	Enugu, Enugu, Nigeria	NI	NI47	191302	6.4402	7.4943	-2006530	0								4	Enugu, Enugu, Nigeria	NI	NI47	191302	6.4402	7.4943	-2006530	20260903171500	https://tribuneonlineng.com/reps-committee-urges-discos-to-clear-outstanding-debts/
1321334376	20260903	202609	2026	2026.6658	GOV	PRESIDENT						GOV													0	051	051	05	1	3.4	4	1	4	-0.77619663648125	4	Burnham, Somerset, United Kingdom	UK	UKM3	40129	51.2417	-2.99528	-2591330	0								4	Burnham, Somerset, United Kingdom	UK	UKM3	40129	51.2417	-2.99528	-2591330	20260903171500	https://www.manchestereveningnews.co.uk/news/greater-manchester-news/selfies-smiles-andy-burnham-hands-34563993
1321334377	20260903	202609	2026	2026.6658	GOV	GOVERNMENT						GOV													0	060	060	06	2	6.0	3	1	3	-1.24282982791587	3	Indian Lake, Ohio, United States	US	USOH	OH091	40.4676	-80.8754	1041943	0								3	Indian Lake, Ohio, United States	US	USOH		40.4676	-80.8754	1041943	20260903171500	https://www.farmanddairy.com/columns/ohio-division-of-wildlife-history-part-3-wardens-hatcheries/927416.html
1321334378	20260903	202609	2026	2026.6658	GOV	GOVERNMENT						GOV													0	060	060	06	2	6.0	2	1	2	-1.24282982791587	2	Ohio, United States	US	USOH		40.3736	-82.7755	OH	0								2	Ohio, United States	US	USOH		40.3736	-82.7755	OH	20260903171500	https://www.farmanddairy.com/columns/ohio-division-of-wildlife-history-part-3-wardens-hatcheries/927416.html
1321334379	20260903	202609	2026	2026.6658	GOV	MINIST						GOV													0	070	070	07	2	7.0	10	1	10	-7.51748251748251	4	Abuja, Abuja Federal Capital Territory, Nigeria	NI	NI11	191147	9.08333	7.53333	-1997013	0								4	Abuja, Abuja Federal Capital Territory, Nigeria	NI	NI11	191147	9.08333	7.53333	-1997013	20260903171500	https://tribuneonlineng.com/flooding-fcta-begins-city-wide-desilting-of-drains/
1321334380	20260903	202609	2026	2026.6658	GOV	GOVERNMENT						GOV													0	070	070	07	2	7.0	5	1	5	-1.24282982791587	2	Ohio, United States	US	USOH		40.3736	-82.7755	OH	0								2	Ohio, United States	US	USOH		40.3736	-82.7755	OH	20260903171500	https://www.farmanddairy.com/columns/ohio-division-of-wildlife-history-part-3-wardens-hatcheries/927416.html
1321334381	20260903	202609	2026	2026.6658	GOV	GOVERNMENT						GOV													0	080	080	08	2	5.0	10	1	10	0.591715976331359	1	India	IN	IN		20	77	IN	0								1	India	IN	IN		20	77	IN	20260903171500	https://www.thehindubusinessline.com/economy/86-lakh-crore-q1-gdp-estimate-of-last-year-based-on-old-methodology/article71424540.ece
1321334382	20260903	202609	2026	2026.6658	GOV	GOVERNMENT						GOV													1	0874	087	08	2	10.0	3	1	3	-4.375	4	Bengaluru, Karnataka, India	IN	IN19	70159	12.9833	77.5833	-2090174	0								4	Bengaluru, Karnataka, India	IN	IN19	70159	12.9833	77.5833	-2090174	20260903171500	https://www.thehindu.com/news/cities/bangalore/citizens-term-withdrawal-of-parks-bill-victory-for-bengaluru/article71424989.ece
1321334383	20260903	202609	2026	2026.6658	GOV	GOVERNMENT						GOV													1	0874	087	08	2	10.0	2	1	2	-4.375	4	Bengaluru, Karnataka, India	IN	IN19	70159	12.9833	77.5833	-2090174	0								4	Lalbagh, West Bengal, India	IN	IN28	17955	24.1667	88.2667	-2102387	20260903171500	https://www.thehindu.com/news/cities/bangalore/citizens-term-withdrawal-of-parks-bill-victory-for-bengaluru/article71424989.ece
1321334384	20260903	202609	2026	2026.6658	GOV	MONARCH						GOV													1	110	110	11	3	-2.0	5	1	5	-5.66037735849056	1	Liechtenstein	LS	LS		47.166667	9.533333	LS	0								1	Liechtenstein	LS	LS		47.166667	9.533333	LS	20260903171500	https://www.bbc.com/news/articles/c9dwedep38po
1321334385	20260903	202609	2026	2026.6658	GOV	GOVERNMENT REPRESENTATIVE						GOV													0	111	111	11	3	-2.0	5	1	5	-4.11826821541711	1	Bangladesh	BG	BG		24	90	BG	0								1	Bangladesh	BG	BG		24	90	BG	20260903171500	https://www.irishdentist.ie/the-anm-even-defends-the-judge-who-freed-the-immigrant-rapist/21625/
1321334386	20260903	202609	2026	2026.6658	GOV	MAYOR						GOV													0	112	112	11	3	-2.0	6	1	6	-3.18379160636758	3	Farmington, New York, United States	US	USNY	NY069	43.032	-77.3322	949920	0								3	Farmington, New York, United States	US	USNY	NY069	43.032	-77.3322	949920	20260903171500	https://hartfordbusiness.com/article/despite-clash-with-hartford-mayor-problem-landlord-expands-city-holdings/
1321334387	20260903	202609	2026	2026.6658	GOV	PRINCE						GOV													1	120	120	12	3	-4.0	6	1	6	2.12443095599393	4	Dublin, Dublin, Ireland	EI	EI07	18288	53.3331	-6.24889	-1502554	0								4	Dublin, Dublin, Ireland	EI	EI07	18288	53.3331	-6.24889	-1502554	20260903171500	https://www.hellomagazine.com/royalty/921548/prince-william-reaction-prince-harry-attacks-kate-middleton/
1321334388	20260903	202609	2026	2026.6658	GOV	TRADE MINIST						GOV													1	127	127	12	3	-5.0	10	1	10	-2.85459411239965	1	Brazil	BR	BR		-10	-55	BR	0								1	Brazil	BR	BR		-10	-55	BR	20260903171500	https://www.riotimesonline.com/eu-suspends-brazilian-meat-mercosur-quota-fight/
1321334389	20260903	202609	2026	2026.6658	GOV	GOVERNMENT						GOV													1	173	173	17	4	-5.0	2	1	2	-1.52284263959391	5	Oyo State, Oyo, Nigeria	NI	NI32	191166	8	4	-2024630	0								5	Oyo State, Oyo, Nigeria	NI	NI32	191166	8	4	-2024630	20260903171500	https://tribuneonlineng.com/oyo-govt-intensifies-crackdown-on-street-trading-in-ibadan/
1321334390	20260903	202609	2026	2026.6658	GOV	ADMINISTRATION						GOV													0	174	174	17	4	-5.0	6	1	6	-3.19917440660474	4	London, London, City of, United Kingdom	UK	UKH9	40110	51.5	-0.116667	-2601889	0								4	London, London, City of, United Kingdom	UK	UKH9	40110	51.5	-0.116667	-2601889	20260903171500	https://radaronline.com/p/donald-trump-prince-harry-us-reentry-visa-row/
1321334391	20260903	202609	2026	2026.6658	GOV	DIRECTOR GENERAL						GOV			ARE	DUBAI	ARE								1	043	043	04	1	2.8	7	1	7	3.18906605922551	4	Dubai, Dubayy, United Arab Emirates	AE	AE03	28575	25.2522	55.28	-782831	4	Dubai, Dubayy, United Arab Emirates	AE	AE03	28575	25.2522	55.28	-782831	4	Dubai, Dubayy, United Arab Emirates	AE	AE03	28575	25.2522	55.28	-782831	20260903171500	http://www.bignewsnetwork.com/news/279284206/dubai-land-department-launches-ai-powered-initial-registration-platform-for-real-estate-developers
1321334392	20260903	202609	2026	2026.6658	GOV	PUBLIC WORKS MINIST						GOV			BOL	BOLIVIA	BOL								0	010	010	01	1	0.0	2	1	2	-3.16558441558442	4	La Paz, La Paz, Bolivia	BL	BL04	40202	-16.5	-68.15	-693412	4	La Paz, La Paz, Bolivia	BL	BL04	40202	-16.5	-68.15	-693412	4	La Paz, La Paz, Bolivia	BL	BL04	40202	-16.5	-68.15	-693412	20260903171500	https://www.riotimesonline.com/bolivia-ypfb-fuel-crisis-intervention/
1321334393	20260903	202609	2026	2026.6658	GOV	DIRECTOR GENERAL						GOV			BUS	BUSINESS						BUS			1	020	020	02	1	3.0	2	1	2	2.48356464572681	1	Mexico	MX	MX		23	-102	MX	1	Mexico	MX	MX		23	-102	MX	1	Mexico	MX	MX		23	-102	MX	20260903171500	https://www.riotimesonline.com/pemex-mixed-contracts-private-investment-2026/
1321334394	20260903	202609	2026	2026.6658	GOV	DIRECTOR GENERAL						GOV			BUS	BUSINESS						BUS			1	020	020	02	1	3.0	6	1	6	2.48356464572681	1	United States	US	US		39.828175	-98.5795	US	1	United States	US	US		39.828175	-98.5795	US	1	United States	US	US		39.828175	-98.5795	US	20260903171500	https://www.riotimesonline.com/pemex-mixed-contracts-private-investment-2026/
1321334395	20260903	202609	2026	2026.6658	GOV	GOVERNMENT						GOV			BUS	COMPANIES						BUS			0	030	030	03	1	4.0	5	1	5	4.13943355119826	4	New Delhi, Delhi, India	IN	IN07	17911	28.6	77.2	-2106102	4	New Delhi, Delhi, India	IN	IN07	17911	28.6	77.2	-2106102	4	New Delhi, Delhi, India	IN	IN07	17911	28.6	77.2	-2106102	20260903171500	https://economictimes.indiatimes.com/news/economy/foreign-trade/india-targets-1-trillion-exports-this-year-urges-auto-sector-to-go-global-piyush-goyal/articleshow/133741331.cms
1321334396	20260903	202609	2026	2026.6658	GOV	REGULATOR						GOV			BUS	PRODUCER						BUS			0	046	046	04	1	7.0	10	1	10	-2.85459411239965	1	Brazil	BR	BR		-10	-55	BR	1	Brazil	BR	BR		-10	-55	BR	1	Brazil	BR	BR		-10	-55	BR	20260903171500	https://www.riotimesonline.com/eu-suspends-brazilian-meat-mercosur-quota-fight/
1321334397	20260903	202609	2026	2026.6658	GOV	REGULATOR						GOV			BUS	COMPANIES						BUS			0	170	170	17	4	-7.0	10	1	10	-2.83018867924528	0								0								0								20260903171500	https://www.thehindubusinessline.com/news/fssai-looking-at-regulations-for-ban-on-analogue-paneer-restrictions-on-sale-of-junk-foods-near-schools/article71424147.ece
1321334398	20260903	202609	2026	2026.6658	GOV	REGULATOR						GOV			BUS	COMPANIES						BUS			0	173	173	17	4	-5.0	10	1	10	-2.83018867924528	0								0								0								20260903171500	https://www.thehindubusinessline.com/news/fssai-looking-at-regulations-for-ban-on-analogue-paneer-restrictions-on-sale-of-junk-foods-near-schools/article71424147.ece
1321334399	20260903	202609	2026	2026.6658	GOV	GOVERNMENT						GOV			CAN	ONTARIO	CAN								1	014	014	01	1	0.0	10	1	10	3.77200335289187	1	United States	US	US		39.828175	-98.5795	US	1	United States	US	US		39.828175	-98.5795	US	1	United States	US	US		39.828175	-98.5795	US	20260903171500	https://www.nugget.ca:443/news/project-to-restart-the-shuttered-espanola-pulp-mill-takes-a-step-forward
1321334400	20260903	202609	2026	2026.6658	GOV	PRESIDENT						GOV			CAN	CANADIAN	CAN								0	040	040	04	1	1.0	2	1	2	0.27855153203342	4	Thunder Bay, Ontario, Canada	CA	CA08	12684	48.4	-89.2333	-574784	4	Thunder Bay, Ontario, Canada	CA	CA08	12684	48.4	-89.2333	-574784	4	Thunder Bay, Ontario, Canada	CA	CA08	12684	48.4	-89.2333	-574784	20260903171500	https://finance.yahoo.com/news/canada-ready-us-trade-deal-161911857.html
1321334401	20260903	202609	2026	2026.6658	GOV	PRESIDENT						GOV			CAN	CANADA	CAN								1	1043	104	10	3	-5.0	10	1	10	-2.75590551181102	1	Canada	CA	CA		60	-96	CA	1	Canada	CA	CA		60	-96	CA	1	Canada	CA	CA		60	-96	CA	20260903171500	https://www.ncspin.com:443/a-dagger-in-the-heart
1321334402	20260903	202609	2026	2026.6658	GOV	GOVERNMENT OFFICIAL						GOV			CAN	CANADIAN	CAN								0	111	111	11	3	-2.0	2	1	2	-0.63613231552163	3	White House, District of Columbia, United States	US	USDC		38.8951	-77.0364	531871	1	Canada	CA	CA		60	-96	CA	3	White House, District of Columbia, United States	US	USDC		38.8951	-77.0364	531871	20260903171500	https://www.saltwire.com/public-service/defence-watch/u-s-admiral-dodges-questions-about-attacking-canada-but-acknowledges-he-would-follow-trumps-orders/wcm/44e3c2a8-b5e5-4532-8d3e-c72aa16d8255
1321334403	20260903	202609	2026	2026.6658	GOV	GOVERNMENT OFFICIAL						GOV			CANMIL	CANADIAN	CAN					MIL			0	111	111	11	3	-2.0	6	1	6	-0.63613231552163	1	Canada	CA	CA		60	-96	CA	1	Canada	CA	CA		60	-96	CA	1	Canada	CA	CA		60	-96	CA	20260903171500	https://www.saltwire.com/public-service/defence-watch/u-s-admiral-dodges-questions-about-attacking-canada-but-acknowledges-he-would-follow-trumps-orders/wcm/44e3c2a8-b5e5-4532-8d3e-c72aa16d8255
1321334404	20260903	202609	2026	2026.6658	GOV	PRESIDENT						GOV			CHL	CHILE	CHL								0	040	040	04	1	1.0	6	1	6	-0.14134275618375	4	Madrid, Madrid, Spain	SP	SP29	25820	40.4	-3.68333	-390625	4	Santiago, Regióetropolitana, Chile	CI	CI12	22379	-33.45	-70.6667	-901202	4	Madrid, Madrid, Spain	SP	SP29	25820	40.4	-3.68333	-390625	20260903171500	https://www.riotimesonline.com/milei-madrid-forum-santiago-kast-2026/
1321334405	20260903	202609	2026	2026.6658	GOV	PRESIDENT						GOV			CHL	CHILE	CHL								0	040	040	04	1	1.0	6	1	4	-0.14134275618375	4	Santiago, Regióetropolitana, Chile	CI	CI12	22379	-33.45	-70.6667	-901202	4	Santiago, Regióetropolitana, Chile	CI	CI12	22379	-33.45	-70.6667	-901202	4	Santiago, Regióetropolitana, Chile	CI	CI12	22379	-33.45	-70.6667	-901202	20260903171500	https://www.riotimesonline.com/milei-madrid-forum-santiago-kast-2026/
1321334406	20260903	202609	2026	2026.6658	GOV	PRESIDENT						GOV			CHL	CHILE	CHL								0	046	046	04	1	7.0	6	1	6	-0.14134275618375	4	Madrid, Madrid, Spain	SP	SP29	25820	40.4	-3.68333	-390625	4	Santiago, Regióetropolitana, Chile	CI	CI12	22379	-33.45	-70.6667	-901202	4	Madrid, Madrid, Spain	SP	SP29	25820	40.4	-3.68333	-390625	20260903171500	https://www.riotimesonline.com/milei-madrid-forum-santiago-kast-2026/
1321334407	20260903	202609	2026	2026.6658	GOV	PRESIDENT						GOV			CHL	CHILE	CHL								0	046	046	04	1	7.0	2	1	2	-0.14134275618375	4	Santiago, Regióetropolitana, Chile	CI	CI12	22379	-33.45	-70.6667	-901202	4	Santiago, Regióetropolitana, Chile	CI	CI12	22379	-33.45	-70.6667	-901202	4	Madrid, Madrid, Spain	SP	SP29	25820	40.4	-3.68333	-390625	20260903171500	https://www.riotimesonline.com/milei-madrid-forum-santiago-kast-2026/
1321334408	20260903	202609	2026	2026.6658	GOV	PRESIDENT						GOV			CHL	CHILE	CHL								0	046	046	04	1	7.0	2	1	2	-0.14134275618375	4	Santiago, Regióetropolitana, Chile	CI	CI12	22379	-33.45	-70.6667	-901202	4	Santiago, Regióetropolitana, Chile	CI	CI12	22379	-33.45	-70.6667	-901202	4	Santiago, Regióetropolitana, Chile	CI	CI12	22379	-33.45	-70.6667	-901202	20260903171500	https://www.riotimesonline.com/milei-madrid-forum-santiago-kast-2026/
1321334409	20260903	202609	2026	2026.6658	GOV	ADMINISTRATION						GOV			CHN	CHINA	CHN								0	010	010	01	1	0.0	2	1	2	-2.35148514851485	1	United Kingdom	UK	UK		54	-4	UK	4	Xinjiang, Jiangxi, China	CH	CH03	13167	27.7481	116.274	11065838	4	Xinjiang, Jiangxi, China	CH	CH03	13167	27.7481	116.274	11065838	20260903171500	https://www.theguardian.com/politics/2026/sep/03/reform-media-presenter-worked-chinese-state-propaganda-channel
1321334410	20260903	202609	2026	2026.6658	GOV	AUTHORITIES						GOV			COP	DEPUTIES						COP			1	190	190	19	4	-10.0	2	1	2	-4.67289719626169	3	Bannock County, Idaho, United States	US	USID	ID005	42.6507	-112.212	395091	3	Bannock County, Idaho, United States	US	USID		42.6507	-112.212	395091	3	Bannock County, Idaho, United States	US	USID		42.6507	-112.212	395091	20260903171500	https://www.idahostatejournal.com/news/crimes_court/2-men-arrested-after-shots-fired-at-motorhome-hourslong-standoff-near-trail-creek/article_2963949f-5f92-4daf-86b1-61696a276e8b.html
1321334411	20260903	202609	2026	2026.6658	GOV	AUTHORITIES						GOV			COP	DEPUTIES						COP			1	193	193	19	4	-10.0	2	1	2	-4.67289719626169	3	Power County, Idaho, United States	US	USID	ID077	42.6932	-112.818	394951	3	Power County, Idaho, United States	US	USID		42.6932	-112.818	394951	3	Power County, Idaho, United States	US	USID		42.6932	-112.818	394951	20260903171500	https://www.idahostatejournal.com/news/crimes_court/2-men-arrested-after-shots-fired-at-motorhome-hourslong-standoff-near-trail-creek/article_2963949f-5f92-4daf-86b1-61696a276e8b.html
1321334412	20260903	202609	2026	2026.6658	GOV	CHIEF EXECUTIVE						GOV			CVL	ENGINEER						CVL			1	051	051	05	1	3.4	3	1	3	0	4	Enugu, Enugu, Nigeria	NI	NI47	191302	6.4402	7.4943	-2006530	4	Enugu, Enugu, Nigeria	NI	NI47	191302	6.4402	7.4943	-2006530	4	Enugu, Enugu, Nigeria	NI	NI47	191302	6.4402	7.4943	-2006530	20260903171500	https://tribuneonlineng.com/reps-committee-urges-discos-to-clear-outstanding-debts/
1321334413	20260903	202609	2026	2026.6658	GOV	ATTORNEY GENERAL						GOV			CVL	ENGINEER						CVL			1	051	051	05	1	3.4	8	1	8	-3.76106194690265	1	Mexico	MX	MX		23	-102	MX	1	Mexico	MX	MX		23	-102	MX	1	Mexico	MX	MX		23	-102	MX	20260903171500	https://kvia.com/news/new-mexico/2026/09/03/new-mexico-doj-files-support-for-project-jupiter-permit-petitions/
1321334414	20260903	202609	2026	2026.6658	GOV	REGIME						GOV			EDUOPP	STUDENT						EDU	OPP		0	186	186	18	4	-10.0	1	1	1	-3.42706502636204	3	White House, District of Columbia, United States	US	USDC		38.8951	-77.0364	531871	3	White House, District of Columbia, United States	US	USDC		38.8951	-77.0364	531871	3	White House, District of Columbia, United States	US	USDC		38.8951	-77.0364	531871	20260903171500	https://www.thenation.com/article/archive/cias-student-activism-phase/
1321334415	20260903	202609	2026	2026.6658	GOV	REGIME						GOV			EDUOPP	STUDENT						EDU	OPP		0	186	186	18	4	-10.0	4	1	4	-3.42706502636204	1	Iraq	IZ	IZ		33	44	IZ	1	Iraq	IZ	IZ		33	44	IZ	1	Iraq	IZ	IZ		33	44	IZ	20260903171500	https://www.thenation.com/article/archive/cias-student-activism-phase/
1321334416	20260903	202609	2026	2026.6658	GOV	PRESIDENT						GOV			ESP	MADRID	ESP								1	046	046	04	1	7.0	6	1	6	-0.14134275618375	4	Madrid, Madrid, Spain	SP	SP29	25820	40.4	-3.68333	-390625	4	Madrid, Madrid, Spain	SP	SP29	25820	40.4	-3.68333	-390625	4	Madrid, Madrid, Spain	SP	SP29	25820	40.4	-3.68333	-390625	20260903171500	https://www.riotimesonline.com/milei-madrid-forum-santiago-kast-2026/
1321334417	20260903	202609	2026	2026.6658	GOV	PRESIDENT						GOV			ESP	SPAIN	ESP								1	046	046	04	1	7.0	1	1	1	-0.14134275618375	4	Santiago, Regióetropolitana, Chile	CI	CI12	22379	-33.45	-70.6667	-901202	4	Madrid, Madrid, Spain	SP	SP29	25820	40.4	-3.68333	-390625	4	Madrid, Madrid, Spain	SP	SP29	25820	40.4	-3.68333	-390625	20260903171500	https://www.riotimesonline.com/milei-madrid-forum-santiago-kast-2026/
1321334418	20260903	202609	2026	2026.6658	GOV	PRESIDENT						GOV			ESP	SPAIN	ESP								1	046	046	04	1	7.0	1	1	1	-0.14134275618375	4	Santiago, Regióetropolitana, Chile	CI	CI12	22379	-33.45	-70.6667	-901202	4	Santiago, Regióetropolitana, Chile	CI	CI12	22379	-33.45	-70.6667	-901202	4	Santiago, Regióetropolitana, Chile	CI	CI12	22379	-33.45	-70.6667	-901202	20260903171500	https://www.riotimesonline.com/milei-madrid-forum-santiago-kast-2026/
1321334419	20260903	202609	2026	2026.6658	GOV	MINIST						GOV			FRA	PARIS	FRA								1	012	012	01	1	-0.4	2	1	2	0	4	Paris, France (general), France	FR	FR00	16282	48.8667	2.33333	-1456928	4	Paris, France (general), France	FR	FR00	16282	48.8667	2.33333	-1456928	4	Paris, France (general), France	FR	FR00	16282	48.8667	2.33333	-1456928	20260903171500	https://www.euronews.com/next/2026/09/03/france-tests-tesla-self-driving-two-months-after-calling-it-too-risky
1321334420	20260903	202609	2026	2026.6658	GOV	PRESIDENT						GOV			FRA	PARIS	FRA								1	111	111	11	3	-2.0	5	1	5	4.9738219895288	0								0								0								20260903171500	https://wwd.com/beauty-industry-news/skin-care/justin-boxford-named-global-president-luxury-beauty-brands-1239196195/
1321334421	20260903	202609	2026	2026.6658	GOV	DIPLOMAT						GOV			GBR	UNITED KINGDOM	GBR								0	042	042	04	1	1.9	2	1	2	3.30788804071247	4	Glasgow, Glasgow City, United Kingdom	UK	UKV2	40176	55.8333	-4.25	-2597039	4	Glasgow, Glasgow City, United Kingdom	UK	UKV2	40176	55.8333	-4.25	-2597039	4	Glasgow, Glasgow City, United Kingdom	UK	UKV2	40176	55.8333	-4.25	-2597039	20260903171500	https://www.thescottishfarmer.co.uk/opinion/26514020.international-perspective-can-add-value-scottish-family-farm/
1321334422	20260903	202609	2026	2026.6658	GOV	DIPLOMAT						GOV			GBR	GLASGOW	GBR								0	042	042	04	1	1.9	4	1	4	3.30788804071247	1	Burkina Faso	UV	UV		13	-2	UV	4	Glasgow, Glasgow City, United Kingdom	UK	UKV2	40176	55.8333	-4.25	-2597039	4	Glasgow, Glasgow City, United Kingdom	UK	UKV2	40176	55.8333	-4.25	-2597039	20260903171500	https://www.thescottishfarmer.co.uk/opinion/26514020.international-perspective-can-add-value-scottish-family-farm/
1321334423	20260903	202609	2026	2026.6658	GOV	DIPLOMAT						GOV			GBR	UNITED KINGDOM	GBR								0	042	042	04	1	1.9	4	1	4	3.30788804071247	1	Burkina Faso	UV	UV		13	-2	UV	4	Glasgow, Glasgow City, United Kingdom	UK	UKV2	40176	55.8333	-4.25	-2597039	1	Burkina Faso	UV	UV		13	-2	UV	20260903171500	https://www.thescottishfarmer.co.uk/opinion/26514020.international-perspective-can-add-value-scottish-family-farm/
1321334424	20260903	202609	2026	2026.6658	GOV	PRINCE						GOV			GBR	UNITED KINGDOM	GBR								1	120	120	12	3	-4.0	2	1	2	2.12443095599393	4	Dublin, Dublin, Ireland	EI	EI07	18288	53.3331	-6.24889	-1502554	4	Sussex, East Sussex, United Kingdom	UK	UKE2	40137	50.9167	-0.083333	-2609142	4	Dublin, Dublin, Ireland	EI	EI07	18288	53.3331	-6.24889	-1502554	20260903171500	https://www.hellomagazine.com/royalty/921548/prince-william-reaction-prince-harry-attacks-kate-middleton/
1321334425	20260903	202609	2026	2026.6658	GOV	PRINCE						GOV			GBR	UNITED KINGDOM	GBR								1	120	120	12	3	-4.0	2	1	2	2.12443095599393	4	London, London, City of, United Kingdom	UK	UKH9	40110	51.5	-0.116667	-2601889	4	London, London, City of, United Kingdom	UK	UKH9	40110	51.5	-0.116667	-2601889	4	Dublin, Dublin, Ireland	EI	EI07	18288	53.3331	-6.24889	-1502554	20260903171500	https://www.hellomagazine.com/royalty/921548/prince-william-reaction-prince-harry-attacks-kate-middleton/
1321334426	20260903	202609	2026	2026.6658	GOV	PRIME MINISTER						GOV			GBRGOV	DOWNING STREET	GBR					GOV			1	0841	084	08	2	7.0	4	1	4	-0.77619663648125	4	English Channel, United Kingdom (general), United Kingdom	UK	UK00	154724	54.5833	-3.68333	-2595622	4	English Channel, United Kingdom (general), United Kingdom	UK	UK00	154724	54.5833	-3.68333	-2595622	4	English Channel, United Kingdom (general), United Kingdom	UK	UK00	154724	54.5833	-3.68333	-2595622	20260903171500	https://www.manchestereveningnews.co.uk/news/greater-manchester-news/selfies-smiles-andy-burnham-hands-34563993
1321334427	20260903	202609	2026	2026.6658	GOV	TREASURY MINIST						GOV			GBRIMY	MANX	GBR								1	010	010	01	1	0.0	10	1	10	0	0								0								0								20260903171500	https://www.manxradio.com/news/isle-of-man-news/spc-says-project-to-replace-manannan-ongoing-despite-claims-from-minister-its-on-pause/
1321334428	20260903	202609	2026	2026.6658	GOV	CIVIL SERVICE						GOV			HIN	HINDU				HIN					1	090	090	09	2	-2.0	5	1	5	1.66666666666666	4	Hyderabad, Andhra Pradesh, India	IN	IN02	17564	17.3753	78.4744	-2097701	4	Hyderabad, Andhra Pradesh, India	IN	IN02	17564	17.3753	78.4744	-2097701	4	Hyderabad, Andhra Pradesh, India	IN	IN02	17564	17.3753	78.4744	-2097701	20260903171500	https://www.thehindu.com/news/cities/Hyderabad/readers-recall-influence-of-the-hindu-on-reading-habits-careers-and-public-discourse/article71424833.ece
1321334429	20260903	202609	2026	2026.6658	GOV	PRINCE						GOV			IRL	IRELAND	IRL								0	042	042	04	1	1.9	3	1	3	2.12443095599393	4	London, London, City of, United Kingdom	UK	UKH9	40110	51.5	-0.116667	-2601889	4	Dublin, Dublin, Ireland	EI	EI07	18288	53.3331	-6.24889	-1502554	4	Dublin, Dublin, Ireland	EI	EI07	18288	53.3331	-6.24889	-1502554	20260903171500	https://www.hellomagazine.com/royalty/921548/prince-william-reaction-prince-harry-attacks-kate-middleton/
1321334430	20260903	202609	2026	2026.6658	GOV	PRINCE						GOV			IRL	DUBLIN	IRL								0	042	042	04	1	1.9	1	1	1	2.12443095599393	4	London, London, City of, United Kingdom	UK	UKH9	40110	51.5	-0.116667	-2601889	4	Dublin, Dublin, Ireland	EI	EI07	18288	53.3331	-6.24889	-1502554	4	Sussex, East Sussex, United Kingdom	UK	UKE2	40137	50.9167	-0.083333	-2609142	20260903171500	https://www.hellomagazine.com/royalty/921548/prince-william-reaction-prince-harry-attacks-kate-middleton/
1321334431	20260903	202609	2026	2026.6658	GOV	PRESIDENT						GOV			IRN	IRAN	IRN								0	010	010	01	1	0.0	2	1	2	-2.10859251449657	1	Ukraine	UP	UP		49	32	UP	1	Russia	RS	RS		60	100	RS	1	Ukraine	UP	UP		49	32	UP	20260903171500	https://www.nbcnews.com/politics/trump-administration/live-blog/trump-congress-2026-midterm-election-iran-live-updates-rcna595790/
1321334432	20260903	202609	2026	2026.6658	GOV	PRESIDENT						GOV			IRNGOV	IRAN	IRN					GOV			0	051	051	05	1	3.4	8	2	8	-7.46268656716417	4	Tehran, Tehran, Iran	IR	IR26	41130	35.75	51.5148	10074674	4	Tehran, Tehran, Iran	IR	IR26	41130	35.75	51.5148	10074674	4	Tehran, Tehran, Iran	IR	IR26	41130	35.75	51.5148	10074674	20260903171500	https://www.kristv.com/us-news/iran-war/bipartisan-lawmakers-call-on-rubio-to-address-iran-executions-and-arrests
1321334433	20260903	202609	2026	2026.6658	GOV	REGIME						GOV			IRQ	IRAQ	IRQ								0	186	186	18	4	-10.0	1	1	1	-3.42706502636204	3	White House, District of Columbia, United States	US	USDC		38.8951	-77.0364	531871	3	White House, District of Columbia, United States	US	USDC		38.8951	-77.0364	531871	3	White House, District of Columbia, United States	US	USDC		38.8951	-77.0364	531871	20260903171500	https://www.thenation.com/article/archive/cias-student-activism-phase/
1321334434	20260903	202609	2026	2026.6658	GOV	REGIME						GOV			IRQ	IRAQ	IRQ								0	186	186	18	4	-10.0	1	1	1	-3.42706502636204	1	Iraq	IZ	IZ		33	44	IZ	1	Iraq	IZ	IZ		33	44	IZ	1	Iraq	IZ	IZ		33	44	IZ	20260903171500	https://www.thenation.com/article/archive/cias-student-activism-phase/
1321334435	20260903	202609	2026	2026.6658	GOV	DIPLOMAT						GOV			ISRSET	ISRAELI	ISR					SET			0	111	111	11	3	-2.0	3	1	3	-10.4208416833667	3	Hollywood, California, United States	US	USCA	CA037	34.0983	-118.327	1660757	3	Hollywood, California, United States	US	USCA	CA037	34.0983	-118.327	1660757	3	Hollywood, California, United States	US	USCA	CA037	34.0983	-118.327	1660757	20260903171500	https://www.foxnews.com/us/fox-news-antisemitism-exposed-newsletter-jewish-ags-chilling-message-voters
1321334436	20260903	202609	2026	2026.6658	GOV	DIPLOMAT						GOV			ISRSET	ISRAELI	ISR					SET			0	111	111	11	3	-2.0	5	1	5	-10.4208416833667	1	Israel	IS	IS		31.5	34.75	IS	1	Israel	IS	IS		31.5	34.75	IS	1	Israel	IS	IS		31.5	34.75	IS	20260903171500	https://www.foxnews.com/us/fox-news-antisemitism-exposed-newsletter-jewish-ags-chilling-message-voters
1321334437	20260903	202609	2026	2026.6658	GOV	PRESIDENT						GOV			JUD	COUNSEL						JUD			1	020	020	02	1	3.0	8	1	8	7.83847980997625	4	Nairobi, Nairobi Area, Kenya	KE	KE05	18585	-1.28333	36.8167	-2258072	4	Nairobi, Nairobi Area, Kenya	KE	KE05	18585	-1.28333	36.8167	-2258072	4	Nairobi, Nairobi Area, Kenya	KE	KE05	18585	-1.28333	36.8167	-2258072	20260903171500	http://www.president.go.ke/president-ruto-confers-senior-counsel-rank-on-54-advocates/
1321334438	20260903	202609	2026	2026.6658	GOV	JUSTICE MINISTER						GOV			JUD	ADVOCATE						JUD			0	071	071	07	2	7.4	5	1	5	-1.39616055846422	1	Switzerland	SZ	SZ		47	8	SZ	1	Switzerland	SZ	SZ		47	8	SZ	1	Switzerland	SZ	SZ		47	8	SZ	20260903171500	https://www.standpointmag.co.uk/2026/09/03/counterpoints-june-2015-robert-low-tuvia-tenenbom-catch-the-jew/
1321334439	20260903	202609	2026	2026.6658	GOV	PRESIDENT						GOV			LEG	SENATE						LEG			0	060	060	06	2	6.0	6	1	6	0.42016806722689	3	White House, District of Columbia, United States	US	USDC		38.8951	-77.0364	531871	3	White House, District of Columbia, United States	US	USDC		38.8951	-77.0364	531871	3	White House, District of Columbia, United States	US	USDC		38.8951	-77.0364	531871	20260903171500	https://www.yahoo.com/news/politics/articles/kamala-harris-red-state-dems-164618138.html
1321334440	20260903	202609	2026	2026.6658	GOV	GOVERNOR						GOV			LEG	LEGISLATOR						LEG			1	190	190	19	4	-10.0	10	1	10	1.19225037257824	2	North Carolina, United States	US	USNC		35.6411	-79.8431	NC	2	North Carolina, United States	US	USNC		35.6411	-79.8431	NC	2	North Carolina, United States	US	USNC		35.6411	-79.8431	NC	20260903171500	https://www.ncspin.com:443/to-meet-ncs-future-power-demand-choose-wisely
1321334441	20260903	202609	2026	2026.6658	GOV	FIREFIGHTER						GOV			MED	TELEVISION						MED			1	042	042	04	1	1.9	10	1	10	-3.36538461538462	3	Tampa Executive Airport, Florida, United States	US	USFL	FL057	28.0128	-82.3452	309915	3	Tampa Executive Airport, Florida, United States	US	USFL		28.0128	-82.3452	309915	3	Tampa Executive Airport, Florida, United States	US	USFL		28.0128	-82.3452	309915	20260903171500	https://www.wftv.com/news/trending/2-dead-after-small-plane-crashes-catches-fire-near-tampa-executive-airport/LS3VVSFMBRFUNJWZ5Y3J4YQKWI/
1321334442	20260903	202609	2026	2026.6658	GOV	MINISTRY						GOV			MED	TELEVISION						MED			1	084	084	08	2	7.0	10	1	10	0.41322314049587	0								0								0								20260903171500	https://www.thehindubusinessline.com/info-tech/ib-ministry-notifies-revised-draft-rules-of-unified-regulatory-framework/article71425234.ece
1321334443	20260903	202609	2026	2026.6658	GOV	DIRECTOR GENERAL						GOV			MEX	MEXICO	MEX								0	020	020	02	1	3.0	2	1	2	2.48356464572681	1	Mexico	MX	MX		23	-102	MX	1	Mexico	MX	MX		23	-102	MX	1	Mexico	MX	MX		23	-102	MX	20260903171500	https://www.riotimesonline.com/pemex-mixed-contracts-private-investment-2026/
1321334444	20260903	202609	2026	2026.6658	GOV	GOVERNMENT						GOV			MEX	MEXICO CITY	MEX								0	042	042	04	1	1.9	8	1	8	-4.27591770875353	4	Mexico City, Distrito Federal, Mexico	MX	MX09	20887	19.4342	-99.1386	-1658079	4	Mexico City, Distrito Federal, Mexico	MX	MX09	20887	19.4342	-99.1386	-1658079	4	Mexico City, Distrito Federal, Mexico	MX	MX09	20887	19.4342	-99.1386	-1658079	20260903171500	https://www.riotimesonline.com/usa-canada-intelligence-brief-thursday-september-3-2026/
1321334445	20260903	202609	2026	2026.6658	GOV	GOVERNMENT						GOV			MEX	MEXICO CITY	MEX								0	042	042	04	1	1.9	2	1	2	-4.27591770875353	4	Ottawa, Ontario, Canada	CA	CA08	12755	45.4167	-75.7	-570760	3	Washington, District of Columbia, United States	US	USDC	DC001	38.8951	-77.0364	531871	3	Washington, District of Columbia, United States	US	USDC	DC001	38.8951	-77.0364	531871	20260903171500	https://www.riotimesonline.com/usa-canada-intelligence-brief-thursday-september-3-2026/
1321334446	20260903	202609	2026	2026.6658	GOV	GOVERNMENT						GOV			MIL	MILITARY						MIL			0	013	013	01	1	0.4	4	2	4	-7.46268656716417	4	Tehran, Tehran, Iran	IR	IR26	41130	35.75	51.5148	10074674	4	Tehran, Tehran, Iran	IR	IR26	41130	35.75	51.5148	10074674	4	Tehran, Tehran, Iran	IR	IR26	41130	35.75	51.5148	10074674	20260903171500	https://www.kristv.com/us-news/iran-war/bipartisan-lawmakers-call-on-rubio-to-address-iran-executions-and-arrests
1321334447	20260903	202609	2026	2026.6658	GOV	MINISTRY						GOV			NAM	NAMIBIA	NAM								1	030	030	03	1	4.0	10	1	10	8.89487870619946	4	Windhoek, Khomas, Namibia	WA	WA21	22288	-22.57	17.0836	-2587496	4	Windhoek, Khomas, Namibia	WA	WA21	22288	-22.57	17.0836	-2587496	4	Windhoek, Khomas, Namibia	WA	WA21	22288	-22.57	17.0836	-2587496	20260903171500	https://allafrica.com/stories/202609030516.html
1321334448	20260903	202609	2026	2026.6658	GOV	CHIEF EXECUTIVE						GOV			NGA	NIGERIA	NGA								1	051	051	05	1	3.4	10	1	10	0	4	Enugu, Enugu, Nigeria	NI	NI47	191302	6.4402	7.4943	-2006530	4	Enugu, Enugu, Nigeria	NI	NI47	191302	6.4402	7.4943	-2006530	4	Enugu, Enugu, Nigeria	NI	NI47	191302	6.4402	7.4943	-2006530	20260903171500	https://tribuneonlineng.com/reps-committee-urges-discos-to-clear-outstanding-debts/
1321334449	20260903	202609	2026	2026.6658	GOV	CHIEF EXECUTIVE						GOV			NGACVL	NIGERIA	NGA					CVL			1	051	051	05	1	3.4	1	1	1	0	4	Enugu, Enugu, Nigeria	NI	NI47	191302	6.4402	7.4943	-2006530	4	Enugu, Enugu, Nigeria	NI	NI47	191302	6.4402	7.4943	-2006530	4	Enugu, Enugu, Nigeria	NI	NI47	191302	6.4402	7.4943	-2006530	20260903171500	https://tribuneonlineng.com/reps-committee-urges-discos-to-clear-outstanding-debts/
1321334450	20260903	202609	2026	2026.6658	GOV	AMBASSADOR TO THE U						GOV			SYR	SYRIA	SYR								1	013	013	01	1	0.4	3	1	3	-6.60377358490566	1	Syria	SY	SY		35	38	SY	1	Syria	SY	SY		35	38	SY	1	Syria	SY	SY		35	38	SY	20260903171500	https://whbl.com/2026/09/03/syria-begins-destroying-assad-era-chemical-weapons/
1321334451	20260903	202609	2026	2026.6658	GOV	TRADE MINIST						GOV			URY	MONTEVIDEO	URY								0	042	042	04	1	1.9	2	1	2	-2.85459411239965	1	Paraguay	PA	PA		-22.993333	-57.996389	PA	1	Paraguay	PA	PA		-22.993333	-57.996389	PA	1	Paraguay	PA	PA		-22.993333	-57.996389	PA	20260903171500	https://www.riotimesonline.com/eu-suspends-brazilian-meat-mercosur-quota-fight/
1321334452	20260903	202609	2026	2026.6658	GOV	TREASURY SECRETARY						GOV			USA	UNITED STATES	USA								0	010	010	01	1	0.0	2	1	2	-2.39520958083833	3	Times Square, New York, United States	US	USNY	NY061	40.757	-73.986	967537	3	Times Square, New York, United States	US	USNY		40.757	-73.986	967537	3	Times Square, New York, United States	US	USNY		40.757	-73.986	967537	20260903171500	https://reason.com/2026/09/03/mamdani-bans-the-robot-teachers/
1321334453	20260903	202609	2026	2026.6658	GOV	PRESIDENT						GOV			USA	UNITED STATES	USA								1	042	042	04	1	1.9	4	1	4	-3.48189415041783	3	Stanford, California, United States	US	USCA	CA085	37.4241	-122.166	1867061	3	Stanford, California, United States	US	USCA	CA085	37.4241	-122.166	1867061	3	Stanford, California, United States	US	USCA	CA085	37.4241	-122.166	1867061	20260903171500	https://reason.com/2026/09/03/trump-cant-deport-legal-immigrants-for-protected-speech-judge-rules/
1321334454	20260903	202609	2026	2026.6658	GOV	ADMINISTRATION						GOV			USA	UNITED STATES	USA								0	045	045	04	1	5.0	4	1	4	-3.19917440660474	3	Washington, District of Columbia, United States	US	USDC	DC001	38.8951	-77.0364	531871	3	Washington, District of Columbia, United States	US	USDC	DC001	38.8951	-77.0364	531871	3	Washington, District of Columbia, United States	US	USDC	DC001	38.8951	-77.0364	531871	20260903171500	https://radaronline.com/p/donald-trump-prince-harry-us-reentry-visa-row/
1321334455	20260903	202609	2026	2026.6658	GOV	PRESIDENT						GOV			USA	UNITED STATES	USA								0	051	051	05	1	3.4	4	1	4	0.42016806722689	2	Iowa, United States	US	USIA		42.0046	-93.214	IA	2	Nevada, United States	US	USNV		38.4199	-117.122	NV	2	Nevada, United States	US	USNV		38.4199	-117.122	NV	20260903171500	https://www.yahoo.com/news/politics/articles/kamala-harris-red-state-dems-164618138.html
1321334456	20260903	202609	2026	2026.6658	GOV	PRESIDENT						GOV			USA	UNITED STATES	USA								0	051	051	05	1	3.4	2	1	2	1.65289256198347	2	Wisconsin, United States	US	USWI		44.2563	-89.6385	WI	2	Wisconsin, United States	US	USWI		44.2563	-89.6385	WI	2	Wisconsin, United States	US	USWI		44.2563	-89.6385	WI	20260903171500	https://www.nbcnews.com/politics/2026-election/elon-musk-super-pac-midterms-republicans-rcna595909
1321334457	20260903	202609	2026	2026.6658	GOV	PRINCE						GOV			USA	CHARLOTTE	USA								0	055	055	05	1	7.0	8	1	8	2.12443095599393	4	London, London, City of, United Kingdom	UK	UKH9	40110	51.5	-0.116667	-2601889	4	London, London, City of, United Kingdom	UK	UKH9	40110	51.5	-0.116667	-2601889	4	London, London, City of, United Kingdom	UK	UKH9	40110	51.5	-0.116667	-2601889	20260903171500	https://www.hellomagazine.com/royalty/921548/prince-william-reaction-prince-harry-attacks-kate-middleton/
1321334458	20260903	202609	2026	2026.6658	GOV	PRESIDENT						GOV			USA	UNITED STATES	USA								0	060	060	06	2	6.0	1	1	1	0.42016806722689	2	Iowa, United States	US	USIA		42.0046	-93.214	IA	3	White House, District of Columbia, United States	US	USDC		38.8951	-77.0364	531871	3	White House, District of Columbia, United States	US	USDC		38.8951	-77.0364	531871	20260903171500	https://www.yahoo.com/news/politics/articles/kamala-harris-red-state-dems-164618138.html
1321334459	20260903	202609	2026	2026.6658	GOV	PRESIDENT						GOV			USA	UNITED STATES	USA								0	060	060	06	2	6.0	1	1	1	0.42016806722689	2	Iowa, United States	US	USIA		42.0046	-93.214	IA	2	Iowa, United States	US	USIA		42.0046	-93.214	IA	2	Iowa, United States	US	USIA		42.0046	-93.214	IA	20260903171500	https://www.yahoo.com/news/politics/articles/kamala-harris-red-state-dems-164618138.html
1321334460	20260903	202609	2026	2026.6658	GOV	PRESIDENT						GOV			USA	UNITED STATES	USA								0	060	060	06	2	6.0	2	1	2	0.42016806722689	2	Iowa, United States	US	USIA		42.0046	-93.214	IA	2	Nevada, United States	US	USNV		38.4199	-117.122	NV	2	Nevada, United States	US	USNV		38.4199	-117.122	NV	20260903171500	https://www.yahoo.com/news/politics/articles/kamala-harris-red-state-dems-164618138.html
1321334461	20260903	202609	2026	2026.6658	GOV	KINGDOM						GOV			USA	PHOENIX	USA								1	100	100	10	3	-5.0	6	1	6	3.13479623824452	3	Phoenix, Arizona, United States	US	USAZ	AZ013	33.4484	-112.074	44784	3	Phoenix, Arizona, United States	US	USAZ	AZ013	33.4484	-112.074	44784	3	Phoenix, Arizona, United States	US	USAZ	AZ013	33.4484	-112.074	44784	20260903171500	https://www.cartoonbrew.com/feature-film/ambriz-brothers-ballad-of-the-phoenix-266238.html
1321334462	20260903	202609	2026	2026.6658	GOV	KINGDOM						GOV			USA	PHOENIX	USA								1	100	100	10	3	-5.0	4	1	4	3.13479623824452	1	Mexico	MX	MX		23	-102	MX	3	Phoenix, Arizona, United States	US	USAZ	AZ013	33.4484	-112.074	44784	1	Mexico	MX	MX		23	-102	MX	20260903171500	https://www.cartoonbrew.com/feature-film/ambriz-brothers-ballad-of-the-phoenix-266238.html
1321334463	20260903	202609	2026	2026.6658	GOV	AUTHORITIES						GOV			USA	UNITED STATES	USA								1	138	138	13	3	-7.0	10	1	10	-8.256880733945	2	California, United States	US	USCA		36.17	-119.746	CA	2	California, United States	US	USCA		36.17	-119.746	CA	2	California, United States	US	USCA		36.17	-119.746	CA	20260903171500	https://www.latimes.com/california/story/2026-09-03/christian-podcaster-charged-with-allegedly-threatening-president-trump
1321334464	20260903	202609	2026	2026.6658	GOV	AUTHORITIES						GOV			USA	LOS ANGELES	USA								1	173	173	17	4	-5.0	10	1	10	-8.256880733945	2	California, United States	US	USCA		36.17	-119.746	CA	2	California, United States	US	USCA		36.17	-119.746	CA	2	California, United States	US	USCA		36.17	-119.746	CA	20260903171500	https://www.latimes.com/california/story/2026-09-03/christian-podcaster-charged-with-allegedly-threatening-president-trump
1321334465	20260903	202609	2026	2026.6658	GOV	ADMINISTRATION						GOV			USA	UNITED STATES	USA								0	174	174	17	4	-5.0	4	1	4	-3.19917440660474	3	Washington, District of Columbia, United States	US	USDC	DC001	38.8951	-77.0364	531871	3	Washington, District of Columbia, United States	US	USDC	DC001	38.8951	-77.0364	531871	3	Washington, District of Columbia, United States	US	USDC	DC001	38.8951	-77.0364	531871	20260903171500	https://radaronline.com/p/donald-trump-prince-harry-us-reentry-visa-row/
1321334466	20260903	202609	2026	2026.6658	GOV	FIREFIGHTER						GOV			USA	CALIF	USA								1	190	190	19	4	-10.0	10	1	10	-1.2987012987013	0								0								0								20260903171500	https://kyma.com/news/imperial-county/2026/09/03/firefighters-battle-fire-at-solar-plant-in-imperial-county/
1321334467	20260903	202609	2026	2026.6658	GOV	PRESIDENT						GOV			USAGOV	THE WHITE HOUSE	USA					GOV			1	042	042	04	1	1.9	2	1	2	-3.48189415041783	3	Stanford, California, United States	US	USCA	CA085	37.4241	-122.166	1867061	3	Stanford, California, United States	US	USCA	CA085	37.4241	-122.166	1867061	3	Stanford, California, United States	US	USCA	CA085	37.4241	-122.166	1867061	20260903171500	https://reason.com/2026/09/03/trump-cant-deport-legal-immigrants-for-protected-speech-judge-rules/
1321334468	20260903	202609	2026	2026.6658	GOVBUS	RESERVE BANK						GOV	BUS		BUS	BANK						BUS			1	040	040	04	1	1.0	10	1	10	-1.38888888888889	1	India	IN	IN		20	77	IN	1	India	IN	IN		20	77	IN	1	India	IN	IN		20	77	IN	20260903171500	https://www.thehindubusinessline.com/money-and-banking/970-lakh-cr-liquidity-surplus-due-to-fcnrb-deposits-rbi-officials/article71425132.ece
1321334469	20260903	202609	2026	2026.6658	GOVBUS	RESERVE BANK						GOV	BUS		BUS	BANK						BUS			1	042	042	04	1	1.9	10	1	10	-1.38888888888889	1	India	IN	IN		20	77	IN	1	India	IN	IN		20	77	IN	1	India	IN	IN		20	77	IN	20260903171500	https://www.thehindubusinessline.com/money-and-banking/970-lakh-cr-liquidity-surplus-due-to-fcnrb-deposits-rbi-officials/article71425132.ece
1321334470	20260903	202609	2026	2026.6658	GOVEDU	EDUCATION MINIST						GOV	EDU												0	010	010	01	1	0.0	10	1	10	-0.31695721077655	4	Zambezi, Namibia (general), Namibia	WA	WA00	21946	-18.8333	36.2833	-2587638	0								4	Zambezi, Namibia (general), Namibia	WA	WA00	21946	-18.8333	36.2833	-2587638	20260903171500	https://allafrica.com/stories/202609030529.html
1321334471	20260903	202609	2026	2026.6658	GOVEDU	EDUCATION MINIST						GOV	EDU												1	030	030	03	1	4.0	10	1	10	-0.31695721077655	4	Zambezi, Namibia (general), Namibia	WA	WA00	21946	-18.8333	36.2833	-2587638	0								4	Zambezi, Namibia (general), Namibia	WA	WA00	21946	-18.8333	36.2833	-2587638	20260903171500	https://allafrica.com/stories/202609030529.html
1321334472	20260903	202609	2026	2026.6658	GOVEDU	EDUCATION MINIST						GOV	EDU		GOV	MINIST OF FINANCE						GOV			1	020	020	02	1	3.0	10	1	10	-0.31695721077655	4	Zambezi, Namibia (general), Namibia	WA	WA00	21946	-18.8333	36.2833	-2587638	4	Zambezi, Namibia (general), Namibia	WA	WA00	21946	-18.8333	36.2833	-2587638	4	Zambezi, Namibia (general), Namibia	WA	WA00	21946	-18.8333	36.2833	-2587638	20260903171500	https://allafrica.com/stories/202609030529.html
1321334473	20260903	202609	2026	2026.6658	GOVHLH	HEALTH OFFICIAL						GOV	HLH												1	012	012	01	1	-0.4	10	1	10	-2.85459411239965	1	Brazil	BR	BR		-10	-55	BR	0								1	Brazil	BR	BR		-10	-55	BR	20260903171500	https://www.riotimesonline.com/eu-suspends-brazilian-meat-mercosur-quota-fight/
1321334474	20260903	202609	2026	2026.6658	GOVJUD	GOVERNMENT						GOV	JUD		GOV	GOVERNMENT						GOV			1	010	010	01	1	0.0	6	1	6	0.52287581699347	3	Washington, District of Columbia, United States	US	USDC	DC001	38.8951	-77.0364	531871	3	Washington, District of Columbia, United States	US	USDC	DC001	38.8951	-77.0364	531871	3	Washington, District of Columbia, United States	US	USDC	DC001	38.8951	-77.0364	531871	20260903171500	https://www.yahoo.com/news/politics/articles/watch-removal-blue-sculpture-kennedy-164323178.html
1321334475	20260903	202609	2026	2026.6658	GOVJUD	GOVERNMENT						GOV	JUD		USA	UNITED STATES	USA								1	010	010	01	1	0.0	4	1	4	0.52287581699347	3	Washington, District of Columbia, United States	US	USDC	DC001	38.8951	-77.0364	531871	3	Washington, District of Columbia, United States	US	USDC	DC001	38.8951	-77.0364	531871	3	Washington, District of Columbia, United States	US	USDC	DC001	38.8951	-77.0364	531871	20260903171500	https://www.yahoo.com/news/politics/articles/watch-removal-blue-sculpture-kennedy-164323178.html
1321334476	20260903	202609	2026	2026.6658	GOVLAB	LABOR MINIST						GOV	LAB												0	127	127	12	3	-5.0	10	1	10	-4.85436893203884	4	Ezeiza, Buenos Aires, Argentina	AR	AR01	22379	-34.8479	-58.5287	-989273	0								4	Ezeiza, Buenos Aires, Argentina	AR	AR01	22379	-34.8479	-58.5287	-989273	20260903171500	https://www.riotimesonline.com/argentina-airport-strike-2026/
1321334477	20260903	202609	2026	2026.6658	GOVMED	TRANSPORT MINIST						GOV	MED		BUS	BOSS						BUS			1	040	040	04	1	1.0	8	1	8	0	4	Tokyo, Tokyo, Japan	JA	JA40	36340	35.685	139.751	-246227	4	Tokyo, Tokyo, Japan	JA	JA40	36340	35.685	139.751	-246227	4	Tokyo, Tokyo, Japan	JA	JA40	36340	35.685	139.751	-246227	20260903171500	https://www.euronews.com/next/2026/09/03/france-tests-tesla-self-driving-two-months-after-calling-it-too-risky
1321334478	20260903	202609	2026	2026.6658	GOVMED	TRANSPORT MINIST						GOV	MED		FRABUS	FRANCE	FRA					BUS			1	040	040	04	1	1.0	2	1	2	0	4	London, London, City of, United Kingdom	UK	UKH9	40110	51.5	-0.116667	-2601889	4	Tokyo, Tokyo, Japan	JA	JA40	36340	35.685	139.751	-246227	4	Tokyo, Tokyo, Japan	JA	JA40	36340	35.685	139.751	-246227	20260903171500	https://www.euronews.com/next/2026/09/03/france-tests-tesla-self-driving-two-months-after-calling-it-too-risky
1321334479	20260903	202609	2026	2026.6658	GOVMIL	NATIONAL SECURITY COUNCIL						GOV	MIL		GOVMILGOV	NATIONAL SECURITY COUNCIL						GOV	MIL	GOV	1	042	042	04	1	1.9	10	1	10	6.640625	1	India	IN	IN		20	77	IN	1	India	IN	IN		20	77	IN	1	India	IN	IN		20	77	IN	20260903171500	https://www.thehindu.com/news/national/rajnath-singh-releases-raksha-framework-for-defence-diplomacy-over-next-decade/article71424839.ece
1321334480	20260903	202609	2026	2026.6658	GOVMILGOV	NATIONAL SECURITY COUNCIL						GOV	MIL	GOV	GOVMIL	NATIONAL SECURITY COUNCIL						GOV	MIL		1	043	043	04	1	2.8	10	1	10	6.640625	1	India	IN	IN		20	77	IN	1	India	IN	IN		20	77	IN	1	India	IN	IN		20	77	IN	20260903171500	https://www.thehindu.com/news/national/rajnath-singh-releases-raksha-framework-for-defence-diplomacy-over-next-decade/article71424839.ece
1321334481	20260903	202609	2026	2026.6658	HIN	HINDU				HIN															0	014	014	01	1	0.0	10	1	10	1.66666666666666	4	Hyderabad, Andhra Pradesh, India	IN	IN02	17564	17.3753	78.4744	-2097701	0								4	Hyderabad, Andhra Pradesh, India	IN	IN02	17564	17.3753	78.4744	-2097701	20260903171500	https://www.thehindu.com/news/cities/Hyderabad/readers-recall-influence-of-the-hindu-on-reading-habits-careers-and-public-discourse/article71424833.ece
1321334482	20260903	202609	2026	2026.6658	HIN	HINDU				HIN															1	057	057	05	1	8.0	5	1	5	2.25694444444444	4	Mumbai, Maharashtra, India	IN	IN16	70184	18.975	72.8258	-2092174	0								4	Mumbai, Maharashtra, India	IN	IN16	70184	18.975	72.8258	-2092174	20260903171500	https://www.thehindubusinessline.com/economy/agri-business/cai-in-pact-with-ncdex-to-strengthen-cotton-futures-market/article71423339.ece
1321334483	20260903	202609	2026	2026.6658	HIN	HINDU				HIN															1	090	090	09	2	-2.0	5	1	5	1.66666666666666	4	Hyderabad, Andhra Pradesh, India	IN	IN02	17564	17.3753	78.4744	-2097701	0								4	Hyderabad, Andhra Pradesh, India	IN	IN02	17564	17.3753	78.4744	-2097701	20260903171500	https://www.thehindu.com/news/cities/Hyderabad/readers-recall-influence-of-the-hindu-on-reading-habits-careers-and-public-discourse/article71424833.ece
1321334484	20260903	202609	2026	2026.6658	HIN	HINDU				HIN					COP	SECURITY FORCE						COP			1	112	112	11	3	-2.0	5	1	5	-5.48926014319809	0								0								0								20260903171500	https://www.thehindu.com/news/national/manipur/manipur-deputy-cm-nemcha-kipgen-switched-off-phone-after-naga-abductions-deputy-cm-losii-dikho/article71424033.ece
1321334485	20260903	202609	2026	2026.6658	HIN	HINDU				HIN					GOV	DIRECTOR GENERAL						GOV			1	010	010	01	1	0.0	5	1	5	-5.48926014319809	0								0								0								20260903171500	https://www.thehindu.com/news/national/manipur/manipur-deputy-cm-nemcha-kipgen-switched-off-phone-after-naga-abductions-deputy-cm-losii-dikho/article71424033.ece
1321334486	20260903	202609	2026	2026.6658	HLH	PHYSICIAN						HLH													1	020	020	02	1	3.0	10	1	10	2.55681818181818	2	Alabama, United States	US	USAL		32.799	-86.8073	AL	0								2	Alabama, United States	US	USAL		32.799	-86.8073	AL	20260903171500	https://www.wjjm.com/maury-regional-health-introduces-advanced-robotic-technology-for-earlier-lung-cancer-diagnosis/
1321334487	20260903	202609	2026	2026.6658	HLH	DOCTOR						HLH													0	080	080	08	2	5.0	5	1	5	2.90076335877863	1	Greece	GR	GR		39	22	GR	0								1	Greece	GR	GR		39	22	GR	20260903171500	https://uscatholic.org/articles/202609/finding-jesus-is-a-lifelong-process/
1321334488	20260903	202609	2026	2026.6658	HLH	HOSPITAL						HLH													1	180	180	18	4	-9.0	3	1	3	-12.2605363984675	3	Rochester, New York, United States	US	USNY	NY055	43.1548	-77.6156	962684	0								3	Rochester, New York, United States	US	USNY	NY055	43.1548	-77.6156	962684	20260903171500	https://13wham.com/news/local/ex-rochester-nursing-home-employee-accused-of-assaulting-resident-kirkhaven-alexander-street-cvanna-gibson
1321334489	20260903	202609	2026	2026.6658	HLH	HOSPITAL						HLH			USA	ORLANDO	USA								1	042	042	04	1	1.9	20	1	10	2.7027027027027	0								0								0								20260903171500	https://www.wftv.com/news/local/orange-county/arnold-palmer-hospital-hosts-buzz-bravery-support-kids-with-cancer/SKDWHL4RN5HZRBATBGBIEEBEHU/
1321334490	20260903	202609	2026	2026.6658	IGOAFRAFU	THE AU	AFR					IGO			ESP	SPAIN	ESP								1	051	051	05	1	3.4	5	1	5	3.30788804071247	1	Italy	IT	IT		42.833333	12.833333	IT	1	Italy	IT	IT		42.833333	12.833333	IT	1	Italy	IT	IT		42.833333	12.833333	IT	20260903171500	https://www.thescottishfarmer.co.uk/opinion/26514020.international-perspective-can-add-value-scottish-family-farm/
1321334491	20260903	202609	2026	2026.6658	IGOEUREEC	THE EUROPEAN UNION	EUR	EEC				IGO													1	071	071	07	2	7.4	5	1	5	-1.39616055846422	4	Jerusalem, Israel (general), Israel	IS	IS00	18315	31.7667	35.2333	-797092	0								4	Jerusalem, Israel (general), Israel	IS	IS00	18315	31.7667	35.2333	-797092	20260903171500	https://www.standpointmag.co.uk/2026/09/03/counterpoints-june-2015-robert-low-tuvia-tenenbom-catch-the-jew/
1321334492	20260903	202609	2026	2026.6658	IGOUNO	THE UN		UNO				IGO			IGOREFIOM	INTERNATIONAL ORGANIZATION FOR MIGRATION		IOM				IGO	REF		0	0231	023	02	1	3.4	10	1	10	-1.45985401459854	4	Geneva, Genè, Switzerland	SZ	SZ07	16329	46.1956	6.14811	-2552151	4	Geneva, Genè, Switzerland	SZ	SZ07	16329	46.1956	6.14811	-2552151	4	Geneva, Genè, Switzerland	SZ	SZ07	16329	46.1956	6.14811	-2552151	20260903171500	https://www.thehindu.com/news/international/el-nino-could-be-strongest-in-decades-un-warns/article71425407.ece
1321334493	20260903	202609	2026	2026.6658	IGOUNO	UNITED NATIONS		UNO				IGO			SYR	SYRIA	SYR								1	013	013	01	1	0.4	5	1	5	-6.60377358490566	1	Syria	SY	SY		35	38	SY	1	Syria	SY	SY		35	38	SY	1	Syria	SY	SY		35	38	SY	20260903171500	https://whbl.com/2026/09/03/syria-begins-destroying-assad-era-chemical-weapons/
1321334494	20260903	202609	2026	2026.6658	IND	MUMBAI	IND																		1	010	010	01	1	0.0	2	1	2	1.58102766798419	4	Palghar, Maharashtra, India	IN	IN16	17783	19.6833	72.75	-2106854	0								4	Mumbai, Maharashtra, India	IN	IN16	70184	18.975	72.8258	-2092174	20260903171500	https://economictimes.indiatimes.com/industry/services/property-/-cstruction/mumbai-to-become-slum-free-in-10-years-maharashtra-cm-fadnavis-unveils-ambitious-urbanization-plans/articleshow/133741404.cms
1321334495	20260903	202609	2026	2026.6658	IND	MUMBAI	IND																		1	010	010	01	1	0.0	4	1	4	1.58102766798419	4	Palghar, Maharashtra, India	IN	IN16	17783	19.6833	72.75	-2106854	0								4	Palghar, Maharashtra, India	IN	IN16	17783	19.6833	72.75	-2106854	20260903171500	https://economictimes.indiatimes.com/industry/services/property-/-cstruction/mumbai-to-become-slum-free-in-10-years-maharashtra-cm-fadnavis-unveils-ambitious-urbanization-plans/articleshow/133741404.cms
1321334496	20260903	202609	2026	2026.6658	IND	NEW DELHI	IND																		0	050	050	05	1	3.5	1	1	1	0.807265388496471	4	New Delhi, Delhi, India	IN	IN07	17911	28.6	77.2	-2106102	0								4	New Delhi, Delhi, India	IN	IN07	17911	28.6	77.2	-2106102	20260903171500	https://www.realclearworld.com/articles/2026/09/03/bangladesh_is_reshaping_its_relationship_with_india_1204068.html
1321334497	20260903	202609	2026	2026.6658	IND	MUMBAI	IND								INDGOV	MAHARASHTRA	IND					GOV			1	110	110	11	3	-2.0	2	1	2	1.47679324894515	4	Mumbai, Maharashtra, India	IN	IN16	70184	18.975	72.8258	-2092174	4	Mumbai, Maharashtra, India	IN	IN16	70184	18.975	72.8258	-2092174	4	Delhi, Delhi, India	IN	IN07	17911	28.6667	77.2167	-2094230	20260903171500	https://udaipurkiran.com/fadnavis-dismisses-national-politics-speculations-committed-to-maharashtra-until-2029/
1321334498	20260903	202609	2026	2026.6658	IND	MUMBAI	IND								INDGOV	MAHARASHTRA	IND					GOV			1	110	110	11	3	-2.0	2	1	2	1.47679324894515	4	Mumbai, Maharashtra, India	IN	IN16	70184	18.975	72.8258	-2092174	4	Delhi, Delhi, India	IN	IN07	17911	28.6667	77.2167	-2094230	4	Delhi, Delhi, India	IN	IN07	17911	28.6667	77.2167	-2094230	20260903171500	https://udaipurkiran.com/fadnavis-dismisses-national-politics-speculations-committed-to-maharashtra-until-2029/
1321334499	20260903	202609	2026	2026.6658	IND	MUMBAI	IND								INDGOV	MAHARASHTRA	IND					GOV			1	110	110	11	3	-2.0	2	1	2	1.47679324894515	4	Delhi, Delhi, India	IN	IN07	17911	28.6667	77.2167	-2094230	4	Delhi, Delhi, India	IN	IN07	17911	28.6667	77.2167	-2094230	4	Delhi, Delhi, India	IN	IN07	17911	28.6667	77.2167	-2094230	20260903171500	https://udaipurkiran.com/fadnavis-dismisses-national-politics-speculations-committed-to-maharashtra-until-2029/
1321334500	20260903	202609	2026	2026.6658	IND	MADRAS	IND								JUD	HIGH COURT						JUD			1	080	080	08	2	5.0	4	1	4	-9.47712418300657	4	Madras, Tamil Nadu, India	IN	IN25	70251	13.0833	80.2833	-2103041	4	Madras, Tamil Nadu, India	IN	IN25	70251	13.0833	80.2833	-2103041	4	Madras, Tamil Nadu, India	IN	IN25	70251	13.0833	80.2833	-2103041	20260903171500	https://timesofindia.indiatimes.com/city/trichy/ex-aiadmk-mins-son-kills-step-brother-held/articleshow/133741508.cms
1321334501	20260903	202609	2026	2026.6658	IND	KOLKATA	IND								LEG	CONGRESS						LEG			1	111	111	11	3	-2.0	6	1	6	-8.57142857142857	4	Kolkata, West Bengal, India	IN	IN28	70294	22.5697	88.3697	-2092511	4	Kolkata, West Bengal, India	IN	IN28	70294	22.5697	88.3697	-2092511	4	Kolkata, West Bengal, India	IN	IN28	70294	22.5697	88.3697	-2092511	20260903171500	https://www.thehindubusinessline.com/news/trinamool-seeks-urgent-meetings-with-president-governor-to-flag-utter-lawlessness-in-bengal/article71424946.ece
1321334502	20260903	202609	2026	2026.6658	IND	KOLKATA	IND								MED	MEDIA						MED			1	010	010	01	1	0.0	3	1	3	-4.53257790368272	4	Kolkata, West Bengal, India	IN	IN28	70294	22.5697	88.3697	-2092511	4	Kolkata, West Bengal, India	IN	IN28	70294	22.5697	88.3697	-2092511	4	Kolkata, West Bengal, India	IN	IN28	70294	22.5697	88.3697	-2092511	20260903171500	https://www.hindustantimes.com/india-news/bengals-new-anti-graft-body-inspects-factories-of-tmc-veteran-firhad-hakim-101788453429387.html
1321334503	20260903	202609	2026	2026.6658	INDGOV	MAHARASHTRA	IND					GOV													1	110	110	11	3	-2.0	4	1	4	1.47679324894515	4	Delhi, Delhi, India	IN	IN07	17911	28.6667	77.2167	-2094230	0								4	Delhi, Delhi, India	IN	IN07	17911	28.6667	77.2167	-2094230	20260903171500	https://udaipurkiran.com/fadnavis-dismisses-national-politics-speculations-committed-to-maharashtra-until-2029/
1321334504	20260903	202609	2026	2026.6658	INDJUD	MADRAS	IND					JUD													1	080	080	08	2	5.0	2	1	2	-9.47712418300657	4	Madras, Tamil Nadu, India	IN	IN25	70251	13.0833	80.2833	-2103041	0								4	Madras, Tamil Nadu, India	IN	IN25	70251	13.0833	80.2833	-2103041	20260903171500	https://timesofindia.indiatimes.com/city/trichy/ex-aiadmk-mins-son-kills-step-brother-held/articleshow/133741508.cms
1321334505	20260903	202609	2026	2026.6658	INDLEG	JHARKHAND	IND					LEG			BUS	COMPANY						BUS			1	0841	084	08	2	7.0	10	1	10	-4.78468899521531	0								0								0								20260903171500	https://www.thehindu.com/news/national/jharkhand/bjp-alleges-irregularities-in-jharkhand-exam-tendering-process/article71424957.ece
1321334506	20260903	202609	2026	2026.6658	IRL	DUBLIN	IRL																		0	043	043	04	1	2.8	1	1	1	2.12443095599393	4	Dublin, Dublin, Ireland	EI	EI07	18288	53.3331	-6.24889	-1502554	0								4	Sussex, East Sussex, United Kingdom	UK	UKE2	40137	50.9167	-0.083333	-2609142	20260903171500	https://www.hellomagazine.com/royalty/921548/prince-william-reaction-prince-harry-attacks-kate-middleton/
1321334507	20260903	202609	2026	2026.6658	IRL	CORK	IRL																		1	173	173	17	4	-5.0	5	1	5	-2.72108843537415	0								0								0								20260903171500	https://www.irishexaminer.com/news/courtandcrime/arid-41906464.html
1321334508	20260903	202609	2026	2026.6658	IRL	IRELAND	IRL								FRAPYF	FRENCH POLYNESIA	FRA								1	020	020	02	1	3.0	2	1	2	1.71306209850107	4	Strancally Castle, Waterford, Ireland	EI	EI27	18306	52.0686	-7.87694	-1505797	4	Strancally Castle, Waterford, Ireland	EI	EI27	18306	52.0686	-7.87694	-1505797	4	Strancally Castle, Waterford, Ireland	EI	EI27	18306	52.0686	-7.87694	-1505797	20260903171500	https://www.hellomagazine.com/homes/921554/mark-zuckerberg-buys-castle-ireland/
1321334509	20260903	202609	2026	2026.6658	IRL	IRELAND	IRL								FRAPYF	FRENCH POLYNESIA	FRA								1	020	020	02	1	3.0	2	1	2	1.71306209850107	4	Strancally Castle, Waterford, Ireland	EI	EI27	18306	52.0686	-7.87694	-1505797	3	Mountain View, California, United States	US	USCA		34.5064	-117.359	246299	4	Strancally Castle, Waterford, Ireland	EI	EI27	18306	52.0686	-7.87694	-1505797	20260903171500	https://www.hellomagazine.com/homes/921554/mark-zuckerberg-buys-castle-ireland/
1321334510	20260903	202609	2026	2026.6658	IRL	DUBLIN	IRL								GBR	UNITED KINGDOM	GBR								0	043	043	04	1	2.8	1	1	1	2.12443095599393	4	Dublin, Dublin, Ireland	EI	EI07	18288	53.3331	-6.24889	-1502554	4	Sussex, East Sussex, United Kingdom	UK	UKE2	40137	50.9167	-0.083333	-2609142	4	Dublin, Dublin, Ireland	EI	EI07	18288	53.3331	-6.24889	-1502554	20260903171500	https://www.hellomagazine.com/royalty/921548/prince-william-reaction-prince-harry-attacks-kate-middleton/
1321334511	20260903	202609	2026	2026.6658	IRL	IRELAND	IRL								GBR	UNITED KINGDOM	GBR								0	043	043	04	1	2.8	4	1	4	2.12443095599393	4	Dublin, Dublin, Ireland	EI	EI07	18288	53.3331	-6.24889	-1502554	4	Sussex, East Sussex, United Kingdom	UK	UKE2	40137	50.9167	-0.083333	-2609142	4	Sussex, East Sussex, United Kingdom	UK	UKE2	40137	50.9167	-0.083333	-2609142	20260903171500	https://www.hellomagazine.com/royalty/921548/prince-william-reaction-prince-harry-attacks-kate-middleton/
1321334512	20260903	202609	2026	2026.6658	IRL	DUBLIN	IRL								GBR	UNITED KINGDOM	GBR								0	043	043	04	1	2.8	1	1	1	2.12443095599393	4	London, London, City of, United Kingdom	UK	UKH9	40110	51.5	-0.116667	-2601889	4	London, London, City of, United Kingdom	UK	UKH9	40110	51.5	-0.116667	-2601889	4	London, London, City of, United Kingdom	UK	UKH9	40110	51.5	-0.116667	-2601889	20260903171500	https://www.hellomagazine.com/royalty/921548/prince-william-reaction-prince-harry-attacks-kate-middleton/
1321334513	20260903	202609	2026	2026.6658	IRL	IRELAND	IRL								GOV	PRINCE						GOV			0	043	043	04	1	2.8	3	1	3	2.12443095599393	4	Dublin, Dublin, Ireland	EI	EI07	18288	53.3331	-6.24889	-1502554	4	London, London, City of, United Kingdom	UK	UKH9	40110	51.5	-0.116667	-2601889	4	Dublin, Dublin, Ireland	EI	EI07	18288	53.3331	-6.24889	-1502554	20260903171500	https://www.hellomagazine.com/royalty/921548/prince-william-reaction-prince-harry-attacks-kate-middleton/
1321334514	20260903	202609	2026	2026.6658	IRL	DUBLIN	IRL								GOV	PRINCE						GOV			0	043	043	04	1	2.8	1	1	1	2.12443095599393	4	Dublin, Dublin, Ireland	EI	EI07	18288	53.3331	-6.24889	-1502554	4	London, London, City of, United Kingdom	UK	UKH9	40110	51.5	-0.116667	-2601889	4	Sussex, East Sussex, United Kingdom	UK	UKE2	40137	50.9167	-0.083333	-2609142	20260903171500	https://www.hellomagazine.com/royalty/921548/prince-william-reaction-prince-harry-attacks-kate-middleton/
1321334515	20260903	202609	2026	2026.6658	IRL	IRELAND	IRL								USAGOV	NASA	USA					GOV			0	042	042	04	1	1.9	2	1	2	1.71306209850107	4	Strancally Castle, Waterford, Ireland	EI	EI27	18306	52.0686	-7.87694	-1505797	3	Mountain View, California, United States	US	USCA		34.5064	-117.359	246299	4	Strancally Castle, Waterford, Ireland	EI	EI27	18306	52.0686	-7.87694	-1505797	20260903171500	https://www.hellomagazine.com/homes/921554/mark-zuckerberg-buys-castle-ireland/
1321334516	20260903	202609	2026	2026.6658	IRLJUD	CORK	IRL					JUD													1	173	173	17	4	-5.0	10	1	10	-2.72108843537415	0								0								0								20260903171500	https://www.irishexaminer.com/news/courtandcrime/arid-41906464.html
1321334517	20260903	202609	2026	2026.6658	IRN	IRAN	IRN								CHR	CHRISTIAN				CHR					1	173	173	17	4	-5.0	4	1	4	-4.28015564202334	1	Iran	IR	IR		32	53	IR	1	Iran	IR	IR		32	53	IR	1	Iran	IR	IR		32	53	IR	20260903171500	https://blogs.crossmap.com/stories/naghmeh-abedini-panahi-i-didnt-survive-part-2---blazing-grace-oe7haR2cElfO5gyKjwZI7
1321334518	20260903	202609	2026	2026.6658	IRN	IRAN	IRN								KWT	KUWAIT	KWT								1	111	111	11	3	-2.0	10	1	10	-6.23306233062331	4	Tehran, Tehran, Iran	IR	IR26	41130	35.75	51.5148	10074674	4	Tehran, Tehran, Iran	IR	IR26	41130	35.75	51.5148	10074674	4	Tehran, Tehran, Iran	IR	IR26	41130	35.75	51.5148	10074674	20260903171500	https://www.ibtimes.com/iran-again-attacked-gulf-countries-oil-climbing-further-3807111
1321334519	20260903	202609	2026	2026.6658	IRN	IRAN	IRN								RUS	RUSSIA	RUS								1	036	036	03	1	4.0	2	1	2	-3.08880308880309	4	Tehran, Tehran, Iran	IR	IR26	41130	35.75	51.5148	10074674	4	Kremlin, Moskva, Russia	RS	RS48	25106	55.7522	37.6156	-2960561	4	Kiev, Ukraine (general), Ukraine	UP	UP00	28554	50.4333	30.5167	-1044367	20260903171500	https://www.odnako.org/project-c430l-the-moscow-tehran-axis-for-hypersonic-missiles-that-threaten-the-us-fleet/
1321334520	20260903	202609	2026	2026.6658	IRNGOV	IRAN	IRN					GOV			IRNGOV	IRAN	IRN					GOV			0	051	051	05	1	3.4	2	2	2	-7.46268656716417	4	Tehran, Tehran, Iran	IR	IR26	41130	35.75	51.5148	10074674	4	Tehran, Tehran, Iran	IR	IR26	41130	35.75	51.5148	10074674	4	Tehran, Tehran, Iran	IR	IR26	41130	35.75	51.5148	10074674	20260903171500	https://www.kristv.com/us-news/iran-war/bipartisan-lawmakers-call-on-rubio-to-address-iran-executions-and-arrests
1321334521	20260903	202609	2026	2026.6658	IRQ	BAGHDAD	IRQ																		1	0331	033	03	1	5.2	10	1	10	-8.41584158415842	1	Iraq	IZ	IZ		33	44	IZ	0								1	Iraq	IZ	IZ		33	44	IZ	20260903171500	https://www.iraqinews.com/iraq/38-officers-3000-personnel-dismissed-over-corruption-in-iraq/
1321334522	20260903	202609	2026	2026.6658	IRQ	BAGHDAD	IRQ																		1	110	110	11	3	-2.0	10	1	10	-8.41584158415842	1	Iraq	IZ	IZ		33	44	IZ	0								1	Iraq	IZ	IZ		33	44	IZ	20260903171500	https://www.iraqinews.com/iraq/38-officers-3000-personnel-dismissed-over-corruption-in-iraq/
1321334523	20260903	202609	2026	2026.6658	IRQ	ASSUR	IRQ																		0	110	110	11	3	-2.0	10	1	10	-1.68918918918919	1	South Korea	KS	KS		37	127.5	KS	0								1	South Korea	KS	KS		37	127.5	KS	20260903171500	https://movieweb.com/star-wars-best-yoda-quotes/
1321334524	20260903	202609	2026	2026.6658	ISR	ISRAEL	ISR																		0	110	110	11	3	-2.0	2	1	2	-3.48189415041783	3	Stanford, California, United States	US	USCA	CA085	37.4241	-122.166	1867061	0								3	Stanford, California, United States	US	USCA	CA085	37.4241	-122.166	1867061	20260903171500	https://reason.com/2026/09/03/trump-cant-deport-legal-immigrants-for-protected-speech-judge-rules/
1321334525	20260903	202609	2026	2026.6658	ISR	ISRAELI	ISR								IGOEUREEC	THE EUROPEAN UNION	EUR	EEC				IGO			1	071	071	07	2	7.4	2	1	2	-1.39616055846422	4	Jerusalem, Israel (general), Israel	IS	IS00	18315	31.7667	35.2333	-797092	4	Jerusalem, Israel (general), Israel	IS	IS00	18315	31.7667	35.2333	-797092	4	Jerusalem, Israel (general), Israel	IS	IS00	18315	31.7667	35.2333	-797092	20260903171500	https://www.standpointmag.co.uk/2026/09/03/counterpoints-june-2015-robert-low-tuvia-tenenbom-catch-the-jew/
1321334526	20260903	202609	2026	2026.6658	ISR	ISRAELI	ISR								ISRGOV	ISRAEL	ISR					GOV			0	020	020	02	1	3.0	4	1	4	-10.4208416833667	1	Israel	IS	IS		31.5	34.75	IS	1	Israel	IS	IS		31.5	34.75	IS	1	Israel	IS	IS		31.5	34.75	IS	20260903171500	https://www.foxnews.com/us/fox-news-antisemitism-exposed-newsletter-jewish-ags-chilling-message-voters
1321334527	20260903	202609	2026	2026.6658	ISR	ISRAEL	ISR								PSE	PALESTINIAN	PSE								0	051	051	05	1	3.4	2	1	2	-3.48189415041783	3	Stanford, California, United States	US	USCA	CA085	37.4241	-122.166	1867061	3	Stanford, California, United States	US	USCA	CA085	37.4241	-122.166	1867061	3	Stanford, California, United States	US	USCA	CA085	37.4241	-122.166	1867061	20260903171500	https://reason.com/2026/09/03/trump-cant-deport-legal-immigrants-for-protected-speech-judge-rules/
1321334528	20260903	202609	2026	2026.6658	ISR	ISRAEL	ISR								PSECVL	WEST BANK	PSE					CVL			1	190	190	19	4	-10.0	2	1	2	-8	4	Jerusalem, Israel (general), Israel	IS	IS00	18315	31.7667	35.2333	-797092	1	West Bank	WE	WE		31.666667	35.25	WE	4	Jerusalem, Israel (general), Israel	IS	IS00	18315	31.7667	35.2333	-797092	20260903171500	https://www.bbc.com/news/articles/cj6482r6yl4o
1321334529	20260903	202609	2026	2026.6658	ISR	ISRAEL	ISR								PSECVL	WEST BANK	PSE					CVL			1	190	190	19	4	-10.0	2	1	2	-8	4	Jerusalem, Israel (general), Israel	IS	IS00	18315	31.7667	35.2333	-797092	1	West Bank	WE	WE		31.666667	35.25	WE	1	West Bank	WE	WE		31.666667	35.25	WE	20260903171500	https://www.bbc.com/news/articles/cj6482r6yl4o
1321334530	20260903	202609	2026	2026.6658	ISR	ISRAEL	ISR								SYR	SYRIA	SYR								0	128	128	12	3	-5.0	1	1	1	-6.60377358490566	1	Israel	IS	IS		31.5	34.75	IS	1	Syria	SY	SY		35	38	SY	1	Israel	IS	IS		31.5	34.75	IS	20260903171500	https://whbl.com/2026/09/03/syria-begins-destroying-assad-era-chemical-weapons/
1321334531	20260903	202609	2026	2026.6658	ISR	ISRAEL	ISR								SYR	SYRIA	SYR								0	128	128	12	3	-5.0	1	1	1	-6.60377358490566	1	Israel	IS	IS		31.5	34.75	IS	1	Syria	SY	SY		35	38	SY	1	Syria	SY	SY		35	38	SY	20260903171500	https://whbl.com/2026/09/03/syria-begins-destroying-assad-era-chemical-weapons/
1321334532	20260903	202609	2026	2026.6658	ISR	ISRAEL	ISR								USA	THE US	USA								1	042	042	04	1	1.9	4	1	4	-1.39616055846422	1	Switzerland	SZ	SZ		47	8	SZ	1	Switzerland	SZ	SZ		47	8	SZ	1	Switzerland	SZ	SZ		47	8	SZ	20260903171500	https://www.standpointmag.co.uk/2026/09/03/counterpoints-june-2015-robert-low-tuvia-tenenbom-catch-the-jew/
1321334533	20260903	202609	2026	2026.6658	ISRGOV	ISRAELI	ISR					GOV													0	020	020	02	1	3.0	3	1	3	-10.4208416833667	3	Hollywood, California, United States	US	USCA	CA037	34.0983	-118.327	1660757	0								3	Hollywood, California, United States	US	USCA	CA037	34.0983	-118.327	1660757	20260903171500	https://www.foxnews.com/us/fox-news-antisemitism-exposed-newsletter-jewish-ags-chilling-message-voters
1321334534	20260903	202609	2026	2026.6658	ISRGOV	ISRAEL	ISR					GOV			ISRSET	ISRAEL	ISR					SET			0	111	111	11	3	-2.0	2	1	2	-10.4208416833667	1	Israel	IS	IS		31.5	34.75	IS	1	Israel	IS	IS		31.5	34.75	IS	1	Israel	IS	IS		31.5	34.75	IS	20260903171500	https://www.foxnews.com/us/fox-news-antisemitism-exposed-newsletter-jewish-ags-chilling-message-voters
1321334535	20260903	202609	2026	2026.6658	ITA	MARCHE	ITA																		1	012	012	01	1	-0.4	1	1	1	-4.7244094488189	4	Portadown, Craigavon, United Kingdom	UK	UKR8	40152	54.4333	-6.45	-2605557	0								4	Portadown, Craigavon, United Kingdom	UK	UKR8	40152	54.4333	-6.45	-2605557	20260903171500	https://highlandradio.com/2026/09/03/orange-order-applies-for-permission-to-march-down-garvaghey-road/
1321334536	20260903	202609	2026	2026.6658	ITA	ITALY	ITA																		0	042	042	04	1	1.9	10	1	10	0.87064676616916	4	Lake Maggiore, Italy (general), Italy	IT	IT00	26305	45.95	8.65	-120679	0								4	Lake Maggiore, Italy (general), Italy	IT	IT00	26305	45.95	8.65	-120679	20260903171500	https://www.dailymail.com/tvshowbiz/article-16101927/Country-house-chaos-Guy-Ritchie-reveals-fled-hotel-handing-sprawling-estate-Gentlemen-cast.html
1321334537	20260903	202609	2026	2026.6658	ITA	ITALIAN	ITA																		0	071	071	07	2	7.4	3	1	3	-1.39616055846422	4	Milano, Lombardia, Italy	IT	IT09	18363	45.4667	9.2	-121726	0								4	Milano, Lombardia, Italy	IT	IT09	18363	45.4667	9.2	-121726	20260903171500	https://www.standpointmag.co.uk/2026/09/03/counterpoints-june-2015-robert-low-tuvia-tenenbom-catch-the-jew/
1321334538	20260903	202609	2026	2026.6658	ITA	ITALY	ITA								BUS	BOSS						BUS			1	020	020	02	1	3.0	4	1	4	0.87064676616916	4	Lake Maggiore, Italy (general), Italy	IT	IT00	26305	45.95	8.65	-120679	4	Lake Maggiore, Italy (general), Italy	IT	IT00	26305	45.95	8.65	-120679	4	Lake Maggiore, Italy (general), Italy	IT	IT00	26305	45.95	8.65	-120679	20260903171500	https://www.dailymail.com/tvshowbiz/article-16101927/Country-house-chaos-Guy-Ritchie-reveals-fled-hotel-handing-sprawling-estate-Gentlemen-cast.html
1321334539	20260903	202609	2026	2026.6658	ITA	MILAN	ITA								DNK	COPENHAGEN	DNK								1	042	042	04	1	1.9	10	1	10	2.64423076923077	4	Seoul, Soul-t'ukpyolsi, South Korea	KS	KS11	24984	37.5664	127	-716583	4	Seoul, Soul-t'ukpyolsi, South Korea	KS	KS11	24984	37.5664	127	-716583	4	Seoul, Soul-t'ukpyolsi, South Korea	KS	KS11	24984	37.5664	127	-716583	20260903171500	https://www.dwell.com:443/article/the-dwell-24-best-emerging-designers-2026-2eb77981
1321334540	20260903	202609	2026	2026.6658	ITA	ITALIAN	ITA								ISR	JERUSALEM	ISR								0	071	071	07	2	7.4	5	1	5	-1.39616055846422	4	Milano, Lombardia, Italy	IT	IT09	18363	45.4667	9.2	-121726	4	Jerusalem, Israel (general), Israel	IS	IS00	18315	31.7667	35.2333	-797092	4	Milano, Lombardia, Italy	IT	IT09	18363	45.4667	9.2	-121726	20260903171500	https://www.standpointmag.co.uk/2026/09/03/counterpoints-june-2015-robert-low-tuvia-tenenbom-catch-the-jew/
1321334541	20260903	202609	2026	2026.6658	ITA	ITALIAN	ITA								ISR	ISRAEL	ISR								0	071	071	07	2	7.4	2	1	2	-1.39616055846422	4	Jerusalem, Israel (general), Israel	IS	IS00	18315	31.7667	35.2333	-797092	4	Milano, Lombardia, Italy	IT	IT09	18363	45.4667	9.2	-121726	4	Jerusalem, Israel (general), Israel	IS	IS00	18315	31.7667	35.2333	-797092	20260903171500	https://www.standpointmag.co.uk/2026/09/03/counterpoints-june-2015-robert-low-tuvia-tenenbom-catch-the-jew/
1321334542	20260903	202609	2026	2026.6658	ITA	TURIN	ITA								ITAJUD	TURIN	ITA					JUD			1	100	100	10	3	-5.0	10	1	10	-4.11826821541711	1	Bangladesh	BG	BG		24	90	BG	1	Bangladesh	BG	BG		24	90	BG	1	Bangladesh	BG	BG		24	90	BG	20260903171500	https://www.irishdentist.ie/the-anm-even-defends-the-judge-who-freed-the-immigrant-rapist/21625/
1321334543	20260903	202609	2026	2026.6658	ITA	ITALY	ITA								USA	UNITED STATES	USA								0	051	051	05	1	3.4	1	1	1	2.76360544217687	4	Rome, Lazio, Italy	IT	IT07	18350	41.9	12.4833	-126693	3	Portland, Oregon, United States	US	USOR	OR051	45.5235	-122.676	1136645	4	Rome, Lazio, Italy	IT	IT07	18350	41.9	12.4833	-126693	20260903171500	https://www.wallpaper.com/art/carrie-mae-weems-guest-edits-wallpaper
1321334544	20260903	202609	2026	2026.6658	ITA	ITALY	ITA								USA	UNITED STATES	USA								0	051	051	05	1	3.4	2	1	2	2.76360544217687	4	Weem, Perth and Kinross, United Kingdom	UK	UKW1	40177	56.6167	-3.88333	-2611063	4	Weem, Perth and Kinross, United Kingdom	UK	UKW1	40177	56.6167	-3.88333	-2611063	4	Weem, Perth and Kinross, United Kingdom	UK	UKW1	40177	56.6167	-3.88333	-2611063	20260903171500	https://www.wallpaper.com/art/carrie-mae-weems-guest-edits-wallpaper
1321334545	20260903	202609	2026	2026.6658	JAN	JAIN				JAN															0	090	090	09	2	-2.0	2	1	2	-3.08030803080308	4	Delhi, Delhi, India	IN	IN07	17911	28.6667	77.2167	-2094230	0								4	Delhi, Delhi, India	IN	IN07	17911	28.6667	77.2167	-2094230	20260903171500	http://www.japanherald.com/news/279284069/delhi-jal-board-scam-case-court-grants-bail-to-satyender-jain-in-djb-stp-tender-scam-case
1321334546	20260903	202609	2026	2026.6658	JEWUDX	ULTRA ORTHODOX				JEW	UDX				USA	THE US	USA								1	042	042	04	1	1.9	6	1	6	-1.39616055846422	1	Switzerland	SZ	SZ		47	8	SZ	1	Switzerland	SZ	SZ		47	8	SZ	1	Switzerland	SZ	SZ		47	8	SZ	20260903171500	https://www.standpointmag.co.uk/2026/09/03/counterpoints-june-2015-robert-low-tuvia-tenenbom-catch-the-jew/
1321334547	20260903	202609	2026	2026.6658	JORELI	HASSAN	JOR					ELI													1	030	030	03	1	4.0	6	1	6	-3.11850311850312	1	Sudan	SU	SU		16	30	SU	0								1	Sudan	SU	SU		16	30	SU	20260903171500	https://thetab.com/2026/09/03/university-of-oxford-offer-holders-lose-high-court-challenge-to-visa-brake
1321334548	20260903	202609	2026	2026.6658	JORELI	HASSAN	JOR					ELI			SDN	SUDAN	SDN								1	030	030	03	1	4.0	8	1	8	-3.11850311850312	1	Sudan	SU	SU		16	30	SU	1	Sudan	SU	SU		16	30	SU	1	Sudan	SU	SU		16	30	SU	20260903171500	https://thetab.com/2026/09/03/university-of-oxford-offer-holders-lose-high-court-challenge-to-visa-brake
1321334549	20260903	202609	2026	2026.6658	JPN	JAPAN	JPN																		1	010	010	01	1	0.0	4	1	4	0.12004801920768	4	Wuhan, Hubei, China	CH	CH12	13124	30.5833	114.267	-1930776	0								4	Wuhan, Hubei, China	CH	CH12	13124	30.5833	114.267	-1930776	20260903171500	https://www.portlandmercury.com/good-morning-news/good-morning-news-when-is-the-big-gloria-steinem-meetup-vigil-guys-plus-a-new-name-proposal-for-cesar-chavez-blvd/
1321334550	20260903	202609	2026	2026.6658	JPN	KYUSHU	JPN																		1	010	010	01	1	0.0	10	1	10	1.97841726618705	4	Fukuoka, Fukuoka, Japan	JA	JA07	33728	33.5833	130.4	-227372	0								4	Fukuoka, Fukuoka, Japan	JA	JA07	33728	33.5833	130.4	-227372	20260903171500	https://www.tickerreport.com/banking-finance/13572202/comparing-kyushu-electric-power-kysey-and-its-competitors.html
1321334551	20260903	202609	2026	2026.6658	JPN	JAPAN	JPN																		1	090	090	09	2	-2.0	2	1	2	1.67597765363129	4	Iiyama, Nagano, Japan	JA	JA26	35272	36.85	138.367	-230193	0								4	Iiyama, Nagano, Japan	JA	JA26	35272	36.85	138.367	-230193	20260903171500	https://www.techradar.com/computing/windows-laptops/how-has-this-not-been-done-before-this-gaming-laptops-innovative-integrated-stand-helps-keep-the-cpu-cooler-and-helps-with-ergonomics-too
1321334552	20260903	202609	2026	2026.6658	JPN	JAPAN	JPN																		1	111	111	11	3	-2.0	2	1	2	1.67597765363129	4	Iiyama, Nagano, Japan	JA	JA26	35272	36.85	138.367	-230193	0								4	Iiyama, Nagano, Japan	JA	JA26	35272	36.85	138.367	-230193	20260903171500	https://www.techradar.com/computing/windows-laptops/how-has-this-not-been-done-before-this-gaming-laptops-innovative-integrated-stand-helps-keep-the-cpu-cooler-and-helps-with-ergonomics-too
1321334553	20260903	202609	2026	2026.6658	JPN	JAPAN	JPN								LEG	NATIONAL ASSEMBLY						LEG			1	046	046	04	1	7.0	4	1	4	5.14820592823713	1	Japan	JA	JA		36	138	JA	1	Japan	JA	JA		36	138	JA	1	Japan	JA	JA		36	138	JA	20260903171500	https://vietnamnews.vn/politics-laws/1798875/viet-nam-japan-promote-cooperation-in-science-technology-human-resources-training.html
1321334554	20260903	202609	2026	2026.6658	JPN	JAPAN	JPN								USA	UNITED STATES	USA								1	043	043	04	1	2.8	2	1	2	0.99800399201596	4	Tokyo, Tokyo, Japan	JA	JA40	36340	35.685	139.751	-246227	3	Clearwater, Florida, United States	US	USFL	FL103	27.9659	-82.8001	280543	4	Tokyo, Tokyo, Japan	JA	JA40	36340	35.685	139.751	-246227	20260903171500	https://thealabamabaptist.org/from-virtual-reality-to-face-to-face-gospel-conversations/
1321334555	20260903	202609	2026	2026.6658	JPNBUS	JAPAN	JPN					BUS			JPN	SAPPORO	JPN								0	036	036	03	1	4.0	10	1	10	3.63752393107849	4	Fukuoka, Fukuoka, Japan	JA	JA07	33728	33.5833	130.4	-227372	4	Fukuoka, Fukuoka, Japan	JA	JA07	33728	33.5833	130.4	-227372	4	Fukuoka, Fukuoka, Japan	JA	JA07	33728	33.5833	130.4	-227372	20260903171500	https://thepointsguy.com/credit-cards/7500-point-atmos-rewards-awards/
1321334556	20260903	202609	2026	2026.6658	JPNLEG	JAPANESE	JPN					LEG			LEG	NATIONAL ASSEMBLY						LEG			1	046	046	04	1	7.0	6	1	6	5.14820592823713	1	Japan	JA	JA		36	138	JA	1	Japan	JA	JA		36	138	JA	1	Japan	JA	JA		36	138	JA	20260903171500	https://vietnamnews.vn/politics-laws/1798875/viet-nam-japan-promote-cooperation-in-science-technology-human-resources-training.html
1321334557	20260903	202609	2026	2026.6658	JUD	PROSECUTOR						JUD													0	010	010	01	1	0.0	6	1	6	-8.19672131147541	4	Sydney, New South Wales, Australia	AS	AS02	154637	-33.8833	151.217	-1603135	0								4	Sydney, New South Wales, Australia	AS	AS02	154637	-33.8833	151.217	-1603135	20260903171500	https://thetab.com/realityshrine/2026/09/03/below-decks-nathan-gallagher-is-a-wanted-man-in-two-countries-as-he-goes-on-run/
1321334558	20260903	202609	2026	2026.6658	JUD	COUNSEL						JUD													0	010	010	01	1	0.0	6	1	6	-6.28803245436106	4	Masai, Rift Valley, Kenya	KE	KE08	18585	-0.94734	34.4495	-2249774	0								4	Masai, Rift Valley, Kenya	KE	KE08	18585	-0.94734	34.4495	-2249774	20260903171500	https://ghettoradio.co.ke/ipoa-faults-police-over-laxity-in-investigation-into-rex-masais-death/
1321334559	20260903	202609	2026	2026.6658	JUD	JUDGE						JUD													1	010	010	01	1	0.0	8	1	8	-5.32598714416896	4	Dagenham, Barking and Dagenham, United Kingdom	UK	UKA1	40110	51.55	0.166667	-2593987	0								4	Dagenham, Barking and Dagenham, United Kingdom	UK	UKA1	40110	51.55	0.166667	-2593987	20260903171500	https://www.manchestereveningnews.co.uk/news/greater-manchester-news/inside-despicable-bistro-served-far-34562307
1321334560	20260903	202609	2026	2026.6658	JUD	JUDGE						JUD													1	010	010	01	1	0.0	2	1	2	-5.32598714416896	4	Manchester, Manchester, United Kingdom	UK	UKI2	40118	53.5	-2.21667	-2602512	0								4	Manchester, Manchester, United Kingdom	UK	UKI2	40118	53.5	-2.21667	-2602512	20260903171500	https://www.manchestereveningnews.co.uk/news/greater-manchester-news/inside-despicable-bistro-served-far-34562307
1321334561	20260903	202609	2026	2026.6658	JUD	JUDGE						JUD													0	014	014	01	1	0.0	6	1	6	-6.6167290886392	4	Northern Ireland, Craigavon, United Kingdom	UK	UKR8	40152	54.5	-6.5	-2604275	0								4	Northern Ireland, Craigavon, United Kingdom	UK	UKR8	40152	54.5	-6.5	-2604275	20260903171500	https://www.belfastlive.co.uk/news/belfast-news/former-french-foreign-legionnaire-jailed-34564080
1321334562	20260903	202609	2026	2026.6658	JUD	LAWYER						JUD													1	020	020	02	1	3.0	2	1	2	-6.28803245436106	4	Masai, Rift Valley, Kenya	KE	KE08	18585	-0.94734	34.4495	-2249774	0								4	Masai, Rift Valley, Kenya	KE	KE08	18585	-0.94734	34.4495	-2249774	20260903171500	https://ghettoradio.co.ke/ipoa-faults-police-over-laxity-in-investigation-into-rex-masais-death/
1321334563	20260903	202609	2026	2026.6658	JUD	LAWYER						JUD													1	020	020	02	1	3.0	3	1	3	-6.28803245436106	4	Nairobi, Nairobi Area, Kenya	KE	KE05	18585	-1.28333	36.8167	-2258072	0								4	Nairobi, Nairobi Area, Kenya	KE	KE05	18585	-1.28333	36.8167	-2258072	20260903171500	https://ghettoradio.co.ke/ipoa-faults-police-over-laxity-in-investigation-into-rex-masais-death/
1321334564	20260903	202609	2026	2026.6658	JUD	COUNSELLOR						JUD													0	022	022	02	1	3.2	6	1	6	-3.02178496134927	4	Aberdare, Rhondda Cynon Taff, United Kingdom	UK	UKY9	40183	51.715	-3.45417	-2587754	0								4	Aberdare, Rhondda Cynon Taff, United Kingdom	UK	UKY9	40183	51.715	-3.45417	-2587754	20260903171500	https://www.nbcnews.com/world/europe/clancy-postpartum-psychosis-uk-treatment-rcna594470
1321334565	20260903	202609	2026	2026.6658	JUD	BARRISTER						JUD													0	036	036	03	1	4.0	6	1	6	-7.46582544689804	4	Belfast, Belfast, United Kingdom	UK	UKR3	40158	54.5833	-5.93333	-2589607	0								4	Belfast, Belfast, United Kingdom	UK	UKR3	40158	54.5833	-5.93333	-2589607	20260903171500	https://www.belfastlive.co.uk/news/northern-ireland/men-jailed-savage-train-station-34563382
1321334566	20260903	202609	2026	2026.6658	JUD	BARRISTER						JUD													0	036	036	03	1	4.0	4	1	4	-7.46582544689804	4	Portrush, Coleraine, United Kingdom	UK	UKR6	40176	55.2167	-6.65	-2605638	0								4	Portrush, Coleraine, United Kingdom	UK	UKR6	40176	55.2167	-6.65	-2605638	20260903171500	https://www.belfastlive.co.uk/news/northern-ireland/men-jailed-savage-train-station-34563382
1321334567	20260903	202609	2026	2026.6658	JUD	BARRISTER						JUD													0	042	042	04	1	1.9	6	1	6	-7.46582544689804	4	Belfast, Belfast, United Kingdom	UK	UKR3	40158	54.5833	-5.93333	-2589607	0								4	Belfast, Belfast, United Kingdom	UK	UKR3	40158	54.5833	-5.93333	-2589607	20260903171500	https://www.belfastlive.co.uk/news/northern-ireland/men-jailed-savage-train-station-34563382
1321334568	20260903	202609	2026	2026.6658	JUD	BARRISTER						JUD													0	042	042	04	1	1.9	4	1	4	-7.46582544689804	4	Portrush, Coleraine, United Kingdom	UK	UKR6	40176	55.2167	-6.65	-2605638	0								4	Portrush, Coleraine, United Kingdom	UK	UKR6	40176	55.2167	-6.65	-2605638	20260903171500	https://www.belfastlive.co.uk/news/northern-ireland/men-jailed-savage-train-station-34563382
1321334569	20260903	202609	2026	2026.6658	JUD	CHIEF JUSTICE						JUD													0	042	042	04	1	1.9	6	1	6	-0.53557765876052	4	Dirceu, ParáR, Brazil	BR	BR16	18585	-1.36667	-46.55	-640174	0								4	Dirceu, ParáR, Brazil	BR	BR16	18585	-1.36667	-46.55	-640174	20260903171500	https://www.riotimesonline.com/brazil-newspapers-call-justice-moraes-leave-supreme-court/
1321334570	20260903	202609	2026	2026.6658	JUD	CHIEF JUSTICE						JUD													0	042	042	04	1	1.9	4	1	4	-0.53557765876052	4	Guarulhos, SãPaulo, Brazil	BR	BR27	11543	-23.4667	-46.5333	-645949	0								4	Guarulhos, SãPaulo, Brazil	BR	BR27	11543	-23.4667	-46.5333	-645949	20260903171500	https://www.riotimesonline.com/brazil-newspapers-call-justice-moraes-leave-supreme-court/
1321334571	20260903	202609	2026	2026.6658	JUD	COUNSELLOR						JUD													0	051	051	05	1	3.4	6	1	6	-3.02178496134927	4	Aberdare, Rhondda Cynon Taff, United Kingdom	UK	UKY9	40183	51.715	-3.45417	-2587754	0								4	Aberdare, Rhondda Cynon Taff, United Kingdom	UK	UKY9	40183	51.715	-3.45417	-2587754	20260903171500	https://www.nbcnews.com/world/europe/clancy-postpartum-psychosis-uk-treatment-rcna594470
1321334572	20260903	202609	2026	2026.6658	JUD	HIGH COURT						JUD													1	080	080	08	2	5.0	4	1	4	-9.47712418300657	4	Madras, Tamil Nadu, India	IN	IN25	70251	13.0833	80.2833	-2103041	0								4	Madras, Tamil Nadu, India	IN	IN25	70251	13.0833	80.2833	-2103041	20260903171500	https://timesofindia.indiatimes.com/city/trichy/ex-aiadmk-mins-son-kills-step-brother-held/articleshow/133741508.cms
1321334573	20260903	202609	2026	2026.6658	JUD	JUDGE						JUD													1	173	173	17	4	-5.0	3	1	3	-7.18446601941748	3	Dane County, Wisconsin, United States	US	USWI	WI025	43.0667	-89.4335	1581072	0								3	Dane County, Wisconsin, United States	US	USWI		43.0667	-89.4335	1581072	20260903171500	https://www.swnews4u.com/local/courtscrime/two-want-homicide-life-sentences-commuted/
1321334574	20260903	202609	2026	2026.6658	JUD	JUDGE						JUD													1	173	173	17	4	-5.0	1	1	1	-7.18446601941748	2	Wisconsin, United States	US	USWI		44.2563	-89.6385	WI	0								2	Wisconsin, United States	US	USWI		44.2563	-89.6385	WI	20260903171500	https://www.swnews4u.com/local/courtscrime/two-want-homicide-life-sentences-commuted/
1321334575	20260903	202609	2026	2026.6658	JUD	PROSECUTOR						JUD			AUS	AUSTRALIA	AUS								0	010	010	01	1	0.0	3	1	2	-8.19672131147541	4	Sydney, New South Wales, Australia	AS	AS02	154637	-33.8833	151.217	-1603135	4	Sydney, New South Wales, Australia	AS	AS02	154637	-33.8833	151.217	-1603135	4	Sydney, New South Wales, Australia	AS	AS02	154637	-33.8833	151.217	-1603135	20260903171500	https://thetab.com/realityshrine/2026/09/03/below-decks-nathan-gallagher-is-a-wanted-man-in-two-countries-as-he-goes-on-run/
1321334576	20260903	202609	2026	2026.6658	JUD	SUPREME COURT						JUD			AUS	AUSTRALIAN	AUS								0	112	112	11	3	-2.0	8	1	8	-3.48189415041783	1	Australia	AS	AS		-25	135	AS	1	Australia	AS	AS		-25	135	AS	1	Australia	AS	AS		-25	135	AS	20260903171500	https://reason.com/2026/09/03/trump-cant-deport-legal-immigrants-for-protected-speech-judge-rules/
1321334577	20260903	202609	2026	2026.6658	JUD	JUDGE						JUD			BGD	BANGLADESHI	BGD								1	0841	084	08	2	7.0	10	1	10	-4.11826821541711	1	Bangladesh	BG	BG		24	90	BG	1	Bangladesh	BG	BG		24	90	BG	1	Bangladesh	BG	BG		24	90	BG	20260903171500	https://www.irishdentist.ie/the-anm-even-defends-the-judge-who-freed-the-immigrant-rapist/21625/
1321334578	20260903	202609	2026	2026.6658	JUD	JUDGE						JUD			BGD	BANGLADESHI	BGD								1	090	090	09	2	-2.0	7	1	7	-4.11826821541711	1	Bangladesh	BG	BG		24	90	BG	1	Bangladesh	BG	BG		24	90	BG	1	Bangladesh	BG	BG		24	90	BG	20260903171500	https://www.irishdentist.ie/the-anm-even-defends-the-judge-who-freed-the-immigrant-rapist/21625/
1321334579	20260903	202609	2026	2026.6658	JUD	SUPREME COURT						JUD			BRA	BRASIL	BRA								0	010	010	01	1	0.0	3	1	3	-0.53557765876052	4	Dirceu, ParáR, Brazil	BR	BR16	18585	-1.36667	-46.55	-640174	4	Dirceu, ParáR, Brazil	BR	BR16	18585	-1.36667	-46.55	-640174	4	Dirceu, ParáR, Brazil	BR	BR16	18585	-1.36667	-46.55	-640174	20260903171500	https://www.riotimesonline.com/brazil-newspapers-call-justice-moraes-leave-supreme-court/
1321334580	20260903	202609	2026	2026.6658	JUD	SUPREME COURT						JUD			BRA	BRAZIL	BRA								0	1014	101	10	3	-5.0	4	1	4	-0.53557765876052	4	Guarulhos, SãPaulo, Brazil	BR	BR27	11543	-23.4667	-46.5333	-645949	4	Guarulhos, SãPaulo, Brazil	BR	BR27	11543	-23.4667	-46.5333	-645949	4	Guarulhos, SãPaulo, Brazil	BR	BR27	11543	-23.4667	-46.5333	-645949	20260903171500	https://www.riotimesonline.com/brazil-newspapers-call-justice-moraes-leave-supreme-court/
1321334581	20260903	202609	2026	2026.6658	JUD	ADVOCATE						JUD			COP	DEPUTIES						COP			0	013	013	01	1	0.4	1	1	1	-5.85701981050818	3	Riverside County, California, United States	US	USCA	CA065	33.7334	-116.051	277297	3	Riverside County, California, United States	US	USCA		33.7334	-116.051	277297	3	Riverside County, California, United States	US	USCA		33.7334	-116.051	277297	20260903171500	https://lostcoastoutpost.com/2026/sep/3/california-kills-bill-regulating-flock-cameras-eve/
1321334582	20260903	202609	2026	2026.6658	JUD	LAWYER						JUD			COP	POLICE						COP			1	020	020	02	1	3.0	1	1	1	-6.28803245436106	4	Masai, Rift Valley, Kenya	KE	KE08	18585	-0.94734	34.4495	-2249774	4	Masai, Rift Valley, Kenya	KE	KE08	18585	-0.94734	34.4495	-2249774	4	Masai, Rift Valley, Kenya	KE	KE08	18585	-0.94734	34.4495	-2249774	20260903171500	https://ghettoradio.co.ke/ipoa-faults-police-over-laxity-in-investigation-into-rex-masais-death/
1321334583	20260903	202609	2026	2026.6658	JUD	LAWYER						JUD			COP	POLICE						COP			1	020	020	02	1	3.0	1	1	1	-6.28803245436106	4	Nairobi, Nairobi Area, Kenya	KE	KE05	18585	-1.28333	36.8167	-2258072	4	Masai, Rift Valley, Kenya	KE	KE08	18585	-0.94734	34.4495	-2249774	4	Masai, Rift Valley, Kenya	KE	KE08	18585	-0.94734	34.4495	-2249774	20260903171500	https://ghettoradio.co.ke/ipoa-faults-police-over-laxity-in-investigation-into-rex-masais-death/
1321334584	20260903	202609	2026	2026.6658	JUD	LAWYER						JUD			COP	POLICE						COP			1	020	020	02	1	3.0	3	1	3	-6.28803245436106	4	Nairobi, Nairobi Area, Kenya	KE	KE05	18585	-1.28333	36.8167	-2258072	4	Masai, Rift Valley, Kenya	KE	KE08	18585	-0.94734	34.4495	-2249774	4	Nairobi, Nairobi Area, Kenya	KE	KE05	18585	-1.28333	36.8167	-2258072	20260903171500	https://ghettoradio.co.ke/ipoa-faults-police-over-laxity-in-investigation-into-rex-masais-death/
1321334585	20260903	202609	2026	2026.6658	JUD	JUDGE						JUD			CVL	IMMIGRANT						CVL			1	0841	084	08	2	7.0	10	1	10	-4.11826821541711	1	Bangladesh	BG	BG		24	90	BG	1	Bangladesh	BG	BG		24	90	BG	1	Bangladesh	BG	BG		24	90	BG	20260903171500	https://www.irishdentist.ie/the-anm-even-defends-the-judge-who-freed-the-immigrant-rapist/21625/
1321334586	20260903	202609	2026	2026.6658	JUD	JUDGE						JUD			EDU	STUDENT						EDU			0	036	036	03	1	4.0	5	1	5	-3.11850311850312	1	United Kingdom	UK	UK		54	-4	UK	1	United Kingdom	UK	UK		54	-4	UK	1	United Kingdom	UK	UK		54	-4	UK	20260903171500	https://thetab.com/2026/09/03/university-of-oxford-offer-holders-lose-high-court-challenge-to-visa-brake
1321334587	20260903	202609	2026	2026.6658	JUD	JUDGE						JUD			GBR	UNITED KINGDOM	GBR								0	014	014	01	1	0.0	2	1	2	-6.6167290886392	4	Northern Ireland, Craigavon, United Kingdom	UK	UKR8	40152	54.5	-6.5	-2604275	4	Belfast, Belfast, United Kingdom	UK	UKR3	40158	54.5833	-5.93333	-2589607	4	Northern Ireland, Craigavon, United Kingdom	UK	UKR8	40152	54.5	-6.5	-2604275	20260903171500	https://www.belfastlive.co.uk/news/belfast-news/former-french-foreign-legionnaire-jailed-34564080
1321334588	20260903	202609	2026	2026.6658	JUD	JUDGE						JUD			GBR	UNITED KINGDOM	GBR								0	043	043	04	1	2.8	1	1	1	-6.6167290886392	4	Northern Ireland, Craigavon, United Kingdom	UK	UKR8	40152	54.5	-6.5	-2604275	4	Northern Ireland, Craigavon, United Kingdom	UK	UKR8	40152	54.5	-6.5	-2604275	4	Northern Ireland, Craigavon, United Kingdom	UK	UKR8	40152	54.5	-6.5	-2604275	20260903171500	https://www.belfastlive.co.uk/news/belfast-news/former-french-foreign-legionnaire-jailed-34564080
1321334589	20260903	202609	2026	2026.6658	JUD	COUNSEL						JUD			GBR	UNITED KINGDOM	GBR								0	051	051	05	1	3.4	4	1	4	-6.6167290886392	4	Belfast, Belfast, United Kingdom	UK	UKR3	40158	54.5833	-5.93333	-2589607	4	Belfast, Belfast, United Kingdom	UK	UKR3	40158	54.5833	-5.93333	-2589607	4	Belfast, Belfast, United Kingdom	UK	UKR3	40158	54.5833	-5.93333	-2589607	20260903171500	https://www.belfastlive.co.uk/news/belfast-news/former-french-foreign-legionnaire-jailed-34564080
1321334590	20260903	202609	2026	2026.6658	JUD	LAWYER						JUD			GOV	PRESIDENT						GOV			1	012	012	01	1	-0.4	2	1	2	-4.97076023391813	4	Moscow, Moskva, Russia	RS	RS48	25106	55.7522	37.6156	-2960561	4	Moscow, Moskva, Russia	RS	RS48	25106	55.7522	37.6156	-2960561	4	Akhmat, Saratovskaya Oblast', Russia	RS	RS67	25113	51.0693	45.9091	-2874879	20260903171500	https://www.eng.kavkaz-uzel.eu/articles/78260
1321334591	20260903	202609	2026	2026.6658	JUD	LAWYER						JUD			GOV	PRESIDENT						GOV			1	012	012	01	1	-0.4	6	1	6	-4.97076023391813	4	Nalchik, Kabardino-Balkariya, Russia	RS	RS22	25097	43.4981	43.6189	-2962666	4	Akhmat, Saratovskaya Oblast', Russia	RS	RS67	25113	51.0693	45.9091	-2874879	4	Akhmat, Saratovskaya Oblast', Russia	RS	RS67	25113	51.0693	45.9091	-2874879	20260903171500	https://www.eng.kavkaz-uzel.eu/articles/78260
1321334592	20260903	202609	2026	2026.6658	JUD	PROSECUTOR						JUD			IGOJUDICC	INTERNATIONAL CRIMINAL COURT		ICC				IGO	JUD		0	013	013	01	1	0.4	6	1	6	-6.36363636363636	2	New York, United States	US	USNY		42.1497	-74.9384	NY	2	New York, United States	US	USNY		42.1497	-74.9384	NY	2	New York, United States	US	USNY		42.1497	-74.9384	NY	20260903171500	https://www.camera.org/article/new-york-magazine-doubles-down-on-erasing-israel/
1321334593	20260903	202609	2026	2026.6658	JUD	COUNSEL						JUD			KEN	KENYA	KEN								0	010	010	01	1	0.0	2	1	2	-6.28803245436106	4	Masai, Rift Valley, Kenya	KE	KE08	18585	-0.94734	34.4495	-2249774	4	Masai, Rift Valley, Kenya	KE	KE08	18585	-0.94734	34.4495	-2249774	4	Masai, Rift Valley, Kenya	KE	KE08	18585	-0.94734	34.4495	-2249774	20260903171500	https://ghettoradio.co.ke/ipoa-faults-police-over-laxity-in-investigation-into-rex-masais-death/
1321334594	20260903	202609	2026	2026.6658	JUD	LAWYER						JUD			KEN	KENYA	KEN								1	110	110	11	3	-2.0	1	1	1	-6.28803245436106	4	Masai, Rift Valley, Kenya	KE	KE08	18585	-0.94734	34.4495	-2249774	4	Masai, Rift Valley, Kenya	KE	KE08	18585	-0.94734	34.4495	-2249774	4	Masai, Rift Valley, Kenya	KE	KE08	18585	-0.94734	34.4495	-2249774	20260903171500	https://ghettoradio.co.ke/ipoa-faults-police-over-laxity-in-investigation-into-rex-masais-death/
1321334595	20260903	202609	2026	2026.6658	JUD	LAWYER						JUD			KEN	KENYA	KEN								1	110	110	11	3	-2.0	1	1	1	-6.28803245436106	4	Nairobi, Nairobi Area, Kenya	KE	KE05	18585	-1.28333	36.8167	-2258072	4	Masai, Rift Valley, Kenya	KE	KE08	18585	-0.94734	34.4495	-2249774	4	Masai, Rift Valley, Kenya	KE	KE08	18585	-0.94734	34.4495	-2249774	20260903171500	https://ghettoradio.co.ke/ipoa-faults-police-over-laxity-in-investigation-into-rex-masais-death/
1321334596	20260903	202609	2026	2026.6658	JUD	LAWYER						JUD			MED	BLOGGER						MED			1	010	010	01	1	0.0	6	1	6	-4.97076023391813	4	Nalchik, Kabardino-Balkariya, Russia	RS	RS22	25097	43.4981	43.6189	-2962666	4	Akhmat, Saratovskaya Oblast', Russia	RS	RS67	25113	51.0693	45.9091	-2874879	4	Akhmat, Saratovskaya Oblast', Russia	RS	RS67	25113	51.0693	45.9091	-2874879	20260903171500	https://www.eng.kavkaz-uzel.eu/articles/78260
1321334597	20260903	202609	2026	2026.6658	JUD	JUDGE						JUD			USA	UNITED STATES	USA								1	010	010	01	1	0.0	2	1	2	2.72206303724928	2	Alabama, United States	US	USAL		32.799	-86.8073	AL	2	Alabama, United States	US	USAL		32.799	-86.8073	AL	2	Alabama, United States	US	USAL		32.799	-86.8073	AL	20260903171500	https://www.thestokesnews.com/opinion/as-best-as-i-remember-good-morning-sir/article_55666011-0a72-4de6-bfd8-ee31a74a646d.html
1321334598	20260903	202609	2026	2026.6658	JUD	PROSECUTOR						JUD			USA	UNITED STATES	USA								0	013	013	01	1	0.4	2	1	2	-6.36363636363636	2	New York, United States	US	USNY		42.1497	-74.9384	NY	2	New York, United States	US	USNY		42.1497	-74.9384	NY	2	New York, United States	US	USNY		42.1497	-74.9384	NY	20260903171500	https://www.camera.org/article/new-york-magazine-doubles-down-on-erasing-israel/
1321334599	20260903	202609	2026	2026.6658	JUD	JUDGE						JUD			USA	NASHVILLE	USA								0	090	090	09	2	-2.0	3	1	3	-3.28849028400598	3	Davidson County, Tennessee, United States	US	USTN	TN037	36.1501	-86.7833	1639737	3	Davidson County, Tennessee, United States	US	USTN		36.1501	-86.7833	1639737	3	Davidson County, Tennessee, United States	US	USTN		36.1501	-86.7833	1639737	20260903171500	https://www.wdam.com/2026/09/03/part-1-bricen-rivers-case-files-reveal-what-led-murder-lauren-johansen/
1321334600	20260903	202609	2026	2026.6658	JUD	JUDGE						JUD			USA	UNITED STATES	USA								1	112	112	11	3	-2.0	1	1	1	-7.18446601941748	2	Wisconsin, United States	US	USWI		44.2563	-89.6385	WI	2	Wisconsin, United States	US	USWI		44.2563	-89.6385	WI	2	Wisconsin, United States	US	USWI		44.2563	-89.6385	WI	20260903171500	https://www.swnews4u.com/local/courtscrime/two-want-homicide-life-sentences-commuted/
1321334601	20260903	202609	2026	2026.6658	JUD	JUDGE						JUD			USA	UNITED STATES	USA								1	173	173	17	4	-5.0	1	1	1	-7.18446601941748	2	Wisconsin, United States	US	USWI		44.2563	-89.6385	WI	2	Wisconsin, United States	US	USWI		44.2563	-89.6385	WI	2	Wisconsin, United States	US	USWI		44.2563	-89.6385	WI	20260903171500	https://www.swnews4u.com/local/courtscrime/two-want-homicide-life-sentences-commuted/
1321334602	20260903	202609	2026	2026.6658	JUDJUD	HIGH COURT						JUD	JUD		EDU	STUDENT						EDU			1	110	110	11	3	-2.0	10	1	10	-3.11850311850312	1	United Kingdom	UK	UK		54	-4	UK	1	United Kingdom	UK	UK		54	-4	UK	1	United Kingdom	UK	UK		54	-4	UK	20260903171500	https://thetab.com/2026/09/03/university-of-oxford-offer-holders-lose-high-court-challenge-to-visa-brake
1321334603	20260903	202609	2026	2026.6658	KENGOV	KENYA	KEN					GOV			JUD	COUNSEL						JUD			1	020	020	02	1	3.0	2	1	2	7.83847980997625	4	Nairobi, Nairobi Area, Kenya	KE	KE05	18585	-1.28333	36.8167	-2258072	4	Nairobi, Nairobi Area, Kenya	KE	KE05	18585	-1.28333	36.8167	-2258072	4	Nairobi, Nairobi Area, Kenya	KE	KE05	18585	-1.28333	36.8167	-2258072	20260903171500	http://www.president.go.ke/president-ruto-confers-senior-counsel-rank-on-54-advocates/
1321334604	20260903	202609	2026	2026.6658	KENJUD	KENYA	KEN					JUD													0	010	010	01	1	0.0	2	1	2	-6.28803245436106	4	Masai, Rift Valley, Kenya	KE	KE08	18585	-0.94734	34.4495	-2249774	0								4	Masai, Rift Valley, Kenya	KE	KE08	18585	-0.94734	34.4495	-2249774	20260903171500	https://ghettoradio.co.ke/ipoa-faults-police-over-laxity-in-investigation-into-rex-masais-death/
1321334605	20260903	202609	2026	2026.6658	LAB	EMPLOYEE						LAB													1	010	010	01	1	0.0	5	1	5	0.5338078291815	1	Canada	CA	CA		60	-96	CA	0								1	Canada	CA	CA		60	-96	CA	20260903171500	https://www.swnews4u.com/local/business/beci-765-kv-transmission-line-open-house-draws-a-large-crowd/
1321334606	20260903	202609	2026	2026.6658	LAB	WORKER						LAB													0	020	020	02	1	3.0	10	1	10	-4.85436893203884	4	Ezeiza, Buenos Aires, Argentina	AR	AR01	22379	-34.8479	-58.5287	-989273	0								4	Ezeiza, Buenos Aires, Argentina	AR	AR01	22379	-34.8479	-58.5287	-989273	20260903171500	https://www.riotimesonline.com/argentina-airport-strike-2026/
1321334607	20260903	202609	2026	2026.6658	LAB	WORKER						LAB													0	090	090	09	2	-2.0	10	1	10	-4.85436893203884	4	Buenos Aires, Distrito Federal, Argentina	AR	AR07	22379	-34.5875	-58.6725	-979186	0								4	Buenos Aires, Distrito Federal, Argentina	AR	AR07	22379	-34.5875	-58.6725	-979186	20260903171500	https://www.riotimesonline.com/argentina-airport-strike-2026/
1321334608	20260903	202609	2026	2026.6658	LAB	WORKER						LAB													0	190	190	19	4	-10.0	10	1	10	-4.85436893203884	4	Buenos Aires, Distrito Federal, Argentina	AR	AR07	22379	-34.5875	-58.6725	-979186	0								4	Buenos Aires, Distrito Federal, Argentina	AR	AR07	22379	-34.5875	-58.6725	-979186	20260903171500	https://www.riotimesonline.com/argentina-airport-strike-2026/
1321334609	20260903	202609	2026	2026.6658	LAB	WORKER						LAB			BUS	COMPANIES						BUS			0	010	010	01	1	0.0	10	1	10	-3.59281437125748	1	India	IN	IN		20	77	IN	1	India	IN	IN		20	77	IN	1	India	IN	IN		20	77	IN	20260903171500	https://www.thehindubusinessline.com/news/gig-workers-facing-fatigue-stress-and-health-risks-report/article71424464.ece
1321334610	20260903	202609	2026	2026.6658	LBN	LEBANESE	LBN								JEW	JEWISH				JEW					1	090	090	09	2	-2.0	2	1	2	-13.8888888888889	1	Lebanon	LE	LE		33.833333	35.833333	LE	1	Lebanon	LE	LE		33.833333	35.833333	LE	1	Lebanon	LE	LE		33.833333	35.833333	LE	20260903171500	https://www.israelnationalnews.com/flashes/692916
1321334611	20260903	202609	2026	2026.6658	LBN	BEIRUT	LBN								SYRGOV	SYRIAN	SYR					GOV			1	1712	171	17	4	-9.2	5	1	5	-6.60377358490566	4	Beirut, Beyrouth, Lebanon	LE	LE04	18808	33.8719	35.5097	-801546	1	Syria	SY	SY		35	38	SY	1	Syria	SY	SY		35	38	SY	20260903171500	https://whbl.com/2026/09/03/syria-begins-destroying-assad-era-chemical-weapons/
1321334612	20260903	202609	2026	2026.6658	LBNOPP	LEBANESE	LBN					OPP			JEW	JEWISH				JEW					1	090	090	09	2	-2.0	8	1	8	-13.8888888888889	1	Lebanon	LE	LE		33.833333	35.833333	LE	1	Lebanon	LE	LE		33.833333	35.833333	LE	1	Lebanon	LE	LE		33.833333	35.833333	LE	20260903171500	https://www.israelnationalnews.com/flashes/692916
1321334613	20260903	202609	2026	2026.6658	LEG	CONGRESSWOMAN						LEG													1	016	016	01	1	-2.0	3	1	3	-1.48	3	Newark, New Jersey, United States	US	USNJ	NJ013	40.7357	-74.1724	878762	0								3	Newark, New Jersey, United States	US	USNJ	NJ013	40.7357	-74.1724	878762	20260903171500	https://www.elle.com/culture/career-politics/a73535518/congresswoman-lamonica-mciver-pregnant-prison-essay-2026/
1321334614	20260903	202609	2026	2026.6658	LEG	CONGRESSWOMAN						LEG													1	016	016	01	1	-2.0	2	1	2	-1.48	2	New Jersey, United States	US	USNJ		40.314	-74.5089	NJ	0								2	New Jersey, United States	US	USNJ		40.314	-74.5089	NJ	20260903171500	https://www.elle.com/culture/career-politics/a73535518/congresswoman-lamonica-mciver-pregnant-prison-essay-2026/
1321334615	20260903	202609	2026	2026.6658	LEG	SENATOR						LEG													1	017	017	01	1	0.0	10	1	10	3.44827586206897	0								0								0								20260903171500	https://www.thecolumbiastar.com/articles/gray-collegiate-academy-cuts-ribbon-on-new-elementary-campus/
1321334616	20260903	202609	2026	2026.6658	LEG	LAWMAKER						LEG													1	040	040	04	1	1.0	10	1	10	-1.57835400225479	3	Denver, Colorado, United States	US	USCO	CO031	39.7392	-104.985	201738	0								3	Denver, Colorado, United States	US	USCO	CO031	39.7392	-104.985	201738	20260903171500	https://www.foxnews.com/politics/three-new-companies-face-josh-hawley-investigation-ai-surveillance-vehicle-tracking
1321334617	20260903	202609	2026	2026.6658	LEG	SENATE						LEG													1	071	071	07	2	7.4	6	1	6	-5.05529225908373	2	Arkansas, United States	US	USAR		34.9513	-92.3809	AR	0								3	Washington, District of Columbia, United States	US	USDC	DC001	38.8951	-77.0364	531871	20260903171500	https://www.foxnews.com/politics/dem-senate-nominee-changes-tune-ice-after-vowing-not-one-more-dime-agency
1321334618	20260903	202609	2026	2026.6658	LEG	SENATE						LEG													1	071	071	07	2	7.4	4	1	4	-5.05529225908373	2	Arkansas, United States	US	USAR		34.9513	-92.3809	AR	0								2	Arkansas, United States	US	USAR		34.9513	-92.3809	AR	20260903171500	https://www.foxnews.com/politics/dem-senate-nominee-changes-tune-ice-after-vowing-not-one-more-dime-agency
1321334619	20260903	202609	2026	2026.6658	LEG	CONGRESS						LEG													0	090	090	09	2	-2.0	5	1	5	-1.48	3	Washington, District of Columbia, United States	US	USDC	DC001	38.8951	-77.0364	531871	0								3	Washington, District of Columbia, United States	US	USDC	DC001	38.8951	-77.0364	531871	20260903171500	https://www.elle.com/culture/career-politics/a73535518/congresswoman-lamonica-mciver-pregnant-prison-essay-2026/
1321334620	20260903	202609	2026	2026.6658	LEG	SENATE						LEG													0	110	110	11	3	-2.0	6	1	6	-0.53557765876052	4	Dirceu, ParáR, Brazil	BR	BR16	18585	-1.36667	-46.55	-640174	0								4	Dirceu, ParáR, Brazil	BR	BR16	18585	-1.36667	-46.55	-640174	20260903171500	https://www.riotimesonline.com/brazil-newspapers-call-justice-moraes-leave-supreme-court/
1321334621	20260903	202609	2026	2026.6658	LEG	CONGRESSWOMAN						LEG													1	120	120	12	3	-4.0	3	1	3	-1.48	3	Newark, New Jersey, United States	US	USNJ	NJ013	40.7357	-74.1724	878762	0								3	Newark, New Jersey, United States	US	USNJ	NJ013	40.7357	-74.1724	878762	20260903171500	https://www.elle.com/culture/career-politics/a73535518/congresswoman-lamonica-mciver-pregnant-prison-essay-2026/
1321334622	20260903	202609	2026	2026.6658	LEG	CONGRESSWOMAN						LEG													1	120	120	12	3	-4.0	7	1	7	-1.48	2	New Jersey, United States	US	USNJ		40.314	-74.5089	NJ	0								2	New Jersey, United States	US	USNJ		40.314	-74.5089	NJ	20260903171500	https://www.elle.com/culture/career-politics/a73535518/congresswoman-lamonica-mciver-pregnant-prison-essay-2026/
1321334623	20260903	202609	2026	2026.6658	LEG	LAWMAKER						LEG													1	180	180	18	4	-9.0	2	1	2	-1.48	3	Newark, New Jersey, United States	US	USNJ	NJ013	40.7357	-74.1724	878762	0								3	Newark, New Jersey, United States	US	USNJ	NJ013	40.7357	-74.1724	878762	20260903171500	https://www.elle.com/culture/career-politics/a73535518/congresswoman-lamonica-mciver-pregnant-prison-essay-2026/
1321334624	20260903	202609	2026	2026.6658	LEG	LAWMAKER						LEG													1	180	180	18	4	-9.0	3	1	3	-1.48	2	New Jersey, United States	US	USNJ		40.314	-74.5089	NJ	0								2	New Jersey, United States	US	USNJ		40.314	-74.5089	NJ	20260903171500	https://www.elle.com/culture/career-politics/a73535518/congresswoman-lamonica-mciver-pregnant-prison-essay-2026/
1321334625	20260903	202609	2026	2026.6658	LEG	CHAMBER						LEG													0	190	190	19	4	-10.0	6	1	6	-5.05529225908373	2	Arkansas, United States	US	USAR		34.9513	-92.3809	AR	0								2	Arkansas, United States	US	USAR		34.9513	-92.3809	AR	20260903171500	https://www.foxnews.com/politics/dem-senate-nominee-changes-tune-ice-after-vowing-not-one-more-dime-agency
1321334626	20260903	202609	2026	2026.6658	LEG	SENATE						LEG			BRA	BRAZIL	BRA								0	110	110	11	3	-2.0	4	1	4	-0.53557765876052	4	Dirceu, ParáR, Brazil	BR	BR16	18585	-1.36667	-46.55	-640174	4	Dirceu, ParáR, Brazil	BR	BR16	18585	-1.36667	-46.55	-640174	4	Dirceu, ParáR, Brazil	BR	BR16	18585	-1.36667	-46.55	-640174	20260903171500	https://www.riotimesonline.com/brazil-newspapers-call-justice-moraes-leave-supreme-court/
1321334627	20260903	202609	2026	2026.6658	LEG	SENATE						LEG			BRA	BRAZIL	BRA								0	113	113	11	3	-2.0	4	1	4	-0.53557765876052	4	Dirceu, ParáR, Brazil	BR	BR16	18585	-1.36667	-46.55	-640174	4	Dirceu, ParáR, Brazil	BR	BR16	18585	-1.36667	-46.55	-640174	4	Dirceu, ParáR, Brazil	BR	BR16	18585	-1.36667	-46.55	-640174	20260903171500	https://www.riotimesonline.com/brazil-newspapers-call-justice-moraes-leave-supreme-court/
1321334628	20260903	202609	2026	2026.6658	LEG	CONGRESS						LEG			GOV	GOVERNMENT						GOV			1	1712	171	17	4	-9.2	4	1	4	-8.57142857142857	4	Kolkata, West Bengal, India	IN	IN28	70294	22.5697	88.3697	-2092511	4	Kolkata, West Bengal, India	IN	IN28	70294	22.5697	88.3697	-2092511	4	Kolkata, West Bengal, India	IN	IN28	70294	22.5697	88.3697	-2092511	20260903171500	https://www.thehindubusinessline.com/news/trinamool-seeks-urgent-meetings-with-president-governor-to-flag-utter-lawlessness-in-bengal/article71424946.ece
1321334629	20260903	202609	2026	2026.6658	LEG	LEGISLATOR						LEG			GOV	GOVERNOR						GOV			1	190	190	19	4	-10.0	10	1	10	1.19225037257824	2	North Carolina, United States	US	USNC		35.6411	-79.8431	NC	2	North Carolina, United States	US	USNC		35.6411	-79.8431	NC	2	North Carolina, United States	US	USNC		35.6411	-79.8431	NC	20260903171500	https://www.ncspin.com:443/to-meet-ncs-future-power-demand-choose-wisely
1321334630	20260903	202609	2026	2026.6658	LEG	LAWMAKER						LEG			IRN	IRAN	IRN								1	010	010	01	1	0.0	20	2	20	-7.46268656716417	4	Tehran, Tehran, Iran	IR	IR26	41130	35.75	51.5148	10074674	4	Tehran, Tehran, Iran	IR	IR26	41130	35.75	51.5148	10074674	4	Tehran, Tehran, Iran	IR	IR26	41130	35.75	51.5148	10074674	20260903171500	https://www.kristv.com/us-news/iran-war/bipartisan-lawmakers-call-on-rubio-to-address-iran-executions-and-arrests
1321334631	20260903	202609	2026	2026.6658	LEG	LAWMAKER						LEG			IRN	IRAN	IRN								1	020	020	02	1	3.0	4	2	4	-7.46268656716417	4	Tehran, Tehran, Iran	IR	IR26	41130	35.75	51.5148	10074674	3	White House, District of Columbia, United States	US	USDC		38.8951	-77.0364	531871	4	Tehran, Tehran, Iran	IR	IR26	41130	35.75	51.5148	10074674	20260903171500	https://www.kristv.com/us-news/iran-war/bipartisan-lawmakers-call-on-rubio-to-address-iran-executions-and-arrests
1321334632	20260903	202609	2026	2026.6658	LEG	LAWMAKER						LEG			IRN	IRAN	IRN								1	020	020	02	1	3.0	8	2	8	-7.46268656716417	4	Tehran, Tehran, Iran	IR	IR26	41130	35.75	51.5148	10074674	3	White House, District of Columbia, United States	US	USDC		38.8951	-77.0364	531871	3	White House, District of Columbia, United States	US	USDC		38.8951	-77.0364	531871	20260903171500	https://www.kristv.com/us-news/iran-war/bipartisan-lawmakers-call-on-rubio-to-address-iran-executions-and-arrests
1321334633	20260903	202609	2026	2026.6658	LEG	LAWMAKER						LEG			IRN	IRAN	IRN								1	100	100	10	3	-5.0	8	2	8	-7.46268656716417	3	White House, District of Columbia, United States	US	USDC		38.8951	-77.0364	531871	3	White House, District of Columbia, United States	US	USDC		38.8951	-77.0364	531871	3	White House, District of Columbia, United States	US	USDC		38.8951	-77.0364	531871	20260903171500	https://www.kristv.com/us-news/iran-war/bipartisan-lawmakers-call-on-rubio-to-address-iran-executions-and-arrests
1321334634	20260903	202609	2026	2026.6658	LEG	NATIONAL ASSEMBLY						LEG			JPN	JAPAN	JPN								1	046	046	04	1	7.0	4	1	4	5.14820592823713	1	Vietnam, Republic Of	VM	VM		16.166667	107.833333	VM	1	Japan	JA	JA		36	138	JA	1	Japan	JA	JA		36	138	JA	20260903171500	https://vietnamnews.vn/politics-laws/1798875/viet-nam-japan-promote-cooperation-in-science-technology-human-resources-training.html
1321334635	20260903	202609	2026	2026.6658	LEG	NATIONAL ASSEMBLY						LEG			JPNLEG	JAPANESE	JPN					LEG			1	046	046	04	1	7.0	6	1	6	5.14820592823713	1	Vietnam, Republic Of	VM	VM		16.166667	107.833333	VM	1	Japan	JA	JA		36	138	JA	1	Japan	JA	JA		36	138	JA	20260903171500	https://vietnamnews.vn/politics-laws/1798875/viet-nam-japan-promote-cooperation-in-science-technology-human-resources-training.html
1321334636	20260903	202609	2026	2026.6658	LEG	NATIONAL ASSEMBLY						LEG			JUD	COUNSEL						JUD			0	051	051	05	1	3.4	5	1	5	7.83847980997625	4	Nairobi, Nairobi Area, Kenya	KE	KE05	18585	-1.28333	36.8167	-2258072	4	Nairobi, Nairobi Area, Kenya	KE	KE05	18585	-1.28333	36.8167	-2258072	4	Nairobi, Nairobi Area, Kenya	KE	KE05	18585	-1.28333	36.8167	-2258072	20260903171500	http://www.president.go.ke/president-ruto-confers-senior-counsel-rank-on-54-advocates/
1321334637	20260903	202609	2026	2026.6658	LEG	CONGRESS						LEG			USA	UNITED STATES	USA								1	043	043	04	1	2.8	2	1	2	-1.48	2	New Jersey, United States	US	USNJ		40.314	-74.5089	NJ	2	New Jersey, United States	US	USNJ		40.314	-74.5089	NJ	2	New Jersey, United States	US	USNJ		40.314	-74.5089	NJ	20260903171500	https://www.elle.com/culture/career-politics/a73535518/congresswoman-lamonica-mciver-pregnant-prison-essay-2026/
1321334638	20260903	202609	2026	2026.6658	LEG	CONGRESS						LEG			USA	NEW JERSEY	USA								1	046	046	04	1	7.0	1	1	1	-1.48	2	New Jersey, United States	US	USNJ		40.314	-74.5089	NJ	2	New Jersey, United States	US	USNJ		40.314	-74.5089	NJ	2	New Jersey, United States	US	USNJ		40.314	-74.5089	NJ	20260903171500	https://www.elle.com/culture/career-politics/a73535518/congresswoman-lamonica-mciver-pregnant-prison-essay-2026/
1321334639	20260903	202609	2026	2026.6658	LEG	CHAMBER						LEG			USA	UNITED STATES	USA								0	190	190	19	4	-10.0	2	1	2	-5.05529225908373	3	Sebastian County, Arkansas, United States	US	USAR	AR131	35.1668	-94.2669	69181	2	Arkansas, United States	US	USAR		34.9513	-92.3809	AR	3	Carroll County, Arkansas, United States	US	USAR		36.3334	-93.5169	66975	20260903171500	https://www.foxnews.com/politics/dem-senate-nominee-changes-tune-ice-after-vowing-not-one-more-dime-agency
1321334640	20260903	202609	2026	2026.6658	LEG	CHAMBER						LEG			USA	UNITED STATES	USA								0	190	190	19	4	-10.0	2	1	2	-5.05529225908373	2	Arkansas, United States	US	USAR		34.9513	-92.3809	AR	2	Arkansas, United States	US	USAR		34.9513	-92.3809	AR	2	Arkansas, United States	US	USAR		34.9513	-92.3809	AR	20260903171500	https://www.foxnews.com/politics/dem-senate-nominee-changes-tune-ice-after-vowing-not-one-more-dime-agency
1321334641	20260903	202609	2026	2026.6658	MDV	MALE	MDV																		1	015	015	01	1	0.0	2	1	2	-6.6167290886392	4	Belfast, Belfast, United Kingdom	UK	UKR3	40158	54.5833	-5.93333	-2589607	0								4	Belfast, Belfast, United Kingdom	UK	UKR3	40158	54.5833	-5.93333	-2589607	20260903171500	https://www.belfastlive.co.uk/news/belfast-news/former-french-foreign-legionnaire-jailed-34564080
1321334642	20260903	202609	2026	2026.6658	MDV	MALE	MDV																		1	190	190	19	4	-10.0	6	1	6	-7.46582544689804	4	Belfast, Belfast, United Kingdom	UK	UKR3	40158	54.5833	-5.93333	-2589607	0								4	Belfast, Belfast, United Kingdom	UK	UKR3	40158	54.5833	-5.93333	-2589607	20260903171500	https://www.belfastlive.co.uk/news/northern-ireland/men-jailed-savage-train-station-34563382
1321334643	20260903	202609	2026	2026.6658	MDV	MALE	MDV																		1	190	190	19	4	-10.0	4	1	4	-7.46582544689804	4	Portrush, Coleraine, United Kingdom	UK	UKR6	40176	55.2167	-6.65	-2605638	0								4	Portrush, Coleraine, United Kingdom	UK	UKR6	40176	55.2167	-6.65	-2605638	20260903171500	https://www.belfastlive.co.uk/news/northern-ireland/men-jailed-savage-train-station-34563382
1321334644	20260903	202609	2026	2026.6658	MDV	MALE	MDV																		1	193	193	19	4	-10.0	2	1	2	-6.6167290886392	4	Belfast, Belfast, United Kingdom	UK	UKR3	40158	54.5833	-5.93333	-2589607	0								4	Belfast, Belfast, United Kingdom	UK	UKR3	40158	54.5833	-5.93333	-2589607	20260903171500	https://www.belfastlive.co.uk/news/belfast-news/former-french-foreign-legionnaire-jailed-34564080
1321334645	20260903	202609	2026	2026.6658	MDV	MALE	MDV								GBR	UNITED KINGDOM	GBR								1	193	193	19	4	-10.0	8	1	8	-6.6167290886392	4	Belfast, Belfast, United Kingdom	UK	UKR3	40158	54.5833	-5.93333	-2589607	4	Belfast, Belfast, United Kingdom	UK	UKR3	40158	54.5833	-5.93333	-2589607	4	Belfast, Belfast, United Kingdom	UK	UKR3	40158	54.5833	-5.93333	-2589607	20260903171500	https://www.belfastlive.co.uk/news/belfast-news/former-french-foreign-legionnaire-jailed-34564080
1321334646	20260903	202609	2026	2026.6658	MEA	ARABIAN SEA	MEA																		1	042	042	04	1	1.9	6	1	6	-3.29457364341085	4	Ratnagiri, Orissa, India	IN	IN21	70218	20.6333	86.3333	-2109259	0								4	Alibag, Maharashtra, India	IN	IN16	17777	18.6411	72.8792	-2088477	20260903171500	https://www.skymetweather.com/content/monsoon-update/heavy-rains-unlikely-over-mumbai-till-mid-september
1321334647	20260903	202609	2026	2026.6658	MED	JOURNALIST						MED													1	010	010	01	1	0.0	4	1	4	-1.39616055846422	4	Jerusalem, Israel (general), Israel	IS	IS00	18315	31.7667	35.2333	-797092	0								4	Jerusalem, Israel (general), Israel	IS	IS00	18315	31.7667	35.2333	-797092	20260903171500	https://www.standpointmag.co.uk/2026/09/03/counterpoints-june-2015-robert-low-tuvia-tenenbom-catch-the-jew/
1321334648	20260903	202609	2026	2026.6658	MED	WEBSITE						MED													0	010	010	01	1	0.0	15	1	10	0.74074074074074	1	Nigeria	NI	NI		10	8	NI	0								1	Nigeria	NI	NI		10	8	NI	20260903171500	https://tribuneonlineng.com/the-complete-guide-to-safe-gift-card-trading-and-protecting-yourself-from-scams/
1321334649	20260903	202609	2026	2026.6658	MED	PUBLICATION						MED													1	010	010	01	1	0.0	10	1	10	1.26182965299684	2	Vermont, United States	US	USVT		44.0407	-72.7093	VT	0								2	Vermont, United States	US	USVT		44.0407	-72.7093	VT	20260903171500	https://economictimes.indiatimes.com/news/international/us/science-in-1834-an-american-blacksmith-along-with-his-wife-built-the-first-practical-dc-electric-motor-creating-a-blueprint-for-modern-electrical-machinery/articleshow/133740631.cms
1321334650	20260903	202609	2026	2026.6658	MED	MEDIA						MED													1	017	017	01	1	0.0	10	1	10	1.40280561122245	3	Houston, Texas, United States	US	USTX	TX201	29.7633	-95.3633	1380948	0								3	Houston, Texas, United States	US	USTX	TX201	29.7633	-95.3633	1380948	20260903171500	https://www.dailystar.co.uk/showbiz/breaking-disney-star-dies-aged-37625011
1321334651	20260903	202609	2026	2026.6658	MED	WEBSITE						MED													0	020	020	02	1	3.0	10	1	10	0.74074074074074	1	Nigeria	NI	NI		10	8	NI	0								1	Nigeria	NI	NI		10	8	NI	20260903171500	https://tribuneonlineng.com/the-complete-guide-to-safe-gift-card-trading-and-protecting-yourself-from-scams/
1321334652	20260903	202609	2026	2026.6658	MED	WRITER						MED													1	036	036	03	1	4.0	10	1	10	1.66666666666667	2	South Carolina, United States	US	USSC		33.8191	-80.9066	SC	0								2	South Carolina, United States	US	USSC		33.8191	-80.9066	SC	20260903171500	https://www.thecolumbiastar.com/articles/the-jasper-project-announces-a-call-for-literary-art-for-the-upcoming-anthology-degenerate-art-project-iii-the-conversation-continues/
1321334653	20260903	202609	2026	2026.6658	MED	PUBLICATION						MED													0	084	084	08	2	7.0	10	1	10	0.94876660341556	2	New York, United States	US	USNY		42.1497	-74.9384	NY	0								2	New York, United States	US	USNY		42.1497	-74.9384	NY	20260903171500	https://tribuneonlineng.com/feminist-icon-gloria-steinem-dies-at-92/
1321334654	20260903	202609	2026	2026.6658	MED	MEDIA						MED			AUS	AUSTRALIA	AUS								0	040	040	04	1	1.0	4	1	4	4.55486542443064	4	Sydney, New South Wales, Australia	AS	AS02	154637	-33.8833	151.217	-1603135	4	Sydney, New South Wales, Australia	AS	AS02	154637	-33.8833	151.217	-1603135	4	Sydney, New South Wales, Australia	AS	AS02	154637	-33.8833	151.217	-1603135	20260903171500	https://www.saltwire.com/cape-breton/walk-in-addiction-support-withdrawal-management-in-cape-breton
1321334655	20260903	202609	2026	2026.6658	MED	MEDIA						MED			CHNGOV	CHINESE	CHN					GOV			1	112	112	11	3	-2.0	4	1	4	-2.35148514851485	4	Xinjiang, Jiangxi, China	CH	CH03	13167	27.7481	116.274	11065838	4	Xinjiang, Jiangxi, China	CH	CH03	13167	27.7481	116.274	11065838	4	Xinjiang, Jiangxi, China	CH	CH03	13167	27.7481	116.274	11065838	20260903171500	https://www.theguardian.com/politics/2026/sep/03/reform-media-presenter-worked-chinese-state-propaganda-channel
1321334656	20260903	202609	2026	2026.6658	MED	MEDIA						MED			CHNGOV	CHINA	CHN					GOV			1	112	112	11	3	-2.0	1	1	1	-2.35148514851485	1	United Kingdom	UK	UK		54	-4	UK	4	Xinjiang, Jiangxi, China	CH	CH03	13167	27.7481	116.274	11065838	4	Xinjiang, Jiangxi, China	CH	CH03	13167	27.7481	116.274	11065838	20260903171500	https://www.theguardian.com/politics/2026/sep/03/reform-media-presenter-worked-chinese-state-propaganda-channel
1321334657	20260903	202609	2026	2026.6658	MED	WEBSITE						MED			COP	POLICE						COP			0	070	070	07	2	7.0	6	1	6	-3.58208955223881	3	San Francisco Bay, California, United States	US	USCA	CA081	37.7083	-122.28	1654951	3	San Francisco Bay, California, United States	US	USCA		37.7083	-122.28	1654951	3	San Francisco Bay, California, United States	US	USCA		37.7083	-122.28	1654951	20260903171500	https://coastalcourier.com/opinion/rich-lowry-dont-fear-flock-cameras/
1321334658	20260903	202609	2026	2026.6658	MED	WEBSITE						MED			COP	POLICE						COP			0	070	070	07	2	7.0	1	1	1	-3.58208955223881	3	San Francisco Bay, California, United States	US	USCA	CA081	37.7083	-122.28	1654951	3	Washington, District of Columbia, United States	US	USDC	DC001	38.8951	-77.0364	531871	3	Washington, District of Columbia, United States	US	USDC	DC001	38.8951	-77.0364	531871	20260903171500	https://coastalcourier.com/opinion/rich-lowry-dont-fear-flock-cameras/
1321334659	20260903	202609	2026	2026.6658	MED	WEBSITE						MED			COP	POLICE						COP			0	070	070	07	2	7.0	1	1	1	-3.58208955223881	3	Washington, District of Columbia, United States	US	USDC	DC001	38.8951	-77.0364	531871	3	Washington, District of Columbia, United States	US	USDC	DC001	38.8951	-77.0364	531871	3	Washington, District of Columbia, United States	US	USDC	DC001	38.8951	-77.0364	531871	20260903171500	https://coastalcourier.com/opinion/rich-lowry-dont-fear-flock-cameras/
1321334660	20260903	202609	2026	2026.6658	MED	WEBSITE						MED			COP	POLICE						COP			0	070	070	07	2	7.0	2	1	2	-3.58208955223881	3	Manhattan, New York, United States	US	USNY	NY061	40.7834	-73.9662	971945	3	Manhattan, New York, United States	US	USNY	NY061	40.7834	-73.9662	971945	3	Manhattan, New York, United States	US	USNY	NY061	40.7834	-73.9662	971945	20260903171500	https://coastalcourier.com/opinion/rich-lowry-dont-fear-flock-cameras/
1321334661	20260903	202609	2026	2026.6658	MED	BLOGGER						MED			GOV	PRESIDENT						GOV			1	012	012	01	1	-0.4	2	1	2	-4.97076023391813	4	Moscow, Moskva, Russia	RS	RS48	25106	55.7522	37.6156	-2960561	4	Moscow, Moskva, Russia	RS	RS48	25106	55.7522	37.6156	-2960561	4	Akhmat, Saratovskaya Oblast', Russia	RS	RS67	25113	51.0693	45.9091	-2874879	20260903171500	https://www.eng.kavkaz-uzel.eu/articles/78260
1321334662	20260903	202609	2026	2026.6658	MED	BLOGGER						MED			GOV	PRESIDENT						GOV			1	012	012	01	1	-0.4	6	1	6	-4.97076023391813	4	Nalchik, Kabardino-Balkariya, Russia	RS	RS22	25097	43.4981	43.6189	-2962666	4	Akhmat, Saratovskaya Oblast', Russia	RS	RS67	25113	51.0693	45.9091	-2874879	4	Akhmat, Saratovskaya Oblast', Russia	RS	RS67	25113	51.0693	45.9091	-2874879	20260903171500	https://www.eng.kavkaz-uzel.eu/articles/78260
1321334663	20260903	202609	2026	2026.6658	MED	MEDIA						MED			GOV	GOVERNMENT OFFICIAL						GOV			0	020	020	02	1	3.0	5	1	5	-3.56347438752784	1	United States	US	US		39.828175	-98.5795	US	1	United States	US	US		39.828175	-98.5795	US	1	United States	US	US		39.828175	-98.5795	US	20260903171500	https://www.techradar.com/pro/security/clicking-allow-on-a-google-and-microsoft-permission-screens-could-give-hackers-access-to-your-entire-account-fbi-warns
1321334664	20260903	202609	2026	2026.6658	MED	TELEVISION						MED			GOV	FIREFIGHTER						GOV			1	043	043	04	1	2.8	6	1	6	-3.36538461538462	3	Tampa Executive Airport, Florida, United States	US	USFL	FL057	28.0128	-82.3452	309915	3	Hillsborough County, Florida, United States	US	USFL		27.917	-82.3498	295757	3	Hillsborough County, Florida, United States	US	USFL		27.917	-82.3498	295757	20260903171500	https://www.wftv.com/news/trending/2-dead-after-small-plane-crashes-catches-fire-near-tampa-executive-airport/LS3VVSFMBRFUNJWZ5Y3J4YQKWI/
1321334665	20260903	202609	2026	2026.6658	MED	TELEVISION						MED			GOV	FIREFIGHTER						GOV			1	043	043	04	1	2.8	4	1	4	-3.36538461538462	3	Tampa Executive Airport, Florida, United States	US	USFL	FL057	28.0128	-82.3452	309915	3	Tampa Executive Airport, Florida, United States	US	USFL		28.0128	-82.3452	309915	3	Tampa Executive Airport, Florida, United States	US	USFL		28.0128	-82.3452	309915	20260903171500	https://www.wftv.com/news/trending/2-dead-after-small-plane-crashes-catches-fire-near-tampa-executive-airport/LS3VVSFMBRFUNJWZ5Y3J4YQKWI/
1321334666	20260903	202609	2026	2026.6658	MED	MAGAZINE						MED			ISR	ISRAEL	ISR								0	173	173	17	4	-5.0	7	1	7	-6.36363636363636	4	Gaza, Israel (general), Israel	IS	IS00	18315	31.4167	34.3333	-797156	4	Gaza, Israel (general), Israel	IS	IS00	18315	31.4167	34.3333	-797156	4	Gaza, Israel (general), Israel	IS	IS00	18315	31.4167	34.3333	-797156	20260903171500	https://www.camera.org/article/new-york-magazine-doubles-down-on-erasing-israel/
1321334667	20260903	202609	2026	2026.6658	MED	MAGAZINE						MED			ISR	ISRAEL	ISR								0	173	173	17	4	-5.0	1	1	1	-6.36363636363636	2	New York, United States	US	USNY		42.1497	-74.9384	NY	2	New York, United States	US	USNY		42.1497	-74.9384	NY	2	New York, United States	US	USNY		42.1497	-74.9384	NY	20260903171500	https://www.camera.org/article/new-york-magazine-doubles-down-on-erasing-israel/
1321334668	20260903	202609	2026	2026.6658	MED	WEBSITE						MED			ISRMIL	ISRAELI	ISR					MIL			0	020	020	02	1	3.0	2	1	2	-3.48189415041783	1	Israel	IS	IS		31.5	34.75	IS	1	Israel	IS	IS		31.5	34.75	IS	1	Israel	IS	IS		31.5	34.75	IS	20260903171500	https://reason.com/2026/09/03/trump-cant-deport-legal-immigrants-for-protected-speech-judge-rules/
1321334669	20260903	202609	2026	2026.6658	MED	WRITER						MED			MEDBUS	WRITER						MED	BUS		1	040	040	04	1	1.0	10	1	10	3.62511052166225	0								0								0								20260903171500	https://bollyspice.com/kanika-dhillon-with-gandhari-i-wanted-to-see-what-could-come-out-of-putting-taapsee-in-this-intense-deep-dive-into-a-woman-with-great-loss/
1321334670	20260903	202609	2026	2026.6658	MED	BLOGGER						MED			MIL	ARMED FORCES						MIL			0	010	010	01	1	0.0	10	1	10	-4.97076023391813	4	Moscow, Moskva, Russia	RS	RS48	25106	55.7522	37.6156	-2960561	4	Moscow, Moskva, Russia	RS	RS48	25106	55.7522	37.6156	-2960561	4	Moscow, Moskva, Russia	RS	RS48	25106	55.7522	37.6156	-2960561	20260903171500	https://www.eng.kavkaz-uzel.eu/articles/78260
1321334671	20260903	202609	2026	2026.6658	MED	BLOG						MED			OPP	PRISONER						OPP			1	1053	105	10	3	-5.0	6	1	6	-12.1495327102804	2	North Carolina, United States	US	USNC		35.6411	-79.8431	NC	3	Washington, District of Columbia, United States	US	USDC	DC001	38.8951	-77.0364	531871	3	Washington, District of Columbia, United States	US	USDC	DC001	38.8951	-77.0364	531871	20260903171500	https://www.ncspin.com:443/lying-liars-lie
1321334672	20260903	202609	2026	2026.6658	MED	BLOG						MED			OPP	PRISONER						OPP			1	1053	105	10	3	-5.0	4	1	4	-12.1495327102804	2	South Carolina, United States	US	USSC		33.8191	-80.9066	SC	2	North Carolina, United States	US	USNC		35.6411	-79.8431	NC	2	North Carolina, United States	US	USNC		35.6411	-79.8431	NC	20260903171500	https://www.ncspin.com:443/lying-liars-lie
1321334673	20260903	202609	2026	2026.6658	MED	NEWS AGENCY						MED			RUS	VLADIVOSTOK	RUS								1	036	036	03	1	4.0	2	1	2	-5.76923076923077	4	Berlin, Berlin, Germany	GM	GM16	16538	52.5167	13.4	-1746443	4	Moscow, Moskva, Russia	RS	RS48	25106	55.7522	37.6156	-2960561	4	Moscow, Moskva, Russia	RS	RS48	25106	55.7522	37.6156	-2960561	20260903171500	https://www.yahoo.com/news/world/articles/goethe-institute-chief-laments-ending-161836959.html
1321334674	20260903	202609	2026	2026.6658	MED	NEWS AGENCY						MED			RUS	VLADIVOSTOK	RUS								1	036	036	03	1	4.0	3	1	3	-5.76923076923077	4	Leipzig, Sachsen, Germany	GM	GM13	40699	51.3	12.3333	-1817680	4	Novosibirsk, Novosibirskaya Oblast', Russia	RS	RS53	25082	55.0411	82.9344	-2970528	4	Moscow, Moskva, Russia	RS	RS48	25106	55.7522	37.6156	-2960561	20260903171500	https://www.yahoo.com/news/world/articles/goethe-institute-chief-laments-ending-161836959.html
1321334675	20260903	202609	2026	2026.6658	MED	NEWS AGENCY						MED			RUS	VLADIVOSTOK	RUS								1	036	036	03	1	4.0	5	1	5	-5.76923076923077	4	Moscow, Moskva, Russia	RS	RS48	25106	55.7522	37.6156	-2960561	4	Moscow, Moskva, Russia	RS	RS48	25106	55.7522	37.6156	-2960561	4	Moscow, Moskva, Russia	RS	RS48	25106	55.7522	37.6156	-2960561	20260903171500	https://www.yahoo.com/news/world/articles/goethe-institute-chief-laments-ending-161836959.html
1321334676	20260903	202609	2026	2026.6658	MED	BLOGGER						MED			RUS	RUSSIA	RUS								1	112	112	11	3	-2.0	1	1	1	-4.97076023391813	4	Moscow, Moskva, Russia	RS	RS48	25106	55.7522	37.6156	-2960561	4	Moscow, Moskva, Russia	RS	RS48	25106	55.7522	37.6156	-2960561	4	Moscow, Moskva, Russia	RS	RS48	25106	55.7522	37.6156	-2960561	20260903171500	https://www.eng.kavkaz-uzel.eu/articles/78260
1321334677	20260903	202609	2026	2026.6658	MED	WEBSITE						MED			USA	UNITED STATES	USA								0	075	075	07	2	7.0	1	1	1	-3.48189415041783	3	Stanford, California, United States	US	USCA	CA085	37.4241	-122.166	1867061	3	Stanford, California, United States	US	USCA	CA085	37.4241	-122.166	1867061	3	Stanford, California, United States	US	USCA	CA085	37.4241	-122.166	1867061	20260903171500	https://reason.com/2026/09/03/trump-cant-deport-legal-immigrants-for-protected-speech-judge-rules/
1321334678	20260903	202609	2026	2026.6658	MED	WEBSITE						MED			USA	UNITED STATES	USA								0	075	075	07	2	7.0	2	1	2	-3.48189415041783	1	Israel	IS	IS		31.5	34.75	IS	3	Stanford, California, United States	US	USCA	CA085	37.4241	-122.166	1867061	3	Stanford, California, United States	US	USCA	CA085	37.4241	-122.166	1867061	20260903171500	https://reason.com/2026/09/03/trump-cant-deport-legal-immigrants-for-protected-speech-judge-rules/
1321334679	20260903	202609	2026	2026.6658	MED	WEBSITE						MED			USA	UNITED STATES	USA								0	075	075	07	2	7.0	1	1	1	-3.48189415041783	1	Israel	IS	IS		31.5	34.75	IS	3	Stanford, California, United States	US	USCA	CA085	37.4241	-122.166	1867061	1	Israel	IS	IS		31.5	34.75	IS	20260903171500	https://reason.com/2026/09/03/trump-cant-deport-legal-immigrants-for-protected-speech-judge-rules/
1321334680	20260903	202609	2026	2026.6658	MED	BLOG						MED			USA	UNITED STATES	USA								1	111	111	11	3	-2.0	4	1	4	-12.1495327102804	2	South Carolina, United States	US	USSC		33.8191	-80.9066	SC	2	South Carolina, United States	US	USSC		33.8191	-80.9066	SC	2	South Carolina, United States	US	USSC		33.8191	-80.9066	SC	20260903171500	https://www.ncspin.com:443/lying-liars-lie
1321334681	20260903	202609	2026	2026.6658	MEDBUS	WRITER						MED	BUS		MED	WRITER						MED			1	040	040	04	1	1.0	10	1	10	3.62511052166225	0								0								0								20260903171500	https://bollyspice.com/kanika-dhillon-with-gandhari-i-wanted-to-see-what-could-come-out-of-putting-taapsee-in-this-intense-deep-dive-into-a-woman-with-great-loss/
1321334682	20260903	202609	2026	2026.6658	MEX	MEXICO	MEX																		0	043	043	04	1	2.8	1	1	1	-1.59857904085257	4	Gulf Of Mexico, Mexico (general), Mexico	MX	MX00	20887	25	-90	-1683344	0								4	Gulf Of Mexico, Mexico (general), Mexico	MX	MX00	20887	25	-90	-1683344	20260903171500	https://tribuneonlineng.com/trump-suggests-renaming-strait-of-hormuz-as-trump-strait/
1321334683	20260903	202609	2026	2026.6658	MEX	MEXICO	MEX								CAN	CANADA	CAN								0	036	036	03	1	4.0	6	1	6	-4.27591770875353	4	Mexico City, Distrito Federal, Mexico	MX	MX09	20887	19.4342	-99.1386	-1658079	4	Ottawa, Ontario, Canada	CA	CA08	12755	45.4167	-75.7	-570760	3	Washington, District of Columbia, United States	US	USDC	DC001	38.8951	-77.0364	531871	20260903171500	https://www.riotimesonline.com/usa-canada-intelligence-brief-thursday-september-3-2026/
1321334684	20260903	202609	2026	2026.6658	MEX	MEXICO	MEX								CAN	CANADA	CAN								0	036	036	03	1	4.0	2	1	2	-4.27591770875353	3	Washington, District of Columbia, United States	US	USDC	DC001	38.8951	-77.0364	531871	4	Ottawa, Ontario, Canada	CA	CA08	12755	45.4167	-75.7	-570760	3	Washington, District of Columbia, United States	US	USDC	DC001	38.8951	-77.0364	531871	20260903171500	https://www.riotimesonline.com/usa-canada-intelligence-brief-thursday-september-3-2026/
1321334685	20260903	202609	2026	2026.6658	MEX	MEXICO	MEX								CAN	CANADA	CAN								0	036	036	03	1	4.0	2	1	2	-4.27591770875353	3	Washington, District of Columbia, United States	US	USDC	DC001	38.8951	-77.0364	531871	3	Washington, District of Columbia, United States	US	USDC	DC001	38.8951	-77.0364	531871	3	Washington, District of Columbia, United States	US	USDC	DC001	38.8951	-77.0364	531871	20260903171500	https://www.riotimesonline.com/usa-canada-intelligence-brief-thursday-september-3-2026/
1321334686	20260903	202609	2026	2026.6658	MEX	MEXICO	MEX								CAN	CANADA	CAN								0	120	120	12	3	-4.0	6	1	6	-1.59857904085257	4	Gulf Of Mexico, Mexico (general), Mexico	MX	MX00	20887	25	-90	-1683344	1	Canada	CA	CA		60	-96	CA	1	Canada	CA	CA		60	-96	CA	20260903171500	https://tribuneonlineng.com/trump-suggests-renaming-strait-of-hormuz-as-trump-strait/
1321334687	20260903	202609	2026	2026.6658	MEX	MEXICO	MEX								CAN	CANADA	CAN								0	120	120	12	3	-4.0	2	1	2	-1.59857904085257	3	Washington, District of Columbia, United States	US	USDC	DC001	38.8951	-77.0364	531871	4	Gulf Of Mexico, Mexico (general), Mexico	MX	MX00	20887	25	-90	-1683344	1	Canada	CA	CA		60	-96	CA	20260903171500	https://tribuneonlineng.com/trump-suggests-renaming-strait-of-hormuz-as-trump-strait/
1321334688	20260903	202609	2026	2026.6658	MEX	MEXICO	MEX								CAN	CANADA	CAN								0	120	120	12	3	-4.0	2	1	2	-1.59857904085257	1	Canada	CA	CA		60	-96	CA	1	Canada	CA	CA		60	-96	CA	1	Canada	CA	CA		60	-96	CA	20260903171500	https://tribuneonlineng.com/trump-suggests-renaming-strait-of-hormuz-as-trump-strait/
1321334689	20260903	202609	2026	2026.6658	MEX	MEXICO CITY	MEX								GOV	GOVERNMENT						GOV			0	043	043	04	1	2.8	8	1	8	-4.27591770875353	4	Mexico City, Distrito Federal, Mexico	MX	MX09	20887	19.4342	-99.1386	-1658079	4	Mexico City, Distrito Federal, Mexico	MX	MX09	20887	19.4342	-99.1386	-1658079	4	Mexico City, Distrito Federal, Mexico	MX	MX09	20887	19.4342	-99.1386	-1658079	20260903171500	https://www.riotimesonline.com/usa-canada-intelligence-brief-thursday-september-3-2026/
1321334690	20260903	202609	2026	2026.6658	MEX	MEXICO CITY	MEX								GOV	GOVERNMENT						GOV			0	043	043	04	1	2.8	2	1	2	-4.27591770875353	3	Washington, District of Columbia, United States	US	USDC	DC001	38.8951	-77.0364	531871	4	Ottawa, Ontario, Canada	CA	CA08	12755	45.4167	-75.7	-570760	3	Washington, District of Columbia, United States	US	USDC	DC001	38.8951	-77.0364	531871	20260903171500	https://www.riotimesonline.com/usa-canada-intelligence-brief-thursday-september-3-2026/
1321334691	20260903	202609	2026	2026.6658	MEX	MEXICO CITY	MEX								GOV	GOVERNMENT						GOV			0	130	130	13	3	-4.4	8	1	8	-4.27591770875353	4	Mexico City, Distrito Federal, Mexico	MX	MX09	20887	19.4342	-99.1386	-1658079	4	Mexico City, Distrito Federal, Mexico	MX	MX09	20887	19.4342	-99.1386	-1658079	4	Mexico City, Distrito Federal, Mexico	MX	MX09	20887	19.4342	-99.1386	-1658079	20260903171500	https://www.riotimesonline.com/usa-canada-intelligence-brief-thursday-september-3-2026/
1321334692	20260903	202609	2026	2026.6658	MEX	MEXICO CITY	MEX								GOV	GOVERNMENT						GOV			0	130	130	13	3	-4.4	2	1	2	-4.27591770875353	3	Washington, District of Columbia, United States	US	USDC	DC001	38.8951	-77.0364	531871	4	Ottawa, Ontario, Canada	CA	CA08	12755	45.4167	-75.7	-570760	4	Ottawa, Ontario, Canada	CA	CA08	12755	45.4167	-75.7	-570760	20260903171500	https://www.riotimesonline.com/usa-canada-intelligence-brief-thursday-september-3-2026/
1321334693	20260903	202609	2026	2026.6658	MEX	MEXICO	MEX								USA	UNITED STATES	USA								0	042	042	04	1	1.9	1	1	1	-1.59857904085257	4	Gulf Of Mexico, Mexico (general), Mexico	MX	MX00	20887	25	-90	-1683344	3	Washington, District of Columbia, United States	US	USDC	DC001	38.8951	-77.0364	531871	3	White House, District of Columbia, United States	US	USDC		38.8951	-77.0364	531871	20260903171500	https://tribuneonlineng.com/trump-suggests-renaming-strait-of-hormuz-as-trump-strait/
1321334694	20260903	202609	2026	2026.6658	MEX	MEXICO	MEX								USA	UNITED STATES	USA								0	042	042	04	1	1.9	1	1	1	-1.59857904085257	3	White House, District of Columbia, United States	US	USDC		38.8951	-77.0364	531871	3	White House, District of Columbia, United States	US	USDC		38.8951	-77.0364	531871	3	White House, District of Columbia, United States	US	USDC		38.8951	-77.0364	531871	20260903171500	https://tribuneonlineng.com/trump-suggests-renaming-strait-of-hormuz-as-trump-strait/
1321334695	20260903	202609	2026	2026.6658	MEX	MEXICO	MEX								USA	UNITED STATES	USA								0	043	043	04	1	2.8	2	1	2	-1.59857904085257	4	Gulf Of Mexico, Mexico (general), Mexico	MX	MX00	20887	25	-90	-1683344	3	Washington, District of Columbia, United States	US	USDC	DC001	38.8951	-77.0364	531871	4	Gulf Of Mexico, Mexico (general), Mexico	MX	MX00	20887	25	-90	-1683344	20260903171500	https://tribuneonlineng.com/trump-suggests-renaming-strait-of-hormuz-as-trump-strait/
1321334696	20260903	202609	2026	2026.6658	MEXGOV	MEXICO	MEX					GOV													0	020	020	02	1	3.0	2	1	2	2.48356464572681	1	Mexico	MX	MX		23	-102	MX	0								1	Mexico	MX	MX		23	-102	MX	20260903171500	https://www.riotimesonline.com/pemex-mixed-contracts-private-investment-2026/
1321334697	20260903	202609	2026	2026.6658	MEXGOV	MEXICO	MEX					GOV			BUS	BUSINESS						BUS			1	020	020	02	1	3.0	2	1	2	2.48356464572681	1	Mexico	MX	MX		23	-102	MX	1	Mexico	MX	MX		23	-102	MX	1	Mexico	MX	MX		23	-102	MX	20260903171500	https://www.riotimesonline.com/pemex-mixed-contracts-private-investment-2026/
1321334698	20260903	202609	2026	2026.6658	MEXGOV	MEXICO	MEX					GOV			MEXCVL	MEXICO	MEX					CVL			1	051	051	05	1	3.4	2	1	2	-3.76106194690265	1	Mexico	MX	MX		23	-102	MX	1	Mexico	MX	MX		23	-102	MX	1	Mexico	MX	MX		23	-102	MX	20260903171500	https://kvia.com/news/new-mexico/2026/09/03/new-mexico-doj-files-support-for-project-jupiter-permit-petitions/
1321334699	20260903	202609	2026	2026.6658	MIL	MILITARY						MIL													0	163	163	16	4	-8.0	3	1	3	-8.92307692307692	3	Washington, District of Columbia, United States	US	USDC	DC001	38.8951	-77.0364	531871	0								4	Kuhestak, Kerman, Iran	IR	IR29	40985	28	58.4167	-3072332	20260903171500	https://www.thehindu.com/news/international/iran-attacks-us-targets-despite-trump-threats/article71425433.ece
1321334700	20260903	202609	2026	2026.6658	MIL	NAVY						MIL			BEL	BELGIUM	BEL								1	030	030	03	1	4.0	5	1	5	4.37956204379562	4	Herstal, Waals Gewest, Belgium	BE	BE14	5851	50.6702	5.62888	-1960489	4	Herstal, Waals Gewest, Belgium	BE	BE14	5851	50.6702	5.62888	-1960489	4	Herstal, Waals Gewest, Belgium	BE	BE14	5851	50.6702	5.62888	-1960489	20260903171500	https://www.thehindubusinessline.com/economy/india-and-belgium-sign-defence-agreements-to-boost-industrial-and-military-ties/article71424813.ece
1321334701	20260903	202609	2026	2026.6658	MIL	MILITARY						MIL			CAN	CANADA	CAN								0	020	020	02	1	3.0	4	1	4	-0.63613231552163	1	Canada	CA	CA		60	-96	CA	1	Canada	CA	CA		60	-96	CA	1	Canada	CA	CA		60	-96	CA	20260903171500	https://www.saltwire.com/public-service/defence-watch/u-s-admiral-dodges-questions-about-attacking-canada-but-acknowledges-he-would-follow-trumps-orders/wcm/44e3c2a8-b5e5-4532-8d3e-c72aa16d8255
1321334702	20260903	202609	2026	2026.6658	MIL	MILITARY						MIL			CAN	CANADIAN	CAN								0	036	036	03	1	4.0	4	1	4	-0.63613231552163	1	Canada	CA	CA		60	-96	CA	1	Canada	CA	CA		60	-96	CA	1	Canada	CA	CA		60	-96	CA	20260903171500	https://www.saltwire.com/public-service/defence-watch/u-s-admiral-dodges-questions-about-attacking-canada-but-acknowledges-he-would-follow-trumps-orders/wcm/44e3c2a8-b5e5-4532-8d3e-c72aa16d8255
1321334703	20260903	202609	2026	2026.6658	MIL	MILITARY						MIL			CANMIL	CANADIAN	CAN					MIL			0	036	036	03	1	4.0	6	1	6	-0.63613231552163	1	Canada	CA	CA		60	-96	CA	1	Canada	CA	CA		60	-96	CA	1	Canada	CA	CA		60	-96	CA	20260903171500	https://www.saltwire.com/public-service/defence-watch/u-s-admiral-dodges-questions-about-attacking-canada-but-acknowledges-he-would-follow-trumps-orders/wcm/44e3c2a8-b5e5-4532-8d3e-c72aa16d8255
1321334704	20260903	202609	2026	2026.6658	MIL	MILITARY						MIL			COP	PRISON						COP			0	040	040	04	1	1.0	4	1	4	-6.6167290886392	4	Northern Ireland, Craigavon, United Kingdom	UK	UKR8	40152	54.5	-6.5	-2604275	4	Belfast, Belfast, United Kingdom	UK	UKR3	40158	54.5833	-5.93333	-2589607	4	Northern Ireland, Craigavon, United Kingdom	UK	UKR8	40152	54.5	-6.5	-2604275	20260903171500	https://www.belfastlive.co.uk/news/belfast-news/former-french-foreign-legionnaire-jailed-34564080
1321334705	20260903	202609	2026	2026.6658	MIL	MILITARY						MIL			COP	PRISON						COP			0	040	040	04	1	1.0	6	1	6	-6.6167290886392	4	Northern Ireland, Craigavon, United Kingdom	UK	UKR8	40152	54.5	-6.5	-2604275	4	Northern Ireland, Craigavon, United Kingdom	UK	UKR8	40152	54.5	-6.5	-2604275	4	Northern Ireland, Craigavon, United Kingdom	UK	UKR8	40152	54.5	-6.5	-2604275	20260903171500	https://www.belfastlive.co.uk/news/belfast-news/former-french-foreign-legionnaire-jailed-34564080
1321334706	20260903	202609	2026	2026.6658	MIL	MILITARY						MIL			IRN	IRAN	IRN								0	163	163	16	4	-8.0	4	1	4	-8.92307692307692	3	Washington, District of Columbia, United States	US	USDC	DC001	38.8951	-77.0364	531871	4	Kuhestak, Kerman, Iran	IR	IR29	40985	28	58.4167	-3072332	4	Kuhestak, Kerman, Iran	IR	IR29	40985	28	58.4167	-3072332	20260903171500	https://www.thehindu.com/news/international/iran-attacks-us-targets-despite-trump-threats/article71425433.ece
1321334707	20260903	202609	2026	2026.6658	MIL	COMMANDER						MIL			LEG	REPRESENTATIVES						LEG			0	060	060	06	2	6.0	8	3	8	-2.07053317733578	4	Beijing, Beijing, China	CH	CH22	13001	39.9289	116.388	-1898541	5	Heilongjiang, Heilongjiang, China	CH	CH08	13097	48	128	-1908709	4	Beijing, Beijing, China	CH	CH22	13001	39.9289	116.388	-1898541	20260903171500	http://www.japanherald.com/news/279284196/china-commemorates-81st-anniversary-of-victory-against-japanese-aggression
1321334708	20260903	202609	2026	2026.6658	MIL	COMMANDER						MIL			LEG	REPRESENTATIVES						LEG			0	060	060	06	2	6.0	12	3	12	-2.07053317733578	4	Beijing, Beijing, China	CH	CH22	13001	39.9289	116.388	-1898541	5	Heilongjiang, Heilongjiang, China	CH	CH08	13097	48	128	-1908709	5	Heilongjiang, Heilongjiang, China	CH	CH08	13097	48	128	-1908709	20260903171500	http://www.japanherald.com/news/279284196/china-commemorates-81st-anniversary-of-victory-against-japanese-aggression
1321334709	20260903	202609	2026	2026.6658	MIL	COMMANDER						MIL			MED	JOURNALIST						MED			1	010	010	01	1	0.0	10	1	10	-5.98802395209581	0								0								0								20260903171500	https://tribuneonlineng.com/troops-kill-suspected-bandit-arrest-five-others-in-benue-taraba/
1321334710	20260903	202609	2026	2026.6658	MIL	ADMIRAL						MIL			MED	JOURNALIST						MED			0	100	100	10	3	-5.0	10	1	10	-0.63613231552163	1	Canada	CA	CA		60	-96	CA	1	Canada	CA	CA		60	-96	CA	1	Canada	CA	CA		60	-96	CA	20260903171500	https://www.saltwire.com/public-service/defence-watch/u-s-admiral-dodges-questions-about-attacking-canada-but-acknowledges-he-would-follow-trumps-orders/wcm/44e3c2a8-b5e5-4532-8d3e-c72aa16d8255
1321334711	20260903	202609	2026	2026.6658	MIL	ARMED FORCES						MIL			MED	BLOGGER						MED			0	112	112	11	3	-2.0	10	1	10	-4.97076023391813	4	Moscow, Moskva, Russia	RS	RS48	25106	55.7522	37.6156	-2960561	4	Moscow, Moskva, Russia	RS	RS48	25106	55.7522	37.6156	-2960561	4	Moscow, Moskva, Russia	RS	RS48	25106	55.7522	37.6156	-2960561	20260903171500	https://www.eng.kavkaz-uzel.eu/articles/78260
1321334712	20260903	202609	2026	2026.6658	MIL	ARMY						MIL			RUS	RUSSIA	RUS								1	112	112	11	3	-2.0	6	1	4	-4.97076023391813	4	Moscow, Moskva, Russia	RS	RS48	25106	55.7522	37.6156	-2960561	4	Moscow, Moskva, Russia	RS	RS48	25106	55.7522	37.6156	-2960561	4	Moscow, Moskva, Russia	RS	RS48	25106	55.7522	37.6156	-2960561	20260903171500	https://www.eng.kavkaz-uzel.eu/articles/78260
1321334713	20260903	202609	2026	2026.6658	MIL	COAST GUARD						MIL			USA	UNITED STATES	USA								1	033	033	03	1	5.2	8	2	8	-3.75	2	Oklahoma, United States	US	USOK		35.5376	-96.9247	OK	2	Oklahoma, United States	US	USOK		35.5376	-96.9247	OK	2	Oklahoma, United States	US	USOK		35.5376	-96.9247	OK	20260903171500	https://www.wisn.com/article/markwayne-mullin-dhs-secretary-plane-emergency-landing/73606245
1321334714	20260903	202609	2026	2026.6658	MNC	CHEVRON						MNC			VEN	VENEZUELA	VEN								0	0311	031	03	1	5.2	10	1	10	-2.54098360655738	4	Caracas, Distrito Federal, Venezuela	VE	VE25	31959	10.5	-66.9167	-938457	4	Caracas, Distrito Federal, Venezuela	VE	VE25	31959	10.5	-66.9167	-938457	4	Caracas, Distrito Federal, Venezuela	VE	VE25	31959	10.5	-66.9167	-938457	20260903171500	https://www.riotimesonline.com/venezuela-oil-deal-maduro-immunity-claim/
1321334715	20260903	202609	2026	2026.6658	MNCBRA	PETROBRAS	BRA					MNC													0	010	010	01	1	0.0	10	1	10	-4.00326797385621	4	El Tiempo, Magdalena, Colombia	CO	CO38	14028	10.8736	-74.1814	-584294	0								4	El Tiempo, Magdalena, Colombia	CO	CO38	14028	10.8736	-74.1814	-584294	20260903171500	https://www.riotimesonline.com/ecopetrol-sirius-gas-community-demands-2026/
1321334716	20260903	202609	2026	2026.6658	MNCBRA	PETROBRAS	BRA					MNC													0	040	040	04	1	1.0	10	1	10	-4.00326797385621	4	El Tiempo, Magdalena, Colombia	CO	CO38	14028	10.8736	-74.1814	-584294	0								4	El Tiempo, Magdalena, Colombia	CO	CO38	14028	10.8736	-74.1814	-584294	20260903171500	https://www.riotimesonline.com/ecopetrol-sirius-gas-community-demands-2026/
1321334717	20260903	202609	2026	2026.6658	MNCBRA	PETROBRAS	BRA					MNC													0	040	040	04	1	1.0	10	1	10	-4.00326797385621	4	La Guajira, Santander, Colombia	CO	CO26	14213	6.05	-74.3833	-588407	0								4	La Guajira, Santander, Colombia	CO	CO26	14213	6.05	-74.3833	-588407	20260903171500	https://www.riotimesonline.com/ecopetrol-sirius-gas-community-demands-2026/
1321334718	20260903	202609	2026	2026.6658	MNCBRA	PETROBRAS	BRA					MNC			CVL	COMMUNITY						CVL			0	1043	104	10	3	-5.0	8	1	8	-4.00326797385621	4	El Tiempo, Magdalena, Colombia	CO	CO38	14028	10.8736	-74.1814	-584294	4	El Tiempo, Magdalena, Colombia	CO	CO38	14028	10.8736	-74.1814	-584294	4	El Tiempo, Magdalena, Colombia	CO	CO38	14028	10.8736	-74.1814	-584294	20260903171500	https://www.riotimesonline.com/ecopetrol-sirius-gas-community-demands-2026/
1321334719	20260903	202609	2026	2026.6658	MNCBRA	PETROBRAS	BRA					MNC			CVL	COMMUNITY						CVL			0	1043	104	10	3	-5.0	2	1	2	-4.00326797385621	4	El Tiempo, Magdalena, Colombia	CO	CO38	14028	10.8736	-74.1814	-584294	1	Spain	SP	SP		40	-4	SP	1	Spain	SP	SP		40	-4	SP	20260903171500	https://www.riotimesonline.com/ecopetrol-sirius-gas-community-demands-2026/
1321334720	20260903	202609	2026	2026.6658	MNCBRAGOV	PETROBRAS	BRA					MNC	GOV		BUS	COMPANIES						BUS			0	014	014	01	1	0.0	3	1	3	-4.00326797385621	4	El Tiempo, Magdalena, Colombia	CO	CO38	14028	10.8736	-74.1814	-584294	4	El Tiempo, Magdalena, Colombia	CO	CO38	14028	10.8736	-74.1814	-584294	4	El Tiempo, Magdalena, Colombia	CO	CO38	14028	10.8736	-74.1814	-584294	20260903171500	https://www.riotimesonline.com/ecopetrol-sirius-gas-community-demands-2026/
1321334721	20260903	202609	2026	2026.6658	MNCBRAGOV	PETROBRAS	BRA					MNC	GOV		BUS	COMPANIES						BUS			0	043	043	04	1	2.8	3	1	3	-4.00326797385621	4	El Tiempo, Magdalena, Colombia	CO	CO38	14028	10.8736	-74.1814	-584294	4	El Tiempo, Magdalena, Colombia	CO	CO38	14028	10.8736	-74.1814	-584294	4	El Tiempo, Magdalena, Colombia	CO	CO38	14028	10.8736	-74.1814	-584294	20260903171500	https://www.riotimesonline.com/ecopetrol-sirius-gas-community-demands-2026/
1321334722	20260903	202609	2026	2026.6658	MNCESP	BANCO SANTANDER	ESP					MNC													0	036	036	03	1	4.0	6	1	6	0.846354166666667	4	Sao Paulo, SãPaulo, Brazil	BR	BR27	11543	-23.5333	-46.6167	-671824	0								4	Sao Paulo, SãPaulo, Brazil	BR	BR27	11543	-23.5333	-46.6167	-671824	20260903171500	https://www.riotimesonline.com/santander-brasil-minority-buyout-2026/
1321334723	20260903	202609	2026	2026.6658	MNCESP	BANCO SANTANDER	ESP					MNC													0	080	080	08	2	5.0	6	1	6	0.846354166666667	4	Sao Paulo, SãPaulo, Brazil	BR	BR27	11543	-23.5333	-46.6167	-671824	0								4	Sao Paulo, SãPaulo, Brazil	BR	BR27	11543	-23.5333	-46.6167	-671824	20260903171500	https://www.riotimesonline.com/santander-brasil-minority-buyout-2026/
1321334724	20260903	202609	2026	2026.6658	MNCESP	BANCO SANTANDER	ESP					MNC			BRA	BRAZIL	BRA								0	036	036	03	1	4.0	2	1	2	0.846354166666667	4	Sao Paulo, SãPaulo, Brazil	BR	BR27	11543	-23.5333	-46.6167	-671824	4	Sao Paulo, SãPaulo, Brazil	BR	BR27	11543	-23.5333	-46.6167	-671824	4	Sao Paulo, SãPaulo, Brazil	BR	BR27	11543	-23.5333	-46.6167	-671824	20260903171500	https://www.riotimesonline.com/santander-brasil-minority-buyout-2026/
1321334725	20260903	202609	2026	2026.6658	MNCESP	BANCO SANTANDER	ESP					MNC			BRA	BRAZIL	BRA								0	080	080	08	2	5.0	2	1	2	0.846354166666667	4	Sao Paulo, SãPaulo, Brazil	BR	BR27	11543	-23.5333	-46.6167	-671824	4	Sao Paulo, SãPaulo, Brazil	BR	BR27	11543	-23.5333	-46.6167	-671824	4	Sao Paulo, SãPaulo, Brazil	BR	BR27	11543	-23.5333	-46.6167	-671824	20260903171500	https://www.riotimesonline.com/santander-brasil-minority-buyout-2026/
1321334726	20260903	202609	2026	2026.6658	MNCHKG	LENOVO	HKG					MNC													1	090	090	09	2	-2.0	10	1	10	2.37659963436929	0								0								0								20260903171500	https://www.androidauthority.com/lenovo-ideapad-vibe-ifa-2026-3706930/
1321334727	20260903	202609	2026	2026.6658	MNCUSA	NVIDIA	USA					MNC													1	010	010	01	1	0.0	6	1	6	2.11132437619962	1	Taiwan	TW	TW		24	121	TW	0								1	Taiwan	TW	TW		24	121	TW	20260903171500	https://mashable.com/tech/ifa-2026-lenovo-rtx-spark-laptops-yoga-pro-9n
1321334728	20260903	202609	2026	2026.6658	MNCUSA	COSTCO	USA					MNC													1	173	173	17	4	-5.0	10	1	10	-7.73420479302832	0								0								0								20260903171500	https://www.saltwire.com/nova-scotia/halifax/bayers-lake-costco-racist-anti-immigrant-tirade-new-charges
1321334729	20260903	202609	2026	2026.6658	MNCUSA	CITIGROUP	USA					MNC			BUS	COMPANY						BUS			1	020	020	02	1	3.0	10	1	10	2.02429149797571	0								0								0								20260903171500	https://www.tickerreport.com/banking-finance/13572197/citigroup-lowers-atlas-energy-solutions-nyseaesi-price-target-to-17-00.html
1321334730	20260903	202609	2026	2026.6658	MNCUSA	CITIGROUP	USA					MNC			BUS	COMPANY						BUS			1	120	120	12	3	-4.0	10	1	10	2.02429149797571	0								0								0								20260903171500	https://www.tickerreport.com/banking-finance/13572197/citigroup-lowers-atlas-energy-solutions-nyseaesi-price-target-to-17-00.html
1321334731	20260903	202609	2026	2026.6658	MNCUSA	NVIDIA	USA					MNC			DEU	GERMANY	DEU								1	010	010	01	1	0.0	4	1	4	2.11132437619962	1	Taiwan	TW	TW		24	121	TW	1	Taiwan	TW	TW		24	121	TW	1	Taiwan	TW	TW		24	121	TW	20260903171500	https://mashable.com/tech/ifa-2026-lenovo-rtx-spark-laptops-yoga-pro-9n
1321334732	20260903	202609	2026	2026.6658	MNCUSA	MICROSOFT	USA					MNC			ELI	ACTOR						ELI			1	013	013	01	1	0.4	5	1	5	-4.60829493087557	1	Russia	RS	RS		60	100	RS	1	Russia	RS	RS		60	100	RS	1	Russia	RS	RS		60	100	RS	20260903171500	https://www.techradar.com/pro/security/it-helpdesk-impersonation-hits-microsoft-teams-once-again-with-the-hackers-hiding-their-activity-within-legitimate-tools
1321334733	20260903	202609	2026	2026.6658	MNCUSA	COSTCO	USA					MNC			JUD	LAWYER						JUD			0	112	112	11	3	-2.0	20	1	10	-7.73420479302832	0								0								0								20260903171500	https://www.saltwire.com/nova-scotia/halifax/bayers-lake-costco-racist-anti-immigrant-tirade-new-charges
1321334734	20260903	202609	2026	2026.6658	MNCUSA	COSTCO	USA					MNC			JUD	LAWYER						JUD			0	173	173	17	4	-5.0	20	1	10	-7.73420479302832	0								0								0								20260903171500	https://www.saltwire.com/nova-scotia/halifax/bayers-lake-costco-racist-anti-immigrant-tirade-new-charges
1321334735	20260903	202609	2026	2026.6658	MNCUSA	GOLDMAN SACHS	USA					MNC			LEG	CHAMBER						LEG			1	060	060	06	2	6.0	5	1	5	-3.7593984962406	2	Connecticut, United States	US	USCT		41.5834	-72.7622	CT	2	Connecticut, United States	US	USCT		41.5834	-72.7622	CT	2	Connecticut, United States	US	USCT		41.5834	-72.7622	CT	20260903171500	https://hartfordbusiness.com/article/noise-complaint-exposes-unreported-2019-sale-of-east-lyme-solar-farm/
1321334736	20260903	202609	2026	2026.6658	MNCUSA	BANK OF AMERICA	USA					MNC			MNCUSALAB	BANK OF AMERICA	USA					MNC	LAB		0	042	042	04	1	1.9	2	1	2	-2.39520958083833	3	Times Square, New York, United States	US	USNY	NY061	40.757	-73.986	967537	3	Times Square, New York, United States	US	USNY		40.757	-73.986	967537	3	Times Square, New York, United States	US	USNY		40.757	-73.986	967537	20260903171500	https://reason.com/2026/09/03/mamdani-bans-the-robot-teachers/
1321334737	20260903	202609	2026	2026.6658	MNCUSA	BANK OF AMERICA	USA					MNC			USA	UNITED STATES	USA								0	042	042	04	1	1.9	1	1	1	-2.39520958083833	3	Times Square, New York, United States	US	USNY	NY061	40.757	-73.986	967537	3	Times Square, New York, United States	US	USNY		40.757	-73.986	967537	3	Times Square, New York, United States	US	USNY		40.757	-73.986	967537	20260903171500	https://reason.com/2026/09/03/mamdani-bans-the-robot-teachers/
1321334738	20260903	202609	2026	2026.6658	MNCUSA	BANK OF AMERICA	USA					MNC			USA	UNITED STATES	USA								0	042	042	04	1	1.9	1	1	1	-2.39520958083833	2	New York, United States	US	USNY		42.1497	-74.9384	NY	3	Times Square, New York, United States	US	USNY		40.757	-73.986	967537	3	Times Square, New York, United States	US	USNY		40.757	-73.986	967537	20260903171500	https://reason.com/2026/09/03/mamdani-bans-the-robot-teachers/
1321334739	20260903	202609	2026	2026.6658	MNCUSALAB	BANK OF AMERICA	USA					MNC	LAB		MNCUSA	BANK OF AMERICA	USA					MNC			0	043	043	04	1	2.8	2	1	2	-2.39520958083833	3	Times Square, New York, United States	US	USNY	NY061	40.757	-73.986	967537	3	Times Square, New York, United States	US	USNY		40.757	-73.986	967537	3	Times Square, New York, United States	US	USNY		40.757	-73.986	967537	20260903171500	https://reason.com/2026/09/03/mamdani-bans-the-robot-teachers/
1321334740	20260903	202609	2026	2026.6658	MNCUSAMED	GOOGLE	USA					MNC	MED												0	080	080	08	2	5.0	10	1	10	-3.56347438752784	1	United States	US	US		39.828175	-98.5795	US	0								1	United States	US	US		39.828175	-98.5795	US	20260903171500	https://www.techradar.com/pro/security/clicking-allow-on-a-google-and-microsoft-permission-screens-could-give-hackers-access-to-your-entire-account-fbi-warns
1321334741	20260903	202609	2026	2026.6658	MOS	ISLAMIC				MOS															0	042	042	04	1	1.9	6	1	6	-7.17539863325741	4	Riyadh, Ar Riya?, Saudi Arabia	SA	SA10	25316	24.6408	46.7728	-3093009	0								4	Riyadh, Ar Riya?, Saudi Arabia	SA	SA10	25316	24.6408	46.7728	-3093009	20260903171500	https://www.realclearworld.com/articles/2026/09/03/houthi_propaganda_laid_the_groundwork_for_military_escalation_1204067.html
1321334742	20260903	202609	2026	2026.6658	MOS	ISLAMIC				MOS					IRN	IRAN	IRN								1	120	120	12	3	-4.0	10	1	10	-3.08880308880309	4	London, London, City of, United Kingdom	UK	UKH9	40110	51.5	-0.116667	-2601889	4	London, London, City of, United Kingdom	UK	UKH9	40110	51.5	-0.116667	-2601889	4	London, London, City of, United Kingdom	UK	UKH9	40110	51.5	-0.116667	-2601889	20260903171500	https://www.odnako.org/project-c430l-the-moscow-tehran-axis-for-hypersonic-missiles-that-threaten-the-us-fleet/
1321334743	20260903	202609	2026	2026.6658	MOS	ISLAMIC				MOS					SAU	SAUDI ARABIA	SAU								0	042	042	04	1	1.9	4	1	4	-7.17539863325741	4	Riyadh, Ar Riya?, Saudi Arabia	SA	SA10	25316	24.6408	46.7728	-3093009	4	Riyadh, Ar Riya?, Saudi Arabia	SA	SA10	25316	24.6408	46.7728	-3093009	4	Riyadh, Ar Riya?, Saudi Arabia	SA	SA10	25316	24.6408	46.7728	-3093009	20260903171500	https://www.realclearworld.com/articles/2026/09/03/houthi_propaganda_laid_the_groundwork_for_military_escalation_1204067.html
1321334744	20260903	202609	2026	2026.6658	MOZ	MOZAMBIQUE	MOZ								gay	GAYO			gay						1	042	042	04	1	1.9	2	1	2	2.01271186440678	4	Katanga, Katsina, Nigeria	NI	NI24	191048	11.7135	7.60836	-2014974	4	Katanga, Katsina, Nigeria	NI	NI24	191048	11.7135	7.60836	-2014974	4	Katanga, Katsina, Nigeria	NI	NI24	191048	11.7135	7.60836	-2014974	20260903171500	https://www.dwell.com:443/article/the-dwell-24-riffing-on-history-2026-ff735fef
1321334745	20260903	202609	2026	2026.6658	MOZ	MOZAMBIQUE	MOZ								gay	GAYO			gay						1	043	043	04	1	2.8	4	1	4	2.01271186440678	4	Cadeira, Nampula, Mozambique	MZ	MZ06	21897	-15.6508	39.6608	353219	4	Cadeira, Nampula, Mozambique	MZ	MZ06	21897	-15.6508	39.6608	353219	4	Cadeira, Nampula, Mozambique	MZ	MZ06	21897	-15.6508	39.6608	353219	20260903171500	https://www.dwell.com:443/article/the-dwell-24-riffing-on-history-2026-ff735fef
1321334746	20260903	202609	2026	2026.6658	NAM	NAMIBIA	NAM																		0	120	120	12	3	-4.0	4	1	4	-2.35602094240838	4	Katima Mulilo, Caprivi, Namibia	WA	WA28	42156	-17.5	24.2667	-2582871	0								4	Katima Mulilo, Caprivi, Namibia	WA	WA28	42156	-17.5	24.2667	-2582871	20260903171500	https://allafrica.com/stories/202609030522.html
1321334747	20260903	202609	2026	2026.6658	NAM	NAMIBIA	NAM								BUS	ENTREPRENEUR						BUS			1	051	051	05	1	3.4	4	1	4	8.4375	4	Windhoek, Khomas, Namibia	WA	WA21	22288	-22.57	17.0836	-2587496	4	Windhoek, Khomas, Namibia	WA	WA21	22288	-22.57	17.0836	-2587496	4	Windhoek, Khomas, Namibia	WA	WA21	22288	-22.57	17.0836	-2587496	20260903171500	https://allafrica.com/stories/202609030524.html
1321334748	20260903	202609	2026	2026.6658	NAM	NAMIBIA	NAM								CVL	COMMUNITY						CVL			0	020	020	02	1	3.0	4	1	4	-2.35602094240838	4	Katima Mulilo, Caprivi, Namibia	WA	WA28	42156	-17.5	24.2667	-2582871	4	Katima Mulilo, Caprivi, Namibia	WA	WA28	42156	-17.5	24.2667	-2582871	4	Katima Mulilo, Caprivi, Namibia	WA	WA28	42156	-17.5	24.2667	-2582871	20260903171500	https://allafrica.com/stories/202609030522.html
1321334749	20260903	202609	2026	2026.6658	NAM	NAMIBIA	NAM								GOV	GOVERNANCE						GOV			1	090	090	09	2	-2.0	2	1	2	5.19480519480519	1	Namibia	WA	WA		-22	17	WA	1	Namibia	WA	WA		-22	17	WA	1	Namibia	WA	WA		-22	17	WA	20260903171500	https://allafrica.com/stories/202609030527.html
1321334750	20260903	202609	2026	2026.6658	NGA	NIGERIA	NGA																		1	010	010	01	1	0.0	4	1	4	-3.62473347547975	4	Asaba, Delta, Nigeria	NI	NI36	191318	6.20064	6.73385	-2000519	0								4	Asaba, Delta, Nigeria	NI	NI36	191318	6.20064	6.73385	-2000519	20260903171500	https://tribuneonlineng.com/delta-govt-moves-to-establish-first-neuropsychiatric-facility/
1321334751	20260903	202609	2026	2026.6658	NGA	NIGERIA	NGA																		0	013	013	01	1	0.4	2	1	2	-3.62473347547975	4	Asaba, Delta, Nigeria	NI	NI36	191318	6.20064	6.73385	-2000519	0								4	Asaba, Delta, Nigeria	NI	NI36	191318	6.20064	6.73385	-2000519	20260903171500	https://tribuneonlineng.com/delta-govt-moves-to-establish-first-neuropsychiatric-facility/
1321334752	20260903	202609	2026	2026.6658	NGA	NIGERIA	NGA																		0	057	057	05	1	8.0	6	1	6	-1.52284263959391	5	Oyo State, Oyo, Nigeria	NI	NI32	191166	8	4	-2024630	0								5	Oyo State, Oyo, Nigeria	NI	NI32	191166	8	4	-2024630	20260903171500	https://tribuneonlineng.com/oyo-govt-intensifies-crackdown-on-street-trading-in-ibadan/
1321334753	20260903	202609	2026	2026.6658	NGA	NIGERIA	NGA																		0	070	070	07	2	7.0	4	1	4	3.46715328467153	4	Kogi, Nigeria (general), Nigeria	NI	NI00	190990	12.55	6.63333	-2015590	0								4	Kogi, Nigeria (general), Nigeria	NI	NI00	190990	12.55	6.63333	-2015590	20260903171500	https://tribuneonlineng.com/kano-govt-constitutes-20-member-committee-to-reform-almajiri-system/
1321334754	20260903	202609	2026	2026.6658	NGA	NIGERIA	NGA																		0	090	090	09	2	-2.0	2	1	2	-3.62473347547975	4	Asaba, Delta, Nigeria	NI	NI36	191318	6.20064	6.73385	-2000519	0								4	Asaba, Delta, Nigeria	NI	NI36	191318	6.20064	6.73385	-2000519	20260903171500	https://tribuneonlineng.com/delta-govt-moves-to-establish-first-neuropsychiatric-facility/
1321334755	20260903	202609	2026	2026.6658	NGA	NIGERIA	NGA																		1	111	111	11	3	-2.0	6	1	6	3.46715328467153	4	Tsangaya, Nigeria (general), Nigeria	NI	NI00	191059	11.6167	9.21667	-2027959	0								4	Tsangaya, Nigeria (general), Nigeria	NI	NI00	191059	11.6167	9.21667	-2027959	20260903171500	https://tribuneonlineng.com/kano-govt-constitutes-20-member-committee-to-reform-almajiri-system/
1321334756	20260903	202609	2026	2026.6658	NGA	NIGERIA	NGA																		0	180	180	18	4	-9.0	1	1	1	4.13694721825963	4	Benue, Nigeria (general), Nigeria	NI	NI00	191172	8.31667	8.51667	-2002531	0								4	Kwara, Zamfara, Nigeria	NI	NI57	191424	12.3337	6.28493	-2017020	20260903171500	https://tribuneonlineng.com/kwara-digitises-19591-land-records-in-one-year/
1321334757	20260903	202609	2026	2026.6658	NGA	NIGERIA	NGA																		0	180	180	18	4	-9.0	4	1	4	4.13694721825963	4	Kwara, Zamfara, Nigeria	NI	NI57	191424	12.3337	6.28493	-2017020	0								4	Kwara, Zamfara, Nigeria	NI	NI57	191424	12.3337	6.28493	-2017020	20260903171500	https://tribuneonlineng.com/kwara-digitises-19591-land-records-in-one-year/
1321334758	20260903	202609	2026	2026.6658	NGA	NIGERIA	NGA								BUS	INVESTOR						BUS			1	125	125	12	3	-5.0	2	1	2	4.13694721825963	4	Kwara, Zamfara, Nigeria	NI	NI57	191424	12.3337	6.28493	-2017020	4	Kwara, Zamfara, Nigeria	NI	NI57	191424	12.3337	6.28493	-2017020	4	Kwara, Zamfara, Nigeria	NI	NI57	191424	12.3337	6.28493	-2017020	20260903171500	https://tribuneonlineng.com/kwara-digitises-19591-land-records-in-one-year/
1321334759	20260903	202609	2026	2026.6658	NGA	NIGERIA	NGA								GOV	GOVERNMENT						GOV			1	013	013	01	1	0.4	4	1	4	-2.12765957446808	1	Nigeria	NI	NI		10	8	NI	1	Nigeria	NI	NI		10	8	NI	1	Nigeria	NI	NI		10	8	NI	20260903171500	https://tribuneonlineng.com/ubers-exit-exposes-nigerias-harsh-operating-environment-adc/
1321334760	20260903	202609	2026	2026.6658	NGA	NIGERIA	NGA								GOV	GOVERNMENT						GOV			0	051	051	05	1	3.4	1	1	1	3.46715328467153	4	Kogi, Nigeria (general), Nigeria	NI	NI00	190990	12.55	6.63333	-2015590	4	Kogi, Nigeria (general), Nigeria	NI	NI00	190990	12.55	6.63333	-2015590	4	Kogi, Nigeria (general), Nigeria	NI	NI00	190990	12.55	6.63333	-2015590	20260903171500	https://tribuneonlineng.com/kano-govt-constitutes-20-member-committee-to-reform-almajiri-system/
1321334761	20260903	202609	2026	2026.6658	NGA	NIGERIA	NGA								GOV	GOVERNMENT						GOV			0	051	051	05	1	3.4	1	1	1	3.46715328467153	4	Kogi, Nigeria (general), Nigeria	NI	NI00	190990	12.55	6.63333	-2015590	4	Almajiri, Kano, Nigeria	NI	NI29	191078	11.4436	8.20353	-2029705	4	Kogi, Nigeria (general), Nigeria	NI	NI00	190990	12.55	6.63333	-2015590	20260903171500	https://tribuneonlineng.com/kano-govt-constitutes-20-member-committee-to-reform-almajiri-system/
1321334762	20260903	202609	2026	2026.6658	NGAGOV	NIGERIA	NGA					GOV													1	173	173	17	4	-5.0	2	1	2	-1.52284263959391	4	Ibadan, Oyo, Nigeria	NI	NI32	191242	7.38778	3.89639	-2010458	0								5	Oyo State, Oyo, Nigeria	NI	NI32	191166	8	4	-2024630	20260903171500	https://tribuneonlineng.com/oyo-govt-intensifies-crackdown-on-street-trading-in-ibadan/
1321334763	20260903	202609	2026	2026.6658	NGAGOV	NIGERIA	NGA					GOV													1	173	173	17	4	-5.0	6	1	6	-1.52284263959391	5	Oyo State, Oyo, Nigeria	NI	NI32	191166	8	4	-2024630	0								5	Oyo State, Oyo, Nigeria	NI	NI32	191166	8	4	-2024630	20260903171500	https://tribuneonlineng.com/oyo-govt-intensifies-crackdown-on-street-trading-in-ibadan/
1321334764	20260903	202609	2026	2026.6658	NGAGOV	ATIKU ABUBAKAR	NGA					GOV			NGA	NIGERIA	NGA								1	051	051	05	1	3.4	10	1	10	3.33333333333333	4	Ibadan, Oyo, Nigeria	NI	NI32	191242	7.38778	3.89639	-2010458	4	Ibadan, Oyo, Nigeria	NI	NI32	191242	7.38778	3.89639	-2010458	4	Ibadan, Oyo, Nigeria	NI	NI32	191242	7.38778	3.89639	-2010458	20260903171500	https://tribuneonlineng.com/atiku-welcomes-ipman-call-for-intervention-to-reduce-petrol-prices/
1321334765	20260903	202609	2026	2026.6658	NGOHRI	EQUALITY NOW						NGO	HRI		USA	UNITED STATES	USA								1	043	043	04	1	2.8	4	1	4	2.60416666666666	2	New York, United States	US	USNY		42.1497	-74.9384	NY	2	New York, United States	US	USNY		42.1497	-74.9384	NY	2	New York, United States	US	USNY		42.1497	-74.9384	NY	20260903171500	https://www.thehollywoodgossip.com/2026/09/gloria-steinem-died-famous-feminist-voice-was-92/
1321334766	20260903	202609	2026	2026.6658	NLD	NETHERLANDS	NLD																		0	017	017	01	1	0.0	4	1	4	5.7826520438684	4	Amsterdam, Noord-Holland, Netherlands	NL	NL07	22373	52.35	4.91667	-2140479	0								4	Amsterdam, Noord-Holland, Netherlands	NL	NL07	22373	52.35	4.91667	-2140479	20260903171500	https://mixmag.net/feature/industry-insider-interview-amsterdam-dance-event-managing-director-jan-willem-van-de-ven
1321334767	20260903	202609	2026	2026.6658	NLD	HOLLANDER	NLD																		1	070	070	07	2	7.0	10	1	10	4.66666666666667	0								0								0								20260903171500	https://relix.com/news/detail/aloe-blacc-robert-randolph-and-g-love-join-forces-as-mudkings
1321334768	20260903	202609	2026	2026.6658	NOR	NORWAY	NOR								MEX	MEXICAN	MEX								1	051	051	05	1	3.4	2	1	2	0.74866310160428	4	Cairo, Al Qahirah, Egypt	EG	EG11	65350	30.05	31.25	-290692	4	Cairo, Al Qahirah, Egypt	EG	EG11	65350	30.05	31.25	-290692	4	Cairo, Al Qahirah, Egypt	EG	EG11	65350	30.05	31.25	-290692	20260903171500	https://www.dwell.com:443/article/the-dwell-24-edges-2026-585e9a8d
1321334769	20260903	202609	2026	2026.6658	NPL	NEPAL	NPL								CHN	CHINA	CHN								1	0231	023	02	1	3.4	1	1	1	-2.47349823321555	4	Bengaluru, Karnataka, India	IN	IN19	70159	12.9833	77.5833	-2090174	1	Nepal	NP	NP		28	84	NP	1	Nepal	NP	NP		28	84	NP	20260903171500	https://www.thehindubusinessline.com/opinion/letters-to-the-editor-dated-september-3-2026/article71424938.ece
1321334770	20260903	202609	2026	2026.6658	NPL	NEPAL	NPL								CHN	CHINA	CHN								1	0231	023	02	1	3.4	4	1	4	-2.47349823321555	1	Nepal	NP	NP		28	84	NP	1	Nepal	NP	NP		28	84	NP	1	Nepal	NP	NP		28	84	NP	20260903171500	https://www.thehindubusinessline.com/opinion/letters-to-the-editor-dated-september-3-2026/article71424938.ece
1321334771	20260903	202609	2026	2026.6658	NPL	NEPAL	NPL								CHN	CHINA	CHN								1	051	051	05	1	3.4	2	1	2	3.51758793969849	4	Kathmandu, Bagmati, Nepal	NP	NP01	22353	27.7167	85.3167	-1022136	1	China	CH	CH		35	105	CH	4	Kathmandu, Bagmati, Nepal	NP	NP01	22353	27.7167	85.3167	-1022136	20260903171500	http://www.bignewsnetwork.com/news/279284191/nepali-fm-thanks-china-for-disaster-relief-assistance
1321334772	20260903	202609	2026	2026.6658	NPL	KATHMANDU	NPL								CHN	CHINA	CHN								1	051	051	05	1	3.4	8	1	8	3.51758793969849	4	Kathmandu, Bagmati, Nepal	NP	NP01	22353	27.7167	85.3167	-1022136	1	China	CH	CH		35	105	CH	1	China	CH	CH		35	105	CH	20260903171500	http://www.bignewsnetwork.com/news/279284191/nepali-fm-thanks-china-for-disaster-relief-assistance
1321334773	20260903	202609	2026	2026.6658	NPL	NEPAL	NPL								CHN	CHINA	CHN								1	114	114	11	3	-2.0	4	1	4	-2.47349823321555	1	Nepal	NP	NP		28	84	NP	1	China	CH	CH		35	105	CH	1	Nepal	NP	NP		28	84	NP	20260903171500	https://www.thehindubusinessline.com/opinion/letters-to-the-editor-dated-september-3-2026/article71424938.ece
1321334774	20260903	202609	2026	2026.6658	NPL	NEPAL	NPL								CHN	CHINA	CHN								1	114	114	11	3	-2.0	1	1	1	-2.47349823321555	1	Nepal	NP	NP		28	84	NP	1	Nepal	NP	NP		28	84	NP	1	Nepal	NP	NP		28	84	NP	20260903171500	https://www.thehindubusinessline.com/opinion/letters-to-the-editor-dated-september-3-2026/article71424938.ece
1321334775	20260903	202609	2026	2026.6658	NPL	KATHMANDU	NPL								CHNGOV	CHINESE	CHN					GOV			1	040	040	04	1	1.0	10	1	10	3.51758793969849	4	Kathmandu, Bagmati, Nepal	NP	NP01	22353	27.7167	85.3167	-1022136	4	Kathmandu, Bagmati, Nepal	NP	NP01	22353	27.7167	85.3167	-1022136	4	Kathmandu, Bagmati, Nepal	NP	NP01	22353	27.7167	85.3167	-1022136	20260903171500	http://www.bignewsnetwork.com/news/279284191/nepali-fm-thanks-china-for-disaster-relief-assistance
1321334776	20260903	202609	2026	2026.6658	NPL	KATHMANDU	NPL								nepGOV	NEPALI			nep			GOV			1	060	060	06	2	6.0	4	1	4	3.51758793969849	4	Kathmandu, Bagmati, Nepal	NP	NP01	22353	27.7167	85.3167	-1022136	4	Kathmandu, Bagmati, Nepal	NP	NP01	22353	27.7167	85.3167	-1022136	1	China	CH	CH		35	105	CH	20260903171500	http://www.bignewsnetwork.com/news/279284191/nepali-fm-thanks-china-for-disaster-relief-assistance
1321334777	20260903	202609	2026	2026.6658	NPL	KATHMANDU	NPL								nepGOV	NEPALI			nep			GOV			1	060	060	06	2	6.0	6	1	6	3.51758793969849	4	Kathmandu, Bagmati, Nepal	NP	NP01	22353	27.7167	85.3167	-1022136	1	China	CH	CH		35	105	CH	1	China	CH	CH		35	105	CH	20260903171500	http://www.bignewsnetwork.com/news/279284191/nepali-fm-thanks-china-for-disaster-relief-assistance
1321334778	20260903	202609	2026	2026.6658	NRMRAC020	CREATIVITY				NRM															1	051	051	05	1	3.4	5	1	5	3.95550061804697	3	Lincoln Park, Michigan, United States	US	USMI	MI163	42.2506	-83.1785	630462	0								3	Lincoln Park, Michigan, United States	US	USMI		42.2506	-83.1785	630462	20260903171500	https://www.greeleytribune.com/2026/09/03/upcoming-events-in-greeley-include-first-friday-art-walk-3/
1321334779	20260903	202609	2026	2026.6658	NZL	WELLINGTON	NZL																		1	010	010	01	1	0.0	8	1	8	-1.07632093933464	5	Auckland, Auckland, New Zealand	NZ	NZE7	22379	-36.75	174.583	11483124	0								5	Auckland, Auckland, New Zealand	NZ	NZE7	22379	-36.75	174.583	11483124	20260903171500	https://www.nzherald.co.nz/nz/auckland-council-could-withhold-services-from-fast-track-homes-as-5b-services-cost-revealed/QFJX6YA4CFH6VCXCBGEESBNBAY/
1321334780	20260903	202609	2026	2026.6658	NZL	NEW ZEALAND	NZL																		1	012	012	01	1	-0.4	4	1	4	-1.18733509234829	4	Wellington, New Zealand (general), New Zealand	NZ	NZ00	22391	-41.3	174.783	-1521348	0								4	Wellington, New Zealand (general), New Zealand	NZ	NZ00	22391	-41.3	174.783	-1521348	20260903171500	https://www.rnz.co.nz/news/business/1250542/nz-approaching-longest-ever-housing-flat-patch
1321334781	20260903	202609	2026	2026.6658	NZL	AUCKLAND	NZL																		0	110	110	11	3	-2.0	10	1	10	-1.07632093933464	5	Auckland, Auckland, New Zealand	NZ	NZE7	22379	-36.75	174.583	11483124	0								5	Auckland, Auckland, New Zealand	NZ	NZE7	22379	-36.75	174.583	11483124	20260903171500	https://www.nzherald.co.nz/nz/auckland-council-could-withhold-services-from-fast-track-homes-as-5b-services-cost-revealed/QFJX6YA4CFH6VCXCBGEESBNBAY/
1321334782	20260903	202609	2026	2026.6658	OPP	HUMAN RIGHTS ACTIVIST						OPP													1	020	020	02	1	3.0	8	1	8	1.62748643761302	5	Tibet, Xizang, China	CH	CH14	13213	32	90	-1934604	0								5	Tibet, Xizang, China	CH	CH14	13213	32	90	-1934604	20260903171500	https://phayul.com/tibetan-chinese-pro-democracy-advocates-adopt-joint-declaration-at-dharamshala-forum/
1321334783	20260903	202609	2026	2026.6658	OPP	PROTESTER						OPP													0	020	020	02	1	3.0	12	1	6	-0.53557765876052	4	Dirceu, ParáR, Brazil	BR	BR16	18585	-1.36667	-46.55	-640174	0								4	Dirceu, ParáR, Brazil	BR	BR16	18585	-1.36667	-46.55	-640174	20260903171500	https://www.riotimesonline.com/brazil-newspapers-call-justice-moraes-leave-supreme-court/
1321334784	20260903	202609	2026	2026.6658	OPP	HUMAN RIGHTS ACTIVIST						OPP													1	020	020	02	1	3.0	2	1	2	1.62748643761302	1	Mongolia	MG	MG		46	105	MG	0								5	Tibet, Xizang, China	CH	CH14	13213	32	90	-1934604	20260903171500	https://phayul.com/tibetan-chinese-pro-democracy-advocates-adopt-joint-declaration-at-dharamshala-forum/
1321334785	20260903	202609	2026	2026.6658	OPP	THE OPPOSITION						OPP													0	110	110	11	3	-2.0	6	1	6	-0.53557765876052	4	Dirceu, ParáR, Brazil	BR	BR16	18585	-1.36667	-46.55	-640174	0								4	Dirceu, ParáR, Brazil	BR	BR16	18585	-1.36667	-46.55	-640174	20260903171500	https://www.riotimesonline.com/brazil-newspapers-call-justice-moraes-leave-supreme-court/
1321334786	20260903	202609	2026	2026.6658	OPP	PROTESTER						OPP													0	186	186	18	4	-10.0	2	2	2	-7.46268656716417	4	Tehran, Tehran, Iran	IR	IR26	41130	35.75	51.5148	10074674	0								4	Tehran, Tehran, Iran	IR	IR26	41130	35.75	51.5148	10074674	20260903171500	https://www.kristv.com/us-news/iran-war/bipartisan-lawmakers-call-on-rubio-to-address-iran-executions-and-arrests
1321334787	20260903	202609	2026	2026.6658	OPP	PROTESTER						OPP													0	186	186	18	4	-10.0	2	2	2	-7.46268656716417	1	Norway	NO	NO		62	10	NO	0								1	Norway	NO	NO		62	10	NO	20260903171500	https://www.kristv.com/us-news/iran-war/bipartisan-lawmakers-call-on-rubio-to-address-iran-executions-and-arrests
1321334788	20260903	202609	2026	2026.6658	OPP	PROTESTER						OPP			BRA	BRAZIL	BRA								0	020	020	02	1	3.0	8	1	4	-0.53557765876052	4	Dirceu, ParáR, Brazil	BR	BR16	18585	-1.36667	-46.55	-640174	4	Dirceu, ParáR, Brazil	BR	BR16	18585	-1.36667	-46.55	-640174	4	Dirceu, ParáR, Brazil	BR	BR16	18585	-1.36667	-46.55	-640174	20260903171500	https://www.riotimesonline.com/brazil-newspapers-call-justice-moraes-leave-supreme-court/
1321334789	20260903	202609	2026	2026.6658	OPP	THE OPPOSITION						OPP			BRA	BRAZIL	BRA								0	110	110	11	3	-2.0	4	1	4	-0.53557765876052	4	Dirceu, ParáR, Brazil	BR	BR16	18585	-1.36667	-46.55	-640174	4	Dirceu, ParáR, Brazil	BR	BR16	18585	-1.36667	-46.55	-640174	4	Dirceu, ParáR, Brazil	BR	BR16	18585	-1.36667	-46.55	-640174	20260903171500	https://www.riotimesonline.com/brazil-newspapers-call-justice-moraes-leave-supreme-court/
1321334790	20260903	202609	2026	2026.6658	OPP	THE OPPOSITION						OPP			BRA	BRAZIL	BRA								0	141	141	14	3	-6.5	4	1	4	-0.53557765876052	4	Dirceu, ParáR, Brazil	BR	BR16	18585	-1.36667	-46.55	-640174	4	Dirceu, ParáR, Brazil	BR	BR16	18585	-1.36667	-46.55	-640174	4	Dirceu, ParáR, Brazil	BR	BR16	18585	-1.36667	-46.55	-640174	20260903171500	https://www.riotimesonline.com/brazil-newspapers-call-justice-moraes-leave-supreme-court/
1321334791	20260903	202609	2026	2026.6658	OPP	ACTIVIST						OPP			USA	UNITED STATES	USA								1	043	043	04	1	2.8	2	1	2	1.92	2	New York, United States	US	USNY		42.1497	-74.9384	NY	2	New York, United States	US	USNY		42.1497	-74.9384	NY	2	New York, United States	US	USNY		42.1497	-74.9384	NY	20260903171500	https://www.elle.com/culture/celebrities/a73603413/gloria-steinem-died-at-92/
1321334792	20260903	202609	2026	2026.6658	OPPEDU	PROTESTING STUDENT						OPP	EDU		EDULAB	UNIVERSITY						EDU	LAB		1	144	144	14	3	-7.5	10	1	10	-4.57227138643067	0								0								0								20260903171500	https://tribuneonlineng.com/aaua-students-protest-demand-end-to-lingering-asuu-strike/
1321334793	20260903	202609	2026	2026.6658	PAN	PANAMA	PAN																		1	020	020	02	1	3.0	10	1	10	0.0800640512409998	4	Miraflores Locks, PanamáM, Panama	PM	PM08	93693	9	-79.6	-167193	0								4	Miraflores Locks, PanamáM, Panama	PM	PM08	93693	9	-79.6	-167193	20260903171500	https://www.riotimesonline.com/panama-canal-vasquez-farewell-independence-2026/
1321334794	20260903	202609	2026	2026.6658	PAN	PANAMA	PAN								BUS	PRODUCER						BUS			1	040	040	04	1	1.0	4	1	4	3.7593984962406	1	Panama	PM	PM		9	-80	PM	1	Panama	PM	PM		9	-80	PM	1	Panama	PM	PM		9	-80	PM	20260903171500	https://www.wjhg.com/2026/09/03/daily-qa-how-much-do-you-love-your-pet/
1321334795	20260903	202609	2026	2026.6658	PAN	PANAMA CITY	PAN								CHRPRO117	SEVENTH DAY ADVENTIST CHURCH				CHR	PRO				1	046	046	04	1	7.0	10	1	10	1.05263157894737	1	Panama	PM	PM		9	-80	PM	1	Panama	PM	PM		9	-80	PM	1	Panama	PM	PM		9	-80	PM	20260903171500	https://www.wjhg.com/2026/09/03/international-veggie-fest-returns-food-fellowship-panama-city/
1321334796	20260903	202609	2026	2026.6658	PAN	PANAMA	PAN								USA	UNITED STATES	USA								0	030	030	03	1	4.0	4	1	4	0.0800640512409998	4	Miraflores Locks, PanamáM, Panama	PM	PM08	93693	9	-79.6	-167193	4	Miraflores Locks, PanamáM, Panama	PM	PM08	93693	9	-79.6	-167193	4	Miraflores Locks, PanamáM, Panama	PM	PM08	93693	9	-79.6	-167193	20260903171500	https://www.riotimesonline.com/panama-canal-vasquez-farewell-independence-2026/
1321334797	20260903	202609	2026	2026.6658	PAN	PANAMA	PAN								USA	UNITED STATES	USA								0	030	030	03	1	4.0	6	1	6	0.0800640512409998	4	Miraflores Locks, PanamáM, Panama	PM	PM08	93693	9	-79.6	-167193	1	United States	US	US		39.828175	-98.5795	US	4	Miraflores Locks, PanamáM, Panama	PM	PM08	93693	9	-79.6	-167193	20260903171500	https://www.riotimesonline.com/panama-canal-vasquez-farewell-independence-2026/
1321334798	20260903	202609	2026	2026.6658	PAN	PANAMA	PAN								USA	UNITED STATES	USA								0	057	057	05	1	8.0	4	1	4	0.0800640512409998	4	Miraflores Locks, PanamáM, Panama	PM	PM08	93693	9	-79.6	-167193	4	Miraflores Locks, PanamáM, Panama	PM	PM08	93693	9	-79.6	-167193	4	Miraflores Locks, PanamáM, Panama	PM	PM08	93693	9	-79.6	-167193	20260903171500	https://www.riotimesonline.com/panama-canal-vasquez-farewell-independence-2026/
1321334799	20260903	202609	2026	2026.6658	PAN	PANAMA	PAN								USA	UNITED STATES	USA								0	057	057	05	1	8.0	6	1	6	0.0800640512409998	4	Miraflores Locks, PanamáM, Panama	PM	PM08	93693	9	-79.6	-167193	1	United States	US	US		39.828175	-98.5795	US	4	Miraflores Locks, PanamáM, Panama	PM	PM08	93693	9	-79.6	-167193	20260903171500	https://www.riotimesonline.com/panama-canal-vasquez-farewell-independence-2026/
1321334800	20260903	202609	2026	2026.6658	PRT	LISBON	PRT								GBR	BRITON	GBR								1	190	190	19	4	-10.0	7	1	7	-9.63855421686747	1	United Kingdom	UK	UK		54	-4	UK	1	United Kingdom	UK	UK		54	-4	UK	1	United Kingdom	UK	UK		54	-4	UK	20260903171500	https://www.irishexaminer.com/world/arid-41906452.html
1321334801	20260903	202609	2026	2026.6658	PRY	PARAGUAY	PRY																		0	120	120	12	3	-4.0	10	1	10	-2.85459411239965	1	Paraguay	PA	PA		-22.993333	-57.996389	PA	0								1	Paraguay	PA	PA		-22.993333	-57.996389	PA	20260903171500	https://www.riotimesonline.com/eu-suspends-brazilian-meat-mercosur-quota-fight/
1321334802	20260903	202609	2026	2026.6658	PRY	PARAGUAY	PRY								ARG	ARGENTINA	ARG								0	030	030	03	1	4.0	2	1	2	-2.85459411239965	1	Argentina	AR	AR		-34	-64	AR	1	Brazil	BR	BR		-10	-55	BR	4	Montevideo, Montevideo, Uruguay	UY	UY10	22379	-34.8581	-56.1708	-907764	20260903171500	https://www.riotimesonline.com/eu-suspends-brazilian-meat-mercosur-quota-fight/
1321334803	20260903	202609	2026	2026.6658	PRY	PARAGUAY	PRY								ARG	ARGENTINA	ARG								0	030	030	03	1	4.0	2	1	2	-2.85459411239965	1	Brazil	BR	BR		-10	-55	BR	1	Brazil	BR	BR		-10	-55	BR	1	Brazil	BR	BR		-10	-55	BR	20260903171500	https://www.riotimesonline.com/eu-suspends-brazilian-meat-mercosur-quota-fight/
1321334804	20260903	202609	2026	2026.6658	PRY	PARAGUAY	PRY								ARG	ARGENTINA	ARG								0	030	030	03	1	4.0	6	1	6	-2.85459411239965	1	Paraguay	PA	PA		-22.993333	-57.996389	PA	1	Argentina	AR	AR		-34	-64	AR	4	Montevideo, Montevideo, Uruguay	UY	UY10	22379	-34.8581	-56.1708	-907764	20260903171500	https://www.riotimesonline.com/eu-suspends-brazilian-meat-mercosur-quota-fight/
1321334805	20260903	202609	2026	2026.6658	PRY	PARAGUAY	PRY								BRA	BRAZIL	BRA								0	030	030	03	1	4.0	2	1	2	-2.85459411239965	1	Argentina	AR	AR		-34	-64	AR	1	Brazil	BR	BR		-10	-55	BR	4	Montevideo, Montevideo, Uruguay	UY	UY10	22379	-34.8581	-56.1708	-907764	20260903171500	https://www.riotimesonline.com/eu-suspends-brazilian-meat-mercosur-quota-fight/
1321334806	20260903	202609	2026	2026.6658	PRY	PARAGUAY	PRY								BRA	BRAZIL	BRA								0	030	030	03	1	4.0	2	1	2	-2.85459411239965	1	Brazil	BR	BR		-10	-55	BR	1	Brazil	BR	BR		-10	-55	BR	1	Brazil	BR	BR		-10	-55	BR	20260903171500	https://www.riotimesonline.com/eu-suspends-brazilian-meat-mercosur-quota-fight/
1321334807	20260903	202609	2026	2026.6658	PRY	PARAGUAY	PRY								BRA	BRAZIL	BRA								0	030	030	03	1	4.0	6	1	6	-2.85459411239965	1	Paraguay	PA	PA		-22.993333	-57.996389	PA	1	Brazil	BR	BR		-10	-55	BR	4	Montevideo, Montevideo, Uruguay	UY	UY10	22379	-34.8581	-56.1708	-907764	20260903171500	https://www.riotimesonline.com/eu-suspends-brazilian-meat-mercosur-quota-fight/
1321334808	20260903	202609	2026	2026.6658	PRY	PARAGUAY	PRY								URY	URUGUAY	URY								0	030	030	03	1	4.0	2	1	2	-2.85459411239965	1	Argentina	AR	AR		-34	-64	AR	4	Montevideo, Montevideo, Uruguay	UY	UY10	22379	-34.8581	-56.1708	-907764	4	Montevideo, Montevideo, Uruguay	UY	UY10	22379	-34.8581	-56.1708	-907764	20260903171500	https://www.riotimesonline.com/eu-suspends-brazilian-meat-mercosur-quota-fight/
1321334809	20260903	202609	2026	2026.6658	PRY	PARAGUAY	PRY								URY	URUGUAY	URY								0	030	030	03	1	4.0	2	1	2	-2.85459411239965	1	Brazil	BR	BR		-10	-55	BR	1	Brazil	BR	BR		-10	-55	BR	1	Brazil	BR	BR		-10	-55	BR	20260903171500	https://www.riotimesonline.com/eu-suspends-brazilian-meat-mercosur-quota-fight/
1321334810	20260903	202609	2026	2026.6658	PRY	PARAGUAY	PRY								URY	URUGUAY	URY								0	030	030	03	1	4.0	6	1	6	-2.85459411239965	1	Paraguay	PA	PA		-22.993333	-57.996389	PA	4	Montevideo, Montevideo, Uruguay	UY	UY10	22379	-34.8581	-56.1708	-907764	4	Montevideo, Montevideo, Uruguay	UY	UY10	22379	-34.8581	-56.1708	-907764	20260903171500	https://www.riotimesonline.com/eu-suspends-brazilian-meat-mercosur-quota-fight/
1321334811	20260903	202609	2026	2026.6658	PSE	PALESTINIAN	PSE								PSECVL	WEST BANK	PSE					CVL			1	190	190	19	4	-10.0	4	1	4	-8	4	Jerusalem, Israel (general), Israel	IS	IS00	18315	31.7667	35.2333	-797092	1	West Bank	WE	WE		31.666667	35.25	WE	1	West Bank	WE	WE		31.666667	35.25	WE	20260903171500	https://www.bbc.com/news/articles/cj6482r6yl4o
1321334812	20260903	202609	2026	2026.6658	PTY	PRESIDENTIAL CANDIDATE									BRA	BRAZIL	BRA								0	100	100	10	3	-5.0	2	1	2	-0.53557765876052	4	Dirceu, ParáR, Brazil	BR	BR16	18585	-1.36667	-46.55	-640174	4	Dirceu, ParáR, Brazil	BR	BR16	18585	-1.36667	-46.55	-640174	4	Dirceu, ParáR, Brazil	BR	BR16	18585	-1.36667	-46.55	-640174	20260903171500	https://www.riotimesonline.com/brazil-newspapers-call-justice-moraes-leave-supreme-court/
1321334813	20260903	202609	2026	2026.6658	REB	REBEL						REB			YEM	YEMENI	YEM								1	130	130	13	3	-4.4	4	1	4	-7.17539863325741	4	Tehran, Tehran, Iran	IR	IR26	41130	35.75	51.5148	10074674	4	Tehran, Tehran, Iran	IR	IR26	41130	35.75	51.5148	10074674	4	Tehran, Tehran, Iran	IR	IR26	41130	35.75	51.5148	10074674	20260903171500	https://www.realclearworld.com/articles/2026/09/03/houthi_propaganda_laid_the_groundwork_for_military_escalation_1204067.html
1321334814	20260903	202609	2026	2026.6658	REB	INSURGENT GROUP						REB			nag	NAGA			nag						0	190	190	19	4	-10.0	10	1	10	-5.48926014319809	0								0								0								20260903171500	https://www.thehindu.com/news/national/manipur/manipur-deputy-cm-nemcha-kipgen-switched-off-phone-after-naga-abductions-deputy-cm-losii-dikho/article71424033.ece
1321334815	20260903	202609	2026	2026.6658	REL	BISHOP																			0	010	010	01	1	0.0	10	1	10	-0.55172413793103	4	Pueyo, Navarra, Spain	SP	SP32	25823	42.5651	-1.64826	-397899	0								4	Pueyo, Navarra, Spain	SP	SP32	25823	42.5651	-1.64826	-397899	20260903171500	https://cruxnow.com/church-in-europe/2026/09/spanish-bishop-renews-dispute-with-opus-dei-over-marian-image
1321334816	20260903	202609	2026	2026.6658	REL	ABBOT																			1	010	010	01	1	0.0	2	1	2	-0.82236842105264	1	Marshall Islands	RM	RM		10	167	RM	0								1	Marshall Islands	RM	RM		10	167	RM	20260903171500	https://www.kristv.com/news/local-news/in-your-neighborhood/corpus-christi/6-things-to-know-ingleside-still-under-water-boil-notice-abbott-to-beeville
1321334817	20260903	202609	2026	2026.6658	REL	BISHOP																			0	051	051	05	1	3.4	6	1	6	-0.55172413793103	1	Vatican City	VT	VT		41.9	12.45	VT	0								1	Vatican City	VT	VT		41.9	12.45	VT	20260903171500	https://cruxnow.com/church-in-europe/2026/09/spanish-bishop-renews-dispute-with-opus-dei-over-marian-image
1321334818	20260903	202609	2026	2026.6658	REL	BISHOP									ESP	SPAIN	ESP								1	010	010	01	1	0.0	4	1	4	-0.55172413793103	4	Pueyo, Navarra, Spain	SP	SP32	25823	42.5651	-1.64826	-397899	1	Vatican City	VT	VT		41.9	12.45	VT	1	Vatican City	VT	VT		41.9	12.45	VT	20260903171500	https://cruxnow.com/church-in-europe/2026/09/spanish-bishop-renews-dispute-with-opus-dei-over-marian-image
1321334819	20260903	202609	2026	2026.6658	REL	BISHOP									ESP	ARAGON	ESP								1	010	010	01	1	0.0	6	1	6	-0.55172413793103	1	Vatican City	VT	VT		41.9	12.45	VT	1	Vatican City	VT	VT		41.9	12.45	VT	1	Vatican City	VT	VT		41.9	12.45	VT	20260903171500	https://cruxnow.com/church-in-europe/2026/09/spanish-bishop-renews-dispute-with-opus-dei-over-marian-image
1321334820	20260903	202609	2026	2026.6658	REL	BISHOP									ESP	SPAIN	ESP								0	051	051	05	1	3.4	4	1	4	-0.55172413793103	4	Pueyo, Navarra, Spain	SP	SP32	25823	42.5651	-1.64826	-397899	4	Pueyo, Navarra, Spain	SP	SP32	25823	42.5651	-1.64826	-397899	4	Pueyo, Navarra, Spain	SP	SP32	25823	42.5651	-1.64826	-397899	20260903171500	https://cruxnow.com/church-in-europe/2026/09/spanish-bishop-renews-dispute-with-opus-dei-over-marian-image
1321334821	20260903	202609	2026	2026.6658	REL	ABBOT									USA	UNITED STATES	USA								1	010	010	01	1	0.0	4	1	4	-0.82236842105264	1	Marshall Islands	RM	RM		10	167	RM	1	Marshall Islands	RM	RM		10	167	RM	1	Marshall Islands	RM	RM		10	167	RM	20260903171500	https://www.kristv.com/news/local-news/in-your-neighborhood/corpus-christi/6-things-to-know-ingleside-still-under-water-boil-notice-abbott-to-beeville
1321334822	20260903	202609	2026	2026.6658	RUS	RUSSIA	RUS																		1	042	042	04	1	1.9	1	1	1	-5.76923076923077	4	Moscow, Moskva, Russia	RS	RS48	25106	55.7522	37.6156	-2960561	0								4	Leipzig, Sachsen, Germany	GM	GM13	40699	51.3	12.3333	-1817680	20260903171500	https://www.yahoo.com/news/world/articles/goethe-institute-chief-laments-ending-161836959.html
1321334823	20260903	202609	2026	2026.6658	RUS	RUSSIA	RUS																		1	042	042	04	1	1.9	1	1	1	-5.76923076923077	4	Petersburg, Sankt-Peterburg, Russia	RS	RS66	25095	59.8944	30.2642	-2996338	0								4	Moscow, Moskva, Russia	RS	RS48	25106	55.7522	37.6156	-2960561	20260903171500	https://www.yahoo.com/news/world/articles/goethe-institute-chief-laments-ending-161836959.html
1321334824	20260903	202609	2026	2026.6658	RUS	RUSSIAN	RUS																		1	071	071	07	2	7.4	1	1	1	-5.76923076923077	4	Berlin, Berlin, Germany	GM	GM16	16538	52.5167	13.4	-1746443	0								4	Moscow, Moskva, Russia	RS	RS48	25106	55.7522	37.6156	-2960561	20260903171500	https://www.yahoo.com/news/world/articles/goethe-institute-chief-laments-ending-161836959.html
1321334825	20260903	202609	2026	2026.6658	RUS	RUSSIA	RUS																		1	0841	084	08	2	7.0	2	1	2	-4.97076023391813	4	Moscow, Moskva, Russia	RS	RS48	25106	55.7522	37.6156	-2960561	0								4	Moscow, Moskva, Russia	RS	RS48	25106	55.7522	37.6156	-2960561	20260903171500	https://www.eng.kavkaz-uzel.eu/articles/78260
1321334826	20260903	202609	2026	2026.6658	RUS	RUSSIA	RUS								CVL	SETTLEMENT						CVL			0	013	013	01	1	0.4	2	1	2	-5.11463844797178	4	Moscow, Moskva, Russia	RS	RS48	25106	55.7522	37.6156	-2960561	4	Moscow, Moskva, Russia	RS	RS48	25106	55.7522	37.6156	-2960561	4	Moscow, Moskva, Russia	RS	RS48	25106	55.7522	37.6156	-2960561	20260903171500	https://tribuneonlineng.com/putin-says-ukraine-peace-deal-possible-attacks-complicate-talks/
1321334827	20260903	202609	2026	2026.6658	RUS	RUSSIA	RUS								CVL	SETTLEMENT						CVL			0	013	013	01	1	0.4	2	1	2	-5.11463844797178	4	Moscow, Moskva, Russia	RS	RS48	25106	55.7522	37.6156	-2960561	3	Washington, District of Columbia, United States	US	USDC	DC001	38.8951	-77.0364	531871	3	Washington, District of Columbia, United States	US	USDC	DC001	38.8951	-77.0364	531871	20260903171500	https://tribuneonlineng.com/putin-says-ukraine-peace-deal-possible-attacks-complicate-talks/
1321334828	20260903	202609	2026	2026.6658	RUS	RUSSIA	RUS								DEU	GERMANY	DEU								1	042	042	04	1	1.9	1	1	1	-5.76923076923077	4	Moscow, Moskva, Russia	RS	RS48	25106	55.7522	37.6156	-2960561	4	Moscow, Moskva, Russia	RS	RS48	25106	55.7522	37.6156	-2960561	4	Leipzig, Sachsen, Germany	GM	GM13	40699	51.3	12.3333	-1817680	20260903171500	https://www.yahoo.com/news/world/articles/goethe-institute-chief-laments-ending-161836959.html
1321334829	20260903	202609	2026	2026.6658	RUS	RUSSIA	RUS								DEU	GERMANY	DEU								1	042	042	04	1	1.9	1	1	1	-5.76923076923077	4	Petersburg, Sankt-Peterburg, Russia	RS	RS66	25095	59.8944	30.2642	-2996338	4	Novosibirsk, Novosibirskaya Oblast', Russia	RS	RS53	25082	55.0411	82.9344	-2970528	4	Moscow, Moskva, Russia	RS	RS48	25106	55.7522	37.6156	-2960561	20260903171500	https://www.yahoo.com/news/world/articles/goethe-institute-chief-laments-ending-161836959.html
1321334830	20260903	202609	2026	2026.6658	RUS	NALCHIK	RUS								GOV	PRESIDENT						GOV			1	012	012	01	1	-0.4	3	1	3	-4.97076023391813	4	Moscow, Moskva, Russia	RS	RS48	25106	55.7522	37.6156	-2960561	4	Moscow, Moskva, Russia	RS	RS48	25106	55.7522	37.6156	-2960561	4	Moscow, Moskva, Russia	RS	RS48	25106	55.7522	37.6156	-2960561	20260903171500	https://www.eng.kavkaz-uzel.eu/articles/78260
1321334831	20260903	202609	2026	2026.6658	RUS	NALCHIK	RUS								GOV	PRESIDENT						GOV			1	012	012	01	1	-0.4	3	1	3	-4.97076023391813	4	Nalchik, Kabardino-Balkariya, Russia	RS	RS22	25097	43.4981	43.6189	-2962666	4	Akhmat, Saratovskaya Oblast', Russia	RS	RS67	25113	51.0693	45.9091	-2874879	4	Akhmat, Saratovskaya Oblast', Russia	RS	RS67	25113	51.0693	45.9091	-2874879	20260903171500	https://www.eng.kavkaz-uzel.eu/articles/78260
1321334832	20260903	202609	2026	2026.6658	RUS	NALCHIK	RUS								GOV	PRESIDENT						GOV			1	012	012	01	1	-0.4	2	1	2	-4.97076023391813	4	Nalchik, Kabardino-Balkariya, Russia	RS	RS22	25097	43.4981	43.6189	-2962666	4	Moscow, Moskva, Russia	RS	RS48	25106	55.7522	37.6156	-2960561	4	Akhmat, Saratovskaya Oblast', Russia	RS	RS67	25113	51.0693	45.9091	-2874879	20260903171500	https://www.eng.kavkaz-uzel.eu/articles/78260
1321334833	20260903	202609	2026	2026.6658	RUS	ST. PETERSBURG	RUS								GOV	REGULATOR						GOV			1	020	020	02	1	3.0	10	1	10	4.0590405904059	2	Florida, United States	US	USFL		27.8333	-81.717	FL	2	Florida, United States	US	USFL		27.8333	-81.717	FL	2	Florida, United States	US	USFL		27.8333	-81.717	FL	20260903171500	https://www.wftv.com/news/local/duke-energy-florida-asks-regulators-lower-customer-rates-2027/P7WFYOO4MFDJBEGK2QGR6RP47U/
1321334834	20260903	202609	2026	2026.6658	RUS	RUSSIA	RUS								IRN	IRAN	IRN								1	036	036	03	1	4.0	2	1	2	-3.08880308880309	4	Kremlin, Moskva, Russia	RS	RS48	25106	55.7522	37.6156	-2960561	4	Tehran, Tehran, Iran	IR	IR26	41130	35.75	51.5148	10074674	4	Kiev, Ukraine (general), Ukraine	UP	UP00	28554	50.4333	30.5167	-1044367	20260903171500	https://www.odnako.org/project-c430l-the-moscow-tehran-axis-for-hypersonic-missiles-that-threaten-the-us-fleet/
1321334835	20260903	202609	2026	2026.6658	RUS	NALCHIK	RUS								MED	BLOGGER						MED			1	010	010	01	1	0.0	6	1	6	-4.97076023391813	4	Nalchik, Kabardino-Balkariya, Russia	RS	RS22	25097	43.4981	43.6189	-2962666	4	Akhmat, Saratovskaya Oblast', Russia	RS	RS67	25113	51.0693	45.9091	-2874879	4	Akhmat, Saratovskaya Oblast', Russia	RS	RS67	25113	51.0693	45.9091	-2874879	20260903171500	https://www.eng.kavkaz-uzel.eu/articles/78260
1321334836	20260903	202609	2026	2026.6658	RUS	NALCHIK	RUS								MED	BLOGGER						MED			1	010	010	01	1	0.0	2	1	2	-4.97076023391813	4	Nalchik, Kabardino-Balkariya, Russia	RS	RS22	25097	43.4981	43.6189	-2962666	4	Moscow, Moskva, Russia	RS	RS48	25106	55.7522	37.6156	-2960561	4	Moscow, Moskva, Russia	RS	RS48	25106	55.7522	37.6156	-2960561	20260903171500	https://www.eng.kavkaz-uzel.eu/articles/78260
1321334837	20260903	202609	2026	2026.6658	RUS	RUSSIA	RUS								MED	BLOGGER						MED			1	0841	084	08	2	7.0	2	1	2	-4.97076023391813	4	Moscow, Moskva, Russia	RS	RS48	25106	55.7522	37.6156	-2960561	4	Moscow, Moskva, Russia	RS	RS48	25106	55.7522	37.6156	-2960561	4	Moscow, Moskva, Russia	RS	RS48	25106	55.7522	37.6156	-2960561	20260903171500	https://www.eng.kavkaz-uzel.eu/articles/78260
1321334838	20260903	202609	2026	2026.6658	RUS	MOSCOW	RUS								MED	BLOGGER						MED			1	112	112	11	3	-2.0	3	1	3	-4.97076023391813	4	Moscow, Moskva, Russia	RS	RS48	25106	55.7522	37.6156	-2960561	4	Moscow, Moskva, Russia	RS	RS48	25106	55.7522	37.6156	-2960561	4	Moscow, Moskva, Russia	RS	RS48	25106	55.7522	37.6156	-2960561	20260903171500	https://www.eng.kavkaz-uzel.eu/articles/78260
1321334839	20260903	202609	2026	2026.6658	RUS	MOSCOW	RUS								RUSMED	RUSSIA	RUS					MED			1	112	112	11	3	-2.0	1	1	1	-4.97076023391813	4	Moscow, Moskva, Russia	RS	RS48	25106	55.7522	37.6156	-2960561	4	Moscow, Moskva, Russia	RS	RS48	25106	55.7522	37.6156	-2960561	4	Moscow, Moskva, Russia	RS	RS48	25106	55.7522	37.6156	-2960561	20260903171500	https://www.eng.kavkaz-uzel.eu/articles/78260
1321334840	20260903	202609	2026	2026.6658	RUS	RUSSIA	RUS								USA	UNITED STATES	USA								0	020	020	02	1	3.0	1	1	1	-3.42706502636204	4	Rostow, Rostovskaya Oblast', Russia	RS	RS61	25090	47.2364	39.7139	-2993218	3	White House, District of Columbia, United States	US	USDC		38.8951	-77.0364	531871	4	Rostow, Rostovskaya Oblast', Russia	RS	RS61	25090	47.2364	39.7139	-2993218	20260903171500	https://www.thenation.com/article/archive/cias-student-activism-phase/
1321334841	20260903	202609	2026	2026.6658	RUS	RUSSIA	RUS								USA	UNITED STATES	USA								0	020	020	02	1	3.0	1	1	1	-3.42706502636204	3	White House, District of Columbia, United States	US	USDC		38.8951	-77.0364	531871	3	White House, District of Columbia, United States	US	USDC		38.8951	-77.0364	531871	3	White House, District of Columbia, United States	US	USDC		38.8951	-77.0364	531871	20260903171500	https://www.thenation.com/article/archive/cias-student-activism-phase/
1321334842	20260903	202609	2026	2026.6658	RUS	RUSSIA	RUS								USA	UNITED STATES	USA								0	051	051	05	1	3.4	2	1	2	-3.42706502636204	4	Rostow, Rostovskaya Oblast', Russia	RS	RS61	25090	47.2364	39.7139	-2993218	2	New York, United States	US	USNY		42.1497	-74.9384	NY	2	New York, United States	US	USNY		42.1497	-74.9384	NY	20260903171500	https://www.thenation.com/article/archive/cias-student-activism-phase/
1321334843	20260903	202609	2026	2026.6658	RUSGOV	RUSSIAN	RUS					GOV			RUS	RUSSIA	RUS								0	050	050	05	1	3.5	3	1	3	-5.11463844797178	4	Moscow, Moskva, Russia	RS	RS48	25106	55.7522	37.6156	-2960561	4	Moscow, Moskva, Russia	RS	RS48	25106	55.7522	37.6156	-2960561	4	Moscow, Moskva, Russia	RS	RS48	25106	55.7522	37.6156	-2960561	20260903171500	https://tribuneonlineng.com/putin-says-ukraine-peace-deal-possible-attacks-complicate-talks/
1321334844	20260903	202609	2026	2026.6658	RUSGOV	RUSSIA	RUS					GOV			USA	UNITED STATES	USA								0	050	050	05	1	3.5	1	1	1	-5.11463844797178	4	Moscow, Moskva, Russia	RS	RS48	25106	55.7522	37.6156	-2960561	4	Moscow, Moskva, Russia	RS	RS48	25106	55.7522	37.6156	-2960561	4	Moscow, Moskva, Russia	RS	RS48	25106	55.7522	37.6156	-2960561	20260903171500	https://tribuneonlineng.com/putin-says-ukraine-peace-deal-possible-attacks-complicate-talks/
1321334845	20260903	202609	2026	2026.6658	RUSGOV	RUSSIAN	RUS					GOV			USA	UNITED STATES	USA								0	050	050	05	1	3.5	2	1	2	-5.11463844797178	4	Moscow, Moskva, Russia	RS	RS48	25106	55.7522	37.6156	-2960561	3	Washington, District of Columbia, United States	US	USDC	DC001	38.8951	-77.0364	531871	4	Moscow, Moskva, Russia	RS	RS48	25106	55.7522	37.6156	-2960561	20260903171500	https://tribuneonlineng.com/putin-says-ukraine-peace-deal-possible-attacks-complicate-talks/
1321334846	20260903	202609	2026	2026.6658	RUSGOV	RUSSIAN	RUS					GOV			USA	UNITED STATES	USA								0	051	051	05	1	3.4	2	1	2	-5.11463844797178	4	Moscow, Moskva, Russia	RS	RS48	25106	55.7522	37.6156	-2960561	3	Washington, District of Columbia, United States	US	USDC	DC001	38.8951	-77.0364	531871	4	Moscow, Moskva, Russia	RS	RS48	25106	55.7522	37.6156	-2960561	20260903171500	https://tribuneonlineng.com/putin-says-ukraine-peace-deal-possible-attacks-complicate-talks/
1321334847	20260903	202609	2026	2026.6658	RUSMED	RUSSIA	RUS					MED			GOV	PRESIDENT						GOV			1	012	012	01	1	-0.4	2	1	2	-4.97076023391813	4	Moscow, Moskva, Russia	RS	RS48	25106	55.7522	37.6156	-2960561	4	Akhmat, Saratovskaya Oblast', Russia	RS	RS67	25113	51.0693	45.9091	-2874879	4	Petersburg, Sankt-Peterburg, Russia	RS	RS66	25095	59.8944	30.2642	-2996338	20260903171500	https://www.eng.kavkaz-uzel.eu/articles/78260
1321334848	20260903	202609	2026	2026.6658	RUSMED	RUSSIA	RUS					MED			MED	BLOGGER						MED			1	010	010	01	1	0.0	2	1	2	-4.97076023391813	4	Moscow, Moskva, Russia	RS	RS48	25106	55.7522	37.6156	-2960561	4	Akhmat, Saratovskaya Oblast', Russia	RS	RS67	25113	51.0693	45.9091	-2874879	4	Moscow, Moskva, Russia	RS	RS48	25106	55.7522	37.6156	-2960561	20260903171500	https://www.eng.kavkaz-uzel.eu/articles/78260
1321334849	20260903	202609	2026	2026.6658	RUSSPY	MOSCOW	RUS					SPY													0	043	043	04	1	2.8	6	1	6	-5.11463844797178	4	Moscow, Moskva, Russia	RS	RS48	25106	55.7522	37.6156	-2960561	0								4	Moscow, Moskva, Russia	RS	RS48	25106	55.7522	37.6156	-2960561	20260903171500	https://tribuneonlineng.com/putin-says-ukraine-peace-deal-possible-attacks-complicate-talks/
1321334850	20260903	202609	2026	2026.6658	SAU	RIYADH	SAU								IRN	TEHRAN	IRN								0	120	120	12	3	-4.0	2	1	2	-7.17539863325741	4	Riyadh, Ar Riya?, Saudi Arabia	SA	SA10	25316	24.6408	46.7728	-3093009	4	Sanaa, Sana', Yemen	YM	YM16	32956	15.3547	44.2067	-3191442	4	Sanaa, Sana', Yemen	YM	YM16	32956	15.3547	44.2067	-3191442	20260903171500	https://www.realclearworld.com/articles/2026/09/03/houthi_propaganda_laid_the_groundwork_for_military_escalation_1204067.html
1321334851	20260903	202609	2026	2026.6658	SAU	SAUDI ARABIA	SAU								IRN	IRAN	IRN								0	120	120	12	3	-4.0	2	1	2	-7.17539863325741	4	Riyadh, Ar Riya?, Saudi Arabia	SA	SA10	25316	24.6408	46.7728	-3093009	4	Tehran, Tehran, Iran	IR	IR26	41130	35.75	51.5148	10074674	4	Sanaa, Sana', Yemen	YM	YM16	32956	15.3547	44.2067	-3191442	20260903171500	https://www.realclearworld.com/articles/2026/09/03/houthi_propaganda_laid_the_groundwork_for_military_escalation_1204067.html
1321334852	20260903	202609	2026	2026.6658	SAU	RIYADH	SAU								IRN	TEHRAN	IRN								0	120	120	12	3	-4.0	6	1	6	-7.17539863325741	4	Riyadh, Ar Riya?, Saudi Arabia	SA	SA10	25316	24.6408	46.7728	-3093009	4	Tehran, Tehran, Iran	IR	IR26	41130	35.75	51.5148	10074674	4	Tehran, Tehran, Iran	IR	IR26	41130	35.75	51.5148	10074674	20260903171500	https://www.realclearworld.com/articles/2026/09/03/houthi_propaganda_laid_the_groundwork_for_military_escalation_1204067.html
1321334853	20260903	202609	2026	2026.6658	SAU	SAUDI ARABIA	SAU								MOS	ISLAMIC				MOS					0	043	043	04	1	2.8	4	1	4	-7.17539863325741	4	Riyadh, Ar Riya?, Saudi Arabia	SA	SA10	25316	24.6408	46.7728	-3093009	4	Riyadh, Ar Riya?, Saudi Arabia	SA	SA10	25316	24.6408	46.7728	-3093009	4	Riyadh, Ar Riya?, Saudi Arabia	SA	SA10	25316	24.6408	46.7728	-3093009	20260903171500	https://www.realclearworld.com/articles/2026/09/03/houthi_propaganda_laid_the_groundwork_for_military_escalation_1204067.html
1321334854	20260903	202609	2026	2026.6658	SDN	SUDAN	SDN																		1	030	030	03	1	4.0	2	1	2	-3.11850311850312	1	Sudan	SU	SU		16	30	SU	0								1	Sudan	SU	SU		16	30	SU	20260903171500	https://thetab.com/2026/09/03/university-of-oxford-offer-holders-lose-high-court-challenge-to-visa-brake
1321334855	20260903	202609	2026	2026.6658	SDN	SUDAN	SDN								USAMED	REUTERS	USA					MED			1	011	011	01	1	-0.1	5	1	5	-6.80786686838124	4	Darfur, Gharb Darfur, Sudan	SU	SU47	37140	13.5	23.5	-17505	4	Darfur, Gharb Darfur, Sudan	SU	SU47	37140	13.5	23.5	-17505	4	Darfur, Gharb Darfur, Sudan	SU	SU47	37140	13.5	23.5	-17505	20260903171500	https://www.thehindu.com/news/international/foreign-support-drones-fuel-sudan-war-and-possible-war-crimes-un-probe-says/article71425349.ece
1321334856	20260903	202609	2026	2026.6658	SPY	OPERATIVE						SPY			IRQGOV	IRAQ	IRQ					GOV			0	190	190	19	4	-10.0	2	1	2	-3.42706502636204	4	Bay Of Pigs, Matanzas, Cuba	CU	CU03	14751	22.18	-81.1664	-1618230	1	Iraq	IZ	IZ		33	44	IZ	1	Iraq	IZ	IZ		33	44	IZ	20260903171500	https://www.thenation.com/article/archive/cias-student-activism-phase/
1321334857	20260903	202609	2026	2026.6658	SPY	OPERATIVE						SPY			IRQGOV	IRAQ	IRQ					GOV			0	190	190	19	4	-10.0	6	1	6	-3.42706502636204	3	White House, District of Columbia, United States	US	USDC		38.8951	-77.0364	531871	1	Iraq	IZ	IZ		33	44	IZ	1	Iraq	IZ	IZ		33	44	IZ	20260903171500	https://www.thenation.com/article/archive/cias-student-activism-phase/
1321334858	20260903	202609	2026	2026.6658	SPY	OPERATIVE						SPY			IRQGOV	IRAQ	IRQ					GOV			0	190	190	19	4	-10.0	2	1	2	-3.42706502636204	1	Iraq	IZ	IZ		33	44	IZ	1	Iraq	IZ	IZ		33	44	IZ	3	White House, District of Columbia, United States	US	USDC		38.8951	-77.0364	531871	20260903171500	https://www.thenation.com/article/archive/cias-student-activism-phase/
1321334859	20260903	202609	2026	2026.6658	SWE	SWEDEN	SWE																		1	120	120	12	3	-4.0	2	1	2	1.88457008244995	3	Chicago, Illinois, United States	US	USIL	IL031	41.85	-87.6501	423587	0								3	Chicago, Illinois, United States	US	USIL	IL031	41.85	-87.6501	423587	20260903171500	https://www.dwell.com:443/article/the-dwell-24-intentional-ornamentation-2026-23ab99f3
1321334860	20260903	202609	2026	2026.6658	SWE	SWEDEN	SWE																		1	120	120	12	3	-4.0	2	1	2	1.88457008244995	1	Israel	IS	IS		31.5	34.75	IS	0								1	Israel	IS	IS		31.5	34.75	IS	20260903171500	https://www.dwell.com:443/article/the-dwell-24-intentional-ornamentation-2026-23ab99f3
1321334861	20260903	202609	2026	2026.6658	TWN	TAIPEI	TWN																		0	010	010	01	1	0.0	8	1	8	0.0800640512409998	4	Taipei, T'ai-pei, Taiwan	TW	TW03	13277	25.0478	121.532	-2637882	0								4	Taipei, T'ai-pei, Taiwan	TW	TW03	13277	25.0478	121.532	-2637882	20260903171500	https://www.riotimesonline.com/panama-canal-vasquez-farewell-independence-2026/
1321334862	20260903	202609	2026	2026.6658	UKR	UKRAINIAN	UKR																		1	172	172	17	4	-5.0	30	3	30	-9.0243902439025	4	Moscow, Moskva, Russia	RS	RS48	25106	55.7522	37.6156	-2960561	0								4	Kiev, Ukraine (general), Ukraine	UP	UP00	28554	50.4333	30.5167	-1044367	20260903171500	http://www.russiaherald.com/news/279284208/ukraine-acting-like-nation-of-rapists-mp
1321334863	20260903	202609	2026	2026.6658	UKR	UKRAINE	UKR								CVL	CIVILIAN						CVL			0	120	120	12	3	-4.0	10	1	10	-5.11463844797178	4	Kyiv, Kyyiv, Misto, Ukraine	UP	UP12	28554	50.4333	30.5167	-1044367	4	Kyiv, Kyyiv, Misto, Ukraine	UP	UP12	28554	50.4333	30.5167	-1044367	4	Kyiv, Kyyiv, Misto, Ukraine	UP	UP12	28554	50.4333	30.5167	-1044367	20260903171500	https://tribuneonlineng.com/putin-says-ukraine-peace-deal-possible-attacks-complicate-talks/
1321334864	20260903	202609	2026	2026.6658	UKR	UKRAINE	UKR								GBR	UNITED KINGDOM	GBR								1	130	130	13	3	-4.4	2	1	2	-5.11463844797178	3	Washington, District of Columbia, United States	US	USDC	DC001	38.8951	-77.0364	531871	4	Kyiv, Kyyiv, Misto, Ukraine	UP	UP12	28554	50.4333	30.5167	-1044367	4	Kyiv, Kyyiv, Misto, Ukraine	UP	UP12	28554	50.4333	30.5167	-1044367	20260903171500	https://tribuneonlineng.com/putin-says-ukraine-peace-deal-possible-attacks-complicate-talks/
1321334865	20260903	202609	2026	2026.6658	UKR	UKRAINE	UKR								GBR	UNITED KINGDOM	GBR								1	130	130	13	3	-4.4	8	1	8	-5.11463844797178	3	Washington, District of Columbia, United States	US	USDC	DC001	38.8951	-77.0364	531871	3	Washington, District of Columbia, United States	US	USDC	DC001	38.8951	-77.0364	531871	3	Washington, District of Columbia, United States	US	USDC	DC001	38.8951	-77.0364	531871	20260903171500	https://tribuneonlineng.com/putin-says-ukraine-peace-deal-possible-attacks-complicate-talks/
1321334866	20260903	202609	2026	2026.6658	UKR	KYIV	UKR								RUS	RUSSIAN	RUS								0	020	020	02	1	3.0	2	1	2	-5.11463844797178	4	Moscow, Moskva, Russia	RS	RS48	25106	55.7522	37.6156	-2960561	4	Moscow, Moskva, Russia	RS	RS48	25106	55.7522	37.6156	-2960561	4	Kyiv, Kyyiv, Misto, Ukraine	UP	UP12	28554	50.4333	30.5167	-1044367	20260903171500	https://tribuneonlineng.com/putin-says-ukraine-peace-deal-possible-attacks-complicate-talks/
1321334867	20260903	202609	2026	2026.6658	UKR	UKRAINE	UKR								RUS	RUSSIA	RUS								1	057	057	05	1	8.0	1	1	1	-5.85034013605443	1	Russia	RS	RS		60	100	RS	1	Russia	RS	RS		60	100	RS	1	Russia	RS	RS		60	100	RS	20260903171500	https://www.thescottishfarmer.co.uk/opinion/26508942.grain-farmers-ability-cope-comforting-troubled-times/
1321334868	20260903	202609	2026	2026.6658	UKR	UKRAINE	UKR								RUS	RUSSIA	RUS								1	057	057	05	1	8.0	4	1	4	-5.85034013605443	1	Ukraine	UP	UP		49	32	UP	1	Russia	RS	RS		60	100	RS	1	Russia	RS	RS		60	100	RS	20260903171500	https://www.thescottishfarmer.co.uk/opinion/26508942.grain-farmers-ability-cope-comforting-troubled-times/
1321334869	20260903	202609	2026	2026.6658	URY	URUGUAY	URY								ARG	ARGENTINA	ARG								0	030	030	03	1	4.0	6	1	6	-2.85459411239965	4	Montevideo, Montevideo, Uruguay	UY	UY10	22379	-34.8581	-56.1708	-907764	1	Argentina	AR	AR		-34	-64	AR	4	Montevideo, Montevideo, Uruguay	UY	UY10	22379	-34.8581	-56.1708	-907764	20260903171500	https://www.riotimesonline.com/eu-suspends-brazilian-meat-mercosur-quota-fight/
1321334870	20260903	202609	2026	2026.6658	URY	URUGUAY	URY								ARG	ARGENTINA	ARG								0	030	030	03	1	4.0	2	1	2	-2.85459411239965	4	Montevideo, Montevideo, Uruguay	UY	UY10	22379	-34.8581	-56.1708	-907764	1	Brazil	BR	BR		-10	-55	BR	4	Montevideo, Montevideo, Uruguay	UY	UY10	22379	-34.8581	-56.1708	-907764	20260903171500	https://www.riotimesonline.com/eu-suspends-brazilian-meat-mercosur-quota-fight/
1321334871	20260903	202609	2026	2026.6658	URY	URUGUAY	URY								ARG	ARGENTINA	ARG								0	030	030	03	1	4.0	2	1	2	-2.85459411239965	1	Brazil	BR	BR		-10	-55	BR	1	Brazil	BR	BR		-10	-55	BR	1	Brazil	BR	BR		-10	-55	BR	20260903171500	https://www.riotimesonline.com/eu-suspends-brazilian-meat-mercosur-quota-fight/
1321334872	20260903	202609	2026	2026.6658	URY	URUGUAY	URY								BRA	BRAZIL	BRA								0	030	030	03	1	4.0	8	1	8	-2.85459411239965	4	Montevideo, Montevideo, Uruguay	UY	UY10	22379	-34.8581	-56.1708	-907764	1	Brazil	BR	BR		-10	-55	BR	4	Montevideo, Montevideo, Uruguay	UY	UY10	22379	-34.8581	-56.1708	-907764	20260903171500	https://www.riotimesonline.com/eu-suspends-brazilian-meat-mercosur-quota-fight/
1321334873	20260903	202609	2026	2026.6658	URY	URUGUAY	URY								BRA	BRAZIL	BRA								0	030	030	03	1	4.0	2	1	2	-2.85459411239965	1	Brazil	BR	BR		-10	-55	BR	1	Brazil	BR	BR		-10	-55	BR	1	Brazil	BR	BR		-10	-55	BR	20260903171500	https://www.riotimesonline.com/eu-suspends-brazilian-meat-mercosur-quota-fight/
1321334874	20260903	202609	2026	2026.6658	URY	MONTEVIDEO	URY								GOV	TRADE MINIST						GOV			0	043	043	04	1	2.8	2	1	2	-2.85459411239965	1	Paraguay	PA	PA		-22.993333	-57.996389	PA	1	Paraguay	PA	PA		-22.993333	-57.996389	PA	1	Paraguay	PA	PA		-22.993333	-57.996389	PA	20260903171500	https://www.riotimesonline.com/eu-suspends-brazilian-meat-mercosur-quota-fight/
1321334875	20260903	202609	2026	2026.6658	URY	URUGUAY	URY								PRY	PARAGUAY	PRY								0	030	030	03	1	4.0	2	1	2	-2.85459411239965	4	Montevideo, Montevideo, Uruguay	UY	UY10	22379	-34.8581	-56.1708	-907764	1	Argentina	AR	AR		-34	-64	AR	4	Montevideo, Montevideo, Uruguay	UY	UY10	22379	-34.8581	-56.1708	-907764	20260903171500	https://www.riotimesonline.com/eu-suspends-brazilian-meat-mercosur-quota-fight/
1321334876	20260903	202609	2026	2026.6658	URY	URUGUAY	URY								PRY	PARAGUAY	PRY								0	030	030	03	1	4.0	6	1	6	-2.85459411239965	4	Montevideo, Montevideo, Uruguay	UY	UY10	22379	-34.8581	-56.1708	-907764	1	Paraguay	PA	PA		-22.993333	-57.996389	PA	4	Montevideo, Montevideo, Uruguay	UY	UY10	22379	-34.8581	-56.1708	-907764	20260903171500	https://www.riotimesonline.com/eu-suspends-brazilian-meat-mercosur-quota-fight/
1321334877	20260903	202609	2026	2026.6658	URY	URUGUAY	URY								PRY	PARAGUAY	PRY								0	030	030	03	1	4.0	2	1	2	-2.85459411239965	1	Brazil	BR	BR		-10	-55	BR	1	Brazil	BR	BR		-10	-55	BR	1	Brazil	BR	BR		-10	-55	BR	20260903171500	https://www.riotimesonline.com/eu-suspends-brazilian-meat-mercosur-quota-fight/
1321334878	20260903	202609	2026	2026.6658	USA	NEW YORK	USA																		1	010	010	01	1	0.0	2	1	2	-6.36363636363636	4	Gaza, Israel (general), Israel	IS	IS00	18315	31.4167	34.3333	-797156	0								2	New York, United States	US	USNY		42.1497	-74.9384	NY	20260903171500	https://www.camera.org/article/new-york-magazine-doubles-down-on-erasing-israel/
1321334879	20260903	202609	2026	2026.6658	USA	UNITED STATES	USA																		1	010	010	01	1	0.0	2	1	2	1.78117048346056	3	Oakland, California, United States	US	USCA	CA001	37.8044	-122.271	277566	0								3	Oakland, California, United States	US	USCA	CA001	37.8044	-122.271	277566	20260903171500	https://www.dailycal.org/news/city/local-businesses/top-dog-finds-new-downtown-berkeley-home-at-the-breakroom/article_843d181a-a47d-4913-ba53-0ff8afbb972c.html
1321334880	20260903	202609	2026	2026.6658	USA	UNITED STATES	USA																		0	010	010	01	1	0.0	3	1	3	-5.05529225908373	3	Sebastian County, Arkansas, United States	US	USAR	AR131	35.1668	-94.2669	69181	0								3	Sebastian County, Arkansas, United States	US	USAR		35.1668	-94.2669	69181	20260903171500	https://www.foxnews.com/politics/dem-senate-nominee-changes-tune-ice-after-vowing-not-one-more-dime-agency
1321334881	20260903	202609	2026	2026.6658	USA	UNITED STATES	USA																		1	010	010	01	1	0.0	2	1	2	-0.82236842105264	1	Marshall Islands	RM	RM		10	167	RM	0								1	Marshall Islands	RM	RM		10	167	RM	20260903171500	https://www.kristv.com/news/local-news/in-your-neighborhood/corpus-christi/6-things-to-know-ingleside-still-under-water-boil-notice-abbott-to-beeville
1321334882	20260903	202609	2026	2026.6658	USA	UNITED STATES	USA																		0	013	013	01	1	0.4	2	1	2	-3.18379160636758	3	Farmington, New York, United States	US	USNY	NY069	43.032	-77.3322	949920	0								2	New York, United States	US	USNY		42.1497	-74.9384	NY	20260903171500	https://hartfordbusiness.com/article/despite-clash-with-hartford-mayor-problem-landlord-expands-city-holdings/
1321334883	20260903	202609	2026	2026.6658	USA	UNITED STATES	USA																		0	015	015	01	1	0.0	8	1	4	-9.73451327433632	2	Indiana, United States	US	USIN		39.8647	-86.2604	IN	0								3	Marion County, Indiana, United States	US	USIN		39.7684	-86.1555	450371	20260903171500	https://www.dailystar.co.uk/news/latest-news/girl-5-who-starved-death-37624588
1321334884	20260903	202609	2026	2026.6658	USA	UNITED STATES	USA																		0	015	015	01	1	0.0	4	1	4	-4.65587044534413	2	Ohio, United States	US	USOH		40.3736	-82.7755	OH	0								2	Ohio, United States	US	USOH		40.3736	-82.7755	OH	20260903171500	https://radaronline.com/p/chris-watts-planning-prison-wedding-new-girlfriend/
1321334885	20260903	202609	2026	2026.6658	USA	UNITED STATES	USA																		0	016	016	01	1	-2.0	2	1	2	-12.2605363984675	3	Rochester, New York, United States	US	USNY	NY055	43.1548	-77.6156	962684	0								3	Rochester, New York, United States	US	USNY	NY055	43.1548	-77.6156	962684	20260903171500	https://13wham.com/news/local/ex-rochester-nursing-home-employee-accused-of-assaulting-resident-kirkhaven-alexander-street-cvanna-gibson
1321334886	20260903	202609	2026	2026.6658	USA	THE US	USA																		0	017	017	01	1	0.0	2	1	2	-1.59857904085257	4	Gulf Of Mexico, Mexico (general), Mexico	MX	MX00	20887	25	-90	-1683344	0								1	Canada	CA	CA		60	-96	CA	20260903171500	https://tribuneonlineng.com/trump-suggests-renaming-strait-of-hormuz-as-trump-strait/
1321334887	20260903	202609	2026	2026.6658	USA	UNITED STATES	USA																		1	020	020	02	1	3.0	2	1	2	-1.59857904085257	4	Tehran, Tehran, Iran	IR	IR26	41130	35.75	51.5148	10074674	0								3	Washington, District of Columbia, United States	US	USDC	DC001	38.8951	-77.0364	531871	20260903171500	https://tribuneonlineng.com/trump-suggests-renaming-strait-of-hormuz-as-trump-strait/
1321334888	20260903	202609	2026	2026.6658	USA	UNITED STATES	USA																		0	020	020	02	1	3.0	2	1	2	2.76360544217687	3	Portland, Oregon, United States	US	USOR	OR051	45.5235	-122.676	1136645	0								3	Syracuse University, New York, United States	US	USNY		43.0378	-76.1346	966969	20260903171500	https://www.wallpaper.com/art/carrie-mae-weems-guest-edits-wallpaper
1321334889	20260903	202609	2026	2026.6658	USA	UNITED STATES	USA																		1	020	020	02	1	3.0	4	1	4	3.71819960861056	3	Great Barrington, Massachusetts, United States	US	USMA	MA003	42.1959	-73.3621	607441	0								3	Great Barrington, Massachusetts, United States	US	USMA		42.1959	-73.3621	607441	20260903171500	https://www.vogue.com/article/things-to-do-in-the-berkshires
1321334890	20260903	202609	2026	2026.6658	USA	UNITED STATES	USA																		1	020	020	02	1	3.0	2	1	2	-1.59857904085257	1	Israel	IS	IS		31.5	34.75	IS	0								1	Israel	IS	IS		31.5	34.75	IS	20260903171500	https://tribuneonlineng.com/trump-suggests-renaming-strait-of-hormuz-as-trump-strait/
1321334891	20260903	202609	2026	2026.6658	USA	UNITED STATES	USA																		0	0211	021	02	1	3.4	4	1	4	0.36724201248623	3	Detroit, Michigan, United States	US	USMI	MI163	42.3314	-83.0458	1617959	0								3	Detroit, Michigan, United States	US	USMI	MI163	42.3314	-83.0458	1617959	20260903171500	https://www.thenation.com/article/politics/abdul-el-sayed-interview-michigan-senate/
1321334892	20260903	202609	2026	2026.6658	USA	UNITED STATES	USA																		1	022	022	02	1	3.2	1	1	1	0.42016806722689	3	White House, District of Columbia, United States	US	USDC		38.8951	-77.0364	531871	0								2	Iowa, United States	US	USIA		42.0046	-93.214	IA	20260903171500	https://www.yahoo.com/news/politics/articles/kamala-harris-red-state-dems-164618138.html
1321334893	20260903	202609	2026	2026.6658	USA	UNITED STATES	USA																		1	022	022	02	1	3.2	1	1	1	0.42016806722689	2	Iowa, United States	US	USIA		42.0046	-93.214	IA	0								2	Iowa, United States	US	USIA		42.0046	-93.214	IA	20260903171500	https://www.yahoo.com/news/politics/articles/kamala-harris-red-state-dems-164618138.html
1321334894	20260903	202609	2026	2026.6658	USA	UNITED STATES	USA																		0	030	030	03	1	4.0	1	1	1	0.846354166666667	4	Sao Paulo, SãPaulo, Brazil	BR	BR27	11543	-23.5333	-46.6167	-671824	0								4	Sao Paulo, SãPaulo, Brazil	BR	BR27	11543	-23.5333	-46.6167	-671824	20260903171500	https://www.riotimesonline.com/santander-brasil-minority-buyout-2026/
1321334895	20260903	202609	2026	2026.6658	USA	SOUTH CAROLINA	USA																		1	036	036	03	1	4.0	6	1	4	3.21782178217822	3	City Of Cayce, South Carolina, United States	US	USSC	SC063	33.9516	-81.0601	2404011	0								3	City Of Cayce, South Carolina, United States	US	USSC		33.9516	-81.0601	2404011	20260903171500	https://www.thecolumbiastar.com/articles/thomas-dambo-visits-cayce-as-city-moves-forward-with-s-c-s-first-troll-installation/
1321334896	20260903	202609	2026	2026.6658	USA	UNITED STATES	USA																		0	036	036	03	1	4.0	2	1	2	-3.19917440660474	2	California, United States	US	USCA		36.17	-119.746	CA	0								4	London, London, City of, United Kingdom	UK	UKH9	40110	51.5	-0.116667	-2601889	20260903171500	https://radaronline.com/p/donald-trump-prince-harry-us-reentry-visa-row/
1321334897	20260903	202609	2026	2026.6658	USA	SOUTH CAROLINA	USA																		0	036	036	03	1	4.0	2	1	2	3.21782178217822	2	South Carolina, United States	US	USSC		33.8191	-80.9066	SC	0								3	City Of Cayce, South Carolina, United States	US	USSC		33.9516	-81.0601	2404011	20260903171500	https://www.thecolumbiastar.com/articles/thomas-dambo-visits-cayce-as-city-moves-forward-with-s-c-s-first-troll-installation/
1321334898	20260903	202609	2026	2026.6658	USA	MINNESOTA	USA																		1	040	040	04	1	1.0	4	1	4	2.06327372764787	3	University Of Wisconsin, Wisconsin, United States	US	USWI	WI141	44.6411	-90.1335	1575931	0								2	Wisconsin, United States	US	USWI		44.2563	-89.6385	WI	20260903171500	https://www.superiortelegram.com/business/events-planned-to-support-businesses-through-bridge-closure
1321334899	20260903	202609	2026	2026.6658	USA	ALABAMA	USA																		1	040	040	04	1	1.0	17	2	17	-1.20919293401846	2	Alabama, United States	US	USAL		32.799	-86.8073	AL	0								2	Alabama, United States	US	USAL		32.799	-86.8073	AL	20260903171500	https://foxbaltimore.com/news/bmore-lifestyle/lemme-tell-you-chatgpt-dating-drama-tip-for-self-service-airline-merch
1321334900	20260903	202609	2026	2026.6658	USA	UNITED STATES	USA																		0	042	042	04	1	1.9	2	1	2	-1.37659783677482	3	Mayodan, North Carolina, United States	US	USNC	NC157	36.4124	-79.967	1021374	0								3	Mayodan, North Carolina, United States	US	USNC	NC157	36.4124	-79.967	1021374	20260903171500	https://www.thestokesnews.com/opinion/genealogy-corner-joyce-family-reflections/article_d272559d-cf1d-44eb-b49f-6896c468313c.html
1321334901	20260903	202609	2026	2026.6658	USA	UNITED STATES	USA																		1	042	042	04	1	1.9	1	1	1	-0.28169014084507	3	Orange Beach, Alabama, United States	US	USAL	AL003	30.2944	-87.5736	124297	0								3	Gulf State Park, Alabama, United States	US	USAL		30.2652	-87.6411	119463	20260903171500	http://www.gulfcoastmedia.com/stories/fort-morgan-trail-extended-44-miles-at-gulf-state-park,346503
1321334902	20260903	202609	2026	2026.6658	USA	UNITED STATES	USA																		1	042	042	04	1	1.9	1	1	1	-0.28169014084507	3	Orange Beach, Alabama, United States	US	USAL	AL003	30.2944	-87.5736	124297	0								3	Fort Morgan, Alabama, United States	US	USAL		30.2285	-88.0231	156368	20260903171500	http://www.gulfcoastmedia.com/stories/fort-morgan-trail-extended-44-miles-at-gulf-state-park,346503
1321334903	20260903	202609	2026	2026.6658	USA	CHICAGO	USA																		1	042	042	04	1	1.9	2	1	2	-7.05128205128206	3	Hattiesburg, Mississippi, United States	US	USMS	MS035	31.3271	-89.2903	691565	0								3	Hattiesburg, Mississippi, United States	US	USMS	MS035	31.3271	-89.2903	691565	20260903171500	https://movieweb.com/by-any-means-review/
1321334904	20260903	202609	2026	2026.6658	USA	UNITED STATES	USA																		1	042	042	04	1	1.9	6	1	6	-0.28169014084507	2	Alabama, United States	US	USAL		32.799	-86.8073	AL	0								3	Fort Morgan, Alabama, United States	US	USAL		30.2285	-88.0231	156368	20260903171500	http://www.gulfcoastmedia.com/stories/fort-morgan-trail-extended-44-miles-at-gulf-state-park,346503
1321334905	20260903	202609	2026	2026.6658	USA	UNITED STATES	USA																		1	042	042	04	1	1.9	2	1	2	-4.65587044534413	2	Ohio, United States	US	USOH		40.3736	-82.7755	OH	0								3	Waupun, Wisconsin, United States	US	USWI	WI039	43.6333	-88.7296	1576324	20260903171500	https://radaronline.com/p/chris-watts-planning-prison-wedding-new-girlfriend/
1321334906	20260903	202609	2026	2026.6658	USA	UNITED STATES	USA																		1	043	043	04	1	2.8	4	1	4	-1.37659783677482	3	Rockingham County, North Carolina, United States	US	USNC	NC157	36.4001	-79.7831	1008582	0								3	Mayo River, North Carolina, United States	US	USNC		36.3901	-79.952	989503	20260903171500	https://www.thestokesnews.com/opinion/genealogy-corner-joyce-family-reflections/article_d272559d-cf1d-44eb-b49f-6896c468313c.html
1321334907	20260903	202609	2026	2026.6658	USA	UNITED STATES	USA																		1	043	043	04	1	2.8	2	1	2	-1.37659783677482	3	Rowan County, North Carolina, United States	US	USNC	NC159	35.6501	-80.5164	1008583	0								3	Rowan County, North Carolina, United States	US	USNC		35.6501	-80.5164	1008583	20260903171500	https://www.thestokesnews.com/opinion/genealogy-corner-joyce-family-reflections/article_d272559d-cf1d-44eb-b49f-6896c468313c.html
1321334908	20260903	202609	2026	2026.6658	USA	UNITED STATES	USA																		1	043	043	04	1	2.8	1	1	1	-1.37659783677482	3	Rowan County, North Carolina, United States	US	USNC	NC159	35.6501	-80.5164	1008583	0								2	Virginia, United States	US	USVA		37.768	-78.2057	VA	20260903171500	https://www.thestokesnews.com/opinion/genealogy-corner-joyce-family-reflections/article_d272559d-cf1d-44eb-b49f-6896c468313c.html
1321334909	20260903	202609	2026	2026.6658	USA	UNITED STATES	USA																		1	043	043	04	1	2.8	1	1	1	-1.37659783677482	3	Mayodan, North Carolina, United States	US	USNC	NC157	36.4124	-79.967	1021374	0								3	Mayodan, North Carolina, United States	US	USNC	NC157	36.4124	-79.967	1021374	20260903171500	https://www.thestokesnews.com/opinion/genealogy-corner-joyce-family-reflections/article_d272559d-cf1d-44eb-b49f-6896c468313c.html
1321334910	20260903	202609	2026	2026.6658	USA	NEW YORK	USA																		0	043	043	04	1	2.8	1	1	1	2.76360544217687	3	Portland, Oregon, United States	US	USOR	OR051	45.5235	-122.676	1136645	0								3	Syracuse University, New York, United States	US	USNY		43.0378	-76.1346	966969	20260903171500	https://www.wallpaper.com/art/carrie-mae-weems-guest-edits-wallpaper
1321334911	20260903	202609	2026	2026.6658	USA	UNITED STATES	USA																		0	043	043	04	1	2.8	3	1	3	2.76360544217687	3	Portland, Oregon, United States	US	USOR	OR051	45.5235	-122.676	1136645	0								2	New York, United States	US	USNY		42.1497	-74.9384	NY	20260903171500	https://www.wallpaper.com/art/carrie-mae-weems-guest-edits-wallpaper
1321334912	20260903	202609	2026	2026.6658	USA	SOUTH CAROLINA	USA																		0	043	043	04	1	2.8	2	1	2	-2.45310245310245	3	Georgetown County, South Carolina, United States	US	USSC	SC043	33.4502	-79.3498	1248002	0								3	Georgetown County, South Carolina, United States	US	USSC		33.4502	-79.3498	1248002	20260903171500	https://www.foxnews.com/us/this-is-real-bad-911-call-reveals-frantic-moments-after-autistic-daughter-5-vanished-south-carolina
1321334913	20260903	202609	2026	2026.6658	USA	UNITED STATES	USA																		1	043	043	04	1	2.8	6	1	6	-7.05128205128206	3	Chicago, Illinois, United States	US	USIL	IL031	41.85	-87.6501	423587	0								3	Hattiesburg, Mississippi, United States	US	USMS	MS035	31.3271	-89.2903	691565	20260903171500	https://movieweb.com/by-any-means-review/
1321334914	20260903	202609	2026	2026.6658	USA	COLUMBUS	USA																		0	043	043	04	1	2.8	10	1	10	3.95550061804697	3	Lincoln Park, Michigan, United States	US	USMI	MI163	42.2506	-83.1785	630462	0								3	Lincoln Park, Michigan, United States	US	USMI		42.2506	-83.1785	630462	20260903171500	https://www.greeleytribune.com/2026/09/03/upcoming-events-in-greeley-include-first-friday-art-walk-3/
1321334915	20260903	202609	2026	2026.6658	USA	UNITED STATES	USA																		1	043	043	04	1	2.8	2	1	2	-1.37659783677482	3	Mayo River, North Carolina, United States	US	USNC	NC157	36.3901	-79.952	989503	0								3	Mayo River, North Carolina, United States	US	USNC		36.3901	-79.952	989503	20260903171500	https://www.thestokesnews.com/opinion/genealogy-corner-joyce-family-reflections/article_d272559d-cf1d-44eb-b49f-6896c468313c.html
1321334916	20260903	202609	2026	2026.6658	USA	UNITED STATES	USA																		1	043	043	04	1	2.8	2	1	2	-1.37659783677482	3	Mayo River, North Carolina, United States	US	USNC	NC157	36.3901	-79.952	989503	0								2	North Carolina, United States	US	USNC		35.6411	-79.8431	NC	20260903171500	https://www.thestokesnews.com/opinion/genealogy-corner-joyce-family-reflections/article_d272559d-cf1d-44eb-b49f-6896c468313c.html
1321334917	20260903	202609	2026	2026.6658	USA	NORTH CAROLINA	USA																		1	043	043	04	1	2.8	1	1	1	-1.37659783677482	2	North Carolina, United States	US	USNC		35.6411	-79.8431	NC	0								3	Rowan County, North Carolina, United States	US	USNC		35.6501	-80.5164	1008583	20260903171500	https://www.thestokesnews.com/opinion/genealogy-corner-joyce-family-reflections/article_d272559d-cf1d-44eb-b49f-6896c468313c.html
1321334918	20260903	202609	2026	2026.6658	USA	NEW YORK	USA																		0	043	043	04	1	2.8	4	1	4	2.76360544217687	2	New York, United States	US	USNY		42.1497	-74.9384	NY	0								3	Syracuse, New York, United States	US	USNY	NY067	43.0481	-76.1474	966966	20260903171500	https://www.wallpaper.com/art/carrie-mae-weems-guest-edits-wallpaper
1321334919	20260903	202609	2026	2026.6658	USA	UNITED STATES	USA																		1	043	043	04	1	2.8	2	1	2	-4.65587044534413	2	Ohio, United States	US	USOH		40.3736	-82.7755	OH	0								3	Waupun, Wisconsin, United States	US	USWI	WI039	43.6333	-88.7296	1576324	20260903171500	https://radaronline.com/p/chris-watts-planning-prison-wedding-new-girlfriend/
1321334920	20260903	202609	2026	2026.6658	USA	UNITED STATES	USA																		1	043	043	04	1	2.8	2	1	2	-3.68271954674221	2	Wisconsin, United States	US	USWI		44.2563	-89.6385	WI	0								3	Seattle, Washington, United States	US	USWA	WA033	47.6062	-122.332	1512650	20260903171500	https://www.rismedia.com/2026/09/03/theres-something-air-that-moves-people-literally/
1321334921	20260903	202609	2026	2026.6658	USA	UNITED STATES	USA																		0	051	051	05	1	3.4	4	1	4	2.76360544217687	3	Portland, Oregon, United States	US	USOR	OR051	45.5235	-122.676	1136645	0								3	Portland, Oregon, United States	US	USOR	OR051	45.5235	-122.676	1136645	20260903171500	https://www.wallpaper.com/art/carrie-mae-weems-guest-edits-wallpaper
1321334922	20260903	202609	2026	2026.6658	USA	UNITED STATES	USA																		1	051	051	05	1	3.4	4	1	4	8.641975308642	2	Texas, United States	US	USTX		31.106	-97.6475	TX	0								3	Flour Bluff, Texas, United States	US	USTX		27.6739	-97.2789	1335977	20260903171500	https://www.kristv.com/news/local-news/in-your-neighborhood/corpus-christi/flour-bluff/all-six-flour-bluff-isd-campuses-earn-texas-purple-star-campus-designation
1321334923	20260903	202609	2026	2026.6658	USA	UNITED STATES	USA																		0	070	070	07	2	7.0	3	1	3	-3.48189415041783	3	Stanford, California, United States	US	USCA	CA085	37.4241	-122.166	1867061	0								3	Stanford, California, United States	US	USCA	CA085	37.4241	-122.166	1867061	20260903171500	https://reason.com/2026/09/03/trump-cant-deport-legal-immigrants-for-protected-speech-judge-rules/
1321334924	20260903	202609	2026	2026.6658	USA	UNITED STATES	USA																		0	070	070	07	2	7.0	1	1	1	-3.48189415041783	1	Israel	IS	IS		31.5	34.75	IS	0								1	Israel	IS	IS		31.5	34.75	IS	20260903171500	https://reason.com/2026/09/03/trump-cant-deport-legal-immigrants-for-protected-speech-judge-rules/
1321334925	20260903	202609	2026	2026.6658	USA	UNITED STATES	USA																		0	071	071	07	2	7.4	2	1	2	-3.88852883992223	1	Honduras	HO	HO		15	-86.5	HO	0								1	Honduras	HO	HO		15	-86.5	HO	20260903171500	https://www.latimes.com/california/story/2026-09-03/trump-has-new-scheme-to-surpress-california-vote-this-november-threat-is-real
1321334926	20260903	202609	2026	2026.6658	USA	A US	USA																		0	071	071	07	2	7.4	15	1	10	2.48356464572681	1	Mexico	MX	MX		23	-102	MX	0								1	Mexico	MX	MX		23	-102	MX	20260903171500	https://www.riotimesonline.com/pemex-mixed-contracts-private-investment-2026/
1321334927	20260903	202609	2026	2026.6658	USA	UNITED STATES	USA																		1	0842	084	08	2	7.0	2	1	2	2.44755244755245	3	City Of Columbia, South Carolina, United States	US	USSC	SC079	34.0364	-80.9025	2404107	0								3	City Of Columbia, South Carolina, United States	US	USSC		34.0364	-80.9025	2404107	20260903171500	https://www.thecolumbiastar.com/articles/business-briefs-249/
1321334928	20260903	202609	2026	2026.6658	USA	UNITED STATES	USA																		1	0842	084	08	2	7.0	1	1	1	2.44755244755245	2	South Carolina, United States	US	USSC		33.8191	-80.9066	SC	0								3	City Of Columbia, South Carolina, United States	US	USSC		34.0364	-80.9025	2404107	20260903171500	https://www.thecolumbiastar.com/articles/business-briefs-249/
1321334929	20260903	202609	2026	2026.6658	USA	SOUTH CAROLINA	USA																		1	0842	084	08	2	7.0	7	1	7	2.44755244755245	2	South Carolina, United States	US	USSC		33.8191	-80.9066	SC	0								2	South Carolina, United States	US	USSC		33.8191	-80.9066	SC	20260903171500	https://www.thecolumbiastar.com/articles/business-briefs-249/
1321334930	20260903	202609	2026	2026.6658	USA	UNITED STATES	USA																		0	090	090	09	2	-2.0	4	1	4	-2.45310245310245	3	Georgetown County, South Carolina, United States	US	USSC	SC043	33.4502	-79.3498	1248002	0								3	Georgetown County, South Carolina, United States	US	USSC		33.4502	-79.3498	1248002	20260903171500	https://www.foxnews.com/us/this-is-real-bad-911-call-reveals-frantic-moments-after-autistic-daughter-5-vanished-south-carolina
1321334931	20260903	202609	2026	2026.6658	USA	UNITED STATES	USA																		0	090	090	09	2	-2.0	4	1	4	7.46606334841629	3	Liberty County, Georgia, United States	US	USGA	GA179	31.8335	-81.5004	357095	0								3	Liberty County, Georgia, United States	US	USGA		31.8335	-81.5004	357095	20260903171500	https://coastalcourier.com/news/lcda-closes-year-of-progress-investments/
1321334932	20260903	202609	2026	2026.6658	USA	UNITED STATES	USA																		0	100	100	10	3	-5.0	4	1	2	-2.32193926188207	3	Richland, South Carolina, United States	US	USSC	SC081	33.9529	-81.6937	1231725	0								3	Richland, South Carolina, United States	US	USSC	SC081	33.9529	-81.6937	1231725	20260903171500	https://www.thecolumbiastar.com/articles/public-notices-1840/
1321334933	20260903	202609	2026	2026.6658	USA	UNITED STATES	USA																		0	100	100	10	3	-5.0	4	1	2	-2.32193926188207	3	Richland County, South Carolina, United States	US	USSC	SC079	34.0168	-80.9165	1249299	0								3	Richland County, South Carolina, United States	US	USSC		34.0168	-80.9165	1249299	20260903171500	https://www.thecolumbiastar.com/articles/public-notices-1840/
1321334934	20260903	202609	2026	2026.6658	USA	SOUTH CAROLINA	USA																		0	100	100	10	3	-5.0	72	1	10	-2.32193926188207	2	South Carolina, United States	US	USSC		33.8191	-80.9066	SC	0								2	South Carolina, United States	US	USSC		33.8191	-80.9066	SC	20260903171500	https://www.thecolumbiastar.com/articles/public-notices-1840/
1321334935	20260903	202609	2026	2026.6658	USA	UNITED STATES	USA																		1	110	110	11	3	-2.0	2	1	2	0.42016806722689	2	Wisconsin, United States	US	USWI		44.2563	-89.6385	WI	0								2	Wisconsin, United States	US	USWI		44.2563	-89.6385	WI	20260903171500	https://www.yahoo.com/news/politics/articles/kamala-harris-red-state-dems-164618138.html
1321334936	20260903	202609	2026	2026.6658	USA	UNITED STATES	USA																		0	112	112	11	3	-2.0	4	1	4	-3.18379160636758	2	Connecticut, United States	US	USCT		41.5834	-72.7622	CT	0								2	New York, United States	US	USNY		42.1497	-74.9384	NY	20260903171500	https://hartfordbusiness.com/article/despite-clash-with-hartford-mayor-problem-landlord-expands-city-holdings/
1321334937	20260903	202609	2026	2026.6658	USA	UNITED STATES	USA																		0	114	114	11	3	-2.0	5	1	5	-2.32193926188207	3	Richland County, South Carolina, United States	US	USSC	SC079	34.0168	-80.9165	1249299	0								3	Richland County, South Carolina, United States	US	USSC		34.0168	-80.9165	1249299	20260903171500	https://www.thecolumbiastar.com/articles/public-notices-1840/
1321334938	20260903	202609	2026	2026.6658	USA	SOUTH CAROLINA	USA																		0	114	114	11	3	-2.0	3	1	3	-2.32193926188207	2	South Carolina, United States	US	USSC		33.8191	-80.9066	SC	0								3	Richland County, South Carolina, United States	US	USSC		34.0168	-80.9165	1249299	20260903171500	https://www.thecolumbiastar.com/articles/public-notices-1840/
1321334939	20260903	202609	2026	2026.6658	USA	UNITED STATES	USA																		0	114	114	11	3	-2.0	2	1	2	-2.32193926188207	2	South Carolina, United States	US	USSC		33.8191	-80.9066	SC	0								2	South Carolina, United States	US	USSC		33.8191	-80.9066	SC	20260903171500	https://www.thecolumbiastar.com/articles/public-notices-1840/
1321334940	20260903	202609	2026	2026.6658	USA	SOUTH CAROLINA	USA																		0	115	115	11	3	-2.0	1	1	1	-2.32193926188207	3	Richland, South Carolina, United States	US	USSC	SC081	33.9529	-81.6937	1231725	0								3	Richland, South Carolina, United States	US	USSC	SC081	33.9529	-81.6937	1231725	20260903171500	https://www.thecolumbiastar.com/articles/public-notices-1840/
1321334941	20260903	202609	2026	2026.6658	USA	UNITED STATES	USA																		0	115	115	11	3	-2.0	2	1	2	-2.32193926188207	3	Richland County, South Carolina, United States	US	USSC	SC079	34.0168	-80.9165	1249299	0								3	Richland County, South Carolina, United States	US	USSC		34.0168	-80.9165	1249299	20260903171500	https://www.thecolumbiastar.com/articles/public-notices-1840/
1321334942	20260903	202609	2026	2026.6658	USA	SOUTH CAROLINA	USA																		0	115	115	11	3	-2.0	1	1	1	-2.32193926188207	2	South Carolina, United States	US	USSC		33.8191	-80.9066	SC	0								3	Richland County, South Carolina, United States	US	USSC		34.0168	-80.9165	1249299	20260903171500	https://www.thecolumbiastar.com/articles/public-notices-1840/
1321334943	20260903	202609	2026	2026.6658	USA	SOUTH CAROLINA	USA																		0	115	115	11	3	-2.0	5	1	5	-2.32193926188207	2	South Carolina, United States	US	USSC		33.8191	-80.9066	SC	0								2	South Carolina, United States	US	USSC		33.8191	-80.9066	SC	20260903171500	https://www.thecolumbiastar.com/articles/public-notices-1840/
1321334944	20260903	202609	2026	2026.6658	USA	SOUTH CAROLINA	USA																		1	130	130	13	3	-4.4	8	1	8	2.44755244755245	3	City Of Columbia, South Carolina, United States	US	USSC	SC079	34.0364	-80.9025	2404107	0								3	City Of Columbia, South Carolina, United States	US	USSC		34.0364	-80.9025	2404107	20260903171500	https://www.thecolumbiastar.com/articles/business-briefs-249/
1321334945	20260903	202609	2026	2026.6658	USA	UNITED STATES	USA																		1	130	130	13	3	-4.4	4	1	4	-12.2605363984675	3	Rochester, New York, United States	US	USNY	NY055	43.1548	-77.6156	962684	0								3	Rochester, New York, United States	US	USNY	NY055	43.1548	-77.6156	962684	20260903171500	https://13wham.com/news/local/ex-rochester-nursing-home-employee-accused-of-assaulting-resident-kirkhaven-alexander-street-cvanna-gibson
1321334946	20260903	202609	2026	2026.6658	USA	CALIFORNIA	USA																		1	138	138	13	3	-7.0	3	1	3	-5.88235294117647	3	San Diego County, California, United States	US	USCA	CA073	33.0334	-116.801	277301	0								3	San Diego County, California, United States	US	USCA		33.0334	-116.801	277301	20260903171500	https://www.kabc.com/2026/09/03/marie-now-a-hurricane/
1321334947	20260903	202609	2026	2026.6658	USA	UNITED STATES	USA																		1	172	172	17	4	-5.0	4	1	4	-4.65587044534413	2	Ohio, United States	US	USOH		40.3736	-82.7755	OH	0								2	Ohio, United States	US	USOH		40.3736	-82.7755	OH	20260903171500	https://radaronline.com/p/chris-watts-planning-prison-wedding-new-girlfriend/
1321334948	20260903	202609	2026	2026.6658	USA	UNITED STATES	USA																		1	172	172	17	4	-5.0	1	1	1	-2.39520958083833	2	Pennsylvania, United States	US	USPA		40.5773	-77.264	PA	0								2	Pennsylvania, United States	US	USPA		40.5773	-77.264	PA	20260903171500	https://reason.com/2026/09/03/mamdani-bans-the-robot-teachers/
1321334949	20260903	202609	2026	2026.6658	USA	UNITED STATES	USA																		1	173	173	17	4	-5.0	4	1	4	-9.73451327433632	3	Marion County, Indiana, United States	US	USIN	IN097	39.7684	-86.1555	450371	0								3	Marion County, Indiana, United States	US	USIN		39.7684	-86.1555	450371	20260903171500	https://www.dailystar.co.uk/news/latest-news/girl-5-who-starved-death-37624588
1321334950	20260903	202609	2026	2026.6658	USA	UNITED STATES	USA																		0	173	173	17	4	-5.0	5	1	5	-9.73451327433632	3	Marion County, Indiana, United States	US	USIN	IN097	39.7684	-86.1555	450371	0								2	Indiana, United States	US	USIN		39.8647	-86.2604	IN	20260903171500	https://www.dailystar.co.uk/news/latest-news/girl-5-who-starved-death-37624588
1321334951	20260903	202609	2026	2026.6658	USA	UNITED STATES	USA																		1	173	173	17	4	-5.0	4	1	4	-12.2605363984675	3	Rochester, New York, United States	US	USNY	NY055	43.1548	-77.6156	962684	0								3	Rochester, New York, United States	US	USNY	NY055	43.1548	-77.6156	962684	20260903171500	https://13wham.com/news/local/ex-rochester-nursing-home-employee-accused-of-assaulting-resident-kirkhaven-alexander-street-cvanna-gibson
1321334952	20260903	202609	2026	2026.6658	USA	UNITED STATES	USA																		1	180	180	18	4	-9.0	4	1	4	-12.2605363984675	3	Rochester, New York, United States	US	USNY	NY055	43.1548	-77.6156	962684	0								3	Rochester, New York, United States	US	USNY	NY055	43.1548	-77.6156	962684	20260903171500	https://13wham.com/news/local/ex-rochester-nursing-home-employee-accused-of-assaulting-resident-kirkhaven-alexander-street-cvanna-gibson
1321334953	20260903	202609	2026	2026.6658	USA	UNITED STATES	USA																		0	190	190	19	4	-10.0	4	1	4	-1.24282982791587	3	Indian Lake, Ohio, United States	US	USOH	OH091	40.4676	-80.8754	1041943	0								3	Indian Lake, Ohio, United States	US	USOH		40.4676	-80.8754	1041943	20260903171500	https://www.farmanddairy.com/columns/ohio-division-of-wildlife-history-part-3-wardens-hatcheries/927416.html
1321334954	20260903	202609	2026	2026.6658	USA	UNITED STATES	USA																		1	190	190	19	4	-10.0	6	1	6	-4.71698113207547	3	Alachua County, Florida, United States	US	USFL	FL001	29.7086	-82.3332	308548	0								3	Alachua County, Florida, United States	US	USFL		29.7086	-82.3332	308548	20260903171500	https://www.wcjb.com/2026/09/03/attempted-murderer-wanted-by-alachua-deputies-whereabouts-unknown/
1321334955	20260903	202609	2026	2026.6658	USA	UNITED STATES	USA																		0	190	190	19	4	-10.0	2	1	2	-3.02178496134927	2	Massachusetts, United States	US	USMA		42.2373	-71.5314	MA	0								3	Boston, Massachusetts, United States	US	USMA	MA025	42.3584	-71.0598	617565	20260903171500	https://www.nbcnews.com/world/europe/clancy-postpartum-psychosis-uk-treatment-rcna594470
1321334956	20260903	202609	2026	2026.6658	USA	JACKSONVILLE	USA																		0	193	193	19	4	-10.0	1	1	1	-3.58208955223881	3	San Francisco Bay, California, United States	US	USCA	CA081	37.7083	-122.28	1654951	0								3	Washington, District of Columbia, United States	US	USDC	DC001	38.8951	-77.0364	531871	20260903171500	https://coastalcourier.com/opinion/rich-lowry-dont-fear-flock-cameras/
1321334957	20260903	202609	2026	2026.6658	USA	UNITED STATES	USA																		1	193	193	19	4	-10.0	2	1	2	-5.02092050209206	3	Port Orange, Florida, United States	US	USFL	FL127	29.1383	-80.9956	295559	0								3	Port Orange, Florida, United States	US	USFL		29.1383	-80.9956	295559	20260903171500	https://www.fox35orlando.com/news/shooting-reported-inside-lobby-port-orange-police-department-police-say
1321334958	20260903	202609	2026	2026.6658	USA	UNITED STATES	USA								AGR	FISHER						AGR			0	036	036	03	1	4.0	4	1	4	1.63934426229508	2	Ohio, United States	US	USOH		40.3736	-82.7755	OH	2	Ohio, United States	US	USOH		40.3736	-82.7755	OH	2	Ohio, United States	US	USOH		40.3736	-82.7755	OH	20260903171500	https://wwd.com/fashion-news/fashion-features/gloria-steinem-political-activist-journalist-dies-at-92-1239196275/
1321334959	20260903	202609	2026	2026.6658	USA	UNITED STATES	USA								BUS	BUSINESS						BUS			1	043	043	04	1	2.8	8	1	8	2.44755244755245	3	City Of Columbia, South Carolina, United States	US	USSC	SC079	34.0364	-80.9025	2404107	3	City Of Columbia, South Carolina, United States	US	USSC		34.0364	-80.9025	2404107	3	City Of Columbia, South Carolina, United States	US	USSC		34.0364	-80.9025	2404107	20260903171500	https://www.thecolumbiastar.com/articles/business-briefs-249/
1321334960	20260903	202609	2026	2026.6658	USA	UNITED STATES	USA								CAN	CANADA	CAN								0	020	020	02	1	3.0	2	1	2	-0.63613231552163	1	Canada	CA	CA		60	-96	CA	1	Canada	CA	CA		60	-96	CA	1	Canada	CA	CA		60	-96	CA	20260903171500	https://www.saltwire.com/public-service/defence-watch/u-s-admiral-dodges-questions-about-attacking-canada-but-acknowledges-he-would-follow-trumps-orders/wcm/44e3c2a8-b5e5-4532-8d3e-c72aa16d8255
1321334961	20260903	202609	2026	2026.6658	USA	WASHINGTON	USA								CAN	OTTAWA	CAN								0	046	046	04	1	7.0	3	1	3	-4.27591770875353	3	Washington, District of Columbia, United States	US	USDC	DC001	38.8951	-77.0364	531871	4	Ottawa, Ontario, Canada	CA	CA08	12755	45.4167	-75.7	-570760	3	Washington, District of Columbia, United States	US	USDC	DC001	38.8951	-77.0364	531871	20260903171500	https://www.riotimesonline.com/usa-canada-intelligence-brief-thursday-september-3-2026/
1321334962	20260903	202609	2026	2026.6658	USA	WASHINGTON	USA								CAN	OTTAWA	CAN								0	046	046	04	1	7.0	1	1	1	-4.27591770875353	3	Washington, District of Columbia, United States	US	USDC	DC001	38.8951	-77.0364	531871	3	Washington, District of Columbia, United States	US	USDC	DC001	38.8951	-77.0364	531871	4	Ottawa, Ontario, Canada	CA	CA08	12755	45.4167	-75.7	-570760	20260903171500	https://www.riotimesonline.com/usa-canada-intelligence-brief-thursday-september-3-2026/
1321334963	20260903	202609	2026	2026.6658	USA	UNITED STATES	USA								CAN	CANADA	CAN								0	046	046	04	1	7.0	1	1	1	-4.27591770875353	3	Washington, District of Columbia, United States	US	USDC	DC001	38.8951	-77.0364	531871	3	Washington, District of Columbia, United States	US	USDC	DC001	38.8951	-77.0364	531871	3	Washington, District of Columbia, United States	US	USDC	DC001	38.8951	-77.0364	531871	20260903171500	https://www.riotimesonline.com/usa-canada-intelligence-brief-thursday-september-3-2026/
1321334964	20260903	202609	2026	2026.6658	USA	WASHINGTON	USA								CAN	OTTAWA	CAN								1	046	046	04	1	7.0	8	1	8	-4.27591770875353	1	China	CH	CH		35	105	CH	1	China	CH	CH		35	105	CH	1	China	CH	CH		35	105	CH	20260903171500	https://www.riotimesonline.com/usa-canada-intelligence-brief-thursday-september-3-2026/
1321334965	20260903	202609	2026	2026.6658	USA	WASHINGTON	USA								CAN	OTTAWA	CAN								1	046	046	04	1	7.0	2	1	2	-4.27591770875353	1	France	FR	FR		46	2	FR	1	France	FR	FR		46	2	FR	1	France	FR	FR		46	2	FR	20260903171500	https://www.riotimesonline.com/usa-canada-intelligence-brief-thursday-september-3-2026/
1321334966	20260903	202609	2026	2026.6658	USA	WASHINGTON	USA								CAN	OTTAWA	CAN								1	164	164	16	4	-7.0	9	1	7	-4.27591770875353	3	Washington, District of Columbia, United States	US	USDC	DC001	38.8951	-77.0364	531871	4	Ottawa, Ontario, Canada	CA	CA08	12755	45.4167	-75.7	-570760	4	Ottawa, Ontario, Canada	CA	CA08	12755	45.4167	-75.7	-570760	20260903171500	https://www.riotimesonline.com/usa-canada-intelligence-brief-thursday-september-3-2026/
1321334967	20260903	202609	2026	2026.6658	USA	UNITED STATES	USA								CAN	CANADA	CAN								1	164	164	16	4	-7.0	3	1	2	-4.27591770875353	3	Washington, District of Columbia, United States	US	USDC	DC001	38.8951	-77.0364	531871	3	Washington, District of Columbia, United States	US	USDC	DC001	38.8951	-77.0364	531871	4	Ottawa, Ontario, Canada	CA	CA08	12755	45.4167	-75.7	-570760	20260903171500	https://www.riotimesonline.com/usa-canada-intelligence-brief-thursday-september-3-2026/
1321334968	20260903	202609	2026	2026.6658	USA	WASHINGTON	USA								CAN	OTTAWA	CAN								0	164	164	16	4	-7.0	1	1	1	-4.27591770875353	3	Washington, District of Columbia, United States	US	USDC	DC001	38.8951	-77.0364	531871	3	Washington, District of Columbia, United States	US	USDC	DC001	38.8951	-77.0364	531871	3	Washington, District of Columbia, United States	US	USDC	DC001	38.8951	-77.0364	531871	20260903171500	https://www.riotimesonline.com/usa-canada-intelligence-brief-thursday-september-3-2026/
1321334969	20260903	202609	2026	2026.6658	USA	LAWRENCE	USA								CAN	CANADA	CAN								1	193	193	19	4	-10.0	8	1	8	-5.6	3	Lawrence County, Pennsylvania, United States	US	USPA	PA073	41.0003	-80.5001	1213676	1	Canada	CA	CA		60	-96	CA	1	Canada	CA	CA		60	-96	CA	20260903171500	https://cbs6albany.com/news/local/horses-destined-for-slaughter-in-canada-removed-from-drivers-custody-in-new-york-robert-seitz-wrgb-new-york-state-st-lawrence-county-canada
1321334970	20260903	202609	2026	2026.6658	USA	UNITED STATES	USA								CAN	CANADA	CAN								1	193	193	19	4	-10.0	2	1	2	-5.6	2	New York, United States	US	USNY		42.1497	-74.9384	NY	1	Canada	CA	CA		60	-96	CA	1	Canada	CA	CA		60	-96	CA	20260903171500	https://cbs6albany.com/news/local/horses-destined-for-slaughter-in-canada-removed-from-drivers-custody-in-new-york-robert-seitz-wrgb-new-york-state-st-lawrence-county-canada
1321334971	20260903	202609	2026	2026.6658	USA	UNITED STATES	USA								CHN	CHINA	CHN								0	042	042	04	1	1.9	2	1	2	1.65289256198347	2	Wisconsin, United States	US	USWI		44.2563	-89.6385	WI	1	China	CH	CH		35	105	CH	2	Wisconsin, United States	US	USWI		44.2563	-89.6385	WI	20260903171500	https://www.nbcnews.com/politics/2026-election/elon-musk-super-pac-midterms-republicans-rcna595909
1321334972	20260903	202609	2026	2026.6658	USA	UNITED STATES	USA								CHN	CHINA	CHN								0	042	042	04	1	1.9	2	1	2	1.65289256198347	2	Wisconsin, United States	US	USWI		44.2563	-89.6385	WI	2	Wisconsin, United States	US	USWI		44.2563	-89.6385	WI	2	Wisconsin, United States	US	USWI		44.2563	-89.6385	WI	20260903171500	https://www.nbcnews.com/politics/2026-election/elon-musk-super-pac-midterms-republicans-rcna595909
1321334973	20260903	202609	2026	2026.6658	USA	UNITED STATES	USA								COP	DEPUTIES						COP			1	190	190	19	4	-10.0	8	1	8	-4.67289719626169	3	Bannock County, Idaho, United States	US	USID	ID005	42.6507	-112.212	395091	3	Bannock County, Idaho, United States	US	USID		42.6507	-112.212	395091	3	Bannock County, Idaho, United States	US	USID		42.6507	-112.212	395091	20260903171500	https://www.idahostatejournal.com/news/crimes_court/2-men-arrested-after-shots-fired-at-motorhome-hourslong-standoff-near-trail-creek/article_2963949f-5f92-4daf-86b1-61696a276e8b.html
1321334974	20260903	202609	2026	2026.6658	USA	FLORIDA	USA								COP	POLICE						COP			1	193	193	19	4	-10.0	1	1	1	-4.5016077170418	3	Port Orange, Florida, United States	US	USFL	FL127	29.1383	-80.9956	295559	2	Florida, United States	US	USFL		27.8333	-81.717	FL	3	Port Orange, Florida, United States	US	USFL		29.1383	-80.9956	295559	20260903171500	https://www.foxnews.com/us/florida-woman-70-opens-fire-port-orange-police-department-lobby-chief-says
1321334975	20260903	202609	2026	2026.6658	USA	UNITED STATES	USA								COP	DEPUTIES						COP			1	193	193	19	4	-10.0	2	1	2	-4.67289719626169	3	Power County, Idaho, United States	US	USID	ID077	42.6932	-112.818	394951	3	Power County, Idaho, United States	US	USID		42.6932	-112.818	394951	3	Power County, Idaho, United States	US	USID		42.6932	-112.818	394951	20260903171500	https://www.idahostatejournal.com/news/crimes_court/2-men-arrested-after-shots-fired-at-motorhome-hourslong-standoff-near-trail-creek/article_2963949f-5f92-4daf-86b1-61696a276e8b.html
1321334976	20260903	202609	2026	2026.6658	USA	UNITED STATES	USA								COP	DEPUTIES						COP			1	193	193	19	4	-10.0	6	1	6	-4.67289719626169	3	Bannock County, Idaho, United States	US	USID	ID005	42.6507	-112.212	395091	3	Power County, Idaho, United States	US	USID		42.6932	-112.818	394951	3	Power County, Idaho, United States	US	USID		42.6932	-112.818	394951	20260903171500	https://www.idahostatejournal.com/news/crimes_court/2-men-arrested-after-shots-fired-at-motorhome-hourslong-standoff-near-trail-creek/article_2963949f-5f92-4daf-86b1-61696a276e8b.html
1321334977	20260903	202609	2026	2026.6658	USA	FLORIDA	USA								COP	POLICE						COP			1	193	193	19	4	-10.0	3	1	3	-4.5016077170418	2	Florida, United States	US	USFL		27.8333	-81.717	FL	2	Florida, United States	US	USFL		27.8333	-81.717	FL	2	Florida, United States	US	USFL		27.8333	-81.717	FL	20260903171500	https://www.foxnews.com/us/florida-woman-70-opens-fire-port-orange-police-department-lobby-chief-says
1321334978	20260903	202609	2026	2026.6658	USA	UNITED STATES	USA								CRM	KILLERS						CRM			0	060	060	06	2	6.0	6	2	6	-3.17757009345794	2	Mississippi, United States	US	USMS		32.7673	-89.6812	MS	2	Mississippi, United States	US	USMS		32.7673	-89.6812	MS	2	Mississippi, United States	US	USMS		32.7673	-89.6812	MS	20260903171500	https://q961.com/ixp/442/p/by-any-means-movie-review/
1321334979	20260903	202609	2026	2026.6658	USA	UNITED STATES	USA								CRM	CRIMINAL						CRM			1	173	173	17	4	-5.0	2	1	2	-9.73451327433632	3	Marion County, Indiana, United States	US	USIN	IN097	39.7684	-86.1555	450371	3	Marion County, Indiana, United States	US	USIN		39.7684	-86.1555	450371	3	Marion County, Indiana, United States	US	USIN		39.7684	-86.1555	450371	20260903171500	https://www.dailystar.co.uk/news/latest-news/girl-5-who-starved-death-37624588
1321334980	20260903	202609	2026	2026.6658	USA	UNITED STATES	USA								CRM	GANG						CRM			0	173	173	17	4	-5.0	6	1	6	-5.05529225908373	3	Carroll County, Arkansas, United States	US	USAR	AR015	36.3334	-93.5169	66975	3	Carroll County, Arkansas, United States	US	USAR		36.3334	-93.5169	66975	3	Carroll County, Arkansas, United States	US	USAR		36.3334	-93.5169	66975	20260903171500	https://www.foxnews.com/politics/dem-senate-nominee-changes-tune-ice-after-vowing-not-one-more-dime-agency
1321334981	20260903	202609	2026	2026.6658	USA	UNITED STATES	USA								CRM	GANG						CRM			0	173	173	17	4	-5.0	2	1	2	-5.05529225908373	2	Arkansas, United States	US	USAR		34.9513	-92.3809	AR	3	Sebastian County, Arkansas, United States	US	USAR		35.1668	-94.2669	69181	2	Arkansas, United States	US	USAR		34.9513	-92.3809	AR	20260903171500	https://www.foxnews.com/politics/dem-senate-nominee-changes-tune-ice-after-vowing-not-one-more-dime-agency
1321334982	20260903	202609	2026	2026.6658	USA	UNITED STATES	USA								CRM	CRIMINAL						CRM			1	190	190	19	4	-10.0	2	1	2	-9.73451327433632	3	Marion County, Indiana, United States	US	USIN	IN097	39.7684	-86.1555	450371	3	Marion County, Indiana, United States	US	USIN		39.7684	-86.1555	450371	3	Marion County, Indiana, United States	US	USIN		39.7684	-86.1555	450371	20260903171500	https://www.dailystar.co.uk/news/latest-news/girl-5-who-starved-death-37624588
1321334983	20260903	202609	2026	2026.6658	USA	UNITED STATES	USA								CVL	TOURIST						CVL			0	010	010	01	1	0.0	2	1	2	-6.36363636363636	2	New York, United States	US	USNY		42.1497	-74.9384	NY	4	Gaza, Israel (general), Israel	IS	IS00	18315	31.4167	34.3333	-797156	2	New York, United States	US	USNY		42.1497	-74.9384	NY	20260903171500	https://www.camera.org/article/new-york-magazine-doubles-down-on-erasing-israel/
1321334984	20260903	202609	2026	2026.6658	USA	UNITED STATES	USA								CVL	VOTER						CVL			1	020	020	02	1	3.0	2	1	2	-10.4208416833667	3	Hollywood, California, United States	US	USCA	CA037	34.0983	-118.327	1660757	3	Hollywood, California, United States	US	USCA	CA037	34.0983	-118.327	1660757	3	Hollywood, California, United States	US	USCA	CA037	34.0983	-118.327	1660757	20260903171500	https://www.foxnews.com/us/fox-news-antisemitism-exposed-newsletter-jewish-ags-chilling-message-voters
1321334985	20260903	202609	2026	2026.6658	USA	UNITED STATES	USA								CVL	VOTER						CVL			0	020	020	02	1	3.0	1	1	1	-5.05529225908373	3	Sebastian County, Arkansas, United States	US	USAR	AR131	35.1668	-94.2669	69181	2	Arkansas, United States	US	USAR		34.9513	-92.3809	AR	3	Sebastian County, Arkansas, United States	US	USAR		35.1668	-94.2669	69181	20260903171500	https://www.foxnews.com/politics/dem-senate-nominee-changes-tune-ice-after-vowing-not-one-more-dime-agency
1321334986	20260903	202609	2026	2026.6658	USA	UNITED STATES	USA								CVL	VOTER						CVL			0	020	020	02	1	3.0	1	1	1	-5.05529225908373	3	Sebastian County, Arkansas, United States	US	USAR	AR131	35.1668	-94.2669	69181	2	Arkansas, United States	US	USAR		34.9513	-92.3809	AR	2	Arkansas, United States	US	USAR		34.9513	-92.3809	AR	20260903171500	https://www.foxnews.com/politics/dem-senate-nominee-changes-tune-ice-after-vowing-not-one-more-dime-agency
1321334987	20260903	202609	2026	2026.6658	USA	UNITED STATES	USA								CVL	VOTER						CVL			1	020	020	02	1	3.0	1	1	1	-10.4208416833667	1	Israel	IS	IS		31.5	34.75	IS	3	Hollywood, California, United States	US	USCA	CA037	34.0983	-118.327	1660757	3	Hollywood, California, United States	US	USCA	CA037	34.0983	-118.327	1660757	20260903171500	https://www.foxnews.com/us/fox-news-antisemitism-exposed-newsletter-jewish-ags-chilling-message-voters
1321334988	20260903	202609	2026	2026.6658	USA	SOUTH CAROLINA	USA								CVL	RESIDENTS						CVL			0	030	030	03	1	4.0	2	1	2	3.21782178217822	3	City Of Cayce, South Carolina, United States	US	USSC	SC063	33.9516	-81.0601	2404011	3	City Of Cayce, South Carolina, United States	US	USSC		33.9516	-81.0601	2404011	3	City Of Cayce, South Carolina, United States	US	USSC		33.9516	-81.0601	2404011	20260903171500	https://www.thecolumbiastar.com/articles/thomas-dambo-visits-cayce-as-city-moves-forward-with-s-c-s-first-troll-installation/
1321334989	20260903	202609	2026	2026.6658	USA	SOUTH CAROLINA	USA								CVL	RESIDENTS						CVL			0	030	030	03	1	4.0	2	1	2	3.21782178217822	2	South Carolina, United States	US	USSC		33.8191	-80.9066	SC	3	City Of Cayce, South Carolina, United States	US	USSC		33.9516	-81.0601	2404011	3	City Of Cayce, South Carolina, United States	US	USSC		33.9516	-81.0601	2404011	20260903171500	https://www.thecolumbiastar.com/articles/thomas-dambo-visits-cayce-as-city-moves-forward-with-s-c-s-first-troll-installation/
1321334990	20260903	202609	2026	2026.6658	USA	SOUTH CAROLINA	USA								CVL	RESIDENTS						CVL			0	030	030	03	1	4.0	6	1	6	3.21782178217822	2	South Carolina, United States	US	USSC		33.8191	-80.9066	SC	2	South Carolina, United States	US	USSC		33.8191	-80.9066	SC	2	South Carolina, United States	US	USSC		33.8191	-80.9066	SC	20260903171500	https://www.thecolumbiastar.com/articles/thomas-dambo-visits-cayce-as-city-moves-forward-with-s-c-s-first-troll-installation/
1321334991	20260903	202609	2026	2026.6658	USA	SOUTH CAROLINA	USA								CVL	RESIDENTS						CVL			0	036	036	03	1	4.0	8	1	8	3.21782178217822	3	City Of Cayce, South Carolina, United States	US	USSC	SC063	33.9516	-81.0601	2404011	3	City Of Cayce, South Carolina, United States	US	USSC		33.9516	-81.0601	2404011	3	City Of Cayce, South Carolina, United States	US	USSC		33.9516	-81.0601	2404011	20260903171500	https://www.thecolumbiastar.com/articles/thomas-dambo-visits-cayce-as-city-moves-forward-with-s-c-s-first-troll-installation/
1321334992	20260903	202609	2026	2026.6658	USA	SOUTH CAROLINA	USA								CVL	RESIDENTS						CVL			0	036	036	03	1	4.0	2	1	2	3.21782178217822	2	South Carolina, United States	US	USSC		33.8191	-80.9066	SC	3	City Of Cayce, South Carolina, United States	US	USSC		33.9516	-81.0601	2404011	3	City Of Cayce, South Carolina, United States	US	USSC		33.9516	-81.0601	2404011	20260903171500	https://www.thecolumbiastar.com/articles/thomas-dambo-visits-cayce-as-city-moves-forward-with-s-c-s-first-troll-installation/
1321334993	20260903	202609	2026	2026.6658	USA	UNITED STATES	USA								CVL	NEIGHBORHOOD						CVL			1	040	040	04	1	1.0	2	1	2	0.36724201248623	3	Detroit, Michigan, United States	US	USMI	MI163	42.3314	-83.0458	1617959	3	Detroit, Michigan, United States	US	USMI	MI163	42.3314	-83.0458	1617959	3	Detroit, Michigan, United States	US	USMI	MI163	42.3314	-83.0458	1617959	20260903171500	https://www.thenation.com/article/politics/abdul-el-sayed-interview-michigan-senate/
1321334994	20260903	202609	2026	2026.6658	USA	DETROIT	USA								CVL	NEIGHBORHOOD						CVL			1	040	040	04	1	1.0	6	1	6	0.36724201248623	2	Michigan, United States	US	USMI		43.3504	-84.5603	MI	2	Michigan, United States	US	USMI		43.3504	-84.5603	MI	2	Michigan, United States	US	USMI		43.3504	-84.5603	MI	20260903171500	https://www.thenation.com/article/politics/abdul-el-sayed-interview-michigan-senate/
1321334995	20260903	202609	2026	2026.6658	USA	UNITED STATES	USA								CVL	CIVILIAN						CVL			0	190	190	19	4	-10.0	2	1	2	-4.5016077170418	3	Port Orange, Florida, United States	US	USFL	FL127	29.1383	-80.9956	295559	3	Port Orange, Florida, United States	US	USFL		29.1383	-80.9956	295559	3	Port Orange, Florida, United States	US	USFL		29.1383	-80.9956	295559	20260903171500	https://www.foxnews.com/us/florida-woman-70-opens-fire-port-orange-police-department-lobby-chief-says
1321334996	20260903	202609	2026	2026.6658	USA	NEW MEXICO	USA								EDU	SCHOOL						EDU			1	020	020	02	1	3.0	4	1	4	-2.39520958083833	2	New Mexico, United States	US	USNM		34.8375	-106.237	NM	2	New Mexico, United States	US	USNM		34.8375	-106.237	NM	2	New Mexico, United States	US	USNM		34.8375	-106.237	NM	20260903171500	https://reason.com/2026/09/03/mamdani-bans-the-robot-teachers/
1321334997	20260903	202609	2026	2026.6658	USA	NEW MEXICO	USA								EDU	SCHOOL						EDU			1	020	020	02	1	3.0	6	1	6	-2.39520958083833	2	Pennsylvania, United States	US	USPA		40.5773	-77.264	PA	2	Pennsylvania, United States	US	USPA		40.5773	-77.264	PA	2	Pennsylvania, United States	US	USPA		40.5773	-77.264	PA	20260903171500	https://reason.com/2026/09/03/mamdani-bans-the-robot-teachers/
1321334998	20260903	202609	2026	2026.6658	USA	UNITED STATES	USA								EDU	SCHOOL						EDU			1	036	036	03	1	4.0	4	1	4	6.76691729323308	3	Florida College, Florida, United States	US	USFL	FL057	28.0342	-82.3837	299723	3	Florida College, Florida, United States	US	USFL		28.0342	-82.3837	299723	3	Florida College, Florida, United States	US	USFL		28.0342	-82.3837	299723	20260903171500	https://www.wftv.com/news/local/florida-launches-2026-hispanic-heritage-month-contests-student-prizes/VMZX6S7UGBB2RIWTR4WN7DVROU/
1321334999	20260903	202609	2026	2026.6658	USA	UNITED STATES	USA								EDU	STUDENT						EDU			1	042	042	04	1	1.9	1	1	1	-3.42706502636204	4	Havana, Ciudad de La Habana, Cuba	CU	CU02	14613	23.1319	-82.3642	-1628751	4	Havana, Ciudad de La Habana, Cuba	CU	CU02	14613	23.1319	-82.3642	-1628751	4	Havana, Ciudad de La Habana, Cuba	CU	CU02	14613	23.1319	-82.3642	-1628751	20260903171500	https://www.thenation.com/article/archive/cias-student-activism-phase/
1321335000	20260903	202609	2026	2026.6658	USA	UNITED STATES	USA								EDU	SCHOOL						EDU			1	172	172	17	4	-5.0	1	1	1	-2.39520958083833	2	New York, United States	US	USNY		42.1497	-74.9384	NY	2	Pennsylvania, United States	US	USPA		40.5773	-77.264	PA	2	New York, United States	US	USNY		42.1497	-74.9384	NY	20260903171500	https://reason.com/2026/09/03/mamdani-bans-the-robot-teachers/
1321335001	20260903	202609	2026	2026.6658	USA	UNITED STATES	USA								EDU	SCHOOL						EDU			1	172	172	17	4	-5.0	1	1	1	-2.39520958083833	2	Pennsylvania, United States	US	USPA		40.5773	-77.264	PA	2	Pennsylvania, United States	US	USPA		40.5773	-77.264	PA	2	Pennsylvania, United States	US	USPA		40.5773	-77.264	PA	20260903171500	https://reason.com/2026/09/03/mamdani-bans-the-robot-teachers/
1321335002	20260903	202609	2026	2026.6658	USA	UNITED STATES	USA								EDUGOV	STUDENT						EDU	GOV		1	042	042	04	1	1.9	1	1	1	-3.42706502636204	4	Havana, Ciudad de La Habana, Cuba	CU	CU02	14613	23.1319	-82.3642	-1628751	4	Havana, Ciudad de La Habana, Cuba	CU	CU02	14613	23.1319	-82.3642	-1628751	4	Havana, Ciudad de La Habana, Cuba	CU	CU02	14613	23.1319	-82.3642	-1628751	20260903171500	https://www.thenation.com/article/archive/cias-student-activism-phase/
1321335003	20260903	202609	2026	2026.6658	USA	UNITED STATES	USA								EDUGOV	STUDENT						EDU	GOV		1	043	043	04	1	2.8	2	1	2	-3.42706502636204	3	Berkeley, California, United States	US	USCA	CA001	37.8716	-122.273	1658037	3	Berkeley, California, United States	US	USCA	CA001	37.8716	-122.273	1658037	3	Berkeley, California, United States	US	USCA	CA001	37.8716	-122.273	1658037	20260903171500	https://www.thenation.com/article/archive/cias-student-activism-phase/
1321335004	20260903	202609	2026	2026.6658	USA	UNITED STATES	USA								EUR	EUROPE	EUR								0	111	111	11	3	-2.0	4	1	4	-2.10859251449657	3	Smithsonian Institution, District of Columbia, United States	US	USDC	DC001	38.8887	-77.0258	531840	3	Smithsonian Institution, District of Columbia, United States	US	USDC		38.8887	-77.0258	531840	3	Smithsonian Institution, District of Columbia, United States	US	USDC		38.8887	-77.0258	531840	20260903171500	https://www.nbcnews.com/politics/trump-administration/live-blog/trump-congress-2026-midterm-election-iran-live-updates-rcna595790/
1321335005	20260903	202609	2026	2026.6658	USA	UNITED STATES	USA								GBR	UNITED KINGDOM	GBR								0	010	010	01	1	0.0	4	1	4	2.76360544217687	3	Portland, Oregon, United States	US	USOR	OR051	45.5235	-122.676	1136645	4	Weem, Perth and Kinross, United Kingdom	UK	UKW1	40177	56.6167	-3.88333	-2611063	3	Portland, Oregon, United States	US	USOR	OR051	45.5235	-122.676	1136645	20260903171500	https://www.wallpaper.com/art/carrie-mae-weems-guest-edits-wallpaper
1321335006	20260903	202609	2026	2026.6658	USA	UNITED STATES	USA								GBR	UNITED KINGDOM	GBR								0	043	043	04	1	2.8	1	1	1	3.28820116054159	3	Beverly Hills, California, United States	US	USCA	CA037	34.0736	-118.4	1652672	1	United Kingdom	UK	UK		54	-4	UK	1	United Kingdom	UK	UK		54	-4	UK	20260903171500	https://www.latimes.com/entertainment-arts/story/2026-09-03/amelia-dimoldenberg-chicken-shop-date-ending
1321335007	20260903	202609	2026	2026.6658	USA	UNITED STATES	USA								GBR	UNITED KINGDOM	GBR								0	043	043	04	1	2.8	1	1	1	3.28820116054159	3	Hollywood, California, United States	US	USCA	CA037	34.0983	-118.327	1660757	1	United Kingdom	UK	UK		54	-4	UK	1	United Kingdom	UK	UK		54	-4	UK	20260903171500	https://www.latimes.com/entertainment-arts/story/2026-09-03/amelia-dimoldenberg-chicken-shop-date-ending
1321335008	20260903	202609	2026	2026.6658	USA	UNITED STATES	USA								GBR	UNITED KINGDOM	GBR								0	046	046	04	1	7.0	4	1	4	2.76360544217687	3	Portland, Oregon, United States	US	USOR	OR051	45.5235	-122.676	1136645	4	Weem, Perth and Kinross, United Kingdom	UK	UKW1	40177	56.6167	-3.88333	-2611063	4	Weem, Perth and Kinross, United Kingdom	UK	UKW1	40177	56.6167	-3.88333	-2611063	20260903171500	https://www.wallpaper.com/art/carrie-mae-weems-guest-edits-wallpaper
1321335009	20260903	202609	2026	2026.6658	USA	UNITED STATES	USA								GBR	UNITED KINGDOM	GBR								1	046	046	04	1	7.0	1	1	1	-3.02178496134927	2	Massachusetts, United States	US	USMA		42.2373	-71.5314	MA	4	London, London, City of, United Kingdom	UK	UKH9	40110	51.5	-0.116667	-2601889	4	London, London, City of, United Kingdom	UK	UKH9	40110	51.5	-0.116667	-2601889	20260903171500	https://www.nbcnews.com/world/europe/clancy-postpartum-psychosis-uk-treatment-rcna594470
1321335010	20260903	202609	2026	2026.6658	USA	UNITED STATES	USA								GBR	UNITED KINGDOM	GBR								1	046	046	04	1	7.0	1	1	1	-3.02178496134927	2	Massachusetts, United States	US	USMA		42.2373	-71.5314	MA	4	London, London, City of, United Kingdom	UK	UKH9	40110	51.5	-0.116667	-2601889	2	Massachusetts, United States	US	USMA		42.2373	-71.5314	MA	20260903171500	https://www.nbcnews.com/world/europe/clancy-postpartum-psychosis-uk-treatment-rcna594470
1321335011	20260903	202609	2026	2026.6658	USA	UNITED STATES	USA								GBR	UNITED KINGDOM	GBR								0	051	051	05	1	3.4	4	1	4	3.28820116054159	3	Beverly Hills, California, United States	US	USCA	CA037	34.0736	-118.4	1652672	1	United Kingdom	UK	UK		54	-4	UK	1	United Kingdom	UK	UK		54	-4	UK	20260903171500	https://www.latimes.com/entertainment-arts/story/2026-09-03/amelia-dimoldenberg-chicken-shop-date-ending
1321335012	20260903	202609	2026	2026.6658	USA	THE US	USA								GBR	UNITED KINGDOM	GBR								0	0841	084	08	2	7.0	4	1	4	2.76360544217687	4	London, London, City of, United Kingdom	UK	UKH9	40110	51.5	-0.116667	-2601889	4	Weem, Perth and Kinross, United Kingdom	UK	UKW1	40177	56.6167	-3.88333	-2611063	4	Weem, Perth and Kinross, United Kingdom	UK	UKW1	40177	56.6167	-3.88333	-2611063	20260903171500	https://www.wallpaper.com/art/carrie-mae-weems-guest-edits-wallpaper
1321335013	20260903	202609	2026	2026.6658	USA	UNITED STATES	USA								GBR	UNITED KINGDOM	GBR								0	0841	084	08	2	7.0	2	1	2	2.76360544217687	3	Portland, Oregon, United States	US	USOR	OR051	45.5235	-122.676	1136645	3	Portland, Oregon, United States	US	USOR	OR051	45.5235	-122.676	1136645	3	Portland, Oregon, United States	US	USOR	OR051	45.5235	-122.676	1136645	20260903171500	https://www.wallpaper.com/art/carrie-mae-weems-guest-edits-wallpaper
1321335014	20260903	202609	2026	2026.6658	USA	UNITED STATES	USA								GBR	UNITED KINGDOM	GBR								0	0841	084	08	2	7.0	2	1	2	2.76360544217687	2	Texas, United States	US	USTX		31.106	-97.6475	TX	4	Weem, Perth and Kinross, United Kingdom	UK	UKW1	40177	56.6167	-3.88333	-2611063	4	Weem, Perth and Kinross, United Kingdom	UK	UKW1	40177	56.6167	-3.88333	-2611063	20260903171500	https://www.wallpaper.com/art/carrie-mae-weems-guest-edits-wallpaper
1321335015	20260903	202609	2026	2026.6658	USA	UNITED STATES	USA								GBR	UNITED KINGDOM	GBR								1	190	190	19	4	-10.0	2	1	2	-3.02178496134927	2	Massachusetts, United States	US	USMA		42.2373	-71.5314	MA	4	London, London, City of, United Kingdom	UK	UKH9	40110	51.5	-0.116667	-2601889	2	Massachusetts, United States	US	USMA		42.2373	-71.5314	MA	20260903171500	https://www.nbcnews.com/world/europe/clancy-postpartum-psychosis-uk-treatment-rcna594470
1321335016	20260903	202609	2026	2026.6658	USA	UNITED STATES	USA								GOV	PRESIDENT						GOV			1	020	020	02	1	3.0	2	1	2	-3.66197183098592	3	Great Lakes, Michigan, United States	US	USMI	MI031	45.6875	-84.4375	1783507	3	Great Lakes, Michigan, United States	US	USMI		45.6875	-84.4375	1783507	3	Great Lakes, Michigan, United States	US	USMI		45.6875	-84.4375	1783507	20260903171500	https://wgrd.com/asian-carp-project-restarts/
1321335017	20260903	202609	2026	2026.6658	USA	MICHIGAN	USA								GOV	PRESIDENT						GOV			1	020	020	02	1	3.0	6	1	6	-3.66197183098592	2	Michigan, United States	US	USMI		43.3504	-84.5603	MI	3	Great Lakes, Michigan, United States	US	USMI		45.6875	-84.4375	1783507	3	Great Lakes, Michigan, United States	US	USMI		45.6875	-84.4375	1783507	20260903171500	https://wgrd.com/asian-carp-project-restarts/
1321335018	20260903	202609	2026	2026.6658	USA	MICHIGAN	USA								GOV	PRESIDENT						GOV			1	040	040	04	1	1.0	8	1	8	-3.66197183098592	2	Michigan, United States	US	USMI		43.3504	-84.5603	MI	2	Michigan, United States	US	USMI		43.3504	-84.5603	MI	2	Michigan, United States	US	USMI		43.3504	-84.5603	MI	20260903171500	https://wgrd.com/asian-carp-project-restarts/
1321335019	20260903	202609	2026	2026.6658	USA	UNITED STATES	USA								GOV	CABINET						GOV			0	042	042	04	1	1.9	2	1	2	1.65289256198347	2	Wisconsin, United States	US	USWI		44.2563	-89.6385	WI	2	Wisconsin, United States	US	USWI		44.2563	-89.6385	WI	2	Wisconsin, United States	US	USWI		44.2563	-89.6385	WI	20260903171500	https://www.nbcnews.com/politics/2026-election/elon-musk-super-pac-midterms-republicans-rcna595909
1321335020	20260903	202609	2026	2026.6658	USA	DETROIT	USA								GRCEDU	RHODES	GRC					EDU			1	051	051	05	1	3.4	1	1	1	0.36724201248623	3	Detroit, Michigan, United States	US	USMI	MI163	42.3314	-83.0458	1617959	3	Detroit, Michigan, United States	US	USMI	MI163	42.3314	-83.0458	1617959	3	Detroit, Michigan, United States	US	USMI	MI163	42.3314	-83.0458	1617959	20260903171500	https://www.thenation.com/article/politics/abdul-el-sayed-interview-michigan-senate/
1321335021	20260903	202609	2026	2026.6658	USA	TENNESSEE	USA								GUY	GEORGETOWN	GUY								1	173	173	17	4	-5.0	2	1	2	-2.45310245310245	2	South Carolina, United States	US	USSC		33.8191	-80.9066	SC	2	South Carolina, United States	US	USSC		33.8191	-80.9066	SC	2	South Carolina, United States	US	USSC		33.8191	-80.9066	SC	20260903171500	https://www.foxnews.com/us/this-is-real-bad-911-call-reveals-frantic-moments-after-autistic-daughter-5-vanished-south-carolina
1321335022	20260903	202609	2026	2026.6658	USA	ORLANDO	USA								HLH	HOSPITAL						HLH			1	043	043	04	1	2.8	20	1	10	2.7027027027027	0								0								0								20260903171500	https://www.wftv.com/news/local/orange-county/arnold-palmer-hospital-hosts-buzz-bravery-support-kids-with-cancer/SKDWHL4RN5HZRBATBGBIEEBEHU/
1321335023	20260903	202609	2026	2026.6658	USA	UNITED STATES	USA								ISR	ISRAELI	ISR								0	020	020	02	1	3.0	1	1	1	-3.48189415041783	3	Stanford, California, United States	US	USCA	CA085	37.4241	-122.166	1867061	3	Stanford, California, United States	US	USCA	CA085	37.4241	-122.166	1867061	3	Stanford, California, United States	US	USCA	CA085	37.4241	-122.166	1867061	20260903171500	https://reason.com/2026/09/03/trump-cant-deport-legal-immigrants-for-protected-speech-judge-rules/
1321335024	20260903	202609	2026	2026.6658	USA	UNITED STATES	USA								ISR	ISRAELI	ISR								0	020	020	02	1	3.0	1	1	1	-3.48189415041783	3	Stanford, California, United States	US	USCA	CA085	37.4241	-122.166	1867061	1	Israel	IS	IS		31.5	34.75	IS	1	Israel	IS	IS		31.5	34.75	IS	20260903171500	https://reason.com/2026/09/03/trump-cant-deport-legal-immigrants-for-protected-speech-judge-rules/
1321335025	20260903	202609	2026	2026.6658	USA	THE US	USA								ISR	ISRAEL	ISR								1	043	043	04	1	2.8	4	1	4	-1.39616055846422	4	Jerusalem, Israel (general), Israel	IS	IS00	18315	31.7667	35.2333	-797092	4	Jerusalem, Israel (general), Israel	IS	IS00	18315	31.7667	35.2333	-797092	4	Jerusalem, Israel (general), Israel	IS	IS00	18315	31.7667	35.2333	-797092	20260903171500	https://www.standpointmag.co.uk/2026/09/03/counterpoints-june-2015-robert-low-tuvia-tenenbom-catch-the-jew/
1321335026	20260903	202609	2026	2026.6658	USA	UNITED STATES	USA								ISR	ISRAEL	ISR								0	055	055	05	1	7.0	2	1	2	-10.4208416833667	3	Hollywood, California, United States	US	USCA	CA037	34.0983	-118.327	1660757	3	Hollywood, California, United States	US	USCA	CA037	34.0983	-118.327	1660757	3	Hollywood, California, United States	US	USCA	CA037	34.0983	-118.327	1660757	20260903171500	https://www.foxnews.com/us/fox-news-antisemitism-exposed-newsletter-jewish-ags-chilling-message-voters
1321335027	20260903	202609	2026	2026.6658	USA	UNITED STATES	USA								ISR	ISRAEL	ISR								0	055	055	05	1	7.0	2	1	2	-10.4208416833667	3	Hollywood, California, United States	US	USCA	CA037	34.0983	-118.327	1660757	1	Israel	IS	IS		31.5	34.75	IS	3	Hollywood, California, United States	US	USCA	CA037	34.0983	-118.327	1660757	20260903171500	https://www.foxnews.com/us/fox-news-antisemitism-exposed-newsletter-jewish-ags-chilling-message-voters
1321335028	20260903	202609	2026	2026.6658	USA	UNITED STATES	USA								ISRMIL	ISRAEL	ISR					MIL			0	020	020	02	1	3.0	4	1	4	-3.48189415041783	3	Stanford, California, United States	US	USCA	CA085	37.4241	-122.166	1867061	1	Israel	IS	IS		31.5	34.75	IS	1	Israel	IS	IS		31.5	34.75	IS	20260903171500	https://reason.com/2026/09/03/trump-cant-deport-legal-immigrants-for-protected-speech-judge-rules/
1321335029	20260903	202609	2026	2026.6658	USA	UNITED STATES	USA								JEW	JEWISH				JEW					0	190	190	19	4	-10.0	4	1	4	-6.36363636363636	2	New York, United States	US	USNY		42.1497	-74.9384	NY	4	Gaza, Israel (general), Israel	IS	IS00	18315	31.4167	34.3333	-797156	4	Gaza, Israel (general), Israel	IS	IS00	18315	31.4167	34.3333	-797156	20260903171500	https://www.camera.org/article/new-york-magazine-doubles-down-on-erasing-israel/
1321335030	20260903	202609	2026	2026.6658	USA	THE US	USA								JEWUDX	ULTRA ORTHODOX				JEW	UDX				1	043	043	04	1	2.8	6	1	6	-1.39616055846422	4	Jerusalem, Israel (general), Israel	IS	IS00	18315	31.7667	35.2333	-797092	4	Jerusalem, Israel (general), Israel	IS	IS00	18315	31.7667	35.2333	-797092	4	Jerusalem, Israel (general), Israel	IS	IS00	18315	31.7667	35.2333	-797092	20260903171500	https://www.standpointmag.co.uk/2026/09/03/counterpoints-june-2015-robert-low-tuvia-tenenbom-catch-the-jew/
1321335031	20260903	202609	2026	2026.6658	USA	UNITED STATES	USA								JPN	JAPAN	JPN								1	042	042	04	1	1.9	2	1	2	0.99800399201596	4	Tokyo, Tokyo, Japan	JA	JA40	36340	35.685	139.751	-246227	4	Tokyo, Tokyo, Japan	JA	JA40	36340	35.685	139.751	-246227	4	Tokyo, Tokyo, Japan	JA	JA40	36340	35.685	139.751	-246227	20260903171500	https://thealabamabaptist.org/from-virtual-reality-to-face-to-face-gospel-conversations/
1321335032	20260903	202609	2026	2026.6658	USA	DELAWARE	USA								JUD	ATTORNEY						JUD			1	015	015	01	1	0.0	10	1	10	-12.3711340206186	2	New York, United States	US	USNY		42.1497	-74.9384	NY	2	New York, United States	US	USNY		42.1497	-74.9384	NY	2	New York, United States	US	USNY		42.1497	-74.9384	NY	20260903171500	https://www.wicz.com/news/sidney-man-sentenced-for-fleeing-from-police-attempting-to-serve-warrant/article_23da0b03-8a0e-4cc3-b6f3-389af1e67b1d.html
1321335033	20260903	202609	2026	2026.6658	USA	ROCHESTER	USA								JUD	COURT JUDGE						JUD			0	016	016	01	1	-2.0	7	1	7	-12.2605363984675	3	Rochester, New York, United States	US	USNY	NY055	43.1548	-77.6156	962684	3	Rochester, New York, United States	US	USNY	NY055	43.1548	-77.6156	962684	3	Rochester, New York, United States	US	USNY	NY055	43.1548	-77.6156	962684	20260903171500	https://13wham.com/news/local/ex-rochester-nursing-home-employee-accused-of-assaulting-resident-kirkhaven-alexander-street-cvanna-gibson
1321335034	20260903	202609	2026	2026.6658	USA	THE US	USA								JUD	JUDGE						JUD			1	020	020	02	1	3.0	10	1	10	-2.54098360655738	4	Caracas, Distrito Federal, Venezuela	VE	VE25	31959	10.5	-66.9167	-938457	4	Caracas, Distrito Federal, Venezuela	VE	VE25	31959	10.5	-66.9167	-938457	4	Caracas, Distrito Federal, Venezuela	VE	VE25	31959	10.5	-66.9167	-938457	20260903171500	https://www.riotimesonline.com/venezuela-oil-deal-maduro-immunity-claim/
1321335035	20260903	202609	2026	2026.6658	USA	UNITED STATES	USA								JUD	ATTORNEY						JUD			0	115	115	11	3	-2.0	1	1	1	-2.32193926188207	3	Richland, South Carolina, United States	US	USSC	SC081	33.9529	-81.6937	1231725	3	Richland, South Carolina, United States	US	USSC	SC081	33.9529	-81.6937	1231725	3	Richland, South Carolina, United States	US	USSC	SC081	33.9529	-81.6937	1231725	20260903171500	https://www.thecolumbiastar.com/articles/public-notices-1840/
1321335036	20260903	202609	2026	2026.6658	USA	UNITED STATES	USA								JUD	ATTORNEY						JUD			0	115	115	11	3	-2.0	3	1	3	-2.32193926188207	3	Richland County, South Carolina, United States	US	USSC	SC079	34.0168	-80.9165	1249299	2	South Carolina, United States	US	USSC		33.8191	-80.9066	SC	3	Richland County, South Carolina, United States	US	USSC		34.0168	-80.9165	1249299	20260903171500	https://www.thecolumbiastar.com/articles/public-notices-1840/
1321335037	20260903	202609	2026	2026.6658	USA	UNITED STATES	USA								JUD	ATTORNEY						JUD			0	115	115	11	3	-2.0	1	1	1	-2.32193926188207	2	South Carolina, United States	US	USSC		33.8191	-80.9066	SC	3	Richland County, South Carolina, United States	US	USSC		34.0168	-80.9165	1249299	2	South Carolina, United States	US	USSC		33.8191	-80.9066	SC	20260903171500	https://www.thecolumbiastar.com/articles/public-notices-1840/
1321335038	20260903	202609	2026	2026.6658	USA	SOUTH CAROLINA	USA								JUD	ATTORNEY						JUD			0	115	115	11	3	-2.0	1	1	1	-2.32193926188207	2	South Carolina, United States	US	USSC		33.8191	-80.9066	SC	2	South Carolina, United States	US	USSC		33.8191	-80.9066	SC	3	Richland County, South Carolina, United States	US	USSC		34.0168	-80.9165	1249299	20260903171500	https://www.thecolumbiastar.com/articles/public-notices-1840/
1321335039	20260903	202609	2026	2026.6658	USA	SOUTH CAROLINA	USA								JUD	ATTORNEY						JUD			0	115	115	11	3	-2.0	4	1	4	-2.32193926188207	2	South Carolina, United States	US	USSC		33.8191	-80.9066	SC	2	South Carolina, United States	US	USSC		33.8191	-80.9066	SC	2	South Carolina, United States	US	USSC		33.8191	-80.9066	SC	20260903171500	https://www.thecolumbiastar.com/articles/public-notices-1840/
1321335040	20260903	202609	2026	2026.6658	USA	DELAWARE	USA								JUD	ATTORNEY						JUD			1	173	173	17	4	-5.0	6	1	6	-12.3711340206186	3	Delaware County, New York, United States	US	USNY	NY025	42.2001	-74.9663	974111	3	Delaware County, New York, United States	US	USNY		42.2001	-74.9663	974111	3	Delaware County, New York, United States	US	USNY		42.2001	-74.9663	974111	20260903171500	https://www.wicz.com/news/sidney-man-sentenced-for-fleeing-from-police-attempting-to-serve-warrant/article_23da0b03-8a0e-4cc3-b6f3-389af1e67b1d.html
1321335041	20260903	202609	2026	2026.6658	USA	DELAWARE	USA								JUD	ATTORNEY						JUD			1	173	173	17	4	-5.0	4	1	4	-12.3711340206186	3	Delaware County, New York, United States	US	USNY	NY025	42.2001	-74.9663	974111	3	Delaware County, New York, United States	US	USNY		42.2001	-74.9663	974111	2	New York, United States	US	USNY		42.1497	-74.9384	NY	20260903171500	https://www.wicz.com/news/sidney-man-sentenced-for-fleeing-from-police-attempting-to-serve-warrant/article_23da0b03-8a0e-4cc3-b6f3-389af1e67b1d.html
1321335042	20260903	202609	2026	2026.6658	USA	UNITED STATES	USA								JUD	JUDGE						JUD			1	173	173	17	4	-5.0	1	1	1	-7.18446601941748	2	Wisconsin, United States	US	USWI		44.2563	-89.6385	WI	2	Wisconsin, United States	US	USWI		44.2563	-89.6385	WI	2	Wisconsin, United States	US	USWI		44.2563	-89.6385	WI	20260903171500	https://www.swnews4u.com/local/courtscrime/two-want-homicide-life-sentences-commuted/
1321335043	20260903	202609	2026	2026.6658	USA	ROCHESTER	USA								LAB	EMPLOYEE						LAB			1	112	112	11	3	-2.0	8	1	8	-12.2605363984675	3	Rochester, New York, United States	US	USNY	NY055	43.1548	-77.6156	962684	3	Rochester, New York, United States	US	USNY	NY055	43.1548	-77.6156	962684	3	Rochester, New York, United States	US	USNY	NY055	43.1548	-77.6156	962684	20260903171500	https://13wham.com/news/local/ex-rochester-nursing-home-employee-accused-of-assaulting-resident-kirkhaven-alexander-street-cvanna-gibson
1321335044	20260903	202609	2026	2026.6658	USA	ROCHESTER	USA								LAB	EMPLOYEE						LAB			1	180	180	18	4	-9.0	8	1	8	-12.2605363984675	3	Rochester, New York, United States	US	USNY	NY055	43.1548	-77.6156	962684	3	Rochester, New York, United States	US	USNY	NY055	43.1548	-77.6156	962684	3	Rochester, New York, United States	US	USNY	NY055	43.1548	-77.6156	962684	20260903171500	https://13wham.com/news/local/ex-rochester-nursing-home-employee-accused-of-assaulting-resident-kirkhaven-alexander-street-cvanna-gibson
1321335045	20260903	202609	2026	2026.6658	USA	UNITED STATES	USA								LEG	REPRESENTATIVES						LEG			1	010	010	01	1	0.0	4	1	4	1.40280561122245	3	Houston, Texas, United States	US	USTX	TX201	29.7633	-95.3633	1380948	3	Houston, Texas, United States	US	USTX	TX201	29.7633	-95.3633	1380948	3	Houston, Texas, United States	US	USTX	TX201	29.7633	-95.3633	1380948	20260903171500	https://www.dailystar.co.uk/showbiz/breaking-disney-star-dies-aged-37625011
1321335046	20260903	202609	2026	2026.6658	USA	UNITED STATES	USA								LEG	LAWMAKER						LEG			1	013	013	01	1	0.4	2	1	2	1.50829562594269	3	Mansfield, Ohio, United States	US	USOH	OH139	40.7584	-82.5154	1056410	3	Mansfield, Ohio, United States	US	USOH	OH139	40.7584	-82.5154	1056410	3	Mansfield, Ohio, United States	US	USOH	OH139	40.7584	-82.5154	1056410	20260903171500	https://www.richlandsource.com/2026/09/03/state-funds-could-cover-one-third-of-mansfields-1-4m-water-well-line-upgrade/
1321335047	20260903	202609	2026	2026.6658	USA	UNITED STATES	USA								LEG	CONGRESS						LEG			1	042	042	04	1	1.9	2	1	2	-1.48	2	New Jersey, United States	US	USNJ		40.314	-74.5089	NJ	2	New Jersey, United States	US	USNJ		40.314	-74.5089	NJ	2	New Jersey, United States	US	USNJ		40.314	-74.5089	NJ	20260903171500	https://www.elle.com/culture/career-politics/a73535518/congresswoman-lamonica-mciver-pregnant-prison-essay-2026/
1321335048	20260903	202609	2026	2026.6658	USA	NEW JERSEY	USA								LEG	CONGRESS						LEG			1	046	046	04	1	7.0	1	1	1	-1.48	2	New Jersey, United States	US	USNJ		40.314	-74.5089	NJ	2	New Jersey, United States	US	USNJ		40.314	-74.5089	NJ	2	New Jersey, United States	US	USNJ		40.314	-74.5089	NJ	20260903171500	https://www.elle.com/culture/career-politics/a73535518/congresswoman-lamonica-mciver-pregnant-prison-essay-2026/
1321335049	20260903	202609	2026	2026.6658	USA	UNITED STATES	USA								LEG	SENATE						LEG			1	060	060	06	2	6.0	4	1	4	1.65289256198347	1	China	CH	CH		35	105	CH	1	China	CH	CH		35	105	CH	1	China	CH	CH		35	105	CH	20260903171500	https://www.nbcnews.com/politics/2026-election/elon-musk-super-pac-midterms-republicans-rcna595909
1321335050	20260903	202609	2026	2026.6658	USA	UNITED STATES	USA								LEG	SENATE						LEG			0	060	060	06	2	6.0	6	1	6	-2.10859251449657	2	Maine, United States	US	USME		44.6074	-69.3977	ME	2	Maine, United States	US	USME		44.6074	-69.3977	ME	2	Maine, United States	US	USME		44.6074	-69.3977	ME	20260903171500	https://www.nbcnews.com/politics/trump-administration/live-blog/trump-congress-2026-midterm-election-iran-live-updates-rcna595790/
1321335051	20260903	202609	2026	2026.6658	USA	UNITED STATES	USA								LEG	SENATE						LEG			1	060	060	06	2	6.0	1	1	1	1.65289256198347	2	Wisconsin, United States	US	USWI		44.2563	-89.6385	WI	1	China	CH	CH		35	105	CH	2	Wisconsin, United States	US	USWI		44.2563	-89.6385	WI	20260903171500	https://www.nbcnews.com/politics/2026-election/elon-musk-super-pac-midterms-republicans-rcna595909
1321335052	20260903	202609	2026	2026.6658	USA	UNITED STATES	USA								LEG	SENATE						LEG			1	060	060	06	2	6.0	1	1	1	1.65289256198347	2	Wisconsin, United States	US	USWI		44.2563	-89.6385	WI	2	Wisconsin, United States	US	USWI		44.2563	-89.6385	WI	2	Wisconsin, United States	US	USWI		44.2563	-89.6385	WI	20260903171500	https://www.nbcnews.com/politics/2026-election/elon-musk-super-pac-midterms-republicans-rcna595909
1321335053	20260903	202609	2026	2026.6658	USA	UNITED STATES	USA								LEG	LEGISLATURE						LEG			1	083	083	08	2	5.0	2	1	2	-7.18446601941748	2	Wisconsin, United States	US	USWI		44.2563	-89.6385	WI	2	Wisconsin, United States	US	USWI		44.2563	-89.6385	WI	2	Wisconsin, United States	US	USWI		44.2563	-89.6385	WI	20260903171500	https://www.swnews4u.com/local/courtscrime/two-want-homicide-life-sentences-commuted/
1321335054	20260903	202609	2026	2026.6658	USA	UNITED STATES	USA								LEG	SENATE						LEG			1	110	110	11	3	-2.0	2	1	2	-0.32573289902281	2	South Carolina, United States	US	USSC		33.8191	-80.9066	SC	2	South Carolina, United States	US	USSC		33.8191	-80.9066	SC	2	South Carolina, United States	US	USSC		33.8191	-80.9066	SC	20260903171500	https://www.foxnews.com/politics/rep-ralph-norman-affirms-support-ex-rival-sen-lindsey-graham-election
1321335055	20260903	202609	2026	2026.6658	USA	UNITED STATES	USA								LEG	CHAMBER						LEG			0	190	190	19	4	-10.0	2	1	2	-5.05529225908373	2	Arkansas, United States	US	USAR		34.9513	-92.3809	AR	3	Sebastian County, Arkansas, United States	US	USAR		35.1668	-94.2669	69181	3	Carroll County, Arkansas, United States	US	USAR		36.3334	-93.5169	66975	20260903171500	https://www.foxnews.com/politics/dem-senate-nominee-changes-tune-ice-after-vowing-not-one-more-dime-agency
1321335056	20260903	202609	2026	2026.6658	USA	UNITED STATES	USA								LEG	CHAMBER						LEG			0	190	190	19	4	-10.0	2	1	2	-5.05529225908373	2	Arkansas, United States	US	USAR		34.9513	-92.3809	AR	2	Arkansas, United States	US	USAR		34.9513	-92.3809	AR	2	Arkansas, United States	US	USAR		34.9513	-92.3809	AR	20260903171500	https://www.foxnews.com/politics/dem-senate-nominee-changes-tune-ice-after-vowing-not-one-more-dime-agency
1321335057	20260903	202609	2026	2026.6658	USA	UNITED STATES	USA								MED	WRITER						MED			1	013	013	01	1	0.4	4	1	4	-0.33003300330033	2	Alabama, United States	US	USAL		32.799	-86.8073	AL	2	Alabama, United States	US	USAL		32.799	-86.8073	AL	2	Alabama, United States	US	USAL		32.799	-86.8073	AL	20260903171500	https://relix.com/news/detail/john-leventhal-to-release-new-found-album-of-instrumentals
1321335058	20260903	202609	2026	2026.6658	USA	UNITED STATES	USA								MED	WRITER						MED			1	084	084	08	2	7.0	4	1	4	-0.33003300330033	2	Alabama, United States	US	USAL		32.799	-86.8073	AL	2	Alabama, United States	US	USAL		32.799	-86.8073	AL	2	Alabama, United States	US	USAL		32.799	-86.8073	AL	20260903171500	https://relix.com/news/detail/john-leventhal-to-release-new-found-album-of-instrumentals
1321335059	20260903	202609	2026	2026.6658	USA	FLORIDA	USA								MED	WEBSITE						MED			1	110	110	11	3	-2.0	8	1	8	6.76691729323308	2	Florida, United States	US	USFL		27.8333	-81.717	FL	2	Florida, United States	US	USFL		27.8333	-81.717	FL	2	Florida, United States	US	USFL		27.8333	-81.717	FL	20260903171500	https://www.wftv.com/news/local/florida-launches-2026-hispanic-heritage-month-contests-student-prizes/VMZX6S7UGBB2RIWTR4WN7DVROU/
1321335060	20260903	202609	2026	2026.6658	USA	UNITED STATES	USA								MEX	MEXICO	MEX								0	042	042	04	1	1.9	2	1	2	-1.59857904085257	3	Washington, District of Columbia, United States	US	USDC	DC001	38.8951	-77.0364	531871	4	Gulf Of Mexico, Mexico (general), Mexico	MX	MX00	20887	25	-90	-1683344	4	Gulf Of Mexico, Mexico (general), Mexico	MX	MX00	20887	25	-90	-1683344	20260903171500	https://tribuneonlineng.com/trump-suggests-renaming-strait-of-hormuz-as-trump-strait/
1321335061	20260903	202609	2026	2026.6658	USA	UNITED STATES	USA								MEX	MEXICO	MEX								0	043	043	04	1	2.8	1	1	1	-1.59857904085257	3	Washington, District of Columbia, United States	US	USDC	DC001	38.8951	-77.0364	531871	4	Gulf Of Mexico, Mexico (general), Mexico	MX	MX00	20887	25	-90	-1683344	3	White House, District of Columbia, United States	US	USDC		38.8951	-77.0364	531871	20260903171500	https://tribuneonlineng.com/trump-suggests-renaming-strait-of-hormuz-as-trump-strait/
1321335062	20260903	202609	2026	2026.6658	USA	UNITED STATES	USA								MEX	MEXICO	MEX								0	043	043	04	1	2.8	1	1	1	-1.59857904085257	3	White House, District of Columbia, United States	US	USDC		38.8951	-77.0364	531871	3	White House, District of Columbia, United States	US	USDC		38.8951	-77.0364	531871	3	White House, District of Columbia, United States	US	USDC		38.8951	-77.0364	531871	20260903171500	https://tribuneonlineng.com/trump-suggests-renaming-strait-of-hormuz-as-trump-strait/
1321335063	20260903	202609	2026	2026.6658	USA	UNITED STATES	USA								MNCUSA	BANK OF AMERICA	USA					MNC			0	043	043	04	1	2.8	1	1	1	-2.39520958083833	3	Times Square, New York, United States	US	USNY	NY061	40.757	-73.986	967537	3	Times Square, New York, United States	US	USNY		40.757	-73.986	967537	3	Times Square, New York, United States	US	USNY		40.757	-73.986	967537	20260903171500	https://reason.com/2026/09/03/mamdani-bans-the-robot-teachers/
1321335064	20260903	202609	2026	2026.6658	USA	UNITED STATES	USA								MNCUSA	BANK OF AMERICA	USA					MNC			0	043	043	04	1	2.8	1	1	1	-2.39520958083833	3	Times Square, New York, United States	US	USNY	NY061	40.757	-73.986	967537	2	New York, United States	US	USNY		42.1497	-74.9384	NY	3	Times Square, New York, United States	US	USNY		40.757	-73.986	967537	20260903171500	https://reason.com/2026/09/03/mamdani-bans-the-robot-teachers/
1321335065	20260903	202609	2026	2026.6658	USA	UNITED STATES	USA								MNCUSA	DISNEY	USA					MNC			1	051	051	05	1	3.4	2	1	2	1.40280561122245	3	Houston, Texas, United States	US	USTX	TX201	29.7633	-95.3633	1380948	3	Houston, Texas, United States	US	USTX	TX201	29.7633	-95.3633	1380948	3	Houston, Texas, United States	US	USTX	TX201	29.7633	-95.3633	1380948	20260903171500	https://www.dailystar.co.uk/showbiz/breaking-disney-star-dies-aged-37625011
1321335066	20260903	202609	2026	2026.6658	USA	UNITED STATES	USA								MNCUSA	DISNEY	USA					MNC			1	051	051	05	1	3.4	2	1	2	1.40280561122245	3	Houston, Texas, United States	US	USTX	TX201	29.7633	-95.3633	1380948	2	Texas, United States	US	USTX		31.106	-97.6475	TX	3	Houston, Texas, United States	US	USTX	TX201	29.7633	-95.3633	1380948	20260903171500	https://www.dailystar.co.uk/showbiz/breaking-disney-star-dies-aged-37625011
1321335067	20260903	202609	2026	2026.6658	USA	UNITED STATES	USA								NGOHRI	EQUALITY NOW						NGO	HRI		1	042	042	04	1	1.9	4	1	4	2.60416666666666	2	New York, United States	US	USNY		42.1497	-74.9384	NY	2	New York, United States	US	USNY		42.1497	-74.9384	NY	2	New York, United States	US	USNY		42.1497	-74.9384	NY	20260903171500	https://www.thehollywoodgossip.com/2026/09/gloria-steinem-died-famous-feminist-voice-was-92/
1321335068	20260903	202609	2026	2026.6658	USA	UNITED STATES	USA								OPP	ACTIVIST						OPP			1	042	042	04	1	1.9	2	1	2	1.92	2	New York, United States	US	USNY		42.1497	-74.9384	NY	2	New York, United States	US	USNY		42.1497	-74.9384	NY	2	New York, United States	US	USNY		42.1497	-74.9384	NY	20260903171500	https://www.elle.com/culture/celebrities/a73603413/gloria-steinem-died-at-92/
1321335069	20260903	202609	2026	2026.6658	USA	UNITED STATES	USA								OPP	PRISONER						OPP			1	112	112	11	3	-2.0	2	1	2	-12.1495327102804	2	South Carolina, United States	US	USSC		33.8191	-80.9066	SC	2	South Carolina, United States	US	USSC		33.8191	-80.9066	SC	2	North Carolina, United States	US	USNC		35.6411	-79.8431	NC	20260903171500	https://www.ncspin.com:443/lying-liars-lie
1321335070	20260903	202609	2026	2026.6658	USA	UNITED STATES	USA								OPP	PRISONER						OPP			1	112	112	11	3	-2.0	2	1	2	-12.1495327102804	2	South Carolina, United States	US	USSC		33.8191	-80.9066	SC	2	South Carolina, United States	US	USSC		33.8191	-80.9066	SC	2	South Carolina, United States	US	USSC		33.8191	-80.9066	SC	20260903171500	https://www.ncspin.com:443/lying-liars-lie
1321335071	20260903	202609	2026	2026.6658	USA	UNITED STATES	USA								OPP	PRISONER						OPP			1	190	190	19	4	-10.0	4	1	4	-12.1495327102804	2	South Carolina, United States	US	USSC		33.8191	-80.9066	SC	2	South Carolina, United States	US	USSC		33.8191	-80.9066	SC	2	South Carolina, United States	US	USSC		33.8191	-80.9066	SC	20260903171500	https://www.ncspin.com:443/lying-liars-lie
1321335072	20260903	202609	2026	2026.6658	USA	UNITED STATES	USA								PAN	PANAMA	PAN								0	030	030	03	1	4.0	4	1	4	0.0800640512409998	4	Miraflores Locks, PanamáM, Panama	PM	PM08	93693	9	-79.6	-167193	4	Miraflores Locks, PanamáM, Panama	PM	PM08	93693	9	-79.6	-167193	4	Miraflores Locks, PanamáM, Panama	PM	PM08	93693	9	-79.6	-167193	20260903171500	https://www.riotimesonline.com/panama-canal-vasquez-farewell-independence-2026/
1321335073	20260903	202609	2026	2026.6658	USA	UNITED STATES	USA								PAN	PANAMA	PAN								0	030	030	03	1	4.0	6	1	6	0.0800640512409998	1	United States	US	US		39.828175	-98.5795	US	4	Miraflores Locks, PanamáM, Panama	PM	PM08	93693	9	-79.6	-167193	4	Miraflores Locks, PanamáM, Panama	PM	PM08	93693	9	-79.6	-167193	20260903171500	https://www.riotimesonline.com/panama-canal-vasquez-farewell-independence-2026/
1321335074	20260903	202609	2026	2026.6658	USA	UNITED STATES	USA								PAN	PANAMA	PAN								0	057	057	05	1	8.0	4	1	4	0.0800640512409998	4	Miraflores Locks, PanamáM, Panama	PM	PM08	93693	9	-79.6	-167193	4	Miraflores Locks, PanamáM, Panama	PM	PM08	93693	9	-79.6	-167193	4	Miraflores Locks, PanamáM, Panama	PM	PM08	93693	9	-79.6	-167193	20260903171500	https://www.riotimesonline.com/panama-canal-vasquez-farewell-independence-2026/
1321335075	20260903	202609	2026	2026.6658	USA	UNITED STATES	USA								PAN	PANAMA	PAN								0	057	057	05	1	8.0	6	1	6	0.0800640512409998	1	United States	US	US		39.828175	-98.5795	US	4	Miraflores Locks, PanamáM, Panama	PM	PM08	93693	9	-79.6	-167193	4	Miraflores Locks, PanamáM, Panama	PM	PM08	93693	9	-79.6	-167193	20260903171500	https://www.riotimesonline.com/panama-canal-vasquez-farewell-independence-2026/
1321335076	20260903	202609	2026	2026.6658	USA	SOUTH CAROLINA	USA								REL	WORSHIPPER									0	190	190	19	4	-10.0	2	1	2	2.76360544217687	4	Weem, Perth and Kinross, United Kingdom	UK	UKW1	40177	56.6167	-3.88333	-2611063	4	Weem, Perth and Kinross, United Kingdom	UK	UKW1	40177	56.6167	-3.88333	-2611063	4	Weem, Perth and Kinross, United Kingdom	UK	UKW1	40177	56.6167	-3.88333	-2611063	20260903171500	https://www.wallpaper.com/art/carrie-mae-weems-guest-edits-wallpaper
1321335077	20260903	202609	2026	2026.6658	USA	SOUTH CAROLINA	USA								REL	WORSHIPPER									0	190	190	19	4	-10.0	2	1	2	2.76360544217687	3	Portland, Oregon, United States	US	USOR	OR051	45.5235	-122.676	1136645	4	Weem, Perth and Kinross, United Kingdom	UK	UKW1	40177	56.6167	-3.88333	-2611063	4	Weem, Perth and Kinross, United Kingdom	UK	UKW1	40177	56.6167	-3.88333	-2611063	20260903171500	https://www.wallpaper.com/art/carrie-mae-weems-guest-edits-wallpaper
1321335078	20260903	202609	2026	2026.6658	USA	UNITED STATES	USA								REL	WORSHIPPER									0	190	190	19	4	-10.0	3	1	3	2.76360544217687	3	Charleston, South Carolina, United States	US	USSC	SC019	32.7766	-79.9309	1221516	3	Emanuel African Methodist Episcopal Church, South Carolina, United States	US	USSC		32.7874	-79.9331	1252822	3	Emanuel African Methodist Episcopal Church, South Carolina, United States	US	USSC		32.7874	-79.9331	1252822	20260903171500	https://www.wallpaper.com/art/carrie-mae-weems-guest-edits-wallpaper
1321335079	20260903	202609	2026	2026.6658	USA	UNITED STATES	USA								REL	WORSHIPPER									0	190	190	19	4	-10.0	2	1	2	2.76360544217687	3	Emanuel African Methodist Episcopal Church, South Carolina, United States	US	USSC	SC019	32.7874	-79.9331	1252822	3	Emanuel African Methodist Episcopal Church, South Carolina, United States	US	USSC		32.7874	-79.9331	1252822	3	Emanuel African Methodist Episcopal Church, South Carolina, United States	US	USSC		32.7874	-79.9331	1252822	20260903171500	https://www.wallpaper.com/art/carrie-mae-weems-guest-edits-wallpaper
1321335080	20260903	202609	2026	2026.6658	USA	SOUTH CAROLINA	USA								REL	WORSHIPPER									0	190	190	19	4	-10.0	1	1	1	2.76360544217687	2	South Carolina, United States	US	USSC		33.8191	-80.9066	SC	3	Emanuel African Methodist Episcopal Church, South Carolina, United States	US	USSC		32.7874	-79.9331	1252822	3	Emanuel African Methodist Episcopal Church, South Carolina, United States	US	USSC		32.7874	-79.9331	1252822	20260903171500	https://www.wallpaper.com/art/carrie-mae-weems-guest-edits-wallpaper
1321335081	20260903	202609	2026	2026.6658	USA	UNITED STATES	USA								UKR	UKRAINE	UKR								0	051	051	05	1	3.4	2	1	2	-2.10859251449657	3	Smithsonian Institution, District of Columbia, United States	US	USDC	DC001	38.8887	-77.0258	531840	2	Maine, United States	US	USME		44.6074	-69.3977	ME	2	Maine, United States	US	USME		44.6074	-69.3977	ME	20260903171500	https://www.nbcnews.com/politics/trump-administration/live-blog/trump-congress-2026-midterm-election-iran-live-updates-rcna595790/
1321335082	20260903	202609	2026	2026.6658	USA	UNITED STATES	USA								UKR	UKRAINE	UKR								0	051	051	05	1	3.4	4	1	4	-2.10859251449657	3	Smithsonian Institution, District of Columbia, United States	US	USDC	DC001	38.8887	-77.0258	531840	1	Ukraine	UP	UP		49	32	UP	1	Ukraine	UP	UP		49	32	UP	20260903171500	https://www.nbcnews.com/politics/trump-administration/live-blog/trump-congress-2026-midterm-election-iran-live-updates-rcna595790/
1321335083	20260903	202609	2026	2026.6658	USA	UNITED STATES	USA								UKR	UKRAINE	UKR								0	051	051	05	1	3.4	2	1	2	-2.10859251449657	2	Maine, United States	US	USME		44.6074	-69.3977	ME	1	Ukraine	UP	UP		49	32	UP	1	Ukraine	UP	UP		49	32	UP	20260903171500	https://www.nbcnews.com/politics/trump-administration/live-blog/trump-congress-2026-midterm-election-iran-live-updates-rcna595790/
1321335084	20260903	202609	2026	2026.6658	USA	SEATTLE	USA								USACVL	WISCONSIN	USA					CVL			1	042	042	04	1	1.9	8	1	8	-3.68271954674221	3	Seattle, Washington, United States	US	USWA	WA033	47.6062	-122.332	1512650	2	Wisconsin, United States	US	USWI		44.2563	-89.6385	WI	3	Seattle, Washington, United States	US	USWA	WA033	47.6062	-122.332	1512650	20260903171500	https://www.rismedia.com/2026/09/03/theres-something-air-that-moves-people-literally/
1321335085	20260903	202609	2026	2026.6658	USA	FLORIDA	USA								USAEDU	UNITED STATES	USA					EDU			1	110	110	11	3	-2.0	2	1	2	6.76691729323308	2	Florida, United States	US	USFL		27.8333	-81.717	FL	2	Florida, United States	US	USFL		27.8333	-81.717	FL	2	Florida, United States	US	USFL		27.8333	-81.717	FL	20260903171500	https://www.wftv.com/news/local/florida-launches-2026-hispanic-heritage-month-contests-student-prizes/VMZX6S7UGBB2RIWTR4WN7DVROU/
1321335086	20260903	202609	2026	2026.6658	USA	UNITED STATES	USA								USAGOV	MURKOWSKI	USA					GOV			0	011	011	01	1	-0.1	1	1	1	-0.32573289902281	3	Washington, District of Columbia, United States	US	USDC	DC001	38.8951	-77.0364	531871	3	Washington, District of Columbia, United States	US	USDC	DC001	38.8951	-77.0364	531871	3	Washington, District of Columbia, United States	US	USDC	DC001	38.8951	-77.0364	531871	20260903171500	https://www.foxnews.com/politics/rep-ralph-norman-affirms-support-ex-rival-sen-lindsey-graham-election
1321335087	20260903	202609	2026	2026.6658	USA	UNITED STATES	USA								USAGOV	OVAL OFFICE	USA					GOV			0	020	020	02	1	3.0	1	1	1	-2.10859251449657	2	Michigan, United States	US	USMI		43.3504	-84.5603	MI	1	Israel	IS	IS		31.5	34.75	IS	2	Michigan, United States	US	USMI		43.3504	-84.5603	MI	20260903171500	https://www.nbcnews.com/politics/trump-administration/live-blog/trump-congress-2026-midterm-election-iran-live-updates-rcna595790/
1321335088	20260903	202609	2026	2026.6658	USA	UNITED STATES	USA								USAGOV	UNITED STATES	USA					GOV			1	040	040	04	1	1.0	2	1	2	-3.66197183098592	2	Michigan, United States	US	USMI		43.3504	-84.5603	MI	2	Michigan, United States	US	USMI		43.3504	-84.5603	MI	2	Michigan, United States	US	USMI		43.3504	-84.5603	MI	20260903171500	https://wgrd.com/asian-carp-project-restarts/
1321335089	20260903	202609	2026	2026.6658	USA	UNITED STATES	USA								USAGOV	UNITED STATES	USA					GOV			0	046	046	04	1	7.0	2	1	2	1.13636363636363	3	Chapel Hill, North Carolina, United States	US	USNC	NC115	35.9429	-82.7088	1019601	3	Chapel Hill, North Carolina, United States	US	USNC		35.9429	-82.7088	1019601	3	Kittery, Maine, United States	US	USME	ME031	43.0881	-70.7362	569229	20260903171500	https://www.saltwire.com/news/canada/the-key-to-winning-the-canada-u-s-trade-war-is-not-retaliating-says-think-tank/wcm/20110e63-9a65-48be-badc-c35ccb3c5e81
1321335090	20260903	202609	2026	2026.6658	USA	THE US	USA								USAGOV	OBAMA	USA					GOV			0	0841	084	08	2	7.0	2	1	2	2.76360544217687	4	London, London, City of, United Kingdom	UK	UKH9	40110	51.5	-0.116667	-2601889	4	Weem, Perth and Kinross, United Kingdom	UK	UKW1	40177	56.6167	-3.88333	-2611063	4	Weem, Perth and Kinross, United Kingdom	UK	UKW1	40177	56.6167	-3.88333	-2611063	20260903171500	https://www.wallpaper.com/art/carrie-mae-weems-guest-edits-wallpaper
1321335091	20260903	202609	2026	2026.6658	USA	UNITED STATES	USA								USAJUD	UNITED STATES	USA					JUD			0	016	016	01	1	-2.0	1	1	1	-12.2605363984675	3	Rochester, New York, United States	US	USNY	NY055	43.1548	-77.6156	962684	3	Rochester, New York, United States	US	USNY	NY055	43.1548	-77.6156	962684	3	Rochester, New York, United States	US	USNY	NY055	43.1548	-77.6156	962684	20260903171500	https://13wham.com/news/local/ex-rochester-nursing-home-employee-accused-of-assaulting-resident-kirkhaven-alexander-street-cvanna-gibson
1321335092	20260903	202609	2026	2026.6658	USA	CHICAGO	USA								USAJUD	UNITED STATES	USA					JUD			1	043	043	04	1	2.8	1	1	1	-7.05128205128206	3	Hattiesburg, Mississippi, United States	US	USMS	MS035	31.3271	-89.2903	691565	3	Hattiesburg, Mississippi, United States	US	USMS	MS035	31.3271	-89.2903	691565	3	Hattiesburg, Mississippi, United States	US	USMS	MS035	31.3271	-89.2903	691565	20260903171500	https://movieweb.com/by-any-means-review/
1321335093	20260903	202609	2026	2026.6658	USA	UNITED STATES	USA								USAJUD	UNITED STATES	USA					JUD			1	083	083	08	2	5.0	2	1	2	-7.18446601941748	2	Wisconsin, United States	US	USWI		44.2563	-89.6385	WI	2	Wisconsin, United States	US	USWI		44.2563	-89.6385	WI	2	Wisconsin, United States	US	USWI		44.2563	-89.6385	WI	20260903171500	https://www.swnews4u.com/local/courtscrime/two-want-homicide-life-sentences-commuted/
1321335094	20260903	202609	2026	2026.6658	USA	UNITED STATES	USA								USALEG	UNITED STATES	USA					LEG			1	010	010	01	1	0.0	6	1	6	1.65289256198347	2	Texas, United States	US	USTX		31.106	-97.6475	TX	2	Texas, United States	US	USTX		31.106	-97.6475	TX	2	Texas, United States	US	USTX		31.106	-97.6475	TX	20260903171500	https://www.nbcnews.com/politics/2026-election/elon-musk-super-pac-midterms-republicans-rcna595909
1321335095	20260903	202609	2026	2026.6658	USA	UNITED STATES	USA								USALEG	UNITED STATES	USA					LEG			1	010	010	01	1	0.0	1	1	1	1.65289256198347	2	Wisconsin, United States	US	USWI		44.2563	-89.6385	WI	1	China	CH	CH		35	105	CH	2	Wisconsin, United States	US	USWI		44.2563	-89.6385	WI	20260903171500	https://www.nbcnews.com/politics/2026-election/elon-musk-super-pac-midterms-republicans-rcna595909
1321335096	20260903	202609	2026	2026.6658	USA	UNITED STATES	USA								USALEG	UNITED STATES	USA					LEG			1	010	010	01	1	0.0	1	1	1	1.65289256198347	2	Wisconsin, United States	US	USWI		44.2563	-89.6385	WI	2	Wisconsin, United States	US	USWI		44.2563	-89.6385	WI	2	Wisconsin, United States	US	USWI		44.2563	-89.6385	WI	20260903171500	https://www.nbcnews.com/politics/2026-election/elon-musk-super-pac-midterms-republicans-rcna595909
1321335097	20260903	202609	2026	2026.6658	USA	NORTH CAROLINA	USA								USALEG	WEST VIRGINIA	USA					LEG			1	043	043	04	1	2.8	1	1	1	-2.23978919631093	3	Fort Bragg, North Carolina, United States	US	USNC	NC093	35.1381	-79.0075	2099581	3	Fort Bragg, North Carolina, United States	US	USNC		35.1381	-79.0075	2099581	3	Fort Bragg, North Carolina, United States	US	USNC		35.1381	-79.0075	2099581	20260903171500	https://www.ncspin.com:443/adding-districts-to-the-equation
1321335098	20260903	202609	2026	2026.6658	USA	NORTH CAROLINA	USA								USALEG	WEST VIRGINIA	USA					LEG			1	043	043	04	1	2.8	5	1	5	-2.23978919631093	2	North Carolina, United States	US	USNC		35.6411	-79.8431	NC	2	West Virginia, United States	US	USWV		38.468	-80.9696	WV	2	North Carolina, United States	US	USNC		35.6411	-79.8431	NC	20260903171500	https://www.ncspin.com:443/adding-districts-to-the-equation
1321335099	20260903	202609	2026	2026.6658	USA	UNITED STATES	USA								USALEG	UNITED STATES	USA					LEG			1	043	043	04	1	2.8	2	1	2	-2.23978919631093	2	North Carolina, United States	US	USNC		35.6411	-79.8431	NC	2	West Virginia, United States	US	USWV		38.468	-80.9696	WV	2	West Virginia, United States	US	USWV		38.468	-80.9696	WV	20260903171500	https://www.ncspin.com:443/adding-districts-to-the-equation
1321335100	20260903	202609	2026	2026.6658	USA	AMERICAN	USA								VEN	CARACAS	VEN								0	060	060	06	2	6.0	1	1	1	-2.54098360655738	4	Caracas, Distrito Federal, Venezuela	VE	VE25	31959	10.5	-66.9167	-938457	4	Caracas, Distrito Federal, Venezuela	VE	VE25	31959	10.5	-66.9167	-938457	4	Caracas, Distrito Federal, Venezuela	VE	VE25	31959	10.5	-66.9167	-938457	20260903171500	https://www.riotimesonline.com/venezuela-oil-deal-maduro-immunity-claim/
1321335101	20260903	202609	2026	2026.6658	USA	AMERICAN	USA								VEN	CARACAS	VEN								0	060	060	06	2	6.0	1	1	1	-2.54098360655738	3	Miami, Florida, United States	US	USFL	FL086	25.7743	-80.1937	295004	4	Caracas, Distrito Federal, Venezuela	VE	VE25	31959	10.5	-66.9167	-938457	3	Miami, Florida, United States	US	USFL	FL086	25.7743	-80.1937	295004	20260903171500	https://www.riotimesonline.com/venezuela-oil-deal-maduro-immunity-claim/
1321335102	20260903	202609	2026	2026.6658	USA	WASHINGTON	USA								ZAF	CAPE TOWN	ZAF								0	050	050	05	1	3.5	6	1	6	-4.43686006825939	3	Washington, District of Columbia, United States	US	USDC	DC001	38.8951	-77.0364	531871	4	Johannesburg, Gauteng, South Africa	SF	SF06	77364	-26.2	28.0833	-1240261	4	Johannesburg, Gauteng, South Africa	SF	SF06	77364	-26.2	28.0833	-1240261	20260903171500	https://memeburn.com/us-judge-blocks-pentagon-blacklist-of-anthropic-in-major-ai-ruling/
1321335103	20260903	202609	2026	2026.6658	USA	UNITED STATES	USA								ZAF	CAPE TOWN	ZAF								0	050	050	05	1	3.5	4	1	4	-4.43686006825939	3	Washington, District of Columbia, United States	US	USDC	DC001	38.8951	-77.0364	531871	4	Johannesburg, Gauteng, South Africa	SF	SF06	77364	-26.2	28.0833	-1240261	3	Washington, District of Columbia, United States	US	USDC	DC001	38.8951	-77.0364	531871	20260903171500	https://memeburn.com/us-judge-blocks-pentagon-blacklist-of-anthropic-in-major-ai-ruling/
1321335104	20260903	202609	2026	2026.6658	USABUS	AMERICAN	USA					BUS			USA	MIAMI	USA								0	060	060	06	2	6.0	6	1	6	-2.54098360655738	3	Miami, Florida, United States	US	USFL	FL086	25.7743	-80.1937	295004	3	Miami, Florida, United States	US	USFL	FL086	25.7743	-80.1937	295004	3	Miami, Florida, United States	US	USFL	FL086	25.7743	-80.1937	295004	20260903171500	https://www.riotimesonline.com/venezuela-oil-deal-maduro-immunity-claim/
1321335105	20260903	202609	2026	2026.6658	USACOP	UNITED STATES	USA					COP													1	010	010	01	1	0.0	6	1	6	-4.5016077170418	3	Port Orange, Florida, United States	US	USFL	FL127	29.1383	-80.9956	295559	0								3	Port Orange, Florida, United States	US	USFL		29.1383	-80.9956	295559	20260903171500	https://www.foxnews.com/us/florida-woman-70-opens-fire-port-orange-police-department-lobby-chief-says
1321335106	20260903	202609	2026	2026.6658	USACOP	UNITED STATES	USA					COP													1	0871	087	08	2	9.0	6	1	6	-4.5016077170418	3	Port Orange, Florida, United States	US	USFL	FL127	29.1383	-80.9956	295559	0								3	Port Orange, Florida, United States	US	USFL		29.1383	-80.9956	295559	20260903171500	https://www.foxnews.com/us/florida-woman-70-opens-fire-port-orange-police-department-lobby-chief-says
1321335107	20260903	202609	2026	2026.6658	USACOP	UNITED STATES	USA					COP													1	111	111	11	3	-2.0	2	1	2	-5.02092050209206	3	Port Orange, Florida, United States	US	USFL	FL127	29.1383	-80.9956	295559	0								3	Port Orange, Florida, United States	US	USFL		29.1383	-80.9956	295559	20260903171500	https://www.fox35orlando.com/news/shooting-reported-inside-lobby-port-orange-police-department-police-say
1321335108	20260903	202609	2026	2026.6658	USACOP	UNITED STATES	USA					COP			USA	UNITED STATES	USA								1	010	010	01	1	0.0	2	1	2	-4.5016077170418	3	Port Orange, Florida, United States	US	USFL	FL127	29.1383	-80.9956	295559	3	Port Orange, Florida, United States	US	USFL		29.1383	-80.9956	295559	3	Port Orange, Florida, United States	US	USFL		29.1383	-80.9956	295559	20260903171500	https://www.foxnews.com/us/florida-woman-70-opens-fire-port-orange-police-department-lobby-chief-says
1321335109	20260903	202609	2026	2026.6658	USACOP	UNITED STATES	USA					COP			USA	UNITED STATES	USA								0	060	060	06	2	6.0	2	1	2	-4.67289719626169	3	Pocatello, Idaho, United States	US	USID	ID005	42.8713	-112.446	397053	3	Bannock County, Idaho, United States	US	USID		42.6507	-112.212	395091	3	Bannock County, Idaho, United States	US	USID		42.6507	-112.212	395091	20260903171500	https://www.idahostatejournal.com/news/crimes_court/2-men-arrested-after-shots-fired-at-motorhome-hourslong-standoff-near-trail-creek/article_2963949f-5f92-4daf-86b1-61696a276e8b.html
1321335110	20260903	202609	2026	2026.6658	USACOP	UNITED STATES	USA					COP			USA	UNITED STATES	USA								0	060	060	06	2	6.0	4	1	4	-4.67289719626169	3	Pocatello, Idaho, United States	US	USID	ID005	42.8713	-112.446	397053	3	Bannock County, Idaho, United States	US	USID		42.6507	-112.212	395091	3	Pocatello, Idaho, United States	US	USID	ID005	42.8713	-112.446	397053	20260903171500	https://www.idahostatejournal.com/news/crimes_court/2-men-arrested-after-shots-fired-at-motorhome-hourslong-standoff-near-trail-creek/article_2963949f-5f92-4daf-86b1-61696a276e8b.html
1321335111	20260903	202609	2026	2026.6658	USACOP	UNITED STATES	USA					COP			USA	UNITED STATES	USA								1	0871	087	08	2	9.0	2	1	2	-4.5016077170418	3	Port Orange, Florida, United States	US	USFL	FL127	29.1383	-80.9956	295559	3	Port Orange, Florida, United States	US	USFL		29.1383	-80.9956	295559	3	Port Orange, Florida, United States	US	USFL		29.1383	-80.9956	295559	20260903171500	https://www.foxnews.com/us/florida-woman-70-opens-fire-port-orange-police-department-lobby-chief-says
1321335112	20260903	202609	2026	2026.6658	USACVL	UNITED STATES	USA					CVL			USA	NEW JERSEY	USA								1	020	020	02	1	3.0	4	1	4	5.95533498759305	2	New Jersey, United States	US	USNJ		40.314	-74.5089	NJ	2	New Jersey, United States	US	USNJ		40.314	-74.5089	NJ	2	New Jersey, United States	US	USNJ		40.314	-74.5089	NJ	20260903171500	https://nj1015.com/nj-best-plain-slice/
1321335113	20260903	202609	2026	2026.6658	USACVL	WISCONSIN	USA					CVL			USA	SEATTLE	USA								1	043	043	04	1	2.8	8	1	8	-3.68271954674221	2	Wisconsin, United States	US	USWI		44.2563	-89.6385	WI	3	Seattle, Washington, United States	US	USWA	WA033	47.6062	-122.332	1512650	3	Seattle, Washington, United States	US	USWA	WA033	47.6062	-122.332	1512650	20260903171500	https://www.rismedia.com/2026/09/03/theres-something-air-that-moves-people-literally/
1321335114	20260903	202609	2026	2026.6658	USAEDU	FLORIDA	USA					EDU													1	110	110	11	3	-2.0	6	1	6	6.76691729323308	2	Florida, United States	US	USFL		27.8333	-81.717	FL	0								2	Florida, United States	US	USFL		27.8333	-81.717	FL	20260903171500	https://www.wftv.com/news/local/florida-launches-2026-hispanic-heritage-month-contests-student-prizes/VMZX6S7UGBB2RIWTR4WN7DVROU/
1321335115	20260903	202609	2026	2026.6658	USAEDU	FLORIDA	USA					EDU			EDU	SCHOOL						EDU			1	036	036	03	1	4.0	4	1	4	6.76691729323308	3	Florida College, Florida, United States	US	USFL	FL057	28.0342	-82.3837	299723	3	Florida College, Florida, United States	US	USFL		28.0342	-82.3837	299723	3	Florida College, Florida, United States	US	USFL		28.0342	-82.3837	299723	20260903171500	https://www.wftv.com/news/local/florida-launches-2026-hispanic-heritage-month-contests-student-prizes/VMZX6S7UGBB2RIWTR4WN7DVROU/
1321335116	20260903	202609	2026	2026.6658	USAGOV	NASA	USA					GOV													0	010	010	01	1	0.0	30	1	10	0.24834437086092	3	Baltimore, Maryland, United States	US	USMD	MD510	39.2904	-76.6122	597040	0								3	Baltimore, Maryland, United States	US	USMD	MD510	39.2904	-76.6122	597040	20260903171500	https://www.natureworldnews.com/articles/73213/20260903/roman-space-telescope-commissioning-milestones-after-launch.htm
1321335117	20260903	202609	2026	2026.6658	USAGOV	UNITED STATES	USA					GOV													0	010	010	01	1	0.0	2	1	2	-2.39520958083833	3	Times Square, New York, United States	US	USNY	NY061	40.757	-73.986	967537	0								3	Times Square, New York, United States	US	USNY		40.757	-73.986	967537	20260903171500	https://reason.com/2026/09/03/mamdani-bans-the-robot-teachers/
1321335118	20260903	202609	2026	2026.6658	USAGOV	UNITED STATES	USA					GOV													0	070	070	07	2	7.0	4	1	4	-4.71698113207547	3	Lyon County, Nevada, United States	US	USNV	NV019	39.0002	-119.126	858645	0								3	Lyon County, Nevada, United States	US	USNV		39.0002	-119.126	858645	20260903171500	https://www.2news.com/news/local/crash-near-lyon-washoe-line-sends-two-people-to-hospital/article_aa2bf77e-75b0-4829-b151-6b65914b22ee.html
1321335119	20260903	202609	2026	2026.6658	USAGOV	HARTFORD	USA					GOV													1	190	190	19	4	-10.0	5	1	5	-3.18379160636758	2	New York, United States	US	USNY		42.1497	-74.9384	NY	0								2	New York, United States	US	USNY		42.1497	-74.9384	NY	20260903171500	https://hartfordbusiness.com/article/despite-clash-with-hartford-mayor-problem-landlord-expands-city-holdings/
1321335120	20260903	202609	2026	2026.6658	USAGOV	HARTFORD	USA					GOV			BUS	LANDLORD						BUS			1	010	010	01	1	0.0	2	1	2	-3.18379160636758	2	Connecticut, United States	US	USCT		41.5834	-72.7622	CT	2	New York, United States	US	USNY		42.1497	-74.9384	NY	2	Connecticut, United States	US	USCT		41.5834	-72.7622	CT	20260903171500	https://hartfordbusiness.com/article/despite-clash-with-hartford-mayor-problem-landlord-expands-city-holdings/
1321335121	20260903	202609	2026	2026.6658	USAGOV	HARTFORD	USA					GOV			BUS	LANDLORD						BUS			1	010	010	01	1	0.0	6	1	6	-3.18379160636758	2	New York, United States	US	USNY		42.1497	-74.9384	NY	2	Connecticut, United States	US	USCT		41.5834	-72.7622	CT	2	New York, United States	US	USNY		42.1497	-74.9384	NY	20260903171500	https://hartfordbusiness.com/article/despite-clash-with-hartford-mayor-problem-landlord-expands-city-holdings/
1321335122	20260903	202609	2026	2026.6658	USAGOV	OVAL OFFICE	USA					GOV			BUS	INDUSTRY						BUS			1	186	186	18	4	-10.0	2	1	2	1.13636363636363	3	Washington, District of Columbia, United States	US	USDC	DC001	38.8951	-77.0364	531871	4	Ottawa, Ontario, Canada	CA	CA08	12755	45.4167	-75.7	-570760	4	Ottawa, Ontario, Canada	CA	CA08	12755	45.4167	-75.7	-570760	20260903171500	https://www.saltwire.com/news/canada/the-key-to-winning-the-canada-u-s-trade-war-is-not-retaliating-says-think-tank/wcm/20110e63-9a65-48be-badc-c35ccb3c5e81
1321335123	20260903	202609	2026	2026.6658	USAGOV	OVAL OFFICE	USA					GOV			BUS	INDUSTRY						BUS			1	186	186	18	4	-10.0	2	1	2	1.13636363636363	3	Washington, District of Columbia, United States	US	USDC	DC001	38.8951	-77.0364	531871	4	Ottawa, Ontario, Canada	CA	CA08	12755	45.4167	-75.7	-570760	3	Washington, District of Columbia, United States	US	USDC	DC001	38.8951	-77.0364	531871	20260903171500	https://www.saltwire.com/news/canada/the-key-to-winning-the-canada-u-s-trade-war-is-not-retaliating-says-think-tank/wcm/20110e63-9a65-48be-badc-c35ccb3c5e81
1321335124	20260903	202609	2026	2026.6658	USAGOV	HARTFORD	USA					GOV			BUS	LANDLORD						BUS			1	190	190	19	4	-10.0	5	1	5	-3.18379160636758	2	New York, United States	US	USNY		42.1497	-74.9384	NY	2	New York, United States	US	USNY		42.1497	-74.9384	NY	2	New York, United States	US	USNY		42.1497	-74.9384	NY	20260903171500	https://hartfordbusiness.com/article/despite-clash-with-hartford-mayor-problem-landlord-expands-city-holdings/
1321335125	20260903	202609	2026	2026.6658	USAGOV	OVAL OFFICE	USA					GOV			CANGOV	CANADA	CAN					GOV			1	046	046	04	1	7.0	2	1	2	1.13636363636363	3	Washington, District of Columbia, United States	US	USDC	DC001	38.8951	-77.0364	531871	4	Ottawa, Ontario, Canada	CA	CA08	12755	45.4167	-75.7	-570760	4	Ottawa, Ontario, Canada	CA	CA08	12755	45.4167	-75.7	-570760	20260903171500	https://www.saltwire.com/news/canada/the-key-to-winning-the-canada-u-s-trade-war-is-not-retaliating-says-think-tank/wcm/20110e63-9a65-48be-badc-c35ccb3c5e81
1321335126	20260903	202609	2026	2026.6658	USAGOV	UNITED STATES	USA					GOV			FRA	LYON	FRA								0	190	190	19	4	-10.0	2	1	2	-4.71698113207547	3	Lyon County, Nevada, United States	US	USNV	NV019	39.0002	-119.126	858645	3	Lyon County, Nevada, United States	US	USNV		39.0002	-119.126	858645	3	Lyon County, Nevada, United States	US	USNV		39.0002	-119.126	858645	20260903171500	https://www.2news.com/news/local/crash-near-lyon-washoe-line-sends-two-people-to-hospital/article_aa2bf77e-75b0-4829-b151-6b65914b22ee.html
1321335127	20260903	202609	2026	2026.6658	USAGOV	THE WHITE HOUSE	USA					GOV			GOV	MINIST						GOV			0	013	013	01	1	0.4	3	1	3	-0.20161290322581	3	White House, District of Columbia, United States	US	USDC		38.8951	-77.0364	531871	3	White House, District of Columbia, United States	US	USDC		38.8951	-77.0364	531871	3	White House, District of Columbia, United States	US	USDC		38.8951	-77.0364	531871	20260903171500	https://www.ibtimes.com/sam-altman-says-next-ai-models-will-sobering-openai-already-slowing-down-keep-them-under-3807098
1321335128	20260903	202609	2026	2026.6658	USAGOV	OVAL OFFICE	USA					GOV			GOV	PRESIDENT						GOV			1	046	046	04	1	7.0	8	1	8	1.13636363636363	3	Washington, District of Columbia, United States	US	USDC	DC001	38.8951	-77.0364	531871	4	Ottawa, Ontario, Canada	CA	CA08	12755	45.4167	-75.7	-570760	4	Ottawa, Ontario, Canada	CA	CA08	12755	45.4167	-75.7	-570760	20260903171500	https://www.saltwire.com/news/canada/the-key-to-winning-the-canada-u-s-trade-war-is-not-retaliating-says-think-tank/wcm/20110e63-9a65-48be-badc-c35ccb3c5e81
1321335129	20260903	202609	2026	2026.6658	USAGOV	THE US	USA					GOV			GOV	PRINCE						GOV			1	051	051	05	1	3.4	8	1	8	-3.19917440660474	4	London, London, City of, United Kingdom	UK	UKH9	40110	51.5	-0.116667	-2601889	4	London, London, City of, United Kingdom	UK	UKH9	40110	51.5	-0.116667	-2601889	4	London, London, City of, United Kingdom	UK	UKH9	40110	51.5	-0.116667	-2601889	20260903171500	https://radaronline.com/p/donald-trump-prince-harry-us-reentry-visa-row/
1321335130	20260903	202609	2026	2026.6658	USAGOV	THE WHITE HOUSE	USA					GOV			GOV	MINIST						GOV			0	051	051	05	1	3.4	1	1	1	-0.20161290322581	3	White House, District of Columbia, United States	US	USDC		38.8951	-77.0364	531871	3	White House, District of Columbia, United States	US	USDC		38.8951	-77.0364	531871	3	Chapel Hill, North Carolina, United States	US	USNC		35.9429	-82.7088	1019601	20260903171500	https://www.ibtimes.com/sam-altman-says-next-ai-models-will-sobering-openai-already-slowing-down-keep-them-under-3807098
1321335131	20260903	202609	2026	2026.6658	USAGOV	NASA	USA					GOV			IRL	IRELAND	IRL								0	043	043	04	1	2.8	2	1	2	1.71306209850107	3	Mountain View, California, United States	US	USCA	CA071	34.5064	-117.359	246299	4	Strancally Castle, Waterford, Ireland	EI	EI27	18306	52.0686	-7.87694	-1505797	4	Strancally Castle, Waterford, Ireland	EI	EI27	18306	52.0686	-7.87694	-1505797	20260903171500	https://www.hellomagazine.com/homes/921554/mark-zuckerberg-buys-castle-ireland/
1321335132	20260903	202609	2026	2026.6658	USAGOV	THE WHITE HOUSE	USA					GOV			MED	MEDIA						MED			1	051	051	05	1	3.4	6	1	6	-1.59857904085257	3	White House, District of Columbia, United States	US	USDC		38.8951	-77.0364	531871	3	White House, District of Columbia, United States	US	USDC		38.8951	-77.0364	531871	3	White House, District of Columbia, United States	US	USDC		38.8951	-77.0364	531871	20260903171500	https://tribuneonlineng.com/trump-suggests-renaming-strait-of-hormuz-as-trump-strait/
1321335133	20260903	202609	2026	2026.6658	USAGOV	HARTFORD	USA					GOV			USA	UNITED STATES	USA								1	010	010	01	1	0.0	2	1	2	-3.18379160636758	2	Connecticut, United States	US	USCT		41.5834	-72.7622	CT	2	Connecticut, United States	US	USCT		41.5834	-72.7622	CT	2	Connecticut, United States	US	USCT		41.5834	-72.7622	CT	20260903171500	https://hartfordbusiness.com/article/despite-clash-with-hartford-mayor-problem-landlord-expands-city-holdings/
1321335134	20260903	202609	2026	2026.6658	USAGOV	THE WHITE HOUSE	USA					GOV			USA	AMERICAN	USA								0	020	020	02	1	3.0	5	1	5	-0.63613231552163	1	Canada	CA	CA		60	-96	CA	1	Canada	CA	CA		60	-96	CA	1	Canada	CA	CA		60	-96	CA	20260903171500	https://www.saltwire.com/public-service/defence-watch/u-s-admiral-dodges-questions-about-attacking-canada-but-acknowledges-he-would-follow-trumps-orders/wcm/44e3c2a8-b5e5-4532-8d3e-c72aa16d8255
1321335135	20260903	202609	2026	2026.6658	USAGOV	UNITED STATES	USA					GOV			USA	UNITED STATES	USA								1	040	040	04	1	1.0	2	1	2	-3.66197183098592	2	Michigan, United States	US	USMI		43.3504	-84.5603	MI	2	Michigan, United States	US	USMI		43.3504	-84.5603	MI	2	Michigan, United States	US	USMI		43.3504	-84.5603	MI	20260903171500	https://wgrd.com/asian-carp-project-restarts/
1321335136	20260903	202609	2026	2026.6658	USAGOV	UNITED STATES	USA					GOV			USA	UNITED STATES	USA								0	046	046	04	1	7.0	2	1	2	1.13636363636363	3	Chapel Hill, North Carolina, United States	US	USNC	NC115	35.9429	-82.7088	1019601	3	Chapel Hill, North Carolina, United States	US	USNC		35.9429	-82.7088	1019601	3	Kittery, Maine, United States	US	USME	ME031	43.0881	-70.7362	569229	20260903171500	https://www.saltwire.com/news/canada/the-key-to-winning-the-canada-u-s-trade-war-is-not-retaliating-says-think-tank/wcm/20110e63-9a65-48be-badc-c35ccb3c5e81
1321335137	20260903	202609	2026	2026.6658	USAGOV	THE US	USA					GOV			USA	UNITED STATES	USA								1	051	051	05	1	3.4	2	1	2	-3.19917440660474	2	California, United States	US	USCA		36.17	-119.746	CA	2	California, United States	US	USCA		36.17	-119.746	CA	2	California, United States	US	USCA		36.17	-119.746	CA	20260903171500	https://radaronline.com/p/donald-trump-prince-harry-us-reentry-visa-row/
1321335138	20260903	202609	2026	2026.6658	USAGOV	THE WHITE HOUSE	USA					GOV			USA	UNITED STATES	USA								1	100	100	10	3	-5.0	2	1	2	-3.66197183098592	3	Great Lakes, Michigan, United States	US	USMI	MI031	45.6875	-84.4375	1783507	3	White House, District of Columbia, United States	US	USDC		38.8951	-77.0364	531871	3	White House, District of Columbia, United States	US	USDC		38.8951	-77.0364	531871	20260903171500	https://wgrd.com/asian-carp-project-restarts/
1321335139	20260903	202609	2026	2026.6658	USAGOV	THE WHITE HOUSE	USA					GOV			USA	UNITED STATES	USA								1	100	100	10	3	-5.0	2	1	2	-3.66197183098592	3	White House, District of Columbia, United States	US	USDC		38.8951	-77.0364	531871	3	White House, District of Columbia, United States	US	USDC		38.8951	-77.0364	531871	3	White House, District of Columbia, United States	US	USDC		38.8951	-77.0364	531871	20260903171500	https://wgrd.com/asian-carp-project-restarts/
1321335140	20260903	202609	2026	2026.6658	USAGOV	UNITED STATES	USA					GOV			USA	UNITED STATES	USA								0	114	114	11	3	-2.0	4	1	4	-1.87667560321716	3	White House, District of Columbia, United States	US	USDC		38.8951	-77.0364	531871	3	White House, District of Columbia, United States	US	USDC		38.8951	-77.0364	531871	3	White House, District of Columbia, United States	US	USDC		38.8951	-77.0364	531871	20260903171500	https://radaronline.com/p/jill-biden-shades-melania-trump-east-wing-was-dingy-dull-white-house/
1321335141	20260903	202609	2026	2026.6658	USAGOV	UNITED STATES	USA					GOV			USAGOV	UNITED STATES	USA					GOV			1	020	020	02	1	3.0	2	1	2	-3.66197183098592	3	Great Lakes, Michigan, United States	US	USMI	MI031	45.6875	-84.4375	1783507	3	Great Lakes, Michigan, United States	US	USMI		45.6875	-84.4375	1783507	3	Great Lakes, Michigan, United States	US	USMI		45.6875	-84.4375	1783507	20260903171500	https://wgrd.com/asian-carp-project-restarts/
1321335142	20260903	202609	2026	2026.6658	USAJUD	UNITED STATES	USA					JUD													1	010	010	01	1	0.0	2	1	2	2.72206303724928	2	Alabama, United States	US	USAL		32.799	-86.8073	AL	0								2	Alabama, United States	US	USAL		32.799	-86.8073	AL	20260903171500	https://www.thestokesnews.com/opinion/as-best-as-i-remember-good-morning-sir/article_55666011-0a72-4de6-bfd8-ee31a74a646d.html
1321335143	20260903	202609	2026	2026.6658	USAJUD	UNITED STATES	USA					JUD													1	173	173	17	4	-5.0	1	1	1	-7.18446601941748	2	Wisconsin, United States	US	USWI		44.2563	-89.6385	WI	0								2	Wisconsin, United States	US	USWI		44.2563	-89.6385	WI	20260903171500	https://www.swnews4u.com/local/courtscrime/two-want-homicide-life-sentences-commuted/
1321335144	20260903	202609	2026	2026.6658	USAJUD	UNITED STATES	USA					JUD			USA	CHICAGO	USA								1	042	042	04	1	1.9	1	1	1	-7.05128205128206	3	Hattiesburg, Mississippi, United States	US	USMS	MS035	31.3271	-89.2903	691565	3	Hattiesburg, Mississippi, United States	US	USMS	MS035	31.3271	-89.2903	691565	3	Hattiesburg, Mississippi, United States	US	USMS	MS035	31.3271	-89.2903	691565	20260903171500	https://movieweb.com/by-any-means-review/
1321335145	20260903	202609	2026	2026.6658	USAJUD	THE US	USA					JUD			USA	UNITED STATES	USA								1	051	051	05	1	3.4	2	1	2	0.94876660341556	2	New York, United States	US	USNY		42.1497	-74.9384	NY	2	New York, United States	US	USNY		42.1497	-74.9384	NY	2	New York, United States	US	USNY		42.1497	-74.9384	NY	20260903171500	https://tribuneonlineng.com/feminist-icon-gloria-steinem-dies-at-92/
1321335146	20260903	202609	2026	2026.6658	USAJUD	UNITED STATES	USA					JUD			USA	UNITED STATES	USA								1	112	112	11	3	-2.0	1	1	1	-7.18446601941748	2	Wisconsin, United States	US	USWI		44.2563	-89.6385	WI	2	Wisconsin, United States	US	USWI		44.2563	-89.6385	WI	2	Wisconsin, United States	US	USWI		44.2563	-89.6385	WI	20260903171500	https://www.swnews4u.com/local/courtscrime/two-want-homicide-life-sentences-commuted/
1321335147	20260903	202609	2026	2026.6658	USAJUD	UNITED STATES	USA					JUD			USA	UNITED STATES	USA								1	173	173	17	4	-5.0	1	1	1	-7.18446601941748	2	Wisconsin, United States	US	USWI		44.2563	-89.6385	WI	2	Wisconsin, United States	US	USWI		44.2563	-89.6385	WI	2	Wisconsin, United States	US	USWI		44.2563	-89.6385	WI	20260903171500	https://www.swnews4u.com/local/courtscrime/two-want-homicide-life-sentences-commuted/
1321335148	20260903	202609	2026	2026.6658	USALAB	UNITED STATES	USA					LAB													0	042	042	04	1	1.9	4	1	4	-2.39520958083833	3	Times Square, New York, United States	US	USNY	NY061	40.757	-73.986	967537	0								3	Times Square, New York, United States	US	USNY		40.757	-73.986	967537	20260903171500	https://reason.com/2026/09/03/mamdani-bans-the-robot-teachers/
1321335149	20260903	202609	2026	2026.6658	USALEG	WEST VIRGINIA	USA					LEG			USA	NORTH CAROLINA	USA								1	042	042	04	1	1.9	1	1	1	-2.23978919631093	3	Fort Bragg, North Carolina, United States	US	USNC	NC093	35.1381	-79.0075	2099581	3	Fort Bragg, North Carolina, United States	US	USNC		35.1381	-79.0075	2099581	3	Fort Bragg, North Carolina, United States	US	USNC		35.1381	-79.0075	2099581	20260903171500	https://www.ncspin.com:443/adding-districts-to-the-equation
1321335150	20260903	202609	2026	2026.6658	USALEG	WEST VIRGINIA	USA					LEG			USA	NORTH CAROLINA	USA								1	042	042	04	1	1.9	6	1	6	-2.23978919631093	2	North Carolina, United States	US	USNC		35.6411	-79.8431	NC	2	North Carolina, United States	US	USNC		35.6411	-79.8431	NC	2	North Carolina, United States	US	USNC		35.6411	-79.8431	NC	20260903171500	https://www.ncspin.com:443/adding-districts-to-the-equation
1321335151	20260903	202609	2026	2026.6658	USALEG	WEST VIRGINIA	USA					LEG			USA	NORTH CAROLINA	USA								1	042	042	04	1	1.9	1	1	1	-2.23978919631093	2	West Virginia, United States	US	USWV		38.468	-80.9696	WV	2	North Carolina, United States	US	USNC		35.6411	-79.8431	NC	2	North Carolina, United States	US	USNC		35.6411	-79.8431	NC	20260903171500	https://www.ncspin.com:443/adding-districts-to-the-equation
1321335152	20260903	202609	2026	2026.6658	USAMED	REUTERS	USA					MED													1	010	010	01	1	0.0	10	1	10	2.48447204968944	4	Bengaluru, Karnataka, India	IN	IN19	70159	12.9833	77.5833	-2090174	0								4	Bengaluru, Karnataka, India	IN	IN19	70159	12.9833	77.5833	-2090174	20260903171500	https://www.aol.com/articles/revolut-wins-conditional-us-banking-163107000.html
1321335153	20260903	202609	2026	2026.6658	USAMED	ASSOCIATED PRESS	USA					MED													1	084	084	08	2	7.0	6	1	6	0.12004801920768	4	Wuhan, Hubei, China	CH	CH12	13124	30.5833	114.267	-1930776	0								4	Wuhan, Hubei, China	CH	CH12	13124	30.5833	114.267	-1930776	20260903171500	https://www.portlandmercury.com/good-morning-news/good-morning-news-when-is-the-big-gloria-steinem-meetup-vigil-guys-plus-a-new-name-proposal-for-cesar-chavez-blvd/
1321335154	20260903	202609	2026	2026.6658	USAMED	ASSOCIATED PRESS	USA					MED													1	084	084	08	2	7.0	2	1	2	0.12004801920768	1	Japan	JA	JA		36	138	JA	0								1	Japan	JA	JA		36	138	JA	20260903171500	https://www.portlandmercury.com/good-morning-news/good-morning-news-when-is-the-big-gloria-steinem-meetup-vigil-guys-plus-a-new-name-proposal-for-cesar-chavez-blvd/
1321335155	20260903	202609	2026	2026.6658	USAMED	UNITED STATES	USA					MED			ISR	ISRAEL	ISR								0	173	173	17	4	-5.0	1	1	1	-6.36363636363636	2	New York, United States	US	USNY		42.1497	-74.9384	NY	4	Gaza, Israel (general), Israel	IS	IS00	18315	31.4167	34.3333	-797156	4	Gaza, Israel (general), Israel	IS	IS00	18315	31.4167	34.3333	-797156	20260903171500	https://www.camera.org/article/new-york-magazine-doubles-down-on-erasing-israel/
1321335156	20260903	202609	2026	2026.6658	USAMED	UNITED STATES	USA					MED			ISR	ISRAEL	ISR								0	173	173	17	4	-5.0	1	1	1	-6.36363636363636	2	New York, United States	US	USNY		42.1497	-74.9384	NY	2	New York, United States	US	USNY		42.1497	-74.9384	NY	2	New York, United States	US	USNY		42.1497	-74.9384	NY	20260903171500	https://www.camera.org/article/new-york-magazine-doubles-down-on-erasing-israel/
1321335157	20260903	202609	2026	2026.6658	USAMED	ASSOCIATED PRESS	USA					MED			JPN	JAPAN	JPN								1	084	084	08	2	7.0	2	1	2	0.12004801920768	1	Japan	JA	JA		36	138	JA	1	Japan	JA	JA		36	138	JA	1	Japan	JA	JA		36	138	JA	20260903171500	https://www.portlandmercury.com/good-morning-news/good-morning-news-when-is-the-big-gloria-steinem-meetup-vigil-guys-plus-a-new-name-proposal-for-cesar-chavez-blvd/
1321335158	20260903	202609	2026	2026.6658	USAREL	UNITED STATES	USA																		1	010	010	01	1	0.0	1	1	1	-0.82236842105264	1	Marshall Islands	RM	RM		10	167	RM	0								1	Marshall Islands	RM	RM		10	167	RM	20260903171500	https://www.kristv.com/news/local-news/in-your-neighborhood/corpus-christi/6-things-to-know-ingleside-still-under-water-boil-notice-abbott-to-beeville
1321335159	20260903	202609	2026	2026.6658	USAREL	UNITED STATES	USA								USA	UNITED STATES	USA								1	010	010	01	1	0.0	1	1	1	-0.82236842105264	1	Marshall Islands	RM	RM		10	167	RM	1	Marshall Islands	RM	RM		10	167	RM	1	Marshall Islands	RM	RM		10	167	RM	20260903171500	https://www.kristv.com/news/local-news/in-your-neighborhood/corpus-christi/6-things-to-know-ingleside-still-under-water-boil-notice-abbott-to-beeville
1321335160	20260903	202609	2026	2026.6658	VAT	VATICAN	VAT								CHR	DIOCESE				CHR					0	037	037	03	1	5.0	4	1	4	-0.55172413793103	4	Pueyo, Navarra, Spain	SP	SP32	25823	42.5651	-1.64826	-397899	1	Vatican City	VT	VT		41.9	12.45	VT	4	Pueyo, Navarra, Spain	SP	SP32	25823	42.5651	-1.64826	-397899	20260903171500	https://cruxnow.com/church-in-europe/2026/09/spanish-bishop-renews-dispute-with-opus-dei-over-marian-image
1321335161	20260903	202609	2026	2026.6658	VAT	VATICAN	VAT								CHR	DIOCESE				CHR					0	037	037	03	1	5.0	6	1	6	-0.55172413793103	1	Vatican City	VT	VT		41.9	12.45	VT	1	Vatican City	VT	VT		41.9	12.45	VT	1	Vatican City	VT	VT		41.9	12.45	VT	20260903171500	https://cruxnow.com/church-in-europe/2026/09/spanish-bishop-renews-dispute-with-opus-dei-over-marian-image
1321335162	20260903	202609	2026	2026.6658	VEN	VENEZUELA	VEN								CHN	CHINESE	CHN								0	020	020	02	1	3.0	2	1	2	-2.54098360655738	4	Caracas, Distrito Federal, Venezuela	VE	VE25	31959	10.5	-66.9167	-938457	4	Beijing, Beijing, China	CH	CH22	13001	39.9289	116.388	-1898541	4	Beijing, Beijing, China	CH	CH22	13001	39.9289	116.388	-1898541	20260903171500	https://www.riotimesonline.com/venezuela-oil-deal-maduro-immunity-claim/
1321335163	20260903	202609	2026	2026.6658	VEN	VENEZUELA	VEN								CHN	CHINESE	CHN								0	020	020	02	1	3.0	2	1	2	-2.54098360655738	4	Caracas, Distrito Federal, Venezuela	VE	VE25	31959	10.5	-66.9167	-938457	4	Caracas, Distrito Federal, Venezuela	VE	VE25	31959	10.5	-66.9167	-938457	4	Caracas, Distrito Federal, Venezuela	VE	VE25	31959	10.5	-66.9167	-938457	20260903171500	https://www.riotimesonline.com/venezuela-oil-deal-maduro-immunity-claim/
1321335164	20260903	202609	2026	2026.6658	VEN	VENEZUELA	VEN								GOV	PRESIDENT						GOV			1	173	173	17	4	-5.0	10	1	10	-8.43091334894617	1	Venezuela	VE	VE		8	-66	VE	1	Venezuela	VE	VE		8	-66	VE	1	Venezuela	VE	VE		8	-66	VE	20260903171500	https://www.ibtimes.com/maduro-says-us-violated-venezuelan-sovereignty-when-he-was-arrested-seeks-his-release-3807101
1321335165	20260903	202609	2026	2026.6658	VEN	VENEZUELA	VEN								USA	A US	USA								1	020	020	02	1	3.0	10	1	10	-2.54098360655738	4	Caracas, Distrito Federal, Venezuela	VE	VE25	31959	10.5	-66.9167	-938457	4	Caracas, Distrito Federal, Venezuela	VE	VE25	31959	10.5	-66.9167	-938457	4	Caracas, Distrito Federal, Venezuela	VE	VE25	31959	10.5	-66.9167	-938457	20260903171500	https://www.riotimesonline.com/venezuela-oil-deal-maduro-immunity-claim/
1321335166	20260903	202609	2026	2026.6658	YEM	ADEN	YEM																		0	013	013	01	1	0.4	10	1	10	-9.85915492957749	0								0								0								20260903171500	https://www.wjhg.com/2026/09/02/sheriffs-office-warns-damaging-flock-cameras-is-crime/
1321335167	20260903	202609	2026	2026.6658	YEM	YEMEN	YEM																		0	045	045	04	1	5.0	2	1	2	-7.17539863325741	4	Sanaa, Sana', Yemen	YM	YM16	32956	15.3547	44.2067	-3191442	0								4	Sanaa, Sana', Yemen	YM	YM16	32956	15.3547	44.2067	-3191442	20260903171500	https://www.realclearworld.com/articles/2026/09/03/houthi_propaganda_laid_the_groundwork_for_military_escalation_1204067.html
1321335168	20260903	202609	2026	2026.6658	YEMGOV	YEMEN	YEM					GOV			IRN	TEHRAN	IRN								0	120	120	12	3	-4.0	2	1	2	-7.17539863325741	4	Riyadh, Ar Riya?, Saudi Arabia	SA	SA10	25316	24.6408	46.7728	-3093009	4	Sanaa, Sana', Yemen	YM	YM16	32956	15.3547	44.2067	-3191442	4	Sanaa, Sana', Yemen	YM	YM16	32956	15.3547	44.2067	-3191442	20260903171500	https://www.realclearworld.com/articles/2026/09/03/houthi_propaganda_laid_the_groundwork_for_military_escalation_1204067.html
1321335169	20260903	202609	2026	2026.6658	YEMGOV	YEMEN	YEM					GOV			IRN	IRAN	IRN								0	120	120	12	3	-4.0	2	1	2	-7.17539863325741	4	Riyadh, Ar Riya?, Saudi Arabia	SA	SA10	25316	24.6408	46.7728	-3093009	4	Tehran, Tehran, Iran	IR	IR26	41130	35.75	51.5148	10074674	4	Sanaa, Sana', Yemen	YM	YM16	32956	15.3547	44.2067	-3191442	20260903171500	https://www.realclearworld.com/articles/2026/09/03/houthi_propaganda_laid_the_groundwork_for_military_escalation_1204067.html
1321335170	20260903	202609	2026	2026.6658	YEMGOV	YEMEN	YEM					GOV			IRN	TEHRAN	IRN								0	120	120	12	3	-4.0	6	1	6	-7.17539863325741	4	Sanaa, Sana', Yemen	YM	YM16	32956	15.3547	44.2067	-3191442	4	Tehran, Tehran, Iran	IR	IR26	41130	35.75	51.5148	10074674	4	Tehran, Tehran, Iran	IR	IR26	41130	35.75	51.5148	10074674	20260903171500	https://www.realclearworld.com/articles/2026/09/03/houthi_propaganda_laid_the_groundwork_for_military_escalation_1204067.html
1321335171	20260903	202609	2026	2026.6658	ZAF	CAPE TOWN	ZAF								USA	WASHINGTON	USA								0	050	050	05	1	3.5	6	1	6	-4.43686006825939	4	Johannesburg, Gauteng, South Africa	SF	SF06	77364	-26.2	28.0833	-1240261	3	Washington, District of Columbia, United States	US	USDC	DC001	38.8951	-77.0364	531871	4	Johannesburg, Gauteng, South Africa	SF	SF06	77364	-26.2	28.0833	-1240261	20260903171500	https://memeburn.com/us-judge-blocks-pentagon-blacklist-of-anthropic-in-major-ai-ruling/
1321335172	20260903	202609	2026	2026.6658	ZAF	CAPE TOWN	ZAF								USA	UNITED STATES	USA								0	050	050	05	1	3.5	4	1	4	-4.43686006825939	4	Johannesburg, Gauteng, South Africa	SF	SF06	77364	-26.2	28.0833	-1240261	3	Washington, District of Columbia, United States	US	USDC	DC001	38.8951	-77.0364	531871	3	Washington, District of Columbia, United States	US	USDC	DC001	38.8951	-77.0364	531871	20260903171500	https://memeburn.com/us-judge-blocks-pentagon-blacklist-of-anthropic-in-major-ai-ruling/
1321335173	20260903	202609	2026	2026.6658	ZMB	ZAMBIAN	ZMB																		1	043	043	04	1	2.8	8	1	8	-6.68449197860963	1	Namibia	WA	WA		-22	17	WA	0								1	Namibia	WA	WA		-22	17	WA	20260903171500	https://allafrica.com/stories/202609030521.html
1321335174	20260903	202609	2026	2026.6658	gay	GAYO			gay																1	042	042	04	1	1.9	2	1	2	2.01271186440678	4	Katanga, Katsina, Nigeria	NI	NI24	191048	11.7135	7.60836	-2014974	0								4	Katanga, Katsina, Nigeria	NI	NI24	191048	11.7135	7.60836	-2014974	20260903171500	https://www.dwell.com:443/article/the-dwell-24-riffing-on-history-2026-ff735fef
1321335175	20260903	202609	2026	2026.6658	gay	GAYO			gay						MOZ	MOZAMBIQUE	MOZ								1	042	042	04	1	1.9	4	1	4	2.01271186440678	4	Katanga, Katsina, Nigeria	NI	NI24	191048	11.7135	7.60836	-2014974	4	Katanga, Katsina, Nigeria	NI	NI24	191048	11.7135	7.60836	-2014974	4	Katanga, Katsina, Nigeria	NI	NI24	191048	11.7135	7.60836	-2014974	20260903171500	https://www.dwell.com:443/article/the-dwell-24-riffing-on-history-2026-ff735fef
1321335176	20260903	202609	2026	2026.6658	gay	GAYO			gay						MOZ	MOZAMBIQUE	MOZ								1	043	043	04	1	2.8	2	1	2	2.01271186440678	4	Macheia, Nampula, Mozambique	MZ	MZ06	21947	-15.2539	38.4839	358317	4	Macheia, Nampula, Mozambique	MZ	MZ06	21947	-15.2539	38.4839	358317	4	Macheia, Nampula, Mozambique	MZ	MZ06	21947	-15.2539	38.4839	358317	20260903171500	https://www.dwell.com:443/article/the-dwell-24-riffing-on-history-2026-ff735fef
1321335177	20260903	202609	2026	2026.6658	idg	INDIGENOUS			idg																0	016	016	01	1	-2.0	10	1	10	-4.00326797385621	4	El Tiempo, Magdalena, Colombia	CO	CO38	14028	10.8736	-74.1814	-584294	0								4	El Tiempo, Magdalena, Colombia	CO	CO38	14028	10.8736	-74.1814	-584294	20260903171500	https://www.riotimesonline.com/ecopetrol-sirius-gas-community-demands-2026/
1321335178	20260903	202609	2026	2026.6658	idg	INDIGENOUS			idg						CVL	COMMUNITY						CVL			0	040	040	04	1	1.0	10	1	10	-4.00326797385621	4	El Tiempo, Magdalena, Colombia	CO	CO38	14028	10.8736	-74.1814	-584294	4	El Tiempo, Magdalena, Colombia	CO	CO38	14028	10.8736	-74.1814	-584294	4	El Tiempo, Magdalena, Colombia	CO	CO38	14028	10.8736	-74.1814	-584294	20260903171500	https://www.riotimesonline.com/ecopetrol-sirius-gas-community-demands-2026/
1321335179	20260903	202609	2026	2026.6658	idg	INDIGENOUS			idg						CVL	COMMUNITY						CVL			0	051	051	05	1	3.4	10	1	10	-4.00326797385621	4	El Tiempo, Magdalena, Colombia	CO	CO38	14028	10.8736	-74.1814	-584294	4	El Tiempo, Magdalena, Colombia	CO	CO38	14028	10.8736	-74.1814	-584294	4	El Tiempo, Magdalena, Colombia	CO	CO38	14028	10.8736	-74.1814	-584294	20260903171500	https://www.riotimesonline.com/ecopetrol-sirius-gas-community-demands-2026/
1321335180	20260903	202609	2026	2026.6658	nag	NAGA			nag																1	180	180	18	4	-9.0	10	1	10	-5.48926014319809	0								0								0								20260903171500	https://www.thehindu.com/news/national/manipur/manipur-deputy-cm-nemcha-kipgen-switched-off-phone-after-naga-abductions-deputy-cm-losii-dikho/article71424033.ece
1321335181	20260903	202609	2026	2026.6658	nag	NAGA			nag																0	181	181	18	4	-9.0	5	1	5	-5.48926014319809	0								0								0								20260903171500	https://www.thehindu.com/news/national/manipur/manipur-deputy-cm-nemcha-kipgen-switched-off-phone-after-naga-abductions-deputy-cm-losii-dikho/article71424033.ece
1321335182	20260903	202609	2026	2026.6658	nep	NEPALI			nep						CHN	CHINA	CHN								1	051	051	05	1	3.4	10	1	10	3.51758793969849	1	China	CH	CH		35	105	CH	1	China	CH	CH		35	105	CH	1	China	CH	CH		35	105	CH	20260903171500	http://www.bignewsnetwork.com/news/279284191/nepali-fm-thanks-china-for-disaster-relief-assistance
1321335183	20260903	202609	2026	2026.6658	nep	NEPALI			nep						CHN	CHINA	CHN								1	060	060	06	2	6.0	10	1	10	3.51758793969849	1	China	CH	CH		35	105	CH	1	China	CH	CH		35	105	CH	4	Kathmandu, Bagmati, Nepal	NP	NP01	22353	27.7167	85.3167	-1022136	20260903171500	http://www.bignewsnetwork.com/news/279284191/nepali-fm-thanks-china-for-disaster-relief-assistance
1321335184	20260903	202609	2026	2026.6658	scoGOV	SCOTTISH			sco			GOV													1	020	020	02	1	3.0	10	1	10	-0.91743119266055	4	Edinburgh, Edinburgh, City of, United Kingdom	UK	UKU8	40173	55.95	-3.2	-2595386	0								4	Edinburgh, Edinburgh, City of, United Kingdom	UK	UKU8	40173	55.95	-3.2	-2595386	20260903171500	https://www.heraldscotland.com/news/26520367.scottish-government-urged-pause-ai-data-centres-holyrood-protest/
1321335185	20260903	202609	2026	2026.6658	scoGOV	SCOTTISH			sco			GOV													1	022	022	02	1	3.2	10	1	10	-0.89285714285715	1	United Kingdom	UK	UK		54	-4	UK	0								1	United Kingdom	UK	UK		54	-4	UK	20260903171500	https://www.thescottishfarmer.co.uk/livestock/26514117.bluetongue-vaccine-plans-livestock-trade/
1321335186	20260903	202609	2026	2026.6658	tib	TIBETAN			tib						CHN	CHINESE	CHN								0	013	013	01	1	0.4	2	1	2	1.62748643761302	5	Tibet, Xizang, China	CH	CH14	13213	32	90	-1934604	5	Tibet, Xizang, China	CH	CH14	13213	32	90	-1934604	5	Tibet, Xizang, China	CH	CH14	13213	32	90	-1934604	20260903171500	https://phayul.com/tibetan-chinese-pro-democracy-advocates-adopt-joint-declaration-at-dharamshala-forum/
