1321338697	20250903	202509	2025	2025.6658											BUS	BANK						BUS			0	036	036	03	1	4.0	4	2	4	-3.95742201667042	0								2	Texas, United States	US	USTX		31.106	-97.6475	TX	3	Houston, Texas, United States	US	USTX	TX201	29.7633	-95.3633	1380948	20260903174500	https://www.click2houston.com/news/texas/2026/09/03/texas-food-banks-feel-the-squeeze-of-federal-cuts-drop-in-donations/
1321338698	20250903	202509	2025	2025.6658											BUS	BUSINESS						BUS			1	042	042	04	1	1.9	6	1	6	-0.69808027923211	0								2	Alabama, United States	US	USAL		32.799	-86.8073	AL	2	Alabama, United States	US	USAL		32.799	-86.8073	AL	20260903174500	https://953thebear.com/ixp/993/p/brookwoods-data-center-town-hall-debate/
1321338699	20250903	202509	2025	2025.6658	BUS	BANK						BUS													0	036	036	03	1	4.0	4	2	4	-3.95742201667042	2	Texas, United States	US	USTX		31.106	-97.6475	TX	0								3	Houston, Texas, United States	US	USTX	TX201	29.7633	-95.3633	1380948	20260903174500	https://www.click2houston.com/news/texas/2026/09/03/texas-food-banks-feel-the-squeeze-of-federal-cuts-drop-in-donations/
1321338700	20250903	202509	2025	2025.6658	BUS	BUSINESS						BUS													1	043	043	04	1	2.8	6	1	6	-0.69808027923211	3	Hurricane Creek, Georgia, United States	US	USGA	GA283	32.3821	-82.7168	315845	0								3	Hurricane Creek, Georgia, United States	US	USGA		32.3821	-82.7168	315845	20260903174500	https://953thebear.com/ixp/993/p/brookwoods-data-center-town-hall-debate/
1321338701	20250903	202509	2025	2025.6658	BUS	BUSINESS						BUS			USA	UNITED STATES	USA								1	043	043	04	1	2.8	4	1	4	-0.69808027923211	3	Hurricane Creek, Georgia, United States	US	USGA	GA283	32.3821	-82.7168	315845	3	Hurricane Creek, Georgia, United States	US	USGA		32.3821	-82.7168	315845	3	Hurricane Creek, Georgia, United States	US	USGA		32.3821	-82.7168	315845	20260903174500	https://953thebear.com/ixp/993/p/brookwoods-data-center-town-hall-debate/
1321338702	20250903	202509	2025	2025.6658	CHE	SWITZERLAND	CHE																		1	111	111	11	3	-2.0	3	1	3	1.84049079754601	4	Geneva, Genè, Switzerland	SZ	SZ07	16329	46.1956	6.14811	-2552151	0								4	Geneva, Genè, Switzerland	SZ	SZ07	16329	46.1956	6.14811	-2552151	20260903174500	https://www.gq.com/story/box-and-papers-geneva-watch-days-09-03-2026
1321338703	20250903	202509	2025	2025.6658	IGOWSTNAT	NATO	WST	NAT				IGO			UKR	UKRAINE	UKR								0	014	014	01	1	0.0	10	1	10	-2.98136645962732	1	Ukraine	UP	UP		49	32	UP	1	Ukraine	UP	UP		49	32	UP	1	Ukraine	UP	UP		49	32	UP	20260903174500	https://www.moneycontrol.com/world/trump-says-us-weapons-stockpile-reports-are-100-wrong-amid-iran-war-article-14022263.html
1321338704	20250903	202509	2025	2025.6658	IRN	IRAN	IRN								CHRCTH454	SOCIETY OF JESUS				CHR	CTH				1	010	010	01	1	0.0	4	1	4	-3.83233532934131	1	Iran	IR	IR		32	53	IR	1	Iran	IR	IR		32	53	IR	1	Iran	IR	IR		32	53	IR	20260903174500	https://www.americamagazine.org/short-take/2026/09/03/compassion-fatigue-bad-news-ignatian-spirituality/
1321338705	20250903	202509	2025	2025.6658	IRN	IRAN	IRN								CHRCTH454	SOCIETY OF JESUS				CHR	CTH				1	130	130	13	3	-4.4	4	1	4	-3.83233532934131	1	Iran	IR	IR		32	53	IR	1	Iran	IR	IR		32	53	IR	1	Iran	IR	IR		32	53	IR	20260903174500	https://www.americamagazine.org/short-take/2026/09/03/compassion-fatigue-bad-news-ignatian-spirituality/
1321338706	20250903	202509	2025	2025.6658	ISR	ISRAELI	ISR								USA	WASHINGTON	USA								0	190	190	19	4	-10.0	2	1	2	-6.58135283363803	1	Israel	IS	IS		31.5	34.75	IS	1	Israel	IS	IS		31.5	34.75	IS	1	Israel	IS	IS		31.5	34.75	IS	20260903174500	http://www.washingtonjewishweek.com/editorial-is-there-still-a-line/
1321338707	20250903	202509	2025	2025.6658	ISR	ISRAELI	ISR								USA	WASHINGTON	USA								0	190	190	19	4	-10.0	2	1	2	-6.58135283363803	2	Michigan, United States	US	USMI		43.3504	-84.5603	MI	2	Michigan, United States	US	USMI		43.3504	-84.5603	MI	2	Michigan, United States	US	USMI		43.3504	-84.5603	MI	20260903174500	http://www.washingtonjewishweek.com/editorial-is-there-still-a-line/
1321338708	20250903	202509	2025	2025.6658	ISRGOV	ISRAELI	ISR					GOV			USA	WASHINGTON	USA								0	190	190	19	4	-10.0	2	1	2	-6.58135283363803	1	Israel	IS	IS		31.5	34.75	IS	1	Israel	IS	IS		31.5	34.75	IS	1	Israel	IS	IS		31.5	34.75	IS	20260903174500	http://www.washingtonjewishweek.com/editorial-is-there-still-a-line/
1321338709	20250903	202509	2025	2025.6658	ISRGOV	ISRAEL	ISR					GOV			USA	WASHINGTON	USA								0	190	190	19	4	-10.0	4	1	4	-6.58135283363803	2	Michigan, United States	US	USMI		43.3504	-84.5603	MI	2	Michigan, United States	US	USMI		43.3504	-84.5603	MI	2	Michigan, United States	US	USMI		43.3504	-84.5603	MI	20260903174500	http://www.washingtonjewishweek.com/editorial-is-there-still-a-line/
1321338710	20250903	202509	2025	2025.6658	USA	UNITED STATES	USA								BUS	BUSINESS						BUS			1	042	042	04	1	1.9	2	1	2	-0.69808027923211	3	Hurricane Creek, Georgia, United States	US	USGA	GA283	32.3821	-82.7168	315845	3	Hurricane Creek, Georgia, United States	US	USGA		32.3821	-82.7168	315845	3	Hurricane Creek, Georgia, United States	US	USGA		32.3821	-82.7168	315845	20260903174500	https://953thebear.com/ixp/993/p/brookwoods-data-center-town-hall-debate/
1321338711	20250903	202509	2025	2025.6658	USA	UNITED STATES	USA								BUS	BUSINESS						BUS			1	042	042	04	1	1.9	2	1	2	-0.69808027923211	2	Alabama, United States	US	USAL		32.799	-86.8073	AL	2	Alabama, United States	US	USAL		32.799	-86.8073	AL	2	Alabama, United States	US	USAL		32.799	-86.8073	AL	20260903174500	https://953thebear.com/ixp/993/p/brookwoods-data-center-town-hall-debate/
1321338712	20250903	202509	2025	2025.6658	USA	THE US	USA								UKR	UKRAINE	UKR								0	014	014	01	1	0.0	10	1	10	-2.98136645962732	1	Ukraine	UP	UP		49	32	UP	1	Ukraine	UP	UP		49	32	UP	1	Ukraine	UP	UP		49	32	UP	20260903174500	https://www.moneycontrol.com/world/trump-says-us-weapons-stockpile-reports-are-100-wrong-amid-iran-war-article-14022263.html
1321338713	20260804	202608	2026	2026.5863											CHR	CHRISTIAN				CHR					0	084	084	08	2	7.0	2	1	2	-8.44748858447488	0								2	Minnesota, United States	US	USMN		45.7326	-93.9196	MN	2	Minnesota, United States	US	USMN		45.7326	-93.9196	MN	20260903174500	https://www.fox4news.com/news/feds-charges-ice-agent-lying-about-minneapolis-shooting-report
1321338714	20260804	202608	2026	2026.5863											CHR	CHRISTIAN				CHR					0	084	084	08	2	7.0	4	1	4	-8.44748858447488	0								2	Texas, United States	US	USTX		31.106	-97.6475	TX	2	Minnesota, United States	US	USMN		45.7326	-93.9196	MN	20260903174500	https://www.fox4news.com/news/feds-charges-ice-agent-lying-about-minneapolis-shooting-report
1321338715	20260804	202608	2026	2026.5863	AUS	AUSTRALIA	AUS								USA	UNITED STATES	USA								1	057	057	05	1	8.0	1	1	1	2.4793388429752	3	Washington, District of Columbia, United States	US	USDC	DC001	38.8951	-77.0364	531871	3	Washington, District of Columbia, United States	US	USDC	DC001	38.8951	-77.0364	531871	3	Washington, District of Columbia, United States	US	USDC	DC001	38.8951	-77.0364	531871	20260903174500	https://www.nydailynews.com/2026/09/03/liberty-anneli-maley-madison-scott/
1321338716	20260804	202608	2026	2026.5863	BUS	INDUSTRY						BUS													0	010	010	01	1	0.0	5	1	5	-0.81833060556465	3	Smithsonian Institution, District of Columbia, United States	US	USDC	DC001	38.8887	-77.0258	531840	0								3	Smithsonian Institution, District of Columbia, United States	US	USDC		38.8887	-77.0258	531840	20260903174500	https://www.artnews.com/art-news/news/trump-accuses-smithsonian-discrimination-threatens-grants-1234796921/
1321338717	20260804	202608	2026	2026.5863	BUS	INDUSTRY						BUS													0	032	032	03	1	4.5	5	1	5	-0.81833060556465	3	Smithsonian Institution, District of Columbia, United States	US	USDC	DC001	38.8887	-77.0258	531840	0								3	Smithsonian Institution, District of Columbia, United States	US	USDC		38.8887	-77.0258	531840	20260903174500	https://www.artnews.com/art-news/news/trump-accuses-smithsonian-discrimination-threatens-grants-1234796921/
1321338718	20260804	202608	2026	2026.5863	BUS	INDUSTRY						BUS			NGOEDU	INTERNATIONAL COUNCIL OF MUSEUMS						NGO	EDU		0	010	010	01	1	0.0	5	1	5	-0.81833060556465	3	Smithsonian Institution, District of Columbia, United States	US	USDC	DC001	38.8887	-77.0258	531840	3	Smithsonian Institution, District of Columbia, United States	US	USDC		38.8887	-77.0258	531840	3	Smithsonian Institution, District of Columbia, United States	US	USDC		38.8887	-77.0258	531840	20260903174500	https://www.artnews.com/art-news/news/trump-accuses-smithsonian-discrimination-threatens-grants-1234796921/
1321338719	20260804	202608	2026	2026.5863	BUS	INDUSTRY						BUS			NGOEDU	INTERNATIONAL COUNCIL OF MUSEUMS						NGO	EDU		0	032	032	03	1	4.5	5	1	5	-0.81833060556465	3	Smithsonian Institution, District of Columbia, United States	US	USDC	DC001	38.8887	-77.0258	531840	3	Smithsonian Institution, District of Columbia, United States	US	USDC		38.8887	-77.0258	531840	3	Smithsonian Institution, District of Columbia, United States	US	USDC		38.8887	-77.0258	531840	20260903174500	https://www.artnews.com/art-news/news/trump-accuses-smithsonian-discrimination-threatens-grants-1234796921/
1321338720	20260804	202608	2026	2026.5863	HIN	HINDU				HIN															1	172	172	17	4	-5.0	5	1	5	-7.78443113772455	4	Bengaluru, Karnataka, India	IN	IN19	70159	12.9833	77.5833	-2090174	0								4	Bengaluru, Karnataka, India	IN	IN19	70159	12.9833	77.5833	-2090174	20260903174500	https://www.thehindu.com/news/cities/bangalore/no-two-wheelers-on-one-stretch-of-airport-road-elevated-corridor-from-september-4/article71425476.ece
1321338721	20260804	202608	2026	2026.5863	USA	UNITED STATES	USA								AUS	AUSTRALIA	AUS								1	057	057	05	1	8.0	1	1	1	2.4793388429752	3	Washington, District of Columbia, United States	US	USDC	DC001	38.8951	-77.0364	531871	1	Australia	AS	AS		-25	135	AS	3	Washington, District of Columbia, United States	US	USDC	DC001	38.8951	-77.0364	531871	20260903174500	https://www.nydailynews.com/2026/09/03/liberty-anneli-maley-madison-scott/
1321338722	20260804	202608	2026	2026.5863	USA	NEW YORK	USA								EGY	ALEXANDRIA	EGY								1	010	010	01	1	0.0	2	1	2	-1.29032258064516	3	Bates College, Maine, United States	US	USME	ME001	44.1056	-70.2023	561719	3	Bates College, Maine, United States	US	USME		44.1056	-70.2023	561719	3	Bates College, Maine, United States	US	USME		44.1056	-70.2023	561719	20260903174500	https://www.philanthropy.com/opinion/dei-1-0-was-crazy-a-viral-atlantic-essay-shows-nonprofits-a-way-out/
1321338723	20260804	202608	2026	2026.5863	USA	NEW YORK	USA								EGY	ALEXANDRIA	EGY								1	010	010	01	1	0.0	3	1	3	-1.29032258064516	2	Pennsylvania, United States	US	USPA		40.5773	-77.264	PA	2	Pennsylvania, United States	US	USPA		40.5773	-77.264	PA	2	Pennsylvania, United States	US	USPA		40.5773	-77.264	PA	20260903174500	https://www.philanthropy.com/opinion/dei-1-0-was-crazy-a-viral-atlantic-essay-shows-nonprofits-a-way-out/
1321338724	20260827	202608	2026	2026.6493											BUS	EMPLOYER						BUS			1	042	042	04	1	1.9	8	1	8	-8.24053452115813	0								3	Smith County, Texas, United States	US	USTX		32.3668	-95.2336	1383997	3	Smith County, Texas, United States	US	USTX		32.3668	-95.2336	1383997	20260903174500	https://www.herald-citizen.com/news/south-carthage-man-arrested-for-theft-fraud/article_1f176ecf-b6ef-5222-bd76-2b0934347dde.html
1321338725	20260903	202609	2026	2026.6658											AFR	AFRICA	AFR								1	014	014	01	1	0.0	10	1	10	0.732600732600732	0								4	Waterberg, Eastern Cape, South Africa	SF	SF05	77321	-32.0167	25.7333	-1254303	4	Waterberg, Eastern Cape, South Africa	SF	SF05	77321	-32.0167	25.7333	-1254303	20260903174500	https://www.miningmx.com/top-story/67033-implats-takes-shine-to-bite-sized-waterberg-jv-amid-market-confidence/
1321338726	20260903	202609	2026	2026.6658											AFR	AFRICA	AFR								0	042	042	04	1	1.9	10	1	10	2.11981566820277	0								4	Garoua, Nord, Cameroon	CM	CM13	12501	9.3	13.4	-3149623	4	Garoua, Nord, Cameroon	CM	CM13	12501	9.3	13.4	-3149623	20260903174500	https://allafrica.com/stories/202609030599.html
1321338727	20260903	202609	2026	2026.6658											AFR	AFRICA	AFR								0	090	090	09	2	-2.0	10	1	10	2.11981566820277	0								4	Garoua, Nord, Cameroon	CM	CM13	12501	9.3	13.4	-3149623	4	Garoua, Nord, Cameroon	CM	CM13	12501	9.3	13.4	-3149623	20260903174500	https://allafrica.com/stories/202609030599.html
1321338728	20260903	202609	2026	2026.6658											BHS	BAHAMA	BHS								1	057	057	05	1	8.0	2	1	2	-6.10465116279069	0								4	Nassau, New Providence, Bahamas, The	BF	BF23	5747	25.0833	-77.35	-1543832	4	Nassau, New Providence, Bahamas, The	BF	BF23	5747	25.0833	-77.35	-1543832	20260903174500	https://www.newsday.com/long-island/investigations/wantagh-fire-department-rape-case-settlement-e8zogcqf
1321338729	20260903	202609	2026	2026.6658											BUS	BUSINESS						BUS			1	042	042	04	1	1.9	6	1	6	2.11981566820277	0								4	Garoua, Nord, Cameroon	CM	CM13	12501	9.3	13.4	-3149623	4	Garoua, Nord, Cameroon	CM	CM13	12501	9.3	13.4	-3149623	20260903174500	https://allafrica.com/stories/202609030599.html
1321338730	20260903	202609	2026	2026.6658											BUS	COMPANY						BUS			0	114	114	11	3	-2.0	10	1	10	1.7772840877534	0								3	Round Rock, Texas, United States	US	USTX		30.5083	-97.6789	1366966	3	Round Rock, Texas, United States	US	USTX		30.5083	-97.6789	1366966	20260903174500	https://www.jcnnewswire.com/pressrelease/109766/2/Kincora-Announces-Exploration-Strategy-Update:-Drilling-Planned-Across-Four-Projects
1321338731	20260903	202609	2026	2026.6658											BUS	COMPANY						BUS			0	125	125	12	3	-5.0	10	1	10	1.7772840877534	0								3	Round Rock, Texas, United States	US	USTX		30.5083	-97.6789	1366966	3	Round Rock, Texas, United States	US	USTX		30.5083	-97.6789	1366966	20260903174500	https://www.jcnnewswire.com/pressrelease/109766/2/Kincora-Announces-Exploration-Strategy-Update:-Drilling-Planned-Across-Four-Projects
1321338732	20260903	202609	2026	2026.6658											BUSMIL	COMPANY						BUS	MIL		0	190	190	19	4	-10.0	2	1	2	-1.14942528735633	0								4	Nahal Oz, HaDarom, Israel	IS	IS01	18315	31.4732	34.4978	-780808	4	Nahal Oz, HaDarom, Israel	IS	IS01	18315	31.4732	34.4978	-780808	20260903174500	https://www.israelnationalnews.com/news/432669
1321338733	20260903	202609	2026	2026.6658											CAN	CANADA	CAN								1	080	080	08	2	5.0	10	1	10	-10.1382488479262	0								1	Canada	CA	CA		60	-96	CA	1	Canada	CA	CA		60	-96	CA	20260903174500	https://www.wfsb.com/2026/09/03/newington-police-child-sex-abuse-suspect-flees-canada-changes-name/
1321338734	20260903	202609	2026	2026.6658											CHN	CHINA	CHN								0	014	014	01	1	0.0	4	1	4	-0.36484245439469	0								4	Xiaomi, Fujian, China	CH	CH07	13163	25.2225	116.057	10999868	4	Xiaomi, Fujian, China	CH	CH07	13163	25.2225	116.057	10999868	20260903174500	https://www.cnet.com/tech/mobile/iphone-18-everything-we-know-about-apple-iphone-before-september-9/
1321338735	20260903	202609	2026	2026.6658											CHN	CHINA	CHN								0	130	130	13	3	-4.4	3	1	3	-0.36484245439469	0								4	Xiaomi, Fujian, China	CH	CH07	13163	25.2225	116.057	10999868	4	Xiaomi, Fujian, China	CH	CH07	13163	25.2225	116.057	10999868	20260903174500	https://www.cnet.com/tech/mobile/iphone-18-everything-we-know-about-apple-iphone-before-september-9/
1321338736	20260903	202609	2026	2026.6658											CHR	CHRISTIAN				CHR					1	040	040	04	1	1.0	6	1	6	1.72166427546628	0								1	Italy	IT	IT		42.833333	12.833333	IT	1	Italy	IT	IT		42.833333	12.833333	IT	20260903174500	https://www.boldsky.com/fashion/chief-minister-vijay-gifts-his-christian-dior-sunglasses-to-an-elderly-woman-in-mettur-172627.html
1321338737	20260903	202609	2026	2026.6658											CMR	CAMEROON	CMR								1	046	046	04	1	7.0	2	1	2	2.11981566820277	0								4	Garoua, Nord, Cameroon	CM	CM13	12501	9.3	13.4	-3149623	4	Garoua, Nord, Cameroon	CM	CM13	12501	9.3	13.4	-3149623	20260903174500	https://allafrica.com/stories/202609030599.html
1321338738	20260903	202609	2026	2026.6658											CMRGOVENV	CAMEROON	CMR					GOV	ENV		0	051	051	05	1	3.4	10	1	10	-0.44843049327354	0								4	Mbakaou, Adamaoua, Cameroon	CM	CM10	12462	6.31667	12.8167	-3152845	4	Mbakaou, Adamaoua, Cameroon	CM	CM10	12462	6.31667	12.8167	-3152845	20260903174500	https://www.businessincameroon.com/energy/0309-16668-cameroon-advances-mbakaou-hydro-solar-project-with-cfa1-45-billion-in-detailed-studies
1321338739	20260903	202609	2026	2026.6658											CRM	CRIMINAL						CRM			0	051	051	05	1	3.4	5	1	5	0.15094339622642	0								3	Dutton Ranch, Texas, United States	US	USTX		30.6402	-100.014	1356502	3	Dutton Ranch, Texas, United States	US	USTX		30.6402	-100.014	1356502	20260903174500	https://collider.com/taylor-sheridan-dutton-ranch-streaming-success-paramount-plus-september-2026/
1321338740	20260903	202609	2026	2026.6658											CRM	FELON						CRM			1	173	173	17	4	-5.0	6	1	6	-8.8	0								1	Israel	IS	IS		31.5	34.75	IS	1	Israel	IS	IS		31.5	34.75	IS	20260903174500	https://www.israelnationalnews.com/news/432666
1321338741	20260903	202609	2026	2026.6658											CRM	FELON						CRM			1	190	190	19	4	-10.0	6	1	6	-8.8	0								1	Israel	IS	IS		31.5	34.75	IS	1	Israel	IS	IS		31.5	34.75	IS	20260903174500	https://www.israelnationalnews.com/news/432666
1321338742	20260903	202609	2026	2026.6658											CVL	VOTER						CVL			0	036	036	03	1	4.0	4	1	4	-1.78837555886737	0								3	Sioux City, Iowa, United States	US	USIA		42.5	-96.4003	461653	3	Sioux City, Iowa, United States	US	USIA		42.5	-96.4003	461653	20260903174500	http://www.chronicletimes.com/stories/iowa-needs-a-happy-warrior-in-congress,214154
1321338743	20260903	202609	2026	2026.6658											CVL	COMMUNITY						CVL			1	040	040	04	1	1.0	10	1	10	0.83916083916084	0								2	Maryland, United States	US	USMD		39.0724	-76.7902	MD	2	Maryland, United States	US	USMD		39.0724	-76.7902	MD	20260903174500	http://www.washingtonjewishweek.com/schuster-takes-helm-of-washington-jewish-week/
1321338744	20260903	202609	2026	2026.6658											CVL	COMMUNITY						CVL			0	043	043	04	1	2.8	6	1	6	1.75233644859813	0								3	American Legion Post, New York, United States	US	USNY		40.8842	-73.4192	2358769	3	American Legion Post, New York, United States	US	USNY		40.8842	-73.4192	2358769	20260903174500	https://www.positivelynaperville.com/2026/09/03/naperville-september-11-observance-is-set-to-begin-with-music-at-445pm/160760
1321338745	20260903	202609	2026	2026.6658											CVL	RESIDENTS						CVL			0	043	043	04	1	2.8	10	1	10	-2.82542885973764	0								2	Georgia, United States	US	USGA		32.9866	-83.6487	GA	2	Georgia, United States	US	USGA		32.9866	-83.6487	GA	20260903174500	https://www.wrdw.com/2026/09/03/final-forum-augusta-data-center-rules-comes-amid-national-debate/
1321338746	20260903	202609	2026	2026.6658											CVL	COMMUNITY						CVL			0	043	043	04	1	2.8	8	1	8	0.69284064665127	0								1	Jersey	JE	JE		49.216667	-2.116667	JE	1	Jersey	JE	JE		49.216667	-2.116667	JE	20260903174500	https://www.inquirer.com/news/new-jersey/cherry-hill-pta-board-education-candidates-forum-20260903.html
1321338747	20260903	202609	2026	2026.6658											CVL	NEIGHBORHOOD						CVL			0	0841	084	08	2	7.0	3	1	3	-3.48623853211009	0								1	Israel	IS	IS		31.5	34.75	IS	1	Israel	IS	IS		31.5	34.75	IS	20260903174500	http://www.washingtonjewishweek.com/the-turkey-red-line/
1321338748	20260903	202609	2026	2026.6658											EDU	STUDENT						EDU			1	020	020	02	1	3.0	5	1	5	1.16731517509728	0								4	Jerusalem, Israel (general), Israel	IS	IS00	18315	31.7667	35.2333	-797092	4	Jerusalem, Israel (general), Israel	IS	IS00	18315	31.7667	35.2333	-797092	20260903174500	https://en.idi.org.il/en.idi.org.il/articles/65966
1321338749	20260903	202609	2026	2026.6658											EDU	COLLEGE						EDU			1	043	043	04	1	2.8	10	1	10	-4.31034482758621	0								5	Karnataka, Karnataka, India	IN	IN19	17688	13.5	76	-2099860	5	Karnataka, Karnataka, India	IN	IN19	17688	13.5	76	-2099860	20260903174500	https://www.hindustantimes.com/trending/racism-in-india-foreigner-questions-higher-entry-fee-for-foreign-tourists-at-dilli-haat-sparks-discussion-101788455079565.html
1321338750	20260903	202609	2026	2026.6658											EDU	STUDENT						EDU			1	045	045	04	1	5.0	6	1	6	-1.01781170483461	0								2	Montana, United States	US	USMT		46.9048	-110.326	MT	2	Montana, United States	US	USMT		46.9048	-110.326	MT	20260903174500	https://www.kulr8.com/news/gov-gianforte-pushes-for-more-tools-to-protect-montana-kids-online/article_3bdc2657-c0cf-497d-8c5c-b2131e13903f.html
1321338751	20260903	202609	2026	2026.6658											EDU	SCHOOL						EDU			1	046	046	04	1	7.0	10	1	10	-1.20192307692308	0								4	New Delhi, Delhi, India	IN	IN07	17911	28.6	77.2	-2106102	4	New Delhi, Delhi, India	IN	IN07	17911	28.6	77.2	-2106102	20260903174500	https://www.nbcsandiego.com/news/local/san-diego-husband-and-wife-among-the-missing-in-deadly-nepal-flooding/4068944/
1321338752	20260903	202609	2026	2026.6658											EDU	COLLEGE						EDU			1	100	100	10	3	-5.0	6	1	6	2.85714285714286	0								2	Illinois, United States	US	USIL		40.3363	-89.0022	IL	2	Illinois, United States	US	USIL		40.3363	-89.0022	IL	20260903174500	https://www.fox4news.com/news/lowes-ceo-says-skilled-trades-can-offer-six-figure-careers-without-4-year-degree
1321338753	20260903	202609	2026	2026.6658											FIN	HELSINKI	FIN								1	100	100	10	3	-5.0	3	1	3	1.7274472168906	0								4	Helsinki, Eteläuomen Läi, Finland	FI	FI13	16230	60.1756	24.9342	-1364995	4	Helsinki, Eteläuomen Läi, Finland	FI	FI13	16230	60.1756	24.9342	-1364995	20260903174500	https://www.osce.org/chairpersonship/667317
1321338754	20260903	202609	2026	2026.6658											FIN	HELSINKI	FIN								1	100	100	10	3	-5.0	2	1	2	1.7274472168906	0								4	Helsinki, Eteläuomen Läi, Finland	FI	FI13	16230	60.1756	24.9342	-1364995	4	Geneva, Genè, Switzerland	SZ	SZ07	16329	46.1956	6.14811	-2552151	20260903174500	https://www.osce.org/chairpersonship/667317
1321338755	20260903	202609	2026	2026.6658											FRA	FRANCE	FRA								0	014	014	01	1	0.0	1	1	1	1.3	0								4	Paris, France (general), France	FR	FR00	16282	48.8667	2.33333	-1456928	4	Paris, France (general), France	FR	FR00	16282	48.8667	2.33333	-1456928	20260903174500	https://www.moneycontrol.com/artificial-intelligence/hugging-face-s-3-french-founders-become-billionaires-after-nvidia-s-13-billion-acquisition-article-14022237.html
1321338756	20260903	202609	2026	2026.6658											GBR	LIVERPOOL	GBR								1	030	030	03	1	4.0	10	1	10	1.77664974619289	0								1	Germany	GM	GM		51.5	10.5	GM	1	Germany	GM	GM		51.5	10.5	GM	20260903174500	https://thehardtackle.com/transfer-news/2026/09/03/rio-ngumoha-reaches-contract-agreement-with-liverpool-after-bayern-munich-links/
1321338757	20260903	202609	2026	2026.6658											GOV	GOVERNMENT						GOV			1	036	036	03	1	4.0	2	1	2	0.40899795501023	0								4	New Delhi, Delhi, India	IN	IN07	17911	28.6	77.2	-2106102	4	Delhi, Delhi, India	IN	IN07	17911	28.6667	77.2167	-2094230	20260903174500	http://www.calcuttanews.net/news/279284076/central-govt-offices-in-delhi-to-remain-closed-on-september-11-for-brics-summit
1321338758	20260903	202609	2026	2026.6658											GOV	FIRE DEPARTMENT						GOV			1	042	042	04	1	1.9	10	1	10	0	0								2	South Dakota, United States	US	USSD		44.2853	-99.4632	SD	2	South Dakota, United States	US	USSD		44.2853	-99.4632	SD	20260903174500	https://kikn.com/ixp/481/p/south-dakota-state-fair-1977-fire/
1321338759	20260903	202609	2026	2026.6658											GOV	FIRE DEPARTMENT						GOV			1	043	043	04	1	2.8	10	1	10	-0.75187969924812	0								1	Greece	GR	GR		39	22	GR	1	Greece	GR	GR		39	22	GR	20260903174500	https://www.ecr.co.za/news/news/fire-rips-through-popular-windermere-restaurant/
1321338760	20260903	202609	2026	2026.6658											GOV	GOVERNMENT						GOV			0	111	111	11	3	-2.0	5	1	5	-2.68456375838926	0								4	Hetauda, Nepal (general), Nepal	NP	NP00	22353	27.4284	85.0322	-1022031	4	Hetauda, Nepal (general), Nepal	NP	NP00	22353	27.4284	85.0322	-1022031	20260903174500	https://peoplesreview.com.np/2026/09/03/babbles-everyone-becoming-an-expert/
1321338761	20260903	202609	2026	2026.6658											GOV	MINIST OF PETROLEUM						GOV			1	112	112	11	3	-2.0	2	1	2	-2.69299820466786	0								4	Anambra, Nigeria (general), Nigeria	NI	NI00	22911	7.26667	7.4	-1999832	4	Anambra, Nigeria (general), Nigeria	NI	NI00	22911	7.26667	7.4	-1999832	20260903174500	https://blueprint.ng/anambra-government-agents-choking-marketers-with-illegal-levies-taxes/
1321338762	20260903	202609	2026	2026.6658											GOVEDU	KING						GOV	EDU		1	042	042	04	1	1.9	1	1	1	2.12765957446808	0								4	Cambridge, Cambridgeshire, United Kingdom	UK	UKC3	40098	52.2	0.116667	-2591658	4	Eton, Wandsworth, United Kingdom	UK	UKP1	40097	51.5	-0.6	-2595740	20260903174500	https://literaryreview.co.uk/no-thinking-gentlemen-please
1321338763	20260903	202609	2026	2026.6658											GOVEDU	KING						GOV	EDU		1	042	042	04	1	1.9	1	1	1	2.12765957446808	0								4	Eton, Wandsworth, United Kingdom	UK	UKP1	40097	51.5	-0.6	-2595740	4	Eton, Wandsworth, United Kingdom	UK	UKP1	40097	51.5	-0.6	-2595740	20260903174500	https://literaryreview.co.uk/no-thinking-gentlemen-please
1321338764	20260903	202609	2026	2026.6658											GOVGOV	MAYOR						GOV	GOV		1	043	043	04	1	2.8	10	1	10	1.08695652173913	0								0								0								20260903174500	https://www.wbrz.com/news/9-new-brpd-officers-graduate-from-basic-training-academy
1321338765	20260903	202609	2026	2026.6658											GOVMED	PRESIDENT						GOV	MED		0	043	043	04	1	2.8	10	1	10	5.28846153846154	0								2	Iowa, United States	US	USIA		42.0046	-93.214	IA	2	Iowa, United States	US	USIA		42.0046	-93.214	IA	20260903174500	https://research.uiowa.edu/why-am-i-getting-research-recruitment-emails?utm_id=1479050206.1548781019
1321338766	20260903	202609	2026	2026.6658											GOVMIL	DEFENSE MINIST						GOV	MIL		1	040	040	04	1	1.0	5	1	5	-0.238095238095238	0								1	Gaza Strip	GZ	GZ		31.425074	34.373398	GZ	1	Gaza Strip	GZ	GZ		31.425074	34.373398	GZ	20260903174500	https://www.israelnationalnews.com/news/432671
1321338767	20260903	202609	2026	2026.6658											HLH	HOSPITAL						HLH			1	190	190	19	4	-10.0	20	1	20	0.607909367826625	0								4	Islamabad, Islamabad, Pakistan	PK	PK08	23674	33.7	73.1667	-2762812	4	Islamabad, Islamabad, Pakistan	PK	PK08	23674	33.7	73.1667	-2762812	20260903174500	https://www.geo.tv/latest/680513-criminal-cases-to-be-lodged-against-those-responsible-for-pims-fire
1321338768	20260903	202609	2026	2026.6658											IGOUNO	UNITED NATIONS		UNO				IGO			0	042	042	04	1	1.9	10	1	10	2.26320201173512	0								1	Sierra Leone	SL	SL		8.5	-11.5	SL	1	Sierra Leone	SL	SL		8.5	-11.5	SL	20260903174500	https://allafrica.com/stories/202609030510.html
1321338769	20260903	202609	2026	2026.6658											IND	NEW DELHI	IND								1	036	036	03	1	4.0	2	1	2	0.40899795501023	0								4	New Delhi, Delhi, India	IN	IN07	17911	28.6	77.2	-2106102	4	Delhi, Delhi, India	IN	IN07	17911	28.6667	77.2167	-2094230	20260903174500	http://www.calcuttanews.net/news/279284076/central-govt-offices-in-delhi-to-remain-closed-on-september-11-for-brics-summit
1321338770	20260903	202609	2026	2026.6658											INDGOV	HIMACHAL PRADESH	IND					GOV			1	040	040	04	1	1.0	10	1	10	-2.07253886010363	0								0								0								20260903174500	https://www.thehindu.com/news/national/top-congress-leaders-discuss-punjab-factionalism-possible-cabinet-reshuffle-in-himachal-pradesh/article71425037.ece
1321338771	20260903	202609	2026	2026.6658											ISR	ISRAEL	ISR								0	062	062	06	2	7.4	2	1	2	-1.14942528735633	0								4	Nahal Oz, HaDarom, Israel	IS	IS01	18315	31.4732	34.4978	-780808	4	Nahal Oz, HaDarom, Israel	IS	IS01	18315	31.4732	34.4978	-780808	20260903174500	https://www.israelnationalnews.com/news/432669
1321338772	20260903	202609	2026	2026.6658											ISR	ISRAEL	ISR								0	071	071	07	2	7.4	3	1	3	-3.48623853211009	0								1	Israel	IS	IS		31.5	34.75	IS	1	Israel	IS	IS		31.5	34.75	IS	20260903174500	http://www.washingtonjewishweek.com/the-turkey-red-line/
1321338773	20260903	202609	2026	2026.6658											JAM	JAMAICA	JAM								1	046	046	04	1	7.0	2	1	2	6.63129973474801	0								4	University Of The West Indies, Saint Andrew, Jamaica	JM	JM08	18425	18.001	-76.7409	-3754208	4	University Of The West Indies, Saint Andrew, Jamaica	JM	JM08	18425	18.001	-76.7409	-3754208	20260903174500	http://jamaica-star.com/article/news/20260903/senior-citizens%E2%80%99-month-being-observed-september-1-october-8
1321338774	20260903	202609	2026	2026.6658											JAM	KINGSTON	JAM								1	051	051	05	1	3.4	2	1	2	6.63129973474801	0								4	New Kingston, Saint Andrew, Jamaica	JM	JM08	18425	18.0068	-76.7853	-3752995	4	New Kingston, Saint Andrew, Jamaica	JM	JM08	18425	18.0068	-76.7853	-3752995	20260903174500	http://jamaica-star.com/article/news/20260903/senior-citizens%E2%80%99-month-being-observed-september-1-october-8
1321338775	20260903	202609	2026	2026.6658											JEW	RABBI				JEW					0	040	040	04	1	1.0	1	1	1	0.29440628066732	0								3	Washington, District of Columbia, United States	US	USDC	DC001	38.8951	-77.0364	531871	3	Washington, District of Columbia, United States	US	USDC	DC001	38.8951	-77.0364	531871	20260903174500	http://www.washingtonjewishweek.com/the-whys-of-the-high-holidays/
1321338776	20260903	202609	2026	2026.6658											JEW	RABBI				JEW					0	040	040	04	1	1.0	6	1	6	0.29440628066732	0								1	Iraq	IZ	IZ		33	44	IZ	1	Iraq	IZ	IZ		33	44	IZ	20260903174500	http://www.washingtonjewishweek.com/the-whys-of-the-high-holidays/
1321338777	20260903	202609	2026	2026.6658											JEWCVL	JEWISH				JEW		CVL			1	045	045	04	1	5.0	5	1	5	3.85164051355207	0								1	Israel	IS	IS		31.5	34.75	IS	1	Israel	IS	IS		31.5	34.75	IS	20260903174500	http://www.washingtonjewishweek.com/we-need-each-other-now-and-always/
1321338778	20260903	202609	2026	2026.6658											JUD	FEDERAL JUDGE						JUD			1	020	020	02	1	3.0	10	1	10	-4.3859649122807	0								3	San Diego, California, United States	US	USCA		32.7153	-117.157	1661377	3	San Diego, California, United States	US	USCA		32.7153	-117.157	1661377	20260903174500	https://www.nbcsandiego.com/news/politics/leon-black-skips-epstein-deposition-house-panel/4069087/
1321338779	20260903	202609	2026	2026.6658											LBR	LIBERIA	LBR								0	036	036	03	1	4.0	8	1	8	2.91095890410959	0								4	Pleebo, Maryland, Liberia	LI	LI13	147243	4.58917	-7.6725	-2134542	4	Pleebo, Maryland, Liberia	LI	LI13	147243	4.58917	-7.6725	-2134542	20260903174500	https://allafrica.com/stories/202609030502.html
1321338780	20260903	202609	2026	2026.6658											LBR	MONROVIA	LBR								1	042	042	04	1	1.9	1	1	1	2.91095890410959	0								4	Pleebo, Maryland, Liberia	LI	LI13	147243	4.58917	-7.6725	-2134542	4	Pleebo, Maryland, Liberia	LI	LI13	147243	4.58917	-7.6725	-2134542	20260903174500	https://allafrica.com/stories/202609030502.html
1321338781	20260903	202609	2026	2026.6658											LEG	REPRESENTATIVES						LEG			1	045	045	04	1	5.0	5	1	5	10.7416879795397	0								4	Monrovia, Montserrado, Liberia	LI	LI14	147290	6.31056	-10.8047	-2134012	4	Monrovia, Montserrado, Liberia	LI	LI14	147290	6.31056	-10.8047	-2134012	20260903174500	https://allafrica.com/stories/202609030509.html
1321338782	20260903	202609	2026	2026.6658											LEG	LEGISLATURE						LEG			0	071	071	07	2	7.4	6	2	6	-3.95742201667042	0								2	Texas, United States	US	USTX		31.106	-97.6475	TX	2	Texas, United States	US	USTX		31.106	-97.6475	TX	20260903174500	https://www.click2houston.com/news/texas/2026/09/03/texas-food-banks-feel-the-squeeze-of-federal-cuts-drop-in-donations/
1321338783	20260903	202609	2026	2026.6658											MED	CORRESPONDENT						MED			1	040	040	04	1	1.0	3	1	3	-0.22172949002217	0								1	Antarctica	AY	AY		-85.6221	32.3438	AY	1	Antarctica	AY	AY		-85.6221	32.3438	AY	20260903174500	https://www.dailymail.com/home/books/article-16103063/They-life-Mars-palaces-ice-build-Space-Station-Jonathan-Morrison-book-review.html
1321338784	20260903	202609	2026	2026.6658											MED	CORRESPONDENT						MED			1	046	046	04	1	7.0	1	1	1	-0.28328611898017	0								3	White House, District of Columbia, United States	US	USDC		38.8951	-77.0364	531871	3	White House, District of Columbia, United States	US	USDC		38.8951	-77.0364	531871	20260903174500	https://www.newsday.com/entertainment/tv/norah-odonnell-cbs-mornings-pp2wwbde
1321338785	20260903	202609	2026	2026.6658											MEX	MEXICO	MEX								1	040	040	04	1	1.0	2	1	2	-0.22172949002217	0								4	Chichen Itza, YucatáMX, Mexico	MX	MX31	21365	20.6667	-88.5667	-1657009	4	Chichen Itza, YucatáMX, Mexico	MX	MX31	21365	20.6667	-88.5667	-1657009	20260903174500	https://www.dailymail.com/home/books/article-16103063/They-life-Mars-palaces-ice-build-Space-Station-Jonathan-Morrison-book-review.html
1321338786	20260903	202609	2026	2026.6658											MIL	AIR FORCE						MIL			1	046	046	04	1	7.0	10	1	10	3.81944444444445	0								3	Floresville, Texas, United States	US	USTX	TX493	29.1336	-98.1561	1357499	3	Floresville, Texas, United States	US	USTX	TX493	29.1336	-98.1561	1357499	20260903174500	https://www.wilsoncountynews.com/articles/gary-r-widner-3/
1321338787	20260903	202609	2026	2026.6658											MNC	VMWARE						MNC			1	051	051	05	1	3.4	10	1	10	3.89294403892944	0								0								0								20260903174500	https://www.blocksandfiles.com/flash/2026/09/03/ai-adds-impetus-to-netapp-revenue-rise/5294164
1321338788	20260903	202609	2026	2026.6658											MNCUSA	BRANDYWINE REALTY TRUST	USA					MNC			1	040	040	04	1	1.0	6	1	6	3.16622691292876	0								3	Burlington, Pennsylvania, United States	US	USPA	PA015	41.7798	-76.6074	1170725	3	Burlington, Pennsylvania, United States	US	USPA	PA015	41.7798	-76.6074	1170725	20260903174500	https://www.inquirer.com/real-estate/commercial/burlington-philadelphia-headquarters-move-20260903.html
1321338789	20260903	202609	2026	2026.6658											NGA	NIGERIA	NGA								1	046	046	04	1	7.0	5	1	5	-2.69299820466786	0								4	Anambra, Nigeria (general), Nigeria	NI	NI00	22911	7.26667	7.4	-1999832	4	Anambra, Nigeria (general), Nigeria	NI	NI00	22911	7.26667	7.4	-1999832	20260903174500	https://blueprint.ng/anambra-government-agents-choking-marketers-with-illegal-levies-taxes/
1321338790	20260903	202609	2026	2026.6658											NGA	NIGERIA	NGA								1	046	046	04	1	7.0	1	1	1	-2.69299820466786	0								4	Anambra, Nigeria (general), Nigeria	NI	NI00	22911	7.26667	7.4	-1999832	4	Awka, Anambra, Nigeria	NI	NI25	22655	6.21009	7.07411	-2001023	20260903174500	https://blueprint.ng/anambra-government-agents-choking-marketers-with-illegal-levies-taxes/
1321338791	20260903	202609	2026	2026.6658											NGA	NIGERIA	NGA								1	071	071	07	2	7.4	8	1	8	4.81171548117155	0								4	Port Harcourt, Rivers, Nigeria	NI	NI50	191389	4.78917	6.99861	-2025046	4	Port Harcourt, Rivers, Nigeria	NI	NI50	191389	4.78917	6.99861	-2025046	20260903174500	https://allafrica.com/stories/202609030425.html
1321338792	20260903	202609	2026	2026.6658											NPLGOV	NEPALESE	NPL					GOV			0	046	046	04	1	7.0	3	1	3	-2.44988864142539	0								4	Kathmandu, Bagmati, Nepal	NP	NP01	22353	27.7167	85.3167	-1022136	4	Kathmandu, Bagmati, Nepal	NP	NP01	22353	27.7167	85.3167	-1022136	20260903174500	https://www.ecr.co.za/news/news/kzn-mother-to-search-for-missing-daughter-in-nepal/
1321338793	20260903	202609	2026	2026.6658											NRMRAC020	CREATIVITY				NRM					0	045	045	04	1	5.0	10	1	10	8.71459694989107	0								4	Paris, France (general), France	FR	FR00	16282	48.8667	2.33333	-1456928	4	Paris, France (general), France	FR	FR00	16282	48.8667	2.33333	-1456928	20260903174500	https://www.moneycontrol.com/entertainment/7-times-jacqueline-fernandez-proved-she-is-bollywood-s-ultimate-sunshine-girl-on-and-off-screen-article-14022241.html
1321338794	20260903	202609	2026	2026.6658											OPP	ACTIVIST						OPP			0	173	173	17	4	-5.0	2	1	2	-0.1628664495114	0								4	Torquay, Torbay, United Kingdom	UK	UKO4	40104	50.45	-3.5	-2610007	4	Torquay, Torbay, United Kingdom	UK	UKO4	40104	50.45	-3.5	-2610007	20260903174500	https://www.lifenews.com/2026/09/03/special-event-will-remember-assassinated-pro-life-mp-ann-widdecombe/
1321338795	20260903	202609	2026	2026.6658											OPP	ACTIVIST						OPP			0	190	190	19	4	-10.0	2	1	2	-0.1628664495114	0								4	Rotherham, Rotherham, United Kingdom	UK	UKL3	40130	53.4333	-1.35	-2606551	4	South Yorkshire, United Kingdom (general), United Kingdom	UK	UK00	40130	53.45	-1.25	-2608379	20260903174500	https://www.lifenews.com/2026/09/03/special-event-will-remember-assassinated-pro-life-mp-ann-widdecombe/
1321338796	20260903	202609	2026	2026.6658											PAK	PAKISTANI	PAK								1	046	046	04	1	7.0	10	1	10	-0.8298755186722	0								4	Wagah, Sindh, Pakistan	PK	PK05	23686	26.9833	68.5167	-2776932	4	Wagah, Sindh, Pakistan	PK	PK05	23686	26.9833	68.5167	-2776932	20260903174500	https://www.moneycontrol.com/news/india/abhinandan-varthaman-joins-fly91-from-downing-a-pakistani-f-16-jet-in-90-seconds-to-flying-commercial-14022227.html
1321338797	20260903	202609	2026	2026.6658											RAD	FANATIC						RAD			1	0874	087	08	2	10.0	10	1	10	-1.62074554294976	0								4	Benidorm, Valenciana, Spain	SP	SP60	25811	38.5392	-0.136386	-373226	4	Benidorm, Valenciana, Spain	SP	SP60	25811	38.5392	-0.136386	-373226	20260903174500	https://www.walesonline.co.uk/lifestyle/tv/death-paradise-creators-new-detective-34564072
1321338798	20260903	202609	2026	2026.6658											UAF	TERRORIST						UAF			1	111	111	11	3	-2.0	3	1	3	-7.22433460076046	0								1	Israel	IS	IS		31.5	34.75	IS	1	Israel	IS	IS		31.5	34.75	IS	20260903174500	https://www.theguardian.com/uk-news/2026/sep/03/pro-palestine-activists-who-were-sentenced-as-terrorists-launch-appeal
1321338799	20260903	202609	2026	2026.6658											UAF	TERRORIST						UAF			0	130	130	13	3	-4.4	10	1	10	-7.22433460076046	0								1	Israel	IS	IS		31.5	34.75	IS	1	Israel	IS	IS		31.5	34.75	IS	20260903174500	https://www.theguardian.com/uk-news/2026/sep/03/pro-palestine-activists-who-were-sentenced-as-terrorists-launch-appeal
1321338800	20260903	202609	2026	2026.6658											UIS	THE INTERNATIONAL COMMUNITY						UIS			0	020	020	02	1	3.0	10	1	10	2.26320201173512	0								1	Sierra Leone	SL	SL		8.5	-11.5	SL	1	Sierra Leone	SL	SL		8.5	-11.5	SL	20260903174500	https://allafrica.com/stories/202609030510.html
1321338801	20260903	202609	2026	2026.6658											USA	UNITED STATES	USA								0	030	030	03	1	4.0	4	1	4	-9.25925925925926	0								3	Dayton, Ohio, United States	US	USOH	OH113	39.7589	-84.1916	1064514	2	Ohio, United States	US	USOH		40.3736	-82.7755	OH	20260903174500	https://local12.com/news/local/police-stop-high-speed-chase-pit-maneuver-arrest-driver-cincinnati-montgomery-franklin-zion-smith-roundabout
1321338802	20260903	202609	2026	2026.6658											USA	UNITED STATES	USA								1	036	036	03	1	4.0	2	1	2	1.98300283286119	0								3	Macomb, Illinois, United States	US	USIL	IL109	40.4592	-90.6718	412809	3	Chandler Park, Illinois, United States	US	USIL		40.4603	-90.6712	405946	20260903174500	https://www.tspr.org/tspr-local-news/2026-09-03/macomb-planning-more-improvements-near-chandler-park
1321338803	20260903	202609	2026	2026.6658											USA	UNITED STATES	USA								1	036	036	03	1	4.0	4	1	4	-1.78837555886737	0								2	Iowa, United States	US	USIA		42.0046	-93.214	IA	3	Sioux City, Iowa, United States	US	USIA		42.5	-96.4003	461653	20260903174500	http://www.chronicletimes.com/stories/iowa-needs-a-happy-warrior-in-congress,214154
1321338804	20260903	202609	2026	2026.6658											USA	UNITED STATES	USA								1	037	037	03	1	5.0	2	1	2	-7.45920745920746	0								2	Massachusetts, United States	US	USMA		42.2373	-71.5314	MA	2	Massachusetts, United States	US	USMA		42.2373	-71.5314	MA	20260903174500	https://www.wcvb.com/article/reddington-lindsay-clancy-letters/73604200
1321338805	20260903	202609	2026	2026.6658											USA	MASSACHUSETTS	USA								1	042	042	04	1	1.9	3	1	3	-0.15974440894569	0								4	Bengaluru, Karnataka, India	IN	IN19	70159	12.9833	77.5833	-2090174	4	Bengaluru, Karnataka, India	IN	IN19	70159	12.9833	77.5833	-2090174	20260903174500	https://www.thehindu.com/news/international/gloria-steinem-death-feminist-organiser-indian-connection/article71425460.ece
1321338806	20260903	202609	2026	2026.6658											USA	UNITED STATES	USA								1	042	042	04	1	1.9	8	1	6	-4.18410041841005	0								3	Shockoe, Virginia, United States	US	USVA	VA143	36.8087	-79.2639	1500098	3	Shockoe, Virginia, United States	US	USVA	VA143	36.8087	-79.2639	1500098	20260903174500	https://www.wtvr.com/news/local-news/richmond/shockoe-cars-vandalized-update-sept-3-2026
1321338807	20260903	202609	2026	2026.6658											USA	UNITED STATES	USA								1	042	042	04	1	1.9	4	1	4	-1.44508670520231	0								3	Letcher County, Kentucky, United States	US	USKY		37.1334	-82.8665	516913	3	Letcher County, Kentucky, United States	US	USKY		37.1334	-82.8665	516913	20260903174500	https://www.courant.com/2026/09/03/dolly-parton-wrote-song-about-this-kentucky-town-once-visited-with-jane-fonda-2/
1321338808	20260903	202609	2026	2026.6658											USA	UNITED STATES	USA								1	042	042	04	1	1.9	2	1	2	-0.15974440894569	0								3	Smith College, Massachusetts, United States	US	USMA		42.3181	-72.6384	601316	4	Delhi, Delhi, India	IN	IN07	17911	28.6667	77.2167	-2094230	20260903174500	https://www.thehindu.com/news/international/gloria-steinem-death-feminist-organiser-indian-connection/article71425460.ece
1321338809	20260903	202609	2026	2026.6658											USA	UNITED STATES	USA								1	042	042	04	1	1.9	1	1	1	-0.15974440894569	0								3	Smith College, Massachusetts, United States	US	USMA		42.3181	-72.6384	601316	2	New York, United States	US	USNY		42.1497	-74.9384	NY	20260903174500	https://www.thehindu.com/news/international/gloria-steinem-death-feminist-organiser-indian-connection/article71425460.ece
1321338810	20260903	202609	2026	2026.6658											USA	UNITED STATES	USA								1	042	042	04	1	1.9	1	1	1	-4.18410041841005	0								2	Virginia, United States	US	USVA		37.768	-78.2057	VA	4	Sydney, New South Wales, Australia	AS	AS02	154637	-33.8833	151.217	-1603135	20260903174500	https://www.wtvr.com/news/local-news/richmond/shockoe-cars-vandalized-update-sept-3-2026
1321338811	20260903	202609	2026	2026.6658											USA	UNITED STATES	USA								1	046	046	04	1	7.0	4	1	4	2.52631578947368	0								1	Canada	CA	CA		60	-96	CA	1	Canada	CA	CA		60	-96	CA	20260903174500	https://www.cnet.com/tech/services-and-software/supergirl-how-to-watch-hbo-max/
1321338812	20260903	202609	2026	2026.6658											USA	UNITED STATES	USA								0	062	062	06	2	7.4	2	1	2	-0.69808027923211	0								3	Tuscaloosa County, Alabama, United States	US	USAL		33.3001	-87.5003	161588	3	Tuscaloosa County, Alabama, United States	US	USAL		33.3001	-87.5003	161588	20260903174500	https://953thebear.com/ixp/993/p/brookwoods-data-center-town-hall-debate/
1321338813	20260903	202609	2026	2026.6658											USA	UNITED STATES	USA								1	080	080	08	2	5.0	2	1	2	2.65700483091788	0								2	Idaho, United States	US	USID		44.2394	-114.51	ID	2	Idaho, United States	US	USID		44.2394	-114.51	ID	20260903174500	https://www.elitedaily.com/entertainment/taylor-frankie-paul-engaged-bachelorette-doug-mason
1321338814	20260903	202609	2026	2026.6658											USA	UNITED STATES	USA								1	080	080	08	2	5.0	2	1	2	2.65700483091788	0								2	Utah, United States	US	USUT		40.1135	-111.854	UT	2	Idaho, United States	US	USID		44.2394	-114.51	ID	20260903174500	https://www.elitedaily.com/entertainment/taylor-frankie-paul-engaged-bachelorette-doug-mason
1321338815	20260903	202609	2026	2026.6658											USA	CHICAGO	USA								0	100	100	10	3	-5.0	8	1	8	0	0								3	Chicago, Illinois, United States	US	USIL	IL031	41.85	-87.6501	423587	2	Wisconsin, United States	US	USWI		44.2563	-89.6385	WI	20260903174500	https://www.perhamfocus.com/news/local/first-step-corridor-identification-and-development-of-passenger-rail-service-almost-complete
1321338816	20260903	202609	2026	2026.6658											USA	CHICAGO	USA								0	100	100	10	3	-5.0	2	1	2	0	0								2	North Dakota, United States	US	USND		47.5362	-99.793	ND	2	North Dakota, United States	US	USND		47.5362	-99.793	ND	20260903174500	https://www.perhamfocus.com/news/local/first-step-corridor-identification-and-development-of-passenger-rail-service-almost-complete
1321338817	20260903	202609	2026	2026.6658											USA	UNITED STATES	USA								1	112	112	11	3	-2.0	12	1	4	-9.25925925925926	0								3	Dayton, Ohio, United States	US	USOH	OH113	39.7589	-84.1916	1064514	3	Dayton, Ohio, United States	US	USOH	OH113	39.7589	-84.1916	1064514	20260903174500	https://local12.com/news/local/police-stop-high-speed-chase-pit-maneuver-arrest-driver-cincinnati-montgomery-franklin-zion-smith-roundabout
1321338818	20260903	202609	2026	2026.6658											USA	UNITED STATES	USA								1	112	112	11	3	-2.0	4	1	2	-9.25925925925926	0								3	Dayton, Ohio, United States	US	USOH	OH113	39.7589	-84.1916	1064514	2	Ohio, United States	US	USOH		40.3736	-82.7755	OH	20260903174500	https://local12.com/news/local/police-stop-high-speed-chase-pit-maneuver-arrest-driver-cincinnati-montgomery-franklin-zion-smith-roundabout
1321338819	20260903	202609	2026	2026.6658											USA	UNITED STATES	USA								1	112	112	11	3	-2.0	6	1	6	-8.94039735099338	0								3	Richmond County, Georgia, United States	US	USGA		33.3668	-82.0998	358024	3	Richmond County, Georgia, United States	US	USGA		33.3668	-82.0998	358024	20260903174500	https://www.wrdw.com/2026/09/03/richmond-county-sheriff-calls-friday-news-conference-amid-week-turmoil/
1321338820	20260903	202609	2026	2026.6658											USA	UNITED STATES	USA								1	1712	171	17	4	-9.2	12	1	6	-4.18410041841005	0								3	Shockoe, Virginia, United States	US	USVA	VA143	36.8087	-79.2639	1500098	3	Shockoe, Virginia, United States	US	USVA	VA143	36.8087	-79.2639	1500098	20260903174500	https://www.wtvr.com/news/local-news/richmond/shockoe-cars-vandalized-update-sept-3-2026
1321338821	20260903	202609	2026	2026.6658											USA	CHARLOTTE	USA								1	173	173	17	4	-5.0	6	1	6	-7.22433460076046	0								1	Israel	IS	IS		31.5	34.75	IS	1	Israel	IS	IS		31.5	34.75	IS	20260903174500	https://www.theguardian.com/uk-news/2026/sep/03/pro-palestine-activists-who-were-sentenced-as-terrorists-launch-appeal
1321338822	20260903	202609	2026	2026.6658											USA	UNITED STATES	USA								1	1823	182	18	4	-10.0	4	1	4	-1.40449438202247	0								2	New York, United States	US	USNY		42.1497	-74.9384	NY	2	New York, United States	US	USNY		42.1497	-74.9384	NY	20260903174500	https://globemagazine.com/fundraiser-for-times-square-murder-victims-infant-daughter-receives-more-than-500k/
1321338823	20260903	202609	2026	2026.6658											USABUS	LOUISIANA	USA					BUS			1	042	042	04	1	1.9	3	1	3	5.72519083969466	0								2	Louisiana, United States	US	USLA		31.1801	-91.8749	LA	2	Louisiana, United States	US	USLA		31.1801	-91.8749	LA	20260903174500	https://talk1073.com/2026/09/03/how-lwcc-puts-purpose-and-people-first-in-workers-compensation/
1321338824	20260903	202609	2026	2026.6658											USAGOVMIL	THE US	USA					GOV	MIL		0	057	057	05	1	8.0	10	1	10	-2.98136645962732	0								3	Washington, District of Columbia, United States	US	USDC	DC001	38.8951	-77.0364	531871	3	Washington, District of Columbia, United States	US	USDC	DC001	38.8951	-77.0364	531871	20260903174500	https://www.moneycontrol.com/world/trump-says-us-weapons-stockpile-reports-are-100-wrong-amid-iran-war-article-14022263.html
1321338825	20260903	202609	2026	2026.6658											VNM	VIETNAM	VNM								1	043	043	04	1	2.8	10	1	10	0.64102564102564	0								0								0								20260903174500	https://www.wbrz.com/news/vietnam-traveling-memorial-wall-headed-to-zachary-in-november
1321338826	20260903	202609	2026	2026.6658											bar	BARI			bar						1	036	036	03	1	4.0	3	1	3	-0.28328611898017	0								3	Washington, District of Columbia, United States	US	USDC	DC001	38.8951	-77.0364	531871	3	Washington, District of Columbia, United States	US	USDC	DC001	38.8951	-77.0364	531871	20260903174500	https://www.newsday.com/entertainment/tv/norah-odonnell-cbs-mornings-pp2wwbde
1321338827	20260903	202609	2026	2026.6658	AFR	AFRICA	AFR																		1	010	010	01	1	0.0	2	1	2	1.83150183150183	4	Waterberg, Eastern Cape, South Africa	SF	SF05	77321	-32.0167	25.7333	-1254303	0								4	Waterberg, Eastern Cape, South Africa	SF	SF05	77321	-32.0167	25.7333	-1254303	20260903174500	https://www.miningmx.com/top-story/67033-implats-takes-shine-to-bite-sized-waterberg-jv-amid-market-confidence/
1321338828	20260903	202609	2026	2026.6658	AFR	AFRICA	AFR																		1	010	010	01	1	0.0	2	1	2	1.83150183150183	1	Zimbabwe	ZI	ZI		-19	29	ZI	0								1	Zimbabwe	ZI	ZI		-19	29	ZI	20260903174500	https://www.miningmx.com/top-story/67033-implats-takes-shine-to-bite-sized-waterberg-jv-amid-market-confidence/
1321338829	20260903	202609	2026	2026.6658	AFR	AFRICA	AFR																		1	014	014	01	1	0.0	4	1	3	1.83150183150183	4	Waterberg, Eastern Cape, South Africa	SF	SF05	77321	-32.0167	25.7333	-1254303	0								4	Waterberg, Eastern Cape, South Africa	SF	SF05	77321	-32.0167	25.7333	-1254303	20260903174500	https://www.miningmx.com/top-story/67033-implats-takes-shine-to-bite-sized-waterberg-jv-amid-market-confidence/
1321338830	20260903	202609	2026	2026.6658	AFR	AFRICA	AFR																		1	014	014	01	1	0.0	4	1	4	1.83150183150183	1	Zimbabwe	ZI	ZI		-19	29	ZI	0								1	Zimbabwe	ZI	ZI		-19	29	ZI	20260903174500	https://www.miningmx.com/top-story/67033-implats-takes-shine-to-bite-sized-waterberg-jv-amid-market-confidence/
1321338831	20260903	202609	2026	2026.6658	AFR	AFRICA	AFR																		0	043	043	04	1	2.8	10	1	10	2.11981566820277	4	Garoua, Nord, Cameroon	CM	CM13	12501	9.3	13.4	-3149623	0								4	Garoua, Nord, Cameroon	CM	CM13	12501	9.3	13.4	-3149623	20260903174500	https://allafrica.com/stories/202609030599.html
1321338832	20260903	202609	2026	2026.6658	AFR	AFRICA	AFR																		1	071	071	07	2	7.4	5	1	5	2.97202797202797	1	Nigeria	NI	NI		10	8	NI	0								1	Nigeria	NI	NI		10	8	NI	20260903174500	https://techcabal.com/2026/09/03/village-capital-nigeria-investments/
1321338833	20260903	202609	2026	2026.6658	AFR	AFRICA	AFR								BUS	COMPANY						BUS			0	014	014	01	1	0.0	2	1	2	1.83150183150183	4	Waterberg, Eastern Cape, South Africa	SF	SF05	77321	-32.0167	25.7333	-1254303	4	Waterberg, Eastern Cape, South Africa	SF	SF05	77321	-32.0167	25.7333	-1254303	4	Waterberg, Eastern Cape, South Africa	SF	SF05	77321	-32.0167	25.7333	-1254303	20260903174500	https://www.miningmx.com/top-story/67033-implats-takes-shine-to-bite-sized-waterberg-jv-amid-market-confidence/
1321338834	20260903	202609	2026	2026.6658	AFR	AFRICA	AFR								LEG	CONGRESS						LEG			1	012	012	01	1	-0.4	4	1	4	-2.51046025104603	4	Port Harcourt, Rivers, Nigeria	NI	NI50	191389	4.78917	6.99861	-2025046	4	Port Harcourt, Rivers, Nigeria	NI	NI50	191389	4.78917	6.99861	-2025046	4	Port Harcourt, Rivers, Nigeria	NI	NI50	191389	4.78917	6.99861	-2025046	20260903174500	https://dailypost.ng/2026/09/03/adc-to-participate-fully-in-2027-elections-despite-concerns-over-inec/
1321338835	20260903	202609	2026	2026.6658	AFR	AFRICA	AFR								LEG	CONGRESS						LEG			1	012	012	01	1	-0.4	6	1	6	-2.51046025104603	5	Rivers State, Rivers, Nigeria	NI	NI50	23058	4.75	6.83333	-2025387	5	Rivers State, Rivers, Nigeria	NI	NI50	23058	4.75	6.83333	-2025387	5	Rivers State, Rivers, Nigeria	NI	NI50	23058	4.75	6.83333	-2025387	20260903174500	https://dailypost.ng/2026/09/03/adc-to-participate-fully-in-2027-elections-despite-concerns-over-inec/
1321338836	20260903	202609	2026	2026.6658	AFR	AFRICA	AFR								LEG	CONGRESS						LEG			1	130	130	13	3	-4.4	2	1	2	-5.55555555555555	5	Rivers State, Rivers, Nigeria	NI	NI50	23058	4.75	6.83333	-2025387	5	Rivers State, Rivers, Nigeria	NI	NI50	23058	4.75	6.83333	-2025387	5	Rivers State, Rivers, Nigeria	NI	NI50	23058	4.75	6.83333	-2025387	20260903174500	https://dailypost.ng/2026/09/03/2027-adc-vows-to-resist-illegality-intimidation-in-rivers/
1321338837	20260903	202609	2026	2026.6658	AFR	AFRICA	AFR								MWI	MALAWI	MWI								1	073	073	07	2	7.4	2	1	2	-2.74509803921568	1	South Africa	SF	SF		-30	26	SF	1	South Africa	SF	SF		-30	26	SF	1	South Africa	SF	SF		-30	26	SF	20260903174500	https://www.ecr.co.za/news/news/sa-sisters-arrive-home-after-malawi-trafficking-ordeal/
1321338838	20260903	202609	2026	2026.6658	AFR	AFRICA	AFR								NPL	NEPAL	NPL								1	090	090	09	2	-2.0	8	1	8	-2.44988864142539	4	Kwazulu, Eastern Cape, South Africa	SF	SF05	77353	-31.2895	29.4551	-1250484	4	Kathmandu, Bagmati, Nepal	NP	NP01	22353	27.7167	85.3167	-1022136	4	Kathmandu, Bagmati, Nepal	NP	NP01	22353	27.7167	85.3167	-1022136	20260903174500	https://www.ecr.co.za/news/news/kzn-mother-to-search-for-missing-daughter-in-nepal/
1321338839	20260903	202609	2026	2026.6658	AFR	AFRICA	AFR								USA	UNITED STATES	USA								0	051	051	05	1	3.4	4	1	4	0.48289738430584	2	New York, United States	US	USNY		42.1497	-74.9384	NY	2	New York, United States	US	USNY		42.1497	-74.9384	NY	2	New York, United States	US	USNY		42.1497	-74.9384	NY	20260903174500	https://listverse.com/2012/08/25/10-triumphs-of-orson-welles/
1321338840	20260903	202609	2026	2026.6658	AGR	FARMER						AGR			IND	TAMIL NADU	IND								1	042	042	04	1	1.9	6	1	6	1.72166427546628	1	Italy	IT	IT		42.833333	12.833333	IT	1	Italy	IT	IT		42.833333	12.833333	IT	1	Italy	IT	IT		42.833333	12.833333	IT	20260903174500	https://www.boldsky.com/fashion/chief-minister-vijay-gifts-his-christian-dior-sunglasses-to-an-elderly-woman-in-mettur-172627.html
1321338841	20260903	202609	2026	2026.6658	AGR	FARMER						AGR			ITA	ITALY	ITA								1	042	042	04	1	1.9	4	1	4	1.72166427546628	1	Italy	IT	IT		42.833333	12.833333	IT	1	Italy	IT	IT		42.833333	12.833333	IT	1	Italy	IT	IT		42.833333	12.833333	IT	20260903174500	https://www.boldsky.com/fashion/chief-minister-vijay-gifts-his-christian-dior-sunglasses-to-an-elderly-woman-in-mettur-172627.html
1321338842	20260903	202609	2026	2026.6658	ARG	ARGENTINA	ARG								GBR	UNITED KINGDOM	GBR								0	013	013	01	1	0.4	2	1	2	-1.22950819672131	1	Argentina	AR	AR		-34	-64	AR	1	United Kingdom	UK	UK		54	-4	UK	1	Argentina	AR	AR		-34	-64	AR	20260903174500	https://www.bbc.co.uk/news/articles/c1kx4m70l4yo
1321338843	20260903	202609	2026	2026.6658	ARGGOV	ARGENTINIAN	ARG					GOV													1	010	010	01	1	0.0	10	1	10	-1.22950819672131	1	United Kingdom	UK	UK		54	-4	UK	0								1	United Kingdom	UK	UK		54	-4	UK	20260903174500	https://www.bbc.co.uk/news/articles/c1kx4m70l4yo
1321338844	20260903	202609	2026	2026.6658	AUS	SYDNEY	AUS																		1	010	010	01	1	0.0	3	1	3	-4.18410041841005	2	Virginia, United States	US	USVA		37.768	-78.2057	VA	0								2	Virginia, United States	US	USVA		37.768	-78.2057	VA	20260903174500	https://www.wtvr.com/news/local-news/richmond/shockoe-cars-vandalized-update-sept-3-2026
1321338845	20260903	202609	2026	2026.6658	AUS	AUSTRALIA	AUS																		1	0214	021	02	1	3.4	4	1	4	-4.4822256568779	1	Australia	AS	AS		-25	135	AS	0								1	Australia	AS	AS		-25	135	AS	20260903174500	https://www.theadvocate.com.au/story/9343551/black-skips-epstein-deposition-sues-us-house-committee/
1321338846	20260903	202609	2026	2026.6658	AUS	SYDNEY	AUS								LAB	UNIONS						LAB			0	012	012	01	1	-0.4	10	1	10	-5.35055350553506	4	Gaza, Israel (general), Israel	IS	IS00	18315	31.4167	34.3333	-797156	4	Gaza, Israel (general), Israel	IS	IS00	18315	31.4167	34.3333	-797156	4	Gaza, Israel (general), Israel	IS	IS00	18315	31.4167	34.3333	-797156	20260903174500	https://www.foxnews.com/us/israeli-medics-train-us-synagogues-respond-attacks-high-holidays-approach
1321338847	20260903	202609	2026	2026.6658	AZE	AZERBAIJAN	AZE																		1	020	020	02	1	3.0	6	1	6	1.66666666666667	1	United States	US	US		39.828175	-98.5795	US	0								1	United States	US	US		39.828175	-98.5795	US	20260903174500	https://www.trend.az/azerbaijan/politics/4220479.html
1321338848	20260903	202609	2026	2026.6658	AZE	AZERBAIJAN	AZE								GOV	PRESIDENT						GOV			1	042	042	04	1	1.9	2	1	2	3.51437699680511	1	Azerbaijan	AJ	AJ		40.5	47.5	AJ	1	Azerbaijan	AJ	AJ		40.5	47.5	AJ	1	Azerbaijan	AJ	AJ		40.5	47.5	AJ	20260903174500	https://www.trend.az/azerbaijan/politics/4220469.html
1321338849	20260903	202609	2026	2026.6658	AZE	AZERBAIJAN	AZE								IGOEURSCE	OSCE	EUR	SCE				IGO			1	010	010	01	1	0.0	5	1	5	0.54644808743169	4	Baku, Baki*, Azerbaijan	AJ	AJ09	534	40.3953	49.8822	-2705195	4	Baku, Baki*, Azerbaijan	AJ	AJ09	534	40.3953	49.8822	-2705195	4	Baku, Baki*, Azerbaijan	AJ	AJ09	534	40.3953	49.8822	-2705195	20260903174500	https://www.trend.az/azerbaijan/politics/4220478.html
1321338850	20260903	202609	2026	2026.6658	AZE	AZERBAIJAN	AZE								IGOEURSCE	OSCE	EUR	SCE				IGO			1	043	043	04	1	2.8	3	1	3	3.51437699680511	1	Azerbaijan	AJ	AJ		40.5	47.5	AJ	1	Azerbaijan	AJ	AJ		40.5	47.5	AJ	1	Azerbaijan	AJ	AJ		40.5	47.5	AJ	20260903174500	https://www.trend.az/azerbaijan/politics/4220469.html
1321338851	20260903	202609	2026	2026.6658	AZELEG	AZERBAIJANI	AZE					LEG			IGOEURSCE	OSCE	EUR	SCE				IGO			1	040	040	04	1	1.0	6	1	6	6.06060606060606	1	Azerbaijan	AJ	AJ		40.5	47.5	AJ	1	Azerbaijan	AJ	AJ		40.5	47.5	AJ	1	Azerbaijan	AJ	AJ		40.5	47.5	AJ	20260903174500	https://www.trend.az/azerbaijan/politics/4220473.html
1321338852	20260903	202609	2026	2026.6658	BEL	BRUSSELS	BEL								CAN	OTTAWA	CAN								1	057	057	05	1	8.0	8	1	8	0.512820512820517	4	Dublin, Dublin, Ireland	EI	EI07	18288	53.3331	-6.24889	-1502554	4	Dublin, Dublin, Ireland	EI	EI07	18288	53.3331	-6.24889	-1502554	4	Dublin, Dublin, Ireland	EI	EI07	18288	53.3331	-6.24889	-1502554	20260903174500	https://www.politico.eu/article/canada-invited-to-ireland-for-eu-talks-alongside-trumps-trade-envoy/
1321338853	20260903	202609	2026	2026.6658	BEL	BRUSSELS	BEL								CAN	OTTAWA	CAN								1	057	057	05	1	8.0	1	1	1	0.512820512820517	4	Brussels, Bruxelles-Capitale, Belgium	BE	BE11	5850	50.8333	4.33333	-1955538	4	Brussels, Bruxelles-Capitale, Belgium	BE	BE11	5850	50.8333	4.33333	-1955538	4	Ottawa, Ontario, Canada	CA	CA08	12755	45.4167	-75.7	-570760	20260903174500	https://www.politico.eu/article/canada-invited-to-ireland-for-eu-talks-alongside-trumps-trade-envoy/
1321338854	20260903	202609	2026	2026.6658	BEL	BRUSSELS	BEL								CAN	OTTAWA	CAN								1	057	057	05	1	8.0	1	1	1	0.512820512820517	4	Brussels, Bruxelles-Capitale, Belgium	BE	BE11	5850	50.8333	4.33333	-1955538	4	Ottawa, Ontario, Canada	CA	CA08	12755	45.4167	-75.7	-570760	4	Brussels, Bruxelles-Capitale, Belgium	BE	BE11	5850	50.8333	4.33333	-1955538	20260903174500	https://www.politico.eu/article/canada-invited-to-ireland-for-eu-talks-alongside-trumps-trade-envoy/
1321338855	20260903	202609	2026	2026.6658	BEL	BELGIUM	BEL								USAMED	THE ASSOCIATED PRESS	USA					MED			1	010	010	01	1	0.0	2	1	2	3.125	1	Belgium	BE	BE		50.833333	4	BE	4	Zurich, ZüSZ, Switzerland	SZ	SZ25	26310	47.3667	8.55	-2554935	4	Zurich, ZüSZ, Switzerland	SZ	SZ25	26310	47.3667	8.55	-2554935	20260903174500	https://www.arabnews.com/offbeat/scientists-studying-cockroach-milk-and-nose-blowing-win-ig-nobel-prizes-for-quirky-science-3000418
1321338856	20260903	202609	2026	2026.6658	BEL	BELGIUM	BEL								USAMED	THE ASSOCIATED PRESS	USA					MED			1	042	042	04	1	1.9	1	1	1	3.125	1	Belgium	BE	BE		50.833333	4	BE	4	Zurich, ZüSZ, Switzerland	SZ	SZ25	26310	47.3667	8.55	-2554935	1	Belgium	BE	BE		50.833333	4	BE	20260903174500	https://www.arabnews.com/offbeat/scientists-studying-cockroach-milk-and-nose-blowing-win-ig-nobel-prizes-for-quirky-science-3000418
1321338857	20260903	202609	2026	2026.6658	BEL	BELGIUM	BEL								USAMED	THE ASSOCIATED PRESS	USA					MED			1	043	043	04	1	2.8	1	1	1	3.125	1	Belgium	BE	BE		50.833333	4	BE	4	Zurich, ZüSZ, Switzerland	SZ	SZ25	26310	47.3667	8.55	-2554935	1	Belgium	BE	BE		50.833333	4	BE	20260903174500	https://www.arabnews.com/offbeat/scientists-studying-cockroach-milk-and-nose-blowing-win-ig-nobel-prizes-for-quirky-science-3000418
1321338858	20260903	202609	2026	2026.6658	BGD	SHERPUR	BGD								HLH	HOSPITAL						HLH			1	042	042	04	1	1.9	4	1	4	-7.78210116731517	4	Sherpur Kalan, Uttar Pradesh, India	IN	IN36	17931	28.5167	80.2	-2111045	4	Sherpur Kalan, Uttar Pradesh, India	IN	IN36	17931	28.5167	80.2	-2111045	4	Sherpur Kalan, Uttar Pradesh, India	IN	IN36	17931	28.5167	80.2	-2111045	20260903174500	https://www.hindustantimes.com/cities/chandigarh-news/ludhiana-tractor-trolley-runs-over-two-schoolgirls-one-dies-on-spot-101788456246620.html
1321338859	20260903	202609	2026	2026.6658	BGDEDU	SHERPUR	BGD					EDU			EDU	STUDENT						EDU			1	193	193	19	4	-10.0	1	1	1	-7.78210116731517	4	Sherpur Kalan, Uttar Pradesh, India	IN	IN36	17931	28.5167	80.2	-2111045	4	Sherpur Kalan, Uttar Pradesh, India	IN	IN36	17931	28.5167	80.2	-2111045	4	Sherpur Kalan, Uttar Pradesh, India	IN	IN36	17931	28.5167	80.2	-2111045	20260903174500	https://www.hindustantimes.com/cities/chandigarh-news/ludhiana-tractor-trolley-runs-over-two-schoolgirls-one-dies-on-spot-101788456246620.html
1321338860	20260903	202609	2026	2026.6658	BGR	BULGARIA	BGR																		0	010	010	01	1	0.0	10	1	10	2.00181983621474	4	Balkans, Vidin, Bulgaria	BU	BU63	12099	44	23	-103646	0								4	Balkans, Vidin, Bulgaria	BU	BU63	12099	44	23	-103646	20260903174500	https://www.novinite.com/articles/240455/Costa+with+Bulgaria
1321338861	20260903	202609	2026	2026.6658	BGR	BULGARIA	BGR								EUR	EUROPEAN	EUR								0	051	051	05	1	3.4	2	1	2	2.00181983621474	4	Balkans, Vidin, Bulgaria	BU	BU63	12099	44	23	-103646	4	Balkans, Vidin, Bulgaria	BU	BU63	12099	44	23	-103646	4	Balkans, Vidin, Bulgaria	BU	BU63	12099	44	23	-103646	20260903174500	https://www.novinite.com/articles/240455/Costa+with+Bulgaria
1321338862	20260903	202609	2026	2026.6658	BGR	BULGARIA	BGR								EUR	EUROPEAN	EUR								0	051	051	05	1	3.4	8	1	8	2.00181983621474	1	Ukraine	UP	UP		49	32	UP	4	Moscow, Moskva, Russia	RS	RS48	25106	55.7522	37.6156	-2960561	1	Ukraine	UP	UP		49	32	UP	20260903174500	https://www.novinite.com/articles/240455/Costa+with+Bulgaria
1321338863	20260903	202609	2026	2026.6658	BHS	BAHAMA	BHS																		0	011	011	01	1	-0.1	2	1	2	-6.10465116279069	4	Nassau, New Providence, Bahamas, The	BF	BF23	5747	25.0833	-77.35	-1543832	0								2	Rhode Island, United States	US	USRI		41.6772	-71.5101	RI	20260903174500	https://www.newsday.com/long-island/investigations/wantagh-fire-department-rape-case-settlement-e8zogcqf
1321338864	20260903	202609	2026	2026.6658	BHS	BAHAMA	BHS																		1	057	057	05	1	8.0	2	1	2	-6.10465116279069	4	Nassau, New Providence, Bahamas, The	BF	BF23	5747	25.0833	-77.35	-1543832	0								4	Nassau, New Providence, Bahamas, The	BF	BF23	5747	25.0833	-77.35	-1543832	20260903174500	https://www.newsday.com/long-island/investigations/wantagh-fire-department-rape-case-settlement-e8zogcqf
1321338865	20260903	202609	2026	2026.6658	BHS	BAHAMA	BHS																		0	120	120	12	3	-4.0	2	1	2	-6.10465116279069	4	Nassau, New Providence, Bahamas, The	BF	BF23	5747	25.0833	-77.35	-1543832	0								2	Rhode Island, United States	US	USRI		41.6772	-71.5101	RI	20260903174500	https://www.newsday.com/long-island/investigations/wantagh-fire-department-rape-case-settlement-e8zogcqf
1321338866	20260903	202609	2026	2026.6658	BLZGOV	BELIZE	BLZ					GOV			JPNMED	JAPAN	JPN					MED			1	040	040	04	1	1.0	2	1	2	4.83870967741935	4	Punta Gorda, Toledo, Belize	BH	BH06	5860	16.1	-88.8	-1150073	1	Japan	JA	JA		36	138	JA	1	Japan	JA	JA		36	138	JA	20260903174500	https://lovefm.com/belize-and-japan-explore-expanded-cooperation-in-punta-gorda/
1321338867	20260903	202609	2026	2026.6658	BUS	COMPANY						BUS													1	010	010	01	1	0.0	7	1	7	-1.58562367864693	4	Lagos, Lagos, Nigeria	NI	NI05	191416	6.45306	3.39583	-2017355	0								4	Lagos, Lagos, Nigeria	NI	NI05	191416	6.45306	3.39583	-2017355	20260903174500	https://techcabal.com/2026/09/03/uber-is-gone-its-users-must-find-another-way-around-nigeria/
1321338868	20260903	202609	2026	2026.6658	BUS	COMPANY						BUS													0	010	010	01	1	0.0	3	1	3	1.3	3	San Francisco, California, United States	US	USCA	CA075	37.7749	-122.419	277593	0								3	San Francisco, California, United States	US	USCA		37.7749	-122.419	277593	20260903174500	https://www.moneycontrol.com/artificial-intelligence/hugging-face-s-3-french-founders-become-billionaires-after-nvidia-s-13-billion-acquisition-article-14022237.html
1321338869	20260903	202609	2026	2026.6658	BUS	COMPANY						BUS													0	010	010	01	1	0.0	3	1	3	1.3	3	Brooklyn, Florida, United States	US	USFL	FL031	30.3236	-81.6745	279437	0								3	Brooklyn, Florida, United States	US	USFL	FL031	30.3236	-81.6745	279437	20260903174500	https://www.moneycontrol.com/artificial-intelligence/hugging-face-s-3-french-founders-become-billionaires-after-nvidia-s-13-billion-acquisition-article-14022237.html
1321338870	20260903	202609	2026	2026.6658	BUS	BANK						BUS													0	010	010	01	1	0.0	5	1	5	0.38910505836576	1	Cameroon	CM	CM		6	12	CM	0								1	Cameroon	CM	CM		6	12	CM	20260903174500	https://www.businessincameroon.com/finance/0309-16666-commercial-bank-cameroon-s-cfa524-5bn-loan-book-is-heavily-weighted-toward-short-term-credit
1321338871	20260903	202609	2026	2026.6658	BUS	COMPANY						BUS													0	011	011	01	1	-0.1	10	1	10	-2.28690228690228	2	Massachusetts, United States	US	USMA		42.2373	-71.5314	MA	0								2	Massachusetts, United States	US	USMA		42.2373	-71.5314	MA	20260903174500	https://www.wcvb.com/article/aclu-massachusetts-state-police-alpr-audit-ruling/73603931
1321338872	20260903	202609	2026	2026.6658	BUS	COMPANY						BUS													0	014	014	01	1	0.0	2	1	2	1.83150183150183	4	Waterberg, Eastern Cape, South Africa	SF	SF05	77321	-32.0167	25.7333	-1254303	0								4	Waterberg, Eastern Cape, South Africa	SF	SF05	77321	-32.0167	25.7333	-1254303	20260903174500	https://www.miningmx.com/top-story/67033-implats-takes-shine-to-bite-sized-waterberg-jv-amid-market-confidence/
1321338873	20260903	202609	2026	2026.6658	BUS	COMPANY						BUS													0	014	014	01	1	0.0	1	1	1	1.83150183150183	1	Zimbabwe	ZI	ZI		-19	29	ZI	0								1	Zimbabwe	ZI	ZI		-19	29	ZI	20260903174500	https://www.miningmx.com/top-story/67033-implats-takes-shine-to-bite-sized-waterberg-jv-amid-market-confidence/
1321338874	20260903	202609	2026	2026.6658	BUS	INVESTOR						BUS													1	020	020	02	1	3.0	2	1	2	-0.91743119266055	3	Blackrock, Pennsylvania, United States	US	USPA	PA133	39.7218	-76.8611	1169764	0								3	Swarthmore, Pennsylvania, United States	US	USPA	PA045	39.9021	-75.3499	1189142	20260903174500	https://www.inquirer.com/business/swarthmore-capital-fund-gerald-jones-startup-investments-20260903.html
1321338875	20260903	202609	2026	2026.6658	BUS	INVESTOR						BUS													1	020	020	02	1	3.0	6	1	6	-0.91743119266055	3	Swarthmore, Pennsylvania, United States	US	USPA	PA045	39.9021	-75.3499	1189142	0								2	Pennsylvania, United States	US	USPA		40.5773	-77.264	PA	20260903174500	https://www.inquirer.com/business/swarthmore-capital-fund-gerald-jones-startup-investments-20260903.html
1321338876	20260903	202609	2026	2026.6658	BUS	COMPANY						BUS													0	020	020	02	1	3.0	4	1	4	-3.58490566037736	3	Richmond, Virginia, United States	US	USVA	VA760	37.5538	-77.4603	1499957	0								3	Richmond, Virginia, United States	US	USVA	VA760	37.5538	-77.4603	1499957	20260903174500	https://www.wtvr.com/news/local-news/richmond/dominion-energy-outages-sept-3-2026
1321338877	20260903	202609	2026	2026.6658	BUS	EMPLOYER						BUS													1	020	020	02	1	3.0	5	1	5	-5.85585585585586	2	Louisiana, United States	US	USLA		31.1801	-91.8749	LA	0								2	Louisiana, United States	US	USLA		31.1801	-91.8749	LA	20260903174500	https://www.workerscompensation.com/daily-headlines/3-key-cases-on-workers-compensation-settlements/
1321338878	20260903	202609	2026	2026.6658	BUS	BANK						BUS													0	026	026	02	1	4.0	12	2	12	-3.95742201667042	2	Texas, United States	US	USTX		31.106	-97.6475	TX	0								2	Texas, United States	US	USTX		31.106	-97.6475	TX	20260903174500	https://www.click2houston.com/news/texas/2026/09/03/texas-food-banks-feel-the-squeeze-of-federal-cuts-drop-in-donations/
1321338879	20260903	202609	2026	2026.6658	BUS	INVESTOR						BUS													1	030	030	03	1	4.0	10	1	10	0.29806259314456	4	Essama, Sud, Cameroon	CM	CM14	18585	3.16667	11.65	-3145444	0								4	Essama, Sud, Cameroon	CM	CM14	18585	3.16667	11.65	-3145444	20260903174500	https://www.businessincameroon.com/public-management/0309-16671-cameroonian-microfinance-firm-renaprov-presses-ahead-with-bvmac-listing-after-initial-rejection
1321338880	20260903	202609	2026	2026.6658	BUS	INVESTOR						BUS													0	0311	031	03	1	5.2	10	1	10	0.29806259314456	4	Essama, Sud, Cameroon	CM	CM14	18585	3.16667	11.65	-3145444	0								4	Essama, Sud, Cameroon	CM	CM14	18585	3.16667	11.65	-3145444	20260903174500	https://www.businessincameroon.com/public-management/0309-16671-cameroonian-microfinance-firm-renaprov-presses-ahead-with-bvmac-listing-after-initial-rejection
1321338881	20260903	202609	2026	2026.6658	BUS	BUSINESS						BUS													1	043	043	04	1	2.8	6	1	6	2.11981566820277	4	Garoua, Nord, Cameroon	CM	CM13	12501	9.3	13.4	-3149623	0								4	Garoua, Nord, Cameroon	CM	CM13	12501	9.3	13.4	-3149623	20260903174500	https://allafrica.com/stories/202609030599.html
1321338882	20260903	202609	2026	2026.6658	BUS	BANK						BUS													1	051	051	05	1	3.4	5	1	5	2.95566502463055	3	Cincinnati, Ohio, United States	US	USOH	OH061	39.162	-84.4569	1066650	0								3	Cincinnati, Ohio, United States	US	USOH	OH061	39.162	-84.4569	1066650	20260903174500	https://local12.com/news/good-morning-cincinnati/queen-city-book-bank-books-children-cincinnati-dolly-parton-little-free-libraries-students-kids
1321338883	20260903	202609	2026	2026.6658	BUS	BANK						BUS													0	070	070	07	2	7.0	2	1	2	-3.81374722838138	3	Houston, Texas, United States	US	USTX	TX201	29.7633	-95.3633	1380948	0								2	Texas, United States	US	USTX		31.106	-97.6475	TX	20260903174500	https://www.texastribune.org/2026/09/03/texas-food-banks-struggle-federal-cuts/
1321338884	20260903	202609	2026	2026.6658	BUS	BANK						BUS													1	070	070	07	2	7.0	10	1	10	-2.17391304347826	2	Florida, United States	US	USFL		27.8333	-81.717	FL	0								2	Florida, United States	US	USFL		27.8333	-81.717	FL	20260903174500	https://www.wesh.com/article/florida-eggs-distributed-food-banks-settlement/73606545
1321338885	20260903	202609	2026	2026.6658	BUS	BANK						BUS													0	070	070	07	2	7.0	4	1	4	-4.10109680495947	2	Texas, United States	US	USTX		31.106	-97.6475	TX	0								3	Houston, Texas, United States	US	USTX	TX201	29.7633	-95.3633	1380948	20260903174500	https://www.click2houston.com/news/texas/2026/09/03/texas-food-banks-feel-the-squeeze-of-federal-cuts-drop-in-donations/
1321338886	20260903	202609	2026	2026.6658	BUS	BANK						BUS													0	070	070	07	2	7.0	14	2	14	-3.93689704691485	2	Texas, United States	US	USTX		31.106	-97.6475	TX	0								2	Texas, United States	US	USTX		31.106	-97.6475	TX	20260903174500	https://www.click2houston.com/news/texas/2026/09/03/texas-food-banks-feel-the-squeeze-of-federal-cuts-drop-in-donations/
1321338887	20260903	202609	2026	2026.6658	BUS	COMPANY						BUS													0	071	071	07	2	7.4	10	1	10	1.7772840877534	4	Condobolin, New South Wales, Australia	AS	AS02	5096	-33.0881	147.145	-1566635	0								4	Condobolin, New South Wales, Australia	AS	AS02	5096	-33.0881	147.145	-1566635	20260903174500	https://www.jcnnewswire.com/pressrelease/109766/2/Kincora-Announces-Exploration-Strategy-Update:-Drilling-Planned-Across-Four-Projects
1321338888	20260903	202609	2026	2026.6658	BUS	COMPANY						BUS													0	071	071	07	2	7.4	6	1	4	1.7772840877534	4	Gidginbung, New South Wales, Australia	AS	AS02	5090	-34.3333	147.467	-1574957	0								4	Gidginbung, New South Wales, Australia	AS	AS02	5090	-34.3333	147.467	-1574957	20260903174500	https://www.jcnnewswire.com/pressrelease/109766/2/Kincora-Announces-Exploration-Strategy-Update:-Drilling-Planned-Across-Four-Projects
1321338889	20260903	202609	2026	2026.6658	BUS	COMPANY						BUS													0	071	071	07	2	7.4	14	1	8	1.7772840877534	4	Nyngan, New South Wales, Australia	AS	AS02	5096	-31.5609	147.188	-1592593	0								4	Nyngan, New South Wales, Australia	AS	AS02	5096	-31.5609	147.188	-1592593	20260903174500	https://www.jcnnewswire.com/pressrelease/109766/2/Kincora-Announces-Exploration-Strategy-Update:-Drilling-Planned-Across-Four-Projects
1321338890	20260903	202609	2026	2026.6658	BUS	INVESTOR						BUS													1	071	071	07	2	7.4	6	1	6	-0.91743119266055	3	Black-Run, Pennsylvania, United States	US	USPA	PA081	41.1398	-76.8955	1169731	0								3	Swarthmore, Pennsylvania, United States	US	USPA	PA045	39.9021	-75.3499	1189142	20260903174500	https://www.inquirer.com/business/swarthmore-capital-fund-gerald-jones-startup-investments-20260903.html
1321338891	20260903	202609	2026	2026.6658	BUS	INVESTOR						BUS													1	071	071	07	2	7.4	4	1	4	-0.91743119266055	3	Philadelphia, Pennsylvania, United States	US	USPA	PA101	39.9523	-75.1638	1209052	0								3	Philadelphia, Pennsylvania, United States	US	USPA	PA101	39.9523	-75.1638	1209052	20260903174500	https://www.inquirer.com/business/swarthmore-capital-fund-gerald-jones-startup-investments-20260903.html
1321338892	20260903	202609	2026	2026.6658	BUS	BANK						BUS													0	071	071	07	2	7.4	10	1	10	0.38910505836576	1	Cameroon	CM	CM		6	12	CM	0								1	Cameroon	CM	CM		6	12	CM	20260903174500	https://www.businessincameroon.com/finance/0309-16666-commercial-bank-cameroon-s-cfa524-5bn-loan-book-is-heavily-weighted-toward-short-term-credit
1321338893	20260903	202609	2026	2026.6658	BUS	BANK						BUS													0	071	071	07	2	7.4	12	2	12	-3.95742201667042	2	Texas, United States	US	USTX		31.106	-97.6475	TX	0								2	Texas, United States	US	USTX		31.106	-97.6475	TX	20260903174500	https://www.click2houston.com/news/texas/2026/09/03/texas-food-banks-feel-the-squeeze-of-federal-cuts-drop-in-donations/
1321338894	20260903	202609	2026	2026.6658	BUS	BANK						BUS													1	073	073	07	2	7.4	30	2	20	-3.95742201667042	2	Texas, United States	US	USTX		31.106	-97.6475	TX	0								2	Texas, United States	US	USTX		31.106	-97.6475	TX	20260903174500	https://www.click2houston.com/news/texas/2026/09/03/texas-food-banks-feel-the-squeeze-of-federal-cuts-drop-in-donations/
1321338895	20260903	202609	2026	2026.6658	BUS	PRODUCER						BUS													1	080	080	08	2	5.0	10	1	10	4.42477876106195	2	Wisconsin, United States	US	USWI		44.2563	-89.6385	WI	0								2	Wisconsin, United States	US	USWI		44.2563	-89.6385	WI	20260903174500	https://hpj.com/2026/09/03/case-ih-offers-upgraded-technology-for-hay-and-cash-crops/
1321338896	20260903	202609	2026	2026.6658	BUS	COMPANY						BUS													0	090	090	09	2	-2.0	10	1	10	3.5230352303523	2	Michigan, United States	US	USMI		43.3504	-84.5603	MI	0								2	Michigan, United States	US	USMI		43.3504	-84.5603	MI	20260903174500	https://cointelegraph.com/news/nvidia-buys-hugging-face-12-9-billion-ai-software
1321338897	20260903	202609	2026	2026.6658	BUS	BUSINESS						BUS			CMR	CAMEROON	CMR								1	042	042	04	1	1.9	4	1	4	2.11981566820277	4	Garoua, Nord, Cameroon	CM	CM13	12501	9.3	13.4	-3149623	4	Garoua, Nord, Cameroon	CM	CM13	12501	9.3	13.4	-3149623	4	Garoua, Nord, Cameroon	CM	CM13	12501	9.3	13.4	-3149623	20260903174500	https://allafrica.com/stories/202609030599.html
1321338898	20260903	202609	2026	2026.6658	BUS	CORPORATION						BUS			CVL	COMMUNITY						CVL			0	051	051	05	1	3.4	6	1	6	1.18906064209275	1	China	CH	CH		35	105	CH	1	China	CH	CH		35	105	CH	1	China	CH	CH		35	105	CH	20260903174500	https://www.sungazette.com/news/top-news/2026/09/u-s-rep-dan-meuser-talks-data-centers-more-at-tele-town-hall/
1321338899	20260903	202609	2026	2026.6658	BUS	CORPORATION						BUS			CVL	COMMUNITY						CVL			0	110	110	11	3	-2.0	6	1	6	1.18906064209275	1	China	CH	CH		35	105	CH	1	China	CH	CH		35	105	CH	1	China	CH	CH		35	105	CH	20260903174500	https://www.sungazette.com/news/top-news/2026/09/u-s-rep-dan-meuser-talks-data-centers-more-at-tele-town-hall/
1321338900	20260903	202609	2026	2026.6658	BUS	CORPORATION						BUS			CVL	COMMUNITY						CVL			0	120	120	12	3	-4.0	6	1	6	1.18906064209275	1	China	CH	CH		35	105	CH	1	China	CH	CH		35	105	CH	1	China	CH	CH		35	105	CH	20260903174500	https://www.sungazette.com/news/top-news/2026/09/u-s-rep-dan-meuser-talks-data-centers-more-at-tele-town-hall/
1321338901	20260903	202609	2026	2026.6658	BUS	BUSINESS						BUS			EDU	SCHOOL						EDU			1	0231	023	02	1	3.4	5	1	5	2.69058295964125	0								0								0								20260903174500	https://cranbrooktownsman.com/2026/09/03/cranbrook-businesses-raise-money-support-for-school-supplies/
1321338902	20260903	202609	2026	2026.6658	BUS	BUSINESS						BUS			EDU	SCHOOL						EDU			1	051	051	05	1	3.4	5	1	5	2.69058295964125	0								0								0								20260903174500	https://cranbrooktownsman.com/2026/09/03/cranbrook-businesses-raise-money-support-for-school-supplies/
1321338903	20260903	202609	2026	2026.6658	BUS	BANK						BUS			EDU	SCHOOL						EDU			1	073	073	07	2	7.4	10	2	10	-3.95742201667042	2	Texas, United States	US	USTX		31.106	-97.6475	TX	2	Texas, United States	US	USTX		31.106	-97.6475	TX	2	Texas, United States	US	USTX		31.106	-97.6475	TX	20260903174500	https://www.click2houston.com/news/texas/2026/09/03/texas-food-banks-feel-the-squeeze-of-federal-cuts-drop-in-donations/
1321338904	20260903	202609	2026	2026.6658	BUS	INVESTOR						BUS			JPN	JAPAN	JPN								1	046	046	04	1	7.0	2	1	2	0.33112582781457	1	Iran	IR	IR		32	53	IR	1	Iran	IR	IR		32	53	IR	1	Iran	IR	IR		32	53	IR	20260903174500	https://www.finanznachrichten.de/nachrichten-2026-09/69489697-poxel-sa-laure-helene-mercier-co-opted-as-chair-of-the-board-of-directors-of-poxel-004.htm
1321338905	20260903	202609	2026	2026.6658	BUS	BUSINESS						BUS			JUD	JUDGE						JUD			1	071	071	07	2	7.4	5	1	5	3.2015065913371	0								0								0								20260903174500	https://www.aol.com/articles/choose-business-cash-back-credit-163005000.html
1321338906	20260903	202609	2026	2026.6658	BUS	INDUSTRY						BUS			JUD	SUPREME COURT						JUD			0	190	190	19	4	-10.0	5	1	5	-0.57720057720058	0								0								0								20260903174500	https://bearingarms.com/tomknighton/2026/09/03/smoking-gun-anything-that-benefits-gun-industry-must-be-evil-n1233710
1321338907	20260903	202609	2026	2026.6658	BUS	EMPLOYER						BUS			LAB	WORKER						LAB			1	020	020	02	1	3.0	5	1	5	-5.85585585585586	2	Texas, United States	US	USTX		31.106	-97.6475	TX	2	Texas, United States	US	USTX		31.106	-97.6475	TX	2	Texas, United States	US	USTX		31.106	-97.6475	TX	20260903174500	https://www.workerscompensation.com/daily-headlines/3-key-cases-on-workers-compensation-settlements/
1321338908	20260903	202609	2026	2026.6658	BUS	EMPLOYER						BUS			LAB	WORKER						LAB			1	040	040	04	1	1.0	6	1	6	-4.82315112540193	2	Louisiana, United States	US	USLA		31.1801	-91.8749	LA	2	Louisiana, United States	US	USLA		31.1801	-91.8749	LA	2	Louisiana, United States	US	USLA		31.1801	-91.8749	LA	20260903174500	https://talk1073.com/2026/09/03/louisiana-act-648-how-new-workers-comp-laws-level-the-playing-field/
1321338909	20260903	202609	2026	2026.6658	BUS	EMPLOYER						BUS			LAB	WORKER						LAB			0	1043	104	10	3	-5.0	5	1	5	1.09965635738832	2	Kentucky, United States	US	USKY		37.669	-84.6514	KY	2	Kentucky, United States	US	USKY		37.669	-84.6514	KY	2	Kentucky, United States	US	USKY		37.669	-84.6514	KY	20260903174500	https://www.workerscompensation.com/daily-headlines/ky-supreme-court-rejects-fee-first-rule-in-employer-subrogation-case/
1321338910	20260903	202609	2026	2026.6658	BUS	INVESTOR						BUS			MNCIND	HDFC BANK LIMITED	IND					MNC			0	040	040	04	1	1.0	3	1	3	-3.11572700296736	2	Georgia, United States	US	USGA		32.9866	-83.6487	GA	2	Georgia, United States	US	USGA		32.9866	-83.6487	GA	2	Georgia, United States	US	USGA		32.9866	-83.6487	GA	20260903174500	https://www.pr-inside.com/faruqi-faruqi-llp-urges-hdfc-bank-limited-nyse-hdb-investors-r5219120.htm
1321338911	20260903	202609	2026	2026.6658	BUS	INVESTOR						BUS			MNCIND	HDFC BANK LIMITED	IND					MNC			0	040	040	04	1	1.0	1	1	1	-3.11572700296736	2	New York, United States	US	USNY		42.1497	-74.9384	NY	2	New York, United States	US	USNY		42.1497	-74.9384	NY	2	New York, United States	US	USNY		42.1497	-74.9384	NY	20260903174500	https://www.pr-inside.com/faruqi-faruqi-llp-urges-hdfc-bank-limited-nyse-hdb-investors-r5219120.htm
1321338912	20260903	202609	2026	2026.6658	BUS	INVESTOR						BUS			MNCIND	HDFC BANK LIMITED	IND					MNC			0	040	040	04	1	1.0	1	1	1	-3.11572700296736	2	Pennsylvania, United States	US	USPA		40.5773	-77.264	PA	2	California, United States	US	USCA		36.17	-119.746	CA	2	Georgia, United States	US	USGA		32.9866	-83.6487	GA	20260903174500	https://www.pr-inside.com/faruqi-faruqi-llp-urges-hdfc-bank-limited-nyse-hdb-investors-r5219120.htm
1321338913	20260903	202609	2026	2026.6658	BUS	COMPANY						BUS			SPY	INTELLIGENCE						SPY			1	110	110	11	3	-2.0	10	1	10	2.89855072463769	2	California, United States	US	USCA		36.17	-119.746	CA	2	California, United States	US	USCA		36.17	-119.746	CA	2	California, United States	US	USCA		36.17	-119.746	CA	20260903174500	https://www.naval-technology.com/news/kongsberg-sonatech-acquisition-us/
1321338914	20260903	202609	2026	2026.6658	BUS	COMPANY						BUS			USA	UNITED STATES	USA								0	010	010	01	1	0.0	1	1	1	1.3	4	Paris, France (general), France	FR	FR00	16282	48.8667	2.33333	-1456928	4	Paris, France (general), France	FR	FR00	16282	48.8667	2.33333	-1456928	4	Paris, France (general), France	FR	FR00	16282	48.8667	2.33333	-1456928	20260903174500	https://www.moneycontrol.com/artificial-intelligence/hugging-face-s-3-french-founders-become-billionaires-after-nvidia-s-13-billion-acquisition-article-14022237.html
1321338915	20260903	202609	2026	2026.6658	BUS	COMPANY						BUS			USA	UNITED STATES	USA								0	010	010	01	1	0.0	2	1	2	1.3	4	Paris, France (general), France	FR	FR00	16282	48.8667	2.33333	-1456928	2	New York, United States	US	USNY		42.1497	-74.9384	NY	4	Paris, France (general), France	FR	FR00	16282	48.8667	2.33333	-1456928	20260903174500	https://www.moneycontrol.com/artificial-intelligence/hugging-face-s-3-french-founders-become-billionaires-after-nvidia-s-13-billion-acquisition-article-14022237.html
1321338916	20260903	202609	2026	2026.6658	BUS	COMPANIES						BUS			USA	AMERICAN	USA								0	010	010	01	1	0.0	4	1	4	2.85714285714286	3	Lincolnwood, Illinois, United States	US	USIL	IL031	42.0045	-87.7301	412217	3	Lincolnwood, Illinois, United States	US	USIL	IL031	42.0045	-87.7301	412217	3	Lincolnwood, Illinois, United States	US	USIL	IL031	42.0045	-87.7301	412217	20260903174500	https://www.fox4news.com/news/lowes-ceo-says-skilled-trades-can-offer-six-figure-careers-without-4-year-degree
1321338917	20260903	202609	2026	2026.6658	BUS	COMPANY						BUS			USA	UNITED STATES	USA								1	020	020	02	1	3.0	1	1	1	3.16622691292876	3	Burlington, Pennsylvania, United States	US	USPA	PA015	41.7798	-76.6074	1170725	3	Burlington, Pennsylvania, United States	US	USPA	PA015	41.7798	-76.6074	1170725	3	Burlington, Pennsylvania, United States	US	USPA	PA015	41.7798	-76.6074	1170725	20260903174500	https://www.inquirer.com/real-estate/commercial/burlington-philadelphia-headquarters-move-20260903.html
1321338918	20260903	202609	2026	2026.6658	BUS	INDUSTRY						BUS			USA	UNITED STATES	USA								0	030	030	03	1	4.0	2	1	2	4.42477876106195	2	Wisconsin, United States	US	USWI		44.2563	-89.6385	WI	2	Wisconsin, United States	US	USWI		44.2563	-89.6385	WI	2	Wisconsin, United States	US	USWI		44.2563	-89.6385	WI	20260903174500	https://hpj.com/2026/09/03/case-ih-offers-upgraded-technology-for-hay-and-cash-crops/
1321338919	20260903	202609	2026	2026.6658	BUS	COMPANY						BUS			USA	PHILADELPHIA	USA								1	051	051	05	1	3.4	1	1	1	1.66666666666666	3	Philadelphia, Pennsylvania, United States	US	USPA	PA101	39.9523	-75.1638	1209052	3	Burlington, Pennsylvania, United States	US	USPA	PA015	41.7798	-76.6074	1170725	3	Philadelphia, Pennsylvania, United States	US	USPA	PA101	39.9523	-75.1638	1209052	20260903174500	https://finance.yahoo.com/economy/policy/articles/burlington-stores-relocating-corporate-headquarters-171000463.html
1321338920	20260903	202609	2026	2026.6658	BUS	COMPANY						BUS			USA	PHILADELPHIA	USA								1	051	051	05	1	3.4	3	1	3	1.66666666666666	3	Philadelphia, Pennsylvania, United States	US	USPA	PA101	39.9523	-75.1638	1209052	3	Philadelphia, Pennsylvania, United States	US	USPA	PA101	39.9523	-75.1638	1209052	3	Burlington, Pennsylvania, United States	US	USPA	PA015	41.7798	-76.6074	1170725	20260903174500	https://finance.yahoo.com/economy/policy/articles/burlington-stores-relocating-corporate-headquarters-171000463.html
1321338921	20260903	202609	2026	2026.6658	BUS	COMPANY						BUS			USA	PHILADELPHIA	USA								1	051	051	05	1	3.4	1	1	1	1.66666666666666	3	Philadelphia, Pennsylvania, United States	US	USPA	PA101	39.9523	-75.1638	1209052	3	Philadelphia, Pennsylvania, United States	US	USPA	PA101	39.9523	-75.1638	1209052	3	Philadelphia, Pennsylvania, United States	US	USPA	PA101	39.9523	-75.1638	1209052	20260903174500	https://finance.yahoo.com/economy/policy/articles/burlington-stores-relocating-corporate-headquarters-171000463.html
1321338922	20260903	202609	2026	2026.6658	BUSLEG	INDUSTRY						BUS	LEG		BUS	COMPANIES						BUS			0	020	020	02	1	3.0	8	1	8	4.16666666666667	4	Belagavi, Karnataka, India	IN	IN19	17769	15.8667	74.5	-2090976	4	Belagavi, Karnataka, India	IN	IN19	17769	15.8667	74.5	-2090976	4	Belagavi, Karnataka, India	IN	IN19	17769	15.8667	74.5	-2090976	20260903174500	https://www.thehindu.com/news/national/karnataka/hdb-region-emerging-as-technology-and-advanced-manufacturing-hub-says-kdem-ceo/article71424586.ece
1321338923	20260903	202609	2026	2026.6658	BUSLEG	INDUSTRY						BUS	LEG		BUS	COMPANIES						BUS			0	020	020	02	1	3.0	2	1	2	4.16666666666667	4	Hubballi, Karnataka, India	IN	IN19	17686	15.35	75.1667	-2097624	4	Hubballi, Karnataka, India	IN	IN19	17686	15.35	75.1667	-2097624	4	Hubballi, Karnataka, India	IN	IN19	17686	15.35	75.1667	-2097624	20260903174500	https://www.thehindu.com/news/national/karnataka/hdb-region-emerging-as-technology-and-advanced-manufacturing-hub-says-kdem-ceo/article71424586.ece
1321338924	20260903	202609	2026	2026.6658	BUSMIL	COMPANY						BUS	MIL												0	190	190	19	4	-10.0	2	1	2	-1.14942528735633	4	Nahal Oz, HaDarom, Israel	IS	IS01	18315	31.4732	34.4978	-780808	0								4	Nahal Oz, HaDarom, Israel	IS	IS01	18315	31.4732	34.4978	-780808	20260903174500	https://www.israelnationalnews.com/news/432669
1321338925	20260903	202609	2026	2026.6658	BUSMIL	COMPANY						BUS	MIL		ISR	ISRAEL	ISR								0	190	190	19	4	-10.0	8	1	8	-1.14942528735633	4	Nahal Oz, HaDarom, Israel	IS	IS01	18315	31.4732	34.4978	-780808	4	Nahal Oz, HaDarom, Israel	IS	IS01	18315	31.4732	34.4978	-780808	4	Nahal Oz, HaDarom, Israel	IS	IS01	18315	31.4732	34.4978	-780808	20260903174500	https://www.israelnationalnews.com/news/432669
1321338926	20260903	202609	2026	2026.6658	CAN	CANADA	CAN								BEL	BELGIUM	BEL								1	057	057	05	1	8.0	2	1	2	0.512820512820517	4	Brussels, Bruxelles-Capitale, Belgium	BE	BE11	5850	50.8333	4.33333	-1955538	4	Brussels, Bruxelles-Capitale, Belgium	BE	BE11	5850	50.8333	4.33333	-1955538	4	Brussels, Bruxelles-Capitale, Belgium	BE	BE11	5850	50.8333	4.33333	-1955538	20260903174500	https://www.politico.eu/article/canada-invited-to-ireland-for-eu-talks-alongside-trumps-trade-envoy/
1321338927	20260903	202609	2026	2026.6658	CAN	OTTAWA	CAN								BEL	BRUSSELS	BEL								1	057	057	05	1	8.0	2	1	2	0.512820512820517	4	Brussels, Bruxelles-Capitale, Belgium	BE	BE11	5850	50.8333	4.33333	-1955538	4	Brussels, Bruxelles-Capitale, Belgium	BE	BE11	5850	50.8333	4.33333	-1955538	4	Ottawa, Ontario, Canada	CA	CA08	12755	45.4167	-75.7	-570760	20260903174500	https://www.politico.eu/article/canada-invited-to-ireland-for-eu-talks-alongside-trumps-trade-envoy/
1321338928	20260903	202609	2026	2026.6658	CAN	OTTAWA	CAN								BEL	BRUSSELS	BEL								1	057	057	05	1	8.0	6	1	6	0.512820512820517	4	Ottawa, Ontario, Canada	CA	CA08	12755	45.4167	-75.7	-570760	4	Brussels, Bruxelles-Capitale, Belgium	BE	BE11	5850	50.8333	4.33333	-1955538	4	Brussels, Bruxelles-Capitale, Belgium	BE	BE11	5850	50.8333	4.33333	-1955538	20260903174500	https://www.politico.eu/article/canada-invited-to-ireland-for-eu-talks-alongside-trumps-trade-envoy/
1321338929	20260903	202609	2026	2026.6658	CAN	CANADA	CAN								COP	POLICE						COP			1	112	112	11	3	-2.0	2	1	2	-8.40336134453782	1	Canada	CA	CA		60	-96	CA	1	Canada	CA	CA		60	-96	CA	1	Canada	CA	CA		60	-96	CA	20260903174500	https://www.courant.com/2026/09/03/man-who-fled-to-canada-extradited-back-to-ct-to-face-child-sexual-abuse-charges/
1321338930	20260903	202609	2026	2026.6658	CAN	CANADA	CAN								COP	POLICE						COP			1	112	112	11	3	-2.0	2	1	2	-8.40336134453782	2	Connecticut, United States	US	USCT		41.5834	-72.7622	CT	2	Connecticut, United States	US	USCT		41.5834	-72.7622	CT	2	Connecticut, United States	US	USCT		41.5834	-72.7622	CT	20260903174500	https://www.courant.com/2026/09/03/man-who-fled-to-canada-extradited-back-to-ct-to-face-child-sexual-abuse-charges/
1321338931	20260903	202609	2026	2026.6658	CAN	CANADA	CAN								CVL	HUNTER						CVL			1	173	173	17	4	-5.0	6	1	6	-8.40336134453782	1	Canada	CA	CA		60	-96	CA	1	Canada	CA	CA		60	-96	CA	1	Canada	CA	CA		60	-96	CA	20260903174500	https://www.courant.com/2026/09/03/man-who-fled-to-canada-extradited-back-to-ct-to-face-child-sexual-abuse-charges/
1321338932	20260903	202609	2026	2026.6658	CAN	CANADA	CAN								EUR	EUROPE	EUR								1	173	173	17	4	-5.0	2	1	2	0.512820512820517	4	Dublin, Dublin, Ireland	EI	EI07	18288	53.3331	-6.24889	-1502554	4	Dublin, Dublin, Ireland	EI	EI07	18288	53.3331	-6.24889	-1502554	4	Dublin, Dublin, Ireland	EI	EI07	18288	53.3331	-6.24889	-1502554	20260903174500	https://www.politico.eu/article/canada-invited-to-ireland-for-eu-talks-alongside-trumps-trade-envoy/
1321338933	20260903	202609	2026	2026.6658	CAN	SASKATCHEWAN	CAN								MED	MEDIA						MED			1	051	051	05	1	3.4	8	1	8	1.69491525423728	4	Saskatchewan, Manitoba, Canada	CA	CA03	154724	52.15	-97.7167	-575075	4	Saskatchewan, Manitoba, Canada	CA	CA03	154724	52.15	-97.7167	-575075	4	Saskatchewan, Manitoba, Canada	CA	CA03	154724	52.15	-97.7167	-575075	20260903174500	https://www.ckom.com/2026/09/03/saskatchewan-votes-in-support-of-social-media-limits-for-youth/
1321338934	20260903	202609	2026	2026.6658	CAN	CANADA	CAN								USA	CONNECTICUT	USA								0	080	080	08	2	5.0	2	1	2	-8.40336134453782	1	Canada	CA	CA		60	-96	CA	1	Canada	CA	CA		60	-96	CA	1	Canada	CA	CA		60	-96	CA	20260903174500	https://www.courant.com/2026/09/03/man-who-fled-to-canada-extradited-back-to-ct-to-face-child-sexual-abuse-charges/
1321338935	20260903	202609	2026	2026.6658	CANEDU	MCGILL	CAN					EDU			USA	ILLINOIS	USA								1	060	060	06	2	6.0	2	1	2	-0.10351966873706	2	Illinois, United States	US	USIL		40.3363	-89.0022	IL	2	Illinois, United States	US	USIL		40.3363	-89.0022	IL	2	Illinois, United States	US	USIL		40.3363	-89.0022	IL	20260903174500	http://www.clevelandstar.com/news/279284210/stephens-fiddes-mcgill-associates-pc-guides-illinois-residents-through-social-security-disability-claim-denials
1321338936	20260903	202609	2026	2026.6658	CANEDU	MCGILL	CAN					EDU			USA	ILLINOIS	USA								0	072	072	07	2	8.3	2	1	2	-0.10351966873706	2	Illinois, United States	US	USIL		40.3363	-89.0022	IL	2	Illinois, United States	US	USIL		40.3363	-89.0022	IL	2	Illinois, United States	US	USIL		40.3363	-89.0022	IL	20260903174500	http://www.clevelandstar.com/news/279284210/stephens-fiddes-mcgill-associates-pc-guides-illinois-residents-through-social-security-disability-claim-denials
1321338937	20260903	202609	2026	2026.6658	CANEDU	MCGILL	CAN					EDU			USACVL	ILLINOIS	USA					CVL			1	060	060	06	2	6.0	6	1	6	-0.10351966873706	2	Illinois, United States	US	USIL		40.3363	-89.0022	IL	2	Illinois, United States	US	USIL		40.3363	-89.0022	IL	2	Illinois, United States	US	USIL		40.3363	-89.0022	IL	20260903174500	http://www.clevelandstar.com/news/279284210/stephens-fiddes-mcgill-associates-pc-guides-illinois-residents-through-social-security-disability-claim-denials
1321338938	20260903	202609	2026	2026.6658	CANEDU	MCGILL	CAN					EDU			USACVL	ILLINOIS	USA					CVL			0	072	072	07	2	8.3	6	1	6	-0.10351966873706	2	Illinois, United States	US	USIL		40.3363	-89.0022	IL	2	Illinois, United States	US	USIL		40.3363	-89.0022	IL	2	Illinois, United States	US	USIL		40.3363	-89.0022	IL	20260903174500	http://www.clevelandstar.com/news/279284210/stephens-fiddes-mcgill-associates-pc-guides-illinois-residents-through-social-security-disability-claim-denials
1321338939	20260903	202609	2026	2026.6658	CANGOV	CANADA	CAN					GOV			CAN	CANADA	CAN								0	190	190	19	4	-10.0	3	1	3	-1.25368731563422	4	Quebec, Quebec, Canada	CA	CA10	12750	47.5	-72	-571850	4	Quebec, Quebec, Canada	CA	CA10	12750	47.5	-72	-571850	4	Quebec, Quebec, Canada	CA	CA10	12750	47.5	-72	-571850	20260903174500	https://edmontonsun.com/opinion/columnists/trudeaus-failed-climate-policies-left-us-captives/wcm/09437800-a7f1-4e26-9982-2ebb8a3d25ed
1321338940	20260903	202609	2026	2026.6658	CHE	SWITZERLAND	CHE																		1	051	051	05	1	3.4	2	1	2	3.125	1	Belgium	BE	BE		50.833333	4	BE	0								1	Belgium	BE	BE		50.833333	4	BE	20260903174500	https://www.arabnews.com/offbeat/scientists-studying-cockroach-milk-and-nose-blowing-win-ig-nobel-prizes-for-quirky-science-3000418
1321338941	20260903	202609	2026	2026.6658	CHEEDU	BERN	CHE					EDU			IGOEURSCE	OSCE	EUR	SCE				IGO			1	040	040	04	1	1.0	6	1	6	1.7274472168906	4	Bern, Bern, Switzerland	SZ	SZ05	26290	46.9167	7.46667	-2551235	4	Helsinki, Eteläuomen Läi, Finland	FI	FI13	16230	60.1756	24.9342	-1364995	4	Bern, Bern, Switzerland	SZ	SZ05	26290	46.9167	7.46667	-2551235	20260903174500	https://www.osce.org/chairpersonship/667317
1321338942	20260903	202609	2026	2026.6658	CHEEDU	BERN	CHE					EDU			IGOEURSCE	OSCE	EUR	SCE				IGO			1	040	040	04	1	1.0	2	1	2	1.7274472168906	4	Bern, Bern, Switzerland	SZ	SZ05	26290	46.9167	7.46667	-2551235	4	Bern, Bern, Switzerland	SZ	SZ05	26290	46.9167	7.46667	-2551235	4	Bern, Bern, Switzerland	SZ	SZ05	26290	46.9167	7.46667	-2551235	20260903174500	https://www.osce.org/chairpersonship/667317
1321338943	20260903	202609	2026	2026.6658	CHN	CHINA	CHN																		1	010	010	01	1	0.0	2	1	2	3.69230769230769	4	Xiangtan, Sichuan, China	CH	CH32	13003	31.4819	106.901	-1931720	0								4	Xiangtan, Sichuan, China	CH	CH32	13003	31.4819	106.901	-1931720	20260903174500	http://www.bignewsnetwork.com/news/279284229/zimbabwean-think-tank-calls-for-greater-china-africa-research-cooperation
1321338944	20260903	202609	2026	2026.6658	CHN	CHINESE	CHN																		0	020	020	02	1	3.0	2	1	2	-0.36484245439469	4	Xiaomi, Fujian, China	CH	CH07	13163	25.2225	116.057	10999868	0								4	Xiaomi, Fujian, China	CH	CH07	13163	25.2225	116.057	10999868	20260903174500	https://www.cnet.com/tech/mobile/iphone-18-everything-we-know-about-apple-iphone-before-september-9/
1321338945	20260903	202609	2026	2026.6658	CHN	CHINESE	CHN																		0	080	080	08	2	5.0	2	1	2	-0.36484245439469	4	Xiaomi, Fujian, China	CH	CH07	13163	25.2225	116.057	10999868	0								4	Xiaomi, Fujian, China	CH	CH07	13163	25.2225	116.057	10999868	20260903174500	https://www.cnet.com/tech/mobile/iphone-18-everything-we-know-about-apple-iphone-before-september-9/
1321338946	20260903	202609	2026	2026.6658	CHN	CHINA	CHN								PHL	PHILIPPINE	PHL								1	173	173	17	4	-5.0	2	1	2	-3.87096774193549	4	Philippine, Benguet, Philippines	RP	RP10	24213	16.45	120.55	-2445611	4	Philippine, Benguet, Philippines	RP	RP10	24213	16.45	120.55	-2445611	4	Philippine, Benguet, Philippines	RP	RP10	24213	16.45	120.55	-2445611	20260903174500	https://www.manilatimes.net/2026/09/04/news/national/2-chinese-get-life-for-importing-meth/2418185
1321338947	20260903	202609	2026	2026.6658	CHR	CHRISTIAN				CHR															1	040	040	04	1	1.0	6	1	6	1.72166427546628	1	Italy	IT	IT		42.833333	12.833333	IT	0								1	Italy	IT	IT		42.833333	12.833333	IT	20260903174500	https://www.boldsky.com/fashion/chief-minister-vijay-gifts-his-christian-dior-sunglasses-to-an-elderly-woman-in-mettur-172627.html
1321338948	20260903	202609	2026	2026.6658	CHR	CHRISTIAN				CHR															1	051	051	05	1	3.4	5	1	5	2.11382113821138	1	Greece	GR	GR		39	22	GR	0								1	Greece	GR	GR		39	22	GR	20260903174500	https://www.herald-citizen.com/faith/when-power-masquerades-as-faithfulness/article_c674ac5b-5153-5735-966e-01c195464a60.html
1321338949	20260903	202609	2026	2026.6658	CHR	CHRISTIAN				CHR					ITA	ITALY	ITA								1	040	040	04	1	1.0	2	1	2	1.72166427546628	1	Italy	IT	IT		42.833333	12.833333	IT	1	Italy	IT	IT		42.833333	12.833333	IT	1	Italy	IT	IT		42.833333	12.833333	IT	20260903174500	https://www.boldsky.com/fashion/chief-minister-vijay-gifts-his-christian-dior-sunglasses-to-an-elderly-woman-in-mettur-172627.html
1321338950	20260903	202609	2026	2026.6658	CHR	CHRISTIAN				CHR					VEN	VENEZUELA	VEN								0	174	174	17	4	-5.0	1	1	1	-7.64617691154423	1	Venezuela	VE	VE		8	-66	VE	1	Venezuela	VE	VE		8	-66	VE	2	Texas, United States	US	USTX		31.106	-97.6475	TX	20260903174500	https://www.click2houston.com/news/politics/2026/09/03/ap-source-ice-officer-charged-with-lying-to-investigators-in-the-shooting-of-venezuelan-man/
1321338951	20260903	202609	2026	2026.6658	CHRCTH468	MISSIONARIES OF CHARITY				CHR	CTH														0	010	010	01	1	0.0	6	1	6	2.3371104815864	4	Calcutta, West Bengal, India	IN	IN28	70294	22.5697	88.3697	-2092511	0								4	Calcutta, West Bengal, India	IN	IN28	70294	22.5697	88.3697	-2092511	20260903174500	https://economictimes.indiatimes.com/news/international/us/quote-of-the-day-by-mother-teresa-peace-begins-with-life-lessons-from-inspirational-quote-on-kindness-simplicity-connection-inner-warmth-and-harmony/articleshow/133570123.cms
1321338952	20260903	202609	2026	2026.6658	CHRCTH468	MISSIONARIES OF CHARITY				CHR	CTH				MKD	MACEDONIA	MKD								0	010	010	01	1	0.0	2	1	2	2.3371104815864	4	Kolkata, West Bengal, India	IN	IN28	70294	22.5697	88.3697	-2092511	4	Skopje, Macedonia (general), Macedonia	MK	MK00	27270	42	21.4333	-95841	4	Skopje, Macedonia (general), Macedonia	MK	MK00	27270	42	21.4333	-95841	20260903174500	https://economictimes.indiatimes.com/news/international/us/quote-of-the-day-by-mother-teresa-peace-begins-with-life-lessons-from-inspirational-quote-on-kindness-simplicity-connection-inner-warmth-and-harmony/articleshow/133570123.cms
1321338953	20260903	202609	2026	2026.6658	CHRCTH468	MISSIONARIES OF CHARITY				CHR	CTH				MKD	MACEDONIA	MKD								0	010	010	01	1	0.0	2	1	2	2.3371104815864	4	Skopje, Macedonia (general), Macedonia	MK	MK00	27270	42	21.4333	-95841	4	Skopje, Macedonia (general), Macedonia	MK	MK00	27270	42	21.4333	-95841	4	Skopje, Macedonia (general), Macedonia	MK	MK00	27270	42	21.4333	-95841	20260903174500	https://economictimes.indiatimes.com/news/international/us/quote-of-the-day-by-mother-teresa-peace-begins-with-life-lessons-from-inspirational-quote-on-kindness-simplicity-connection-inner-warmth-and-harmony/articleshow/133570123.cms
1321338954	20260903	202609	2026	2026.6658	CHRPRO168	MENNONITE				CHR	PRO														0	0874	087	08	2	10.0	5	1	5	-1.7274472168906	4	Dublin, Dublin, Ireland	EI	EI07	18288	53.3331	-6.24889	-1502554	0								4	Dublin, Dublin, Ireland	EI	EI07	18288	53.3331	-6.24889	-1502554	20260903174500	https://www.indiewire.com/criticism/movies/bucking-fastard-review-werner-herzog-mara-sisters-twins-1235214547/
1321338955	20260903	202609	2026	2026.6658	CHRPRO210	LUTHERAN				CHR	PRO				CHRPRO300	PRESBYTERIAN				CHR	PRO				1	043	043	04	1	2.8	10	1	10	-1.03305785123966	3	Second Baptist Church, Texas, United States	US	USTX	TX057	28.6003	-96.6358	2016066	3	Second Baptist Church, Texas, United States	US	USTX		28.6003	-96.6358	2016066	3	Second Baptist Church, Texas, United States	US	USTX		28.6003	-96.6358	2016066	20260903174500	https://baptistnews.com/article/why-nondenominational-churches-arent-baptist-churches-in-disguise/
1321338956	20260903	202609	2026	2026.6658	CHRPRO300	PRESBYTERIAN				CHR	PRO				CHRPRO210	LUTHERAN				CHR	PRO				1	042	042	04	1	1.9	8	1	8	-1.03305785123966	3	Dallas, Texas, United States	US	USTX	TX113	32.7831	-96.8067	1380944	3	Highland Park United Methodist Church, Virginia, United States	US	USVA		37.5701	-77.4172	1780530	3	Highland Park United Methodist Church, Virginia, United States	US	USVA		37.5701	-77.4172	1780530	20260903174500	https://baptistnews.com/article/why-nondenominational-churches-arent-baptist-churches-in-disguise/
1321338957	20260903	202609	2026	2026.6658	CHRPRO300	PRESBYTERIAN				CHR	PRO				CHRPRO210	LUTHERAN				CHR	PRO				1	042	042	04	1	1.9	2	1	2	-1.03305785123966	3	Highland Park United Methodist Church, Virginia, United States	US	USVA	VA760	37.5701	-77.4172	1780530	3	Highland Park United Methodist Church, Virginia, United States	US	USVA		37.5701	-77.4172	1780530	3	Highland Park United Methodist Church, Virginia, United States	US	USVA		37.5701	-77.4172	1780530	20260903174500	https://baptistnews.com/article/why-nondenominational-churches-arent-baptist-churches-in-disguise/
1321338958	20260903	202609	2026	2026.6658	CMR	CAMEROON	CMR																		0	010	010	01	1	0.0	4	1	4	2.11981566820277	4	Garoua, Nord, Cameroon	CM	CM13	12501	9.3	13.4	-3149623	0								4	Garoua, Nord, Cameroon	CM	CM13	12501	9.3	13.4	-3149623	20260903174500	https://allafrica.com/stories/202609030599.html
1321338959	20260903	202609	2026	2026.6658	CMR	CAMEROON	CMR																		1	046	046	04	1	7.0	2	1	2	2.11981566820277	4	Garoua, Nord, Cameroon	CM	CM13	12501	9.3	13.4	-3149623	0								4	Garoua, Nord, Cameroon	CM	CM13	12501	9.3	13.4	-3149623	20260903174500	https://allafrica.com/stories/202609030599.html
1321338960	20260903	202609	2026	2026.6658	CMR	CAMEROON	CMR								BUS	BUSINESS						BUS			1	043	043	04	1	2.8	4	1	4	2.11981566820277	4	Garoua, Nord, Cameroon	CM	CM13	12501	9.3	13.4	-3149623	4	Garoua, Nord, Cameroon	CM	CM13	12501	9.3	13.4	-3149623	4	Garoua, Nord, Cameroon	CM	CM13	12501	9.3	13.4	-3149623	20260903174500	https://allafrica.com/stories/202609030599.html
1321338961	20260903	202609	2026	2026.6658	CMR	CAMEROON	CMR								CVL	NEIGHBOURHOOD						CVL			1	046	046	04	1	7.0	7	1	7	2.11981566820277	4	Garoua, Nord, Cameroon	CM	CM13	12501	9.3	13.4	-3149623	4	Garoua, Nord, Cameroon	CM	CM13	12501	9.3	13.4	-3149623	4	Garoua, Nord, Cameroon	CM	CM13	12501	9.3	13.4	-3149623	20260903174500	https://allafrica.com/stories/202609030599.html
1321338962	20260903	202609	2026	2026.6658	CMR	CAMEROON	CMR								EUR	EUROPE	EUR								0	043	043	04	1	2.8	10	1	10	2.11981566820277	4	Garoua, Nord, Cameroon	CM	CM13	12501	9.3	13.4	-3149623	4	Garoua, Nord, Cameroon	CM	CM13	12501	9.3	13.4	-3149623	4	Garoua, Nord, Cameroon	CM	CM13	12501	9.3	13.4	-3149623	20260903174500	https://allafrica.com/stories/202609030599.html
1321338963	20260903	202609	2026	2026.6658	CMR	CAMEROON	CMR								IGOBUSWTO	WORLD TRADE ORGANIZATION		WTO				IGO	BUS		0	043	043	04	1	2.8	5	1	5	2.11981566820277	4	Garoua, Nord, Cameroon	CM	CM13	12501	9.3	13.4	-3149623	4	Garoua, Nord, Cameroon	CM	CM13	12501	9.3	13.4	-3149623	4	Garoua, Nord, Cameroon	CM	CM13	12501	9.3	13.4	-3149623	20260903174500	https://allafrica.com/stories/202609030599.html
1321338964	20260903	202609	2026	2026.6658	COP	POLICE						COP													1	010	010	01	1	0.0	6	1	6	-5.76923076923077	3	Springdale, Ohio, United States	US	USOH	OH061	39.287	-84.4852	1065369	0								3	Springdale, Ohio, United States	US	USOH	OH061	39.287	-84.4852	1065369	20260903174500	https://local12.com/news/local/man-suspected-sharing-child-porn-online-childcare-cincinnati-springdale-aiden-tan-cedarhill-discord-sex-abuse-material-children-daycare
1321338965	20260903	202609	2026	2026.6658	COP	POLICE						COP													1	013	013	01	1	0.4	10	1	10	-5.09554140127389	3	Newton Highlands, Massachusetts, United States	US	USMA	MA017	42.3209	-71.1995	612349	0								3	Newton Highlands, Massachusetts, United States	US	USMA		42.3209	-71.1995	612349	20260903174500	https://www.wcvb.com/article/swastikas-found-at-newton-highlands-playground/73606597
1321338966	20260903	202609	2026	2026.6658	COP	POLICE CHIEF						COP													0	016	016	01	1	-2.0	10	1	10	-5.43766578249337	2	Massachusetts, United States	US	USMA		42.2373	-71.5314	MA	0								2	Massachusetts, United States	US	USMA		42.2373	-71.5314	MA	20260903174500	https://bearingarms.com/tomknighton/2026/09/03/saf-files-amicus-brief-in-case-challenging-massachusetts-permit-denials-n1233711
1321338967	20260903	202609	2026	2026.6658	COP	POLICE						COP													0	020	020	02	1	3.0	6	1	6	-3.3816425120773	2	Maine, United States	US	USME		44.6074	-69.3977	ME	0								2	Maine, United States	US	USME		44.6074	-69.3977	ME	20260903174500	https://www.wcvb.com/article/boston-miguel-oliveras-missing-20-years-portland-maine-disappearance/73605165
1321338968	20260903	202609	2026	2026.6658	COP	CONSTABLE						COP													1	060	060	06	2	6.0	2	1	2	-2.22222222222222	3	Houston, Texas, United States	US	USTX	TX201	29.7633	-95.3633	1380948	0								3	Houston, Texas, United States	US	USTX	TX201	29.7633	-95.3633	1380948	20260903174500	https://www.click2houston.com/news/local/2026/09/03/19-animals-including-an-alligator-rescued-from-hot-cypress-garage/
1321338969	20260903	202609	2026	2026.6658	COP	DEPUTIES						COP													1	080	080	08	2	5.0	5	1	5	-5.21327014218009	1	Canada	CA	CA		60	-96	CA	0								1	Canada	CA	CA		60	-96	CA	20260903174500	https://duke.fm/2026/09/03/woman-airlifted-after-suv-collides-with-train-in-manitowoc-county/
1321338970	20260903	202609	2026	2026.6658	COP	POLICE						COP													1	090	090	09	2	-2.0	5	1	5	-7.78210116731517	4	Sherpur Kalan, Uttar Pradesh, India	IN	IN36	17931	28.5167	80.2	-2111045	0								4	Sherpur Kalan, Uttar Pradesh, India	IN	IN36	17931	28.5167	80.2	-2111045	20260903174500	https://www.hindustantimes.com/cities/chandigarh-news/ludhiana-tractor-trolley-runs-over-two-schoolgirls-one-dies-on-spot-101788456246620.html
1321338971	20260903	202609	2026	2026.6658	COP	POLICE						COP													1	090	090	09	2	-2.0	10	1	10	-5.76923076923077	3	Springdale, Ohio, United States	US	USOH	OH061	39.287	-84.4852	1065369	0								3	Springdale, Ohio, United States	US	USOH	OH061	39.287	-84.4852	1065369	20260903174500	https://local12.com/news/local/man-suspected-sharing-child-porn-online-childcare-cincinnati-springdale-aiden-tan-cedarhill-discord-sex-abuse-material-children-daycare
1321338972	20260903	202609	2026	2026.6658	COP	POLICE						COP													1	110	110	11	3	-2.0	10	1	10	9.56175298804784	4	Abuja, Abuja Federal Capital Territory, Nigeria	NI	NI11	191147	9.08333	7.53333	-1997013	0								4	Abuja, Abuja Federal Capital Territory, Nigeria	NI	NI11	191147	9.08333	7.53333	-1997013	20260903174500	https://allafrica.com/stories/202609030494.html
1321338973	20260903	202609	2026	2026.6658	COP	POLICE						COP													1	110	110	11	3	-2.0	6	1	6	-7.78443113772455	4	Bengaluru, Karnataka, India	IN	IN19	70159	12.9833	77.5833	-2090174	0								4	Bengaluru, Karnataka, India	IN	IN19	70159	12.9833	77.5833	-2090174	20260903174500	https://www.thehindu.com/news/cities/bangalore/no-two-wheelers-on-one-stretch-of-airport-road-elevated-corridor-from-september-4/article71425476.ece
1321338974	20260903	202609	2026	2026.6658	COP	POLICE						COP													1	110	110	11	3	-2.0	4	1	4	-7.78443113772455	4	Bengaluru, Karnataka, India	IN	IN19	70159	12.9833	77.5833	-2090174	0								4	Yelahanka, Karnataka, India	IN	IN19	70159	13.1075	77.6003	-2114864	20260903174500	https://www.thehindu.com/news/cities/bangalore/no-two-wheelers-on-one-stretch-of-airport-road-elevated-corridor-from-september-4/article71425476.ece
1321338975	20260903	202609	2026	2026.6658	COP	POLICE PERSONNEL						COP													1	153	153	15	4	-7.2	2	1	2	-1.69491525423729	4	Delhi, Delhi, India	IN	IN07	17911	28.6667	77.2167	-2094230	0								4	Delhi, Delhi, India	IN	IN07	17911	28.6667	77.2167	-2094230	20260903174500	https://www.thehindu.com/news/national/supreme-court-asks-lawyers-to-move-delhi-hc-for-probe-into-attack-on-peaceful-protest-in-bci-premises/article71425148.ece
1321338976	20260903	202609	2026	2026.6658	COP	PRISON						COP													0	160	160	16	4	-4.0	10	1	10	-7.22433460076046	1	Israel	IS	IS		31.5	34.75	IS	0								1	Israel	IS	IS		31.5	34.75	IS	20260903174500	https://www.theguardian.com/uk-news/2026/sep/03/pro-palestine-activists-who-were-sentenced-as-terrorists-launch-appeal
1321338977	20260903	202609	2026	2026.6658	COP	POLICE						COP													1	172	172	17	4	-5.0	10	1	10	-7.78443113772455	4	Bengaluru, Karnataka, India	IN	IN19	70159	12.9833	77.5833	-2090174	0								4	Bengaluru, Karnataka, India	IN	IN19	70159	12.9833	77.5833	-2090174	20260903174500	https://www.thehindu.com/news/cities/bangalore/no-two-wheelers-on-one-stretch-of-airport-road-elevated-corridor-from-september-4/article71425476.ece
1321338978	20260903	202609	2026	2026.6658	COP	PRISON						COP													1	173	173	17	4	-5.0	10	1	10	-9.07216494845356	2	Michigan, United States	US	USMI		43.3504	-84.5603	MI	0								2	Michigan, United States	US	USMI		43.3504	-84.5603	MI	20260903174500	https://clclt.com/uncategorized/do-first-time-offenders-go-to-jail/
1321338979	20260903	202609	2026	2026.6658	COP	POLICE						COP													1	180	180	18	4	-9.0	10	1	10	-10.1382488479262	1	Canada	CA	CA		60	-96	CA	0								1	Canada	CA	CA		60	-96	CA	20260903174500	https://www.wfsb.com/2026/09/03/newington-police-child-sex-abuse-suspect-flees-canada-changes-name/
1321338980	20260903	202609	2026	2026.6658	COP	POLICE						COP			CVL	VILLAGE						CVL			1	090	090	09	2	-2.0	5	1	5	-7.78210116731517	4	Sherpur Kalan, Uttar Pradesh, India	IN	IN36	17931	28.5167	80.2	-2111045	4	Sherpur Kalan, Uttar Pradesh, India	IN	IN36	17931	28.5167	80.2	-2111045	4	Sherpur Kalan, Uttar Pradesh, India	IN	IN36	17931	28.5167	80.2	-2111045	20260903174500	https://www.hindustantimes.com/cities/chandigarh-news/ludhiana-tractor-trolley-runs-over-two-schoolgirls-one-dies-on-spot-101788456246620.html
1321338981	20260903	202609	2026	2026.6658	COP	POLICE OFFICER						COP			HIN	HINDU				HIN					1	010	010	01	1	0.0	10	1	10	-7.78443113772455	4	Bengaluru, Karnataka, India	IN	IN19	70159	12.9833	77.5833	-2090174	4	Bengaluru, Karnataka, India	IN	IN19	70159	12.9833	77.5833	-2090174	4	Bengaluru, Karnataka, India	IN	IN19	70159	12.9833	77.5833	-2090174	20260903174500	https://www.thehindu.com/news/cities/bangalore/no-two-wheelers-on-one-stretch-of-airport-road-elevated-corridor-from-september-4/article71425476.ece
1321338982	20260903	202609	2026	2026.6658	COP	POLICE						COP			HIN	HINDU				HIN					1	013	013	01	1	0.4	5	1	5	-8.6021505376344	0								0								0								20260903174500	https://www.thehindu.com/news/national/karnataka/policeman-caught-accepting-20000-bribe-another-constable-escapes/article71424319.ece
1321338983	20260903	202609	2026	2026.6658	COP	POLICE						COP			HLH	HOSPITAL						HLH			1	042	042	04	1	1.9	4	1	4	-7.78210116731517	4	Sherpur Kalan, Uttar Pradesh, India	IN	IN36	17931	28.5167	80.2	-2111045	4	Sherpur Kalan, Uttar Pradesh, India	IN	IN36	17931	28.5167	80.2	-2111045	4	Sherpur Kalan, Uttar Pradesh, India	IN	IN36	17931	28.5167	80.2	-2111045	20260903174500	https://www.hindustantimes.com/cities/chandigarh-news/ludhiana-tractor-trolley-runs-over-two-schoolgirls-one-dies-on-spot-101788456246620.html
1321338984	20260903	202609	2026	2026.6658	COP	DEPUTIES						COP			LEG	PARLIAMENT						LEG			0	045	045	04	1	5.0	4	1	4	2.28050171037628	4	Geneva, Genè, Switzerland	SZ	SZ07	16329	46.1956	6.14811	-2552151	4	Geneva, Genè, Switzerland	SZ	SZ07	16329	46.1956	6.14811	-2552151	4	Geneva, Genè, Switzerland	SZ	SZ07	16329	46.1956	6.14811	-2552151	20260903174500	https://www.trend.az/azerbaijan/politics/4220463.html
1321338985	20260903	202609	2026	2026.6658	COP	DEPUTIES						COP			LEG	PARLIAMENT						LEG			0	045	045	04	1	5.0	1	1	1	2.28050171037628	4	Geneva, Genè, Switzerland	SZ	SZ07	16329	46.1956	6.14811	-2552151	4	Geneva, Genè, Switzerland	SZ	SZ07	16329	46.1956	6.14811	-2552151	4	Baku, Baki*, Azerbaijan	AJ	AJ09	534	40.3953	49.8822	-2705195	20260903174500	https://www.trend.az/azerbaijan/politics/4220463.html
1321338986	20260903	202609	2026	2026.6658	COP	POLICE						COP			NGA	NIGERIA	NGA								1	051	051	05	1	3.4	2	1	2	9.56175298804784	4	Abuja, Abuja Federal Capital Territory, Nigeria	NI	NI11	191147	9.08333	7.53333	-1997013	4	Abuja, Abuja Federal Capital Territory, Nigeria	NI	NI11	191147	9.08333	7.53333	-1997013	4	Abuja, Abuja Federal Capital Territory, Nigeria	NI	NI11	191147	9.08333	7.53333	-1997013	20260903174500	https://allafrica.com/stories/202609030494.html
1321338987	20260903	202609	2026	2026.6658	COP	POLICE OFFICIALS						COP			USA	WASHINGTON	USA								1	010	010	01	1	0.0	10	1	10	-0.92592592592593	0								0								0								20260903174500	http://www.washingtonjewishweek.com/swastikas-found-at-howard-county-elementary-school/
1321338988	20260903	202609	2026	2026.6658	COP	POLICE						COP			USA	UNITED STATES	USA								1	010	010	01	1	0.0	4	1	4	-5.76923076923077	3	Springdale, Ohio, United States	US	USOH	OH061	39.287	-84.4852	1065369	3	Springdale, Ohio, United States	US	USOH	OH061	39.287	-84.4852	1065369	3	Springdale, Ohio, United States	US	USOH	OH061	39.287	-84.4852	1065369	20260903174500	https://local12.com/news/local/man-suspected-sharing-child-porn-online-childcare-cincinnati-springdale-aiden-tan-cedarhill-discord-sex-abuse-material-children-daycare
1321338989	20260903	202609	2026	2026.6658	COP	POLICE						COP			USA	UNITED STATES	USA								0	130	130	13	3	-4.4	4	1	4	-1.40449438202247	2	New York, United States	US	USNY		42.1497	-74.9384	NY	2	New York, United States	US	USNY		42.1497	-74.9384	NY	2	New York, United States	US	USNY		42.1497	-74.9384	NY	20260903174500	https://globemagazine.com/fundraiser-for-times-square-murder-victims-infant-daughter-receives-more-than-500k/
1321338990	20260903	202609	2026	2026.6658	CRM	FELON						CRM													1	173	173	17	4	-5.0	16	1	10	-15.1862464183381	4	Rome, Lazio, Italy	IT	IT07	18350	41.9	12.4833	-126693	0								4	Rome, Lazio, Italy	IT	IT07	18350	41.9	12.4833	-126693	20260903174500	https://www.1049therebel.com/2026/09/03/arrest-reports-for-september-3rd/
1321338991	20260903	202609	2026	2026.6658	CRM	CRIMINAL						CRM													0	173	173	17	4	-5.0	10	1	10	-9.40438871473354	2	Texas, United States	US	USTX		31.106	-97.6475	TX	0								2	Texas, United States	US	USTX		31.106	-97.6475	TX	20260903174500	https://1025kiss.com/ixp/156/p/texas-death-row-25-years/
1321338992	20260903	202609	2026	2026.6658	CUB	CUBA	CUB								CUBBUS	CUBA	CUB					BUS			1	163	163	16	4	-8.0	4	1	4	-6	1	Cuba	CU	CU		22	-79.5	CU	1	Cuba	CU	CU		22	-79.5	CU	1	Cuba	CU	CU		22	-79.5	CU	20260903174500	https://www.arabnews.com/world/us-slaps-new-sanctions-on-raul-castros-grandson-cuban-companies-3000422
1321338993	20260903	202609	2026	2026.6658	CUBBUS	CUBAN	CUB					BUS													1	163	163	16	4	-8.0	3	1	3	-6	1	Cuba	CU	CU		22	-79.5	CU	0								1	Cuba	CU	CU		22	-79.5	CU	20260903174500	https://www.arabnews.com/world/us-slaps-new-sanctions-on-raul-castros-grandson-cuban-companies-3000422
1321338994	20260903	202609	2026	2026.6658	CVL	PROPERTY OWNER						CVL													1	010	010	01	1	0.0	10	1	10	-1.67910447761194	3	City Of Brookings, South Dakota, United States	US	USSD	SD011	44.3064	-96.7864	1267299	0								3	City Of Brookings, South Dakota, United States	US	USSD		44.3064	-96.7864	1267299	20260903174500	https://www.brookingsradio.com/news/city-of-brookings-updates-ash-tree-removal-guidelines-to-year-round/
1321338995	20260903	202609	2026	2026.6658	CVL	CITIZEN						CVL													1	012	012	01	1	-0.4	10	1	10	-0.69808027923211	3	Hurricane Creek, Georgia, United States	US	USGA	GA283	32.3821	-82.7168	315845	0								3	Hurricane Creek, Georgia, United States	US	USGA		32.3821	-82.7168	315845	20260903174500	https://953thebear.com/ixp/993/p/brookwoods-data-center-town-hall-debate/
1321338996	20260903	202609	2026	2026.6658	CVL	VOTER						CVL													1	014	014	01	1	0.0	10	1	10	0.69284064665127	1	Jersey	JE	JE		49.216667	-2.116667	JE	0								1	Jersey	JE	JE		49.216667	-2.116667	JE	20260903174500	https://www.inquirer.com/news/new-jersey/cherry-hill-pta-board-education-candidates-forum-20260903.html
1321338997	20260903	202609	2026	2026.6658	CVL	VOTER						CVL													0	036	036	03	1	4.0	4	1	4	-1.78837555886737	3	Sioux City, Iowa, United States	US	USIA	IA193	42.5	-96.4003	461653	0								3	Sioux City, Iowa, United States	US	USIA		42.5	-96.4003	461653	20260903174500	http://www.chronicletimes.com/stories/iowa-needs-a-happy-warrior-in-congress,214154
1321338998	20260903	202609	2026	2026.6658	CVL	COMMUNITY						CVL													1	040	040	04	1	1.0	10	1	10	0.83916083916084	2	Maryland, United States	US	USMD		39.0724	-76.7902	MD	0								2	Maryland, United States	US	USMD		39.0724	-76.7902	MD	20260903174500	http://www.washingtonjewishweek.com/schuster-takes-helm-of-washington-jewish-week/
1321338999	20260903	202609	2026	2026.6658	CVL	COMMUNITY						CVL													0	042	042	04	1	1.9	6	1	6	1.75233644859813	3	American Legion Post, New York, United States	US	USNY	NY103	40.8842	-73.4192	2358769	0								3	American Legion Post, New York, United States	US	USNY		40.8842	-73.4192	2358769	20260903174500	https://www.positivelynaperville.com/2026/09/03/naperville-september-11-observance-is-set-to-begin-with-music-at-445pm/160760
1321339000	20260903	202609	2026	2026.6658	CVL	RESIDENTS						CVL													0	042	042	04	1	1.9	10	1	10	-2.82542885973764	3	Columbia County, Georgia, United States	US	USGA	GA073	33.5501	-82.2504	348865	0								3	Columbia County, Georgia, United States	US	USGA		33.5501	-82.2504	348865	20260903174500	https://www.wrdw.com/2026/09/03/final-forum-augusta-data-center-rules-comes-amid-national-debate/
1321339001	20260903	202609	2026	2026.6658	CVL	COMMUNITY						CVL													0	042	042	04	1	1.9	8	1	8	0.69284064665127	1	Jersey	JE	JE		49.216667	-2.116667	JE	0								1	Jersey	JE	JE		49.216667	-2.116667	JE	20260903174500	https://www.inquirer.com/news/new-jersey/cherry-hill-pta-board-education-candidates-forum-20260903.html
1321339002	20260903	202609	2026	2026.6658	CVL	POPULATION						CVL													0	050	050	05	1	3.5	5	1	5	-0.84097859327217	1	United States	US	US		39.828175	-98.5795	US	0								1	United States	US	US		39.828175	-98.5795	US	20260903174500	https://www.medicaldaily.com/lung-monocytes-galectin-1-nasal-flu-vaccine-research-478175
1321339003	20260903	202609	2026	2026.6658	CVL	COMMUNITY						CVL													0	051	051	05	1	3.4	2	1	2	8.74403815580286	3	Westchester, Florida, United States	US	USFL	FL086	25.7548	-80.3273	293131	0								3	Westchester, Florida, United States	US	USFL	FL086	25.7548	-80.3273	293131	20260903174500	https://www.woonsocketcall.com/news/mill-town-circus-coming-to-woonsocket/article_f0c1c5fb-560e-41d0-b7c8-e85269338224.html
1321339004	20260903	202609	2026	2026.6658	CVL	COMMUNITY						CVL													1	051	051	05	1	3.4	10	1	10	6.29722921914358	3	Chicago, Illinois, United States	US	USIL	IL031	41.85	-87.6501	423587	0								3	Chicago, Illinois, United States	US	USIL	IL031	41.85	-87.6501	423587	20260903174500	https://www.manilatimes.net/2026/09/04/tmt-newswire/globenewswire/alpharus-health-purchases-315-n-racine-for-permanent-chicago-office/2418290
1321339005	20260903	202609	2026	2026.6658	CVL	COMMUNITY						CVL													0	051	051	05	1	3.4	3	1	3	8.74403815580286	2	Florida, United States	US	USFL		27.8333	-81.717	FL	0								2	Florida, United States	US	USFL		27.8333	-81.717	FL	20260903174500	https://www.woonsocketcall.com/news/mill-town-circus-coming-to-woonsocket/article_f0c1c5fb-560e-41d0-b7c8-e85269338224.html
1321339006	20260903	202609	2026	2026.6658	CVL	PROPERTY OWNER						CVL													1	051	051	05	1	3.4	10	1	10	-1.67910447761194	2	South Dakota, United States	US	USSD		44.2853	-99.4632	SD	0								2	South Dakota, United States	US	USSD		44.2853	-99.4632	SD	20260903174500	https://www.brookingsradio.com/news/city-of-brookings-updates-ash-tree-removal-guidelines-to-year-round/
1321339007	20260903	202609	2026	2026.6658	CVL	SCIENTIST						CVL													0	070	070	07	2	7.0	5	1	5	5.28846153846154	2	Iowa, United States	US	USIA		42.0046	-93.214	IA	0								2	Iowa, United States	US	USIA		42.0046	-93.214	IA	20260903174500	https://research.uiowa.edu/why-am-i-getting-research-recruitment-emails?utm_id=1479050206.1548781019
1321339008	20260903	202609	2026	2026.6658	CVL	NEIGHBORHOOD						CVL													1	192	192	19	4	-9.5	5	1	5	0.48465266558966	3	Long Island City, New York, United States	US	USNY	NY081	40.7448	-73.9487	955863	0								3	Long Island City, New York, United States	US	USNY		40.7448	-73.9487	955863	20260903174500	https://www.gq.com/story/gay-hookup-app-barber-loyalty
1321339009	20260903	202609	2026	2026.6658	CVL	POPULATION						CVL													0	193	193	19	4	-10.0	5	1	5	-4.28571428571428	1	Japan	JA	JA		36	138	JA	0								1	Japan	JA	JA		36	138	JA	20260903174500	https://www.lifenews.com/2026/09/03/the-population-control-activists-are-back-and-theyre-wrong-again/
1321339010	20260903	202609	2026	2026.6658	CVL	SETTLEMENT						CVL			BUS	COMPANY						BUS			1	020	020	02	1	3.0	10	1	10	-6.10465116279069	2	Rhode Island, United States	US	USRI		41.6772	-71.5101	RI	2	Rhode Island, United States	US	USRI		41.6772	-71.5101	RI	2	Rhode Island, United States	US	USRI		41.6772	-71.5101	RI	20260903174500	https://www.newsday.com/long-island/investigations/wantagh-fire-department-rape-case-settlement-e8zogcqf
1321339011	20260903	202609	2026	2026.6658	CVL	HUNTER						CVL			CAN	CANADA	CAN								1	080	080	08	2	5.0	6	1	6	-8.40336134453782	1	Canada	CA	CA		60	-96	CA	1	Canada	CA	CA		60	-96	CA	1	Canada	CA	CA		60	-96	CA	20260903174500	https://www.courant.com/2026/09/03/man-who-fled-to-canada-extradited-back-to-ct-to-face-child-sexual-abuse-charges/
1321339012	20260903	202609	2026	2026.6658	CVL	HUNTER						CVL			CAN	CANADA	CAN								1	173	173	17	4	-5.0	2	1	2	-8.40336134453782	1	Canada	CA	CA		60	-96	CA	1	Canada	CA	CA		60	-96	CA	1	Canada	CA	CA		60	-96	CA	20260903174500	https://www.courant.com/2026/09/03/man-who-fled-to-canada-extradited-back-to-ct-to-face-child-sexual-abuse-charges/
1321339013	20260903	202609	2026	2026.6658	CVL	NEIGHBOURHOOD						CVL			CMR	CAMEROON	CMR								1	046	046	04	1	7.0	7	1	7	2.11981566820277	4	Garoua, Nord, Cameroon	CM	CM13	12501	9.3	13.4	-3149623	4	Garoua, Nord, Cameroon	CM	CM13	12501	9.3	13.4	-3149623	4	Garoua, Nord, Cameroon	CM	CM13	12501	9.3	13.4	-3149623	20260903174500	https://allafrica.com/stories/202609030599.html
1321339014	20260903	202609	2026	2026.6658	CVL	HUNTER						CVL			COP	POLICE						COP			1	112	112	11	3	-2.0	6	1	6	-8.40336134453782	3	New Britain, Connecticut, United States	US	USCT	CT003	41.6612	-72.7795	209217	3	New Britain, Connecticut, United States	US	USCT		41.6612	-72.7795	209217	3	New Britain, Connecticut, United States	US	USCT		41.6612	-72.7795	209217	20260903174500	https://www.courant.com/2026/09/03/man-who-fled-to-canada-extradited-back-to-ct-to-face-child-sexual-abuse-charges/
1321339015	20260903	202609	2026	2026.6658	CVL	VOTER						CVL			EDU	SCHOOL						EDU			1	071	071	07	2	7.4	5	1	5	0.69284064665127	1	Jersey	JE	JE		49.216667	-2.116667	JE	1	Jersey	JE	JE		49.216667	-2.116667	JE	1	Jersey	JE	JE		49.216667	-2.116667	JE	20260903174500	https://www.inquirer.com/news/new-jersey/cherry-hill-pta-board-education-candidates-forum-20260903.html
1321339016	20260903	202609	2026	2026.6658	CVL	VILLAGE						CVL			EDU	STUDENT						EDU			1	193	193	19	4	-10.0	2	1	2	-7.78210116731517	4	Sherpur Kalan, Uttar Pradesh, India	IN	IN36	17931	28.5167	80.2	-2111045	4	Sherpur Kalan, Uttar Pradesh, India	IN	IN36	17931	28.5167	80.2	-2111045	4	Sherpur Kalan, Uttar Pradesh, India	IN	IN36	17931	28.5167	80.2	-2111045	20260903174500	https://www.hindustantimes.com/cities/chandigarh-news/ludhiana-tractor-trolley-runs-over-two-schoolgirls-one-dies-on-spot-101788456246620.html
1321339017	20260903	202609	2026	2026.6658	CVL	MIGRANT						CVL			ESP	SPAIN	ESP								1	013	013	01	1	0.4	2	1	2	-3.75586854460094	4	Canary Islands, Spain (general), Spain	SP	SP00	25789	28	-15.5	-375618	4	Canary Islands, Spain (general), Spain	SP	SP00	25789	28	-15.5	-375618	4	Canary Islands, Spain (general), Spain	SP	SP00	25789	28	-15.5	-375618	20260903174500	https://www.novinite.com/articles/240450/Over+80+Migrants+Die+in+Boat+Capsizing+Off+Gran+Canaria
1321339018	20260903	202609	2026	2026.6658	CVL	CIVILIAN						CVL			HLH	HOSPITAL						HLH			0	193	193	19	4	-10.0	10	1	10	-7.19530102790015	1	United States	US	US		39.828175	-98.5795	US	1	United States	US	US		39.828175	-98.5795	US	1	United States	US	US		39.828175	-98.5795	US	20260903174500	https://bearingarms.com/tomknighton/2026/09/03/two-dead-plus-gunman-multiple-people-injured-in-minneapolish-shooting-n1233709
1321339019	20260903	202609	2026	2026.6658	CVL	VILLAGE						CVL			MYS	JOHOR	MYS								1	051	051	05	1	3.4	10	1	10	5.62060889929742	1	Australia	AS	AS		-25	135	AS	1	Australia	AS	AS		-25	135	AS	1	Australia	AS	AS		-25	135	AS	20260903174500	https://www.manilatimes.net/2026/09/04/tmt-newswire/pr-newswire/village-grocer-expands-southern-footprint-with-new-store-opening-at-horizon-mall-johor/2418263
1321339020	20260903	202609	2026	2026.6658	CVL	TOURIST						CVL			NOR	OSLO	NOR								0	042	042	04	1	1.9	5	1	5	0.34129692832765	4	Oslo, Oslo, Norway	NO	NO12	23413	59.9167	10.75	-273837	4	Oslo, Oslo, Norway	NO	NO12	23413	59.9167	10.75	-273837	4	Oslo, Oslo, Norway	NO	NO12	23413	59.9167	10.75	-273837	20260903174500	https://www.thelocal.no/20260903/norway-sets-up-temporary-border-controls-ahead-of-king-harald-vs-funeral
1321339021	20260903	202609	2026	2026.6658	CVL	RESIDENTS						CVL			USA	ILLINOIS	USA								1	036	036	03	1	4.0	2	1	2	-2.11267605633803	2	Illinois, United States	US	USIL		40.3363	-89.0022	IL	2	Illinois, United States	US	USIL		40.3363	-89.0022	IL	2	Illinois, United States	US	USIL		40.3363	-89.0022	IL	20260903174500	https://www.tspr.org/tspr-local-news/2026-09-03/why-galesburg-residents-are-getting-a-notice-about-a-forever-chemical-in-raw-water-from-unused-wells
1321339022	20260903	202609	2026	2026.6658	CVL	COMMUNITY						CVL			USA	UNITED STATES	USA								0	042	042	04	1	1.9	2	1	2	1.75233644859813	3	American Legion Post, New York, United States	US	USNY	NY103	40.8842	-73.4192	2358769	3	American Legion Post, New York, United States	US	USNY		40.8842	-73.4192	2358769	3	American Legion Post, New York, United States	US	USNY		40.8842	-73.4192	2358769	20260903174500	https://www.positivelynaperville.com/2026/09/03/naperville-september-11-observance-is-set-to-begin-with-music-at-445pm/160760
1321339023	20260903	202609	2026	2026.6658	CVL	COMMUNITY						CVL			USA	UNITED STATES	USA								0	042	042	04	1	1.9	2	1	2	1.75233644859813	3	United Methodist Church, New York, United States	US	USNY	NY077	42.744	-75.1846	977498	3	United Methodist Church, New York, United States	US	USNY		42.744	-75.1846	977498	3	United Methodist Church, New York, United States	US	USNY		42.744	-75.1846	977498	20260903174500	https://www.positivelynaperville.com/2026/09/03/naperville-september-11-observance-is-set-to-begin-with-music-at-445pm/160760
1321339024	20260903	202609	2026	2026.6658	CVL	COMMUNITY						CVL			USA	JERSEY	USA								0	042	042	04	1	1.9	2	1	2	0.69284064665127	1	Jersey	JE	JE		49.216667	-2.116667	JE	1	Jersey	JE	JE		49.216667	-2.116667	JE	1	Jersey	JE	JE		49.216667	-2.116667	JE	20260903174500	https://www.inquirer.com/news/new-jersey/cherry-hill-pta-board-education-candidates-forum-20260903.html
1321339025	20260903	202609	2026	2026.6658	CVL	HUNTER						CVL			USA	CONNECTICUT	USA								0	080	080	08	2	5.0	2	1	2	-8.40336134453782	1	Canada	CA	CA		60	-96	CA	2	Connecticut, United States	US	USCT		41.5834	-72.7622	CT	2	Connecticut, United States	US	USCT		41.5834	-72.7622	CT	20260903174500	https://www.courant.com/2026/09/03/man-who-fled-to-canada-extradited-back-to-ct-to-face-child-sexual-abuse-charges/
1321339026	20260903	202609	2026	2026.6658	CVL	HUNTER						CVL			USA	CONNECTICUT	USA								0	080	080	08	2	5.0	6	1	6	-8.40336134453782	2	Connecticut, United States	US	USCT		41.5834	-72.7622	CT	2	Connecticut, United States	US	USCT		41.5834	-72.7622	CT	2	Connecticut, United States	US	USCT		41.5834	-72.7622	CT	20260903174500	https://www.courant.com/2026/09/03/man-who-fled-to-canada-extradited-back-to-ct-to-face-child-sexual-abuse-charges/
1321339027	20260903	202609	2026	2026.6658	DEU	STUTTGART	DEU																		1	030	030	03	1	4.0	10	1	10	3.2	1	United States	US	US		39.828175	-98.5795	US	0								1	United States	US	US		39.828175	-98.5795	US	20260903174500	https://www.stuttgartdailyleader.com/mum-sale-offers-colorful-support-for-stuttgart-ffa/
1321339028	20260903	202609	2026	2026.6658	DEU	GERMANY	DEU																		0	040	040	04	1	1.0	4	1	4	-1.5625	2	New York, United States	US	USNY		42.1497	-74.9384	NY	0								2	New York, United States	US	USNY		42.1497	-74.9384	NY	20260903174500	https://www.e-flux.com/announcements/6788106/roundup-dog-days-of-summer
1321339029	20260903	202609	2026	2026.6658	DEU	GERMAN	DEU																		0	0833	083	08	2	5.0	8	1	8	-3.25417766051011	4	Berlin, Berlin, Germany	GM	GM16	16538	52.5167	13.4	-1746443	0								4	Berlin, Berlin, Germany	GM	GM16	16538	52.5167	13.4	-1746443	20260903174500	https://www.politico.eu/article/germanys-far-right-gains-off-vw-troubles/
1321339030	20260903	202609	2026	2026.6658	DEU	GERMAN	DEU																		0	0833	083	08	2	5.0	2	1	2	-3.25417766051011	5	Lower Saxony, Niedersachsen, Germany	GM	GM06	40698	52	10	-1833951	0								5	Lower Saxony, Niedersachsen, Germany	GM	GM06	40698	52	10	-1833951	20260903174500	https://www.politico.eu/article/germanys-far-right-gains-off-vw-troubles/
1321339031	20260903	202609	2026	2026.6658	DEU	HAMBURG	DEU																		0	173	173	17	4	-5.0	10	1	10	-13.3738601823708	4	Hamburg, Hamburg, Germany	GM	GM04	40698	53.55	10	-1785434	0								4	Hamburg, Hamburg, Germany	GM	GM04	40698	53.55	10	-1785434	20260903174500	https://thecolu.mn/4930/homophobic-pedophile-sentenced-to-4-5-years-in-juvenile-detention/
1321339032	20260903	202609	2026	2026.6658	DEU	MUNICH	DEU								GBR	LIVERPOOL	GBR								1	030	030	03	1	4.0	10	1	10	1.77664974619289	1	Germany	GM	GM		51.5	10.5	GM	1	Germany	GM	GM		51.5	10.5	GM	1	Germany	GM	GM		51.5	10.5	GM	20260903174500	https://thehardtackle.com/transfer-news/2026/09/03/rio-ngumoha-reaches-contract-agreement-with-liverpool-after-bayern-munich-links/
1321339033	20260903	202609	2026	2026.6658	DEU	GERMANY	DEU								GOV	GOVERNMENT						GOV			1	112	112	11	3	-2.0	10	1	10	-3.25417766051011	5	Lower Saxony, Niedersachsen, Germany	GM	GM06	40698	52	10	-1833951	5	Lower Saxony, Niedersachsen, Germany	GM	GM06	40698	52	10	-1833951	5	Lower Saxony, Niedersachsen, Germany	GM	GM06	40698	52	10	-1833951	20260903174500	https://www.politico.eu/article/germanys-far-right-gains-off-vw-troubles/
1321339034	20260903	202609	2026	2026.6658	DZA	ALGIERS	DZA																		1	130	130	13	3	-4.4	3	1	3	-5.81583198707593	4	Granada, AndalucíSP, Spain	SP	SP51	25779	37.1784	-3.5992	-384328	0								4	Granada, AndalucíSP, Spain	SP	SP51	25779	37.1784	-3.5992	-384328	20260903174500	https://northafricapost.com/100009-on-moroccos-unbroken-claim-to-ceuta-and-melilla.html
1321339035	20260903	202609	2026	2026.6658	DZA	ALGIERS	DZA																		1	130	130	13	3	-4.4	2	1	2	-5.81583198707593	4	Algiers, Alger, Algeria	AG	AG01	37774	36.7631	3.05056	-458371	0								4	Melilla, Spain (general), Spain	SP	SP00	25821	35.2839	-2.94307	-391809	20260903174500	https://northafricapost.com/100009-on-moroccos-unbroken-claim-to-ceuta-and-melilla.html
1321339036	20260903	202609	2026	2026.6658	DZA	ALGIERS	DZA																		1	130	130	13	3	-4.4	5	1	5	-5.81583198707593	4	Algiers, Alger, Algeria	AG	AG01	37774	36.7631	3.05056	-458371	0								4	Algiers, Alger, Algeria	AG	AG01	37774	36.7631	3.05056	-458371	20260903174500	https://northafricapost.com/100009-on-moroccos-unbroken-claim-to-ceuta-and-melilla.html
1321339037	20260903	202609	2026	2026.6658	EDU	UNIVERSITY						EDU													1	010	010	01	1	0.0	1	1	1	4.50450450450451	4	Zurich, ZüSZ, Switzerland	SZ	SZ25	26310	47.3667	8.55	-2554935	0								4	Zurich, ZüSZ, Switzerland	SZ	SZ25	26310	47.3667	8.55	-2554935	20260903174500	https://edition.cnn.com/2026/09/03/science/ig-nobel-awards-2026-scli-intl
1321339038	20260903	202609	2026	2026.6658	EDU	UNIVERSITY						EDU													1	010	010	01	1	0.0	4	1	4	4.50450450450451	2	North Carolina, United States	US	USNC		35.6411	-79.8431	NC	0								2	North Carolina, United States	US	USNC		35.6411	-79.8431	NC	20260903174500	https://edition.cnn.com/2026/09/03/science/ig-nobel-awards-2026-scli-intl
1321339039	20260903	202609	2026	2026.6658	EDU	STUDENT						EDU													0	020	020	02	1	3.0	10	1	10	1.16731517509728	4	Jerusalem, Israel (general), Israel	IS	IS00	18315	31.7667	35.2333	-797092	0								4	Jerusalem, Israel (general), Israel	IS	IS00	18315	31.7667	35.2333	-797092	20260903174500	https://en.idi.org.il/en.idi.org.il/articles/65966
1321339040	20260903	202609	2026	2026.6658	EDU	COLLEGE						EDU													1	042	042	04	1	1.9	10	1	10	-4.31034482758621	5	Karnataka, Karnataka, India	IN	IN19	17688	13.5	76	-2099860	0								5	Karnataka, Karnataka, India	IN	IN19	17688	13.5	76	-2099860	20260903174500	https://www.hindustantimes.com/trending/racism-in-india-foreigner-questions-higher-entry-fee-for-foreign-tourists-at-dilli-haat-sparks-discussion-101788455079565.html
1321339041	20260903	202609	2026	2026.6658	EDU	COLLEGE						EDU													1	120	120	12	3	-4.0	10	1	10	-3.88888888888889	4	Accra, Greater Accra, Ghana	GH	GH01	190655	5.55	-0.216667	-2067935	0								4	Accra, Greater Accra, Ghana	GH	GH01	190655	5.55	-0.216667	-2067935	20260903174500	https://medafricatimes.com/46793-ghana-cuts-public-sector-financial-irregularities-by-gh%C2%A213bn-in-2025.html
1321339042	20260903	202609	2026	2026.6658	EDU	STUDENT						EDU													1	141	141	14	3	-6.5	10	1	10	-3.91304347826087	5	Keralam, Kerala, India	IN	IN13	17699	10	76.5	-2100307	0								5	Keralam, Kerala, India	IN	IN13	17699	10	76.5	-2100307	20260903174500	https://www.thehindu.com/news/national/kerala/keralam-will-not-allow-students-protests-to-be-suppressed-viswam/article71424972.ece
1321339043	20260903	202609	2026	2026.6658	EDU	LECTURER						EDU			AFR	AFRICA	AFR								0	010	010	01	1	0.0	9	1	9	3.69230769230769	4	Xiangtan, Sichuan, China	CH	CH32	13003	31.4819	106.901	-1931720	4	Xiangtan, Sichuan, China	CH	CH32	13003	31.4819	106.901	-1931720	4	Xiangtan, Sichuan, China	CH	CH32	13003	31.4819	106.901	-1931720	20260903174500	http://www.bignewsnetwork.com/news/279284229/zimbabwean-think-tank-calls-for-greater-china-africa-research-cooperation
1321339044	20260903	202609	2026	2026.6658	EDU	LECTURER						EDU			AFR	AFRICA	AFR								0	010	010	01	1	0.0	1	1	1	3.69230769230769	4	Harare, Mashonaland East, Zimbabwe	ZI	ZI04	40197	-17.8178	31.0447	-2312291	4	Harare, Mashonaland East, Zimbabwe	ZI	ZI04	40197	-17.8178	31.0447	-2312291	4	Harare, Mashonaland East, Zimbabwe	ZI	ZI04	40197	-17.8178	31.0447	-2312291	20260903174500	http://www.bignewsnetwork.com/news/279284229/zimbabwean-think-tank-calls-for-greater-china-africa-research-cooperation
1321339045	20260903	202609	2026	2026.6658	EDU	PROFESSOR						EDU			CANEDU	MCGILL	CAN					EDU			1	051	051	05	1	3.4	5	1	5	4.50450450450451	1	Canada	CA	CA		60	-96	CA	1	Canada	CA	CA		60	-96	CA	1	Canada	CA	CA		60	-96	CA	20260903174500	https://edition.cnn.com/2026/09/03/science/ig-nobel-awards-2026-scli-intl
1321339046	20260903	202609	2026	2026.6658	EDU	UNIVERSITY						EDU			CVL	VILLAGE						CVL			1	051	051	05	1	3.4	10	1	10	3.2258064516129	4	Bagshot Park, Bracknell Forest, United Kingdom	UK	UKB3	40133	51.3833	-0.7	-2588960	4	Bagshot Park, Bracknell Forest, United Kingdom	UK	UKB3	40133	51.3833	-0.7	-2588960	4	Bagshot Park, Bracknell Forest, United Kingdom	UK	UKB3	40133	51.3833	-0.7	-2588960	20260903174500	https://www.geo.tv/latest/680527-james-earl-of-wessex-arrives-as-university-prepares-for-groundbreaking-change
1321339047	20260903	202609	2026	2026.6658	EDU	STUDENT						EDU			GOV	STATE SECRETARY						GOV			1	120	120	12	3	-4.0	10	1	10	-3.91304347826087	5	Keralam, Kerala, India	IN	IN13	17699	10	76.5	-2100307	5	Keralam, Kerala, India	IN	IN13	17699	10	76.5	-2100307	5	Keralam, Kerala, India	IN	IN13	17699	10	76.5	-2100307	20260903174500	https://www.thehindu.com/news/national/kerala/keralam-will-not-allow-students-protests-to-be-suppressed-viswam/article71424972.ece
1321339048	20260903	202609	2026	2026.6658	EDU	STUDENT						EDU			GOV	STATE SECRETARY						GOV			1	141	141	14	3	-6.5	10	1	10	-3.91304347826087	5	Keralam, Kerala, India	IN	IN13	17699	10	76.5	-2100307	5	Keralam, Kerala, India	IN	IN13	17699	10	76.5	-2100307	5	Keralam, Kerala, India	IN	IN13	17699	10	76.5	-2100307	20260903174500	https://www.thehindu.com/news/national/kerala/keralam-will-not-allow-students-protests-to-be-suppressed-viswam/article71424972.ece
1321339049	20260903	202609	2026	2026.6658	EDU	SCHOOL						EDU			ISR	ISRAELI	ISR								0	043	043	04	1	2.8	8	1	8	1.16731517509728	4	Jerusalem, Israel (general), Israel	IS	IS00	18315	31.7667	35.2333	-797092	4	Jerusalem, Israel (general), Israel	IS	IS00	18315	31.7667	35.2333	-797092	4	Jerusalem, Israel (general), Israel	IS	IS00	18315	31.7667	35.2333	-797092	20260903174500	https://en.idi.org.il/en.idi.org.il/articles/65966
1321339050	20260903	202609	2026	2026.6658	EDU	INTELLECTUAL						EDU			LEG	PARLIAMENT						LEG			0	036	036	03	1	4.0	10	1	10	1.83615819209039	0								0								0								20260903174500	https://www.walesonline.co.uk/lifestyle/tv/welsh-dragons-den-star-reveals-34552833
1321339051	20260903	202609	2026	2026.6658	EDU	SCHOOL						EDU			MED	MEDIA						MED			1	112	112	11	3	-2.0	2	1	2	-7.02576112412178	3	Elmore County, Alabama, United States	US	USAL	AL051	32.5835	-86.15	161551	3	Elmore County, Alabama, United States	US	USAL		32.5835	-86.15	161551	3	Elmore County, Alabama, United States	US	USAL		32.5835	-86.15	161551	20260903174500	https://www.wvtm13.com/article/sheriffs-schools-warn-viral-cat-in-the-hat-social-media-trend-threats-alabama/73606565
1321339052	20260903	202609	2026	2026.6658	EDU	PROFESSOR						EDU			USA	NORTH CAROLINA	USA								0	010	010	01	1	0.0	3	1	3	4.50450450450451	2	North Carolina, United States	US	USNC		35.6411	-79.8431	NC	2	North Carolina, United States	US	USNC		35.6411	-79.8431	NC	2	North Carolina, United States	US	USNC		35.6411	-79.8431	NC	20260903174500	https://edition.cnn.com/2026/09/03/science/ig-nobel-awards-2026-scli-intl
1321339053	20260903	202609	2026	2026.6658	EDU	COLLEGE						EDU			USA	UNITED STATES	USA								1	040	040	04	1	1.0	2	1	2	-1.29032258064516	3	Bates College, Maine, United States	US	USME	ME001	44.1056	-70.2023	561719	3	Bates College, Maine, United States	US	USME		44.1056	-70.2023	561719	3	Bates College, Maine, United States	US	USME		44.1056	-70.2023	561719	20260903174500	https://www.philanthropy.com/opinion/dei-1-0-was-crazy-a-viral-atlantic-essay-shows-nonprofits-a-way-out/
1321339054	20260903	202609	2026	2026.6658	EDU	COLLEGE						EDU			USA	UNITED STATES	USA								1	042	042	04	1	1.9	1	1	1	-0.15974440894569	4	Delhi, Delhi, India	IN	IN07	17911	28.6667	77.2167	-2094230	2	New York, United States	US	USNY		42.1497	-74.9384	NY	2	New York, United States	US	USNY		42.1497	-74.9384	NY	20260903174500	https://www.thehindu.com/news/international/gloria-steinem-death-feminist-organiser-indian-connection/article71425460.ece
1321339055	20260903	202609	2026	2026.6658	EDU	COLLEGE						EDU			USA	UNITED STATES	USA								1	042	042	04	1	1.9	1	1	1	-0.15974440894569	3	Smith College, Massachusetts, United States	US	USMA	MA015	42.3181	-72.6384	601316	2	New York, United States	US	USNY		42.1497	-74.9384	NY	2	New York, United States	US	USNY		42.1497	-74.9384	NY	20260903174500	https://www.thehindu.com/news/international/gloria-steinem-death-feminist-organiser-indian-connection/article71425460.ece
1321339056	20260903	202609	2026	2026.6658	EDU	STUDENT						EDU			USA	WASHINGTON	USA								1	042	042	04	1	1.9	18	1	10	3.15315315315315	2	Washington, United States	US	USWA		47.3917	-121.571	WA	2	Washington, United States	US	USWA		47.3917	-121.571	WA	2	Washington, United States	US	USWA		47.3917	-121.571	WA	20260903174500	https://news.wsu.edu/news/2026/09/03/from-hawaii-to-florida-future-pharmacists-choose-wsu-to-make-a-difference/
1321339057	20260903	202609	2026	2026.6658	EDU	COLLEGE						EDU			USA	MASSACHUSETTS	USA								1	043	043	04	1	2.8	1	1	1	-0.15974440894569	3	Smith College, Massachusetts, United States	US	USMA	MA015	42.3181	-72.6384	601316	2	Massachusetts, United States	US	USMA		42.2373	-71.5314	MA	4	Delhi, Delhi, India	IN	IN07	17911	28.6667	77.2167	-2094230	20260903174500	https://www.thehindu.com/news/international/gloria-steinem-death-feminist-organiser-indian-connection/article71425460.ece
1321339058	20260903	202609	2026	2026.6658	EDU	SCHOOL						EDU			USA	HOUSTON	USA								1	060	060	06	2	6.0	2	2	2	-3.95742201667042	3	Houston, Texas, United States	US	USTX	TX201	29.7633	-95.3633	1380948	3	Houston, Texas, United States	US	USTX	TX201	29.7633	-95.3633	1380948	3	Houston, Texas, United States	US	USTX	TX201	29.7633	-95.3633	1380948	20260903174500	https://www.click2houston.com/news/texas/2026/09/03/texas-food-banks-feel-the-squeeze-of-federal-cuts-drop-in-donations/
1321339059	20260903	202609	2026	2026.6658	EDU	SCHOOL						EDU			USA	HOUSTON	USA								1	060	060	06	2	6.0	8	2	8	-3.95742201667042	2	Texas, United States	US	USTX		31.106	-97.6475	TX	3	Houston, Texas, United States	US	USTX	TX201	29.7633	-95.3633	1380948	3	Houston, Texas, United States	US	USTX	TX201	29.7633	-95.3633	1380948	20260903174500	https://www.click2houston.com/news/texas/2026/09/03/texas-food-banks-feel-the-squeeze-of-federal-cuts-drop-in-donations/
1321339060	20260903	202609	2026	2026.6658	ELI	ACTOR						ELI													1	016	016	01	1	-2.0	4	1	4	-5.26315789473684	4	Mumbai, Maharashtra, India	IN	IN16	70184	18.975	72.8258	-2092174	0								4	Mumbai, Maharashtra, India	IN	IN16	70184	18.975	72.8258	-2092174	20260903174500	https://www.hindustantimes.com/htcity/cinema/exclusive-sayani-gupta-granted-interim-relief-by-a-mumbai-civil-court-in-9-crore-defamation-case-against-vinita-negi-101788454686545.html
1321339061	20260903	202609	2026	2026.6658	ELI	ACTOR						ELI													1	016	016	01	1	-2.0	6	1	6	-5.26315789473684	1	New Zealand	NZ	NZ		-42	174	NZ	0								1	New Zealand	NZ	NZ		-42	174	NZ	20260903174500	https://www.hindustantimes.com/htcity/cinema/exclusive-sayani-gupta-granted-interim-relief-by-a-mumbai-civil-court-in-9-crore-defamation-case-against-vinita-negi-101788454686545.html
1321339062	20260903	202609	2026	2026.6658	ELI	ACTOR						ELI			GRC	GREEK	GRC								0	193	193	19	4	-10.0	6	1	6	-1.7274472168906	1	Greece	GR	GR		39	22	GR	1	Greece	GR	GR		39	22	GR	1	Greece	GR	GR		39	22	GR	20260903174500	https://www.indiewire.com/criticism/movies/bucking-fastard-review-werner-herzog-mara-sisters-twins-1235214547/
1321339063	20260903	202609	2026	2026.6658	ELIMIL	RETIRED						ELI	MIL												1	090	090	09	2	-2.0	20	1	10	0.25125628140704	0								0								0								20260903174500	https://www.geo.tv/latest/680514-fact-check-punjabs-recruitment-of-retired-military-personnel-to-monitor-schools-is-not-a-new-policy
1321339064	20260903	202609	2026	2026.6658	ELIMIL	RETIRED						ELI	MIL		EDU	SCHOOL						EDU			1	090	090	09	2	-2.0	10	1	10	0.25125628140704	0								0								0								20260903174500	https://www.geo.tv/latest/680514-fact-check-punjabs-recruitment-of-retired-military-personnel-to-monitor-schools-is-not-a-new-policy
1321339065	20260903	202609	2026	2026.6658	ENV	CONSERVATIONIST						ENV			CVL	POPULATION						CVL			0	130	130	13	3	-4.4	10	1	10	-8.66141732283465	4	Balkan, Khaskovo, Bulgaria	BU	BU43	11907	41.7667	25.5667	-831934	4	Balkan, Khaskovo, Bulgaria	BU	BU43	11907	41.7667	25.5667	-831934	4	Balkan, Khaskovo, Bulgaria	BU	BU43	11907	41.7667	25.5667	-831934	20260903174500	https://www.novinite.com/articles/240451/Bulgaria:+Over+100+Vultures+Killed,+Still+No+Convictions
1321339066	20260903	202609	2026	2026.6658	ESP	SPAIN	ESP																		1	172	172	17	4	-5.0	4	1	4	-1.62074554294976	4	Benidorm, Valenciana, Spain	SP	SP60	25811	38.5392	-0.136386	-373226	0								4	Benidorm, Valenciana, Spain	SP	SP60	25811	38.5392	-0.136386	-373226	20260903174500	https://www.walesonline.co.uk/lifestyle/tv/death-paradise-creators-new-detective-34564072
1321339067	20260903	202609	2026	2026.6658	ESP	SPANISH	ESP								MARGOV	MOROCCO	MAR					GOV			0	010	010	01	1	0.0	2	1	2	-5.81583198707593	4	Melilla, Spain (general), Spain	SP	SP00	25821	35.2839	-2.94307	-391809	4	Melilla, Spain (general), Spain	SP	SP00	25821	35.2839	-2.94307	-391809	4	Melilla, Spain (general), Spain	SP	SP00	25821	35.2839	-2.94307	-391809	20260903174500	https://northafricapost.com/100009-on-moroccos-unbroken-claim-to-ceuta-and-melilla.html
1321339068	20260903	202609	2026	2026.6658	ESP	SPANISH	ESP								MARGOV	MOROCCO	MAR					GOV			0	010	010	01	1	0.0	8	1	8	-5.81583198707593	4	Melilla, Spain (general), Spain	SP	SP00	25821	35.2839	-2.94307	-391809	4	Sidi Mohammed Ben Abdallah, Region de Chaouia-Ouardigha, Morocco	MO	MO50	21829	32.7805	-7.379	-48016	4	Melilla, Spain (general), Spain	SP	SP00	25821	35.2839	-2.94307	-391809	20260903174500	https://northafricapost.com/100009-on-moroccos-unbroken-claim-to-ceuta-and-melilla.html
1321339069	20260903	202609	2026	2026.6658	ETH	ETHIOPIA	ETH																		1	010	010	01	1	0.0	5	1	5	-4.63286713286713	0								0								0								20260903174500	https://www.medicaldaily.com/giant-mesenteric-cyst-misdiagnosed-refractory-ascites-478178
1321339070	20260903	202609	2026	2026.6658	EUR	EUROPE	EUR								CMR	CAMEROON	CMR								0	042	042	04	1	1.9	10	1	10	2.11981566820277	4	Garoua, Nord, Cameroon	CM	CM13	12501	9.3	13.4	-3149623	4	Garoua, Nord, Cameroon	CM	CM13	12501	9.3	13.4	-3149623	4	Garoua, Nord, Cameroon	CM	CM13	12501	9.3	13.4	-3149623	20260903174500	https://allafrica.com/stories/202609030599.html
1321339071	20260903	202609	2026	2026.6658	FRA	LYON	FRA																		1	0874	087	08	2	10.0	5	1	5	-3.7037037037037	0								0								0								20260903174500	https://kval.com/news/local/eugene-woman-arrested-for-duii-after-drinking-wine-in-store-parking-lot-for-four-hours
1321339072	20260903	202609	2026	2026.6658	FRA	PARIS	FRA								FRACVL	FRANCE	FRA					CVL			0	046	046	04	1	7.0	1	1	1	1.3	4	Paris, France (general), France	FR	FR00	16282	48.8667	2.33333	-1456928	4	Paris, France (general), France	FR	FR00	16282	48.8667	2.33333	-1456928	4	Paris, France (general), France	FR	FR00	16282	48.8667	2.33333	-1456928	20260903174500	https://www.moneycontrol.com/artificial-intelligence/hugging-face-s-3-french-founders-become-billionaires-after-nvidia-s-13-billion-acquisition-article-14022237.html
1321339073	20260903	202609	2026	2026.6658	FRA	PARIS	FRA								FRACVL	FRANCE	FRA					CVL			0	046	046	04	1	7.0	1	1	1	1.3	4	Paris, France (general), France	FR	FR00	16282	48.8667	2.33333	-1456928	2	New York, United States	US	USNY		42.1497	-74.9384	NY	4	Paris, France (general), France	FR	FR00	16282	48.8667	2.33333	-1456928	20260903174500	https://www.moneycontrol.com/artificial-intelligence/hugging-face-s-3-french-founders-become-billionaires-after-nvidia-s-13-billion-acquisition-article-14022237.html
1321339074	20260903	202609	2026	2026.6658	FRA	FRANCE	FRA								FRAEDU	FRANCE	FRA					EDU			0	042	042	04	1	1.9	1	1	1	1.3	4	Paris, France (general), France	FR	FR00	16282	48.8667	2.33333	-1456928	4	Paris, France (general), France	FR	FR00	16282	48.8667	2.33333	-1456928	4	Paris, France (general), France	FR	FR00	16282	48.8667	2.33333	-1456928	20260903174500	https://www.moneycontrol.com/artificial-intelligence/hugging-face-s-3-french-founders-become-billionaires-after-nvidia-s-13-billion-acquisition-article-14022237.html
1321339075	20260903	202609	2026	2026.6658	FRA	FRENCH	FRA								MOS	MUSLIM				MOS					1	051	051	05	1	3.4	10	1	10	1.66666666666667	1	France	FR	FR		46	2	FR	1	France	FR	FR		46	2	FR	1	France	FR	FR		46	2	FR	20260903174500	https://en.shafaqna.com/474793/french-women-are-showing-support-for-muslim-women-after-le-pen-revives-hijab-ban/
1321339076	20260903	202609	2026	2026.6658	FRA	FRENCH	FRA								MOS	MUSLIM				MOS					1	172	172	17	4	-5.0	10	1	10	1.66666666666667	1	France	FR	FR		46	2	FR	1	France	FR	FR		46	2	FR	1	France	FR	FR		46	2	FR	20260903174500	https://en.shafaqna.com/474793/french-women-are-showing-support-for-muslim-women-after-le-pen-revives-hijab-ban/
1321339077	20260903	202609	2026	2026.6658	FRA	FRENCH	FRA								UAF	MILITANT						UAF			0	051	051	05	1	3.4	1	1	1	-5.79514824797844	4	Kyiv, Kyyiv, Misto, Ukraine	UP	UP12	28554	50.4333	30.5167	-1044367	1	France	FR	FR		46	2	FR	1	France	FR	FR		46	2	FR	20260903174500	https://dailypost.ng/2026/09/03/george-kimmitt-from-the-sahel-to-nigeria-how-far-will-kyiv-go-in-africa/
1321339078	20260903	202609	2026	2026.6658	FRA	FRENCH	FRA								UAF	MILITANT						UAF			0	051	051	05	1	3.4	1	1	1	-5.79514824797844	1	France	FR	FR		46	2	FR	4	Kyiv, Kyyiv, Misto, Ukraine	UP	UP12	28554	50.4333	30.5167	-1044367	4	Kyiv, Kyyiv, Misto, Ukraine	UP	UP12	28554	50.4333	30.5167	-1044367	20260903174500	https://dailypost.ng/2026/09/03/george-kimmitt-from-the-sahel-to-nigeria-how-far-will-kyiv-go-in-africa/
1321339079	20260903	202609	2026	2026.6658	FRACVL	FRANCE	FRA					CVL			FRA	PARIS	FRA								0	046	046	04	1	7.0	1	1	1	1.3	4	Paris, France (general), France	FR	FR00	16282	48.8667	2.33333	-1456928	4	Paris, France (general), France	FR	FR00	16282	48.8667	2.33333	-1456928	4	Paris, France (general), France	FR	FR00	16282	48.8667	2.33333	-1456928	20260903174500	https://www.moneycontrol.com/artificial-intelligence/hugging-face-s-3-french-founders-become-billionaires-after-nvidia-s-13-billion-acquisition-article-14022237.html
1321339080	20260903	202609	2026	2026.6658	FRACVL	FRANCE	FRA					CVL			FRA	PARIS	FRA								0	046	046	04	1	7.0	1	1	1	1.3	3	Brooklyn, Florida, United States	US	USFL	FL031	30.3236	-81.6745	279437	3	Brooklyn, Florida, United States	US	USFL	FL031	30.3236	-81.6745	279437	3	Brooklyn, Florida, United States	US	USFL	FL031	30.3236	-81.6745	279437	20260903174500	https://www.moneycontrol.com/artificial-intelligence/hugging-face-s-3-french-founders-become-billionaires-after-nvidia-s-13-billion-acquisition-article-14022237.html
1321339081	20260903	202609	2026	2026.6658	FRAEDU	FRANCE	FRA					EDU			FRA	FRANCE	FRA								0	043	043	04	1	2.8	1	1	1	1.3	4	Paris, France (general), France	FR	FR00	16282	48.8667	2.33333	-1456928	4	Paris, France (general), France	FR	FR00	16282	48.8667	2.33333	-1456928	4	Paris, France (general), France	FR	FR00	16282	48.8667	2.33333	-1456928	20260903174500	https://www.moneycontrol.com/artificial-intelligence/hugging-face-s-3-french-founders-become-billionaires-after-nvidia-s-13-billion-acquisition-article-14022237.html
1321339082	20260903	202609	2026	2026.6658	GBR	UNITED KINGDOM	GBR																		0	010	010	01	1	0.0	2	1	2	-0.1628664495114	4	Torquay, Torbay, United Kingdom	UK	UKO4	40104	50.45	-3.5	-2610007	0								4	Torquay, Torbay, United Kingdom	UK	UKO4	40104	50.45	-3.5	-2610007	20260903174500	https://www.lifenews.com/2026/09/03/special-event-will-remember-assassinated-pro-life-mp-ann-widdecombe/
1321339083	20260903	202609	2026	2026.6658	GBR	UNITED KINGDOM	GBR																		1	020	020	02	1	3.0	5	1	5	4.78260869565217	4	East Grinstead, West Sussex, United Kingdom	UK	UKP6	40137	51.1167	-0.016667	-2595176	0								4	East Grinstead, West Sussex, United Kingdom	UK	UKP6	40137	51.1167	-0.016667	-2595176	20260903174500	https://www.propertyweek.com/news/aprirose-scores-134-5m-social-housing-refinancing-package
1321339084	20260903	202609	2026	2026.6658	GBR	LIVERPOOL	GBR																		1	030	030	03	1	4.0	10	1	10	1.77664974619289	1	Germany	GM	GM		51.5	10.5	GM	0								1	Germany	GM	GM		51.5	10.5	GM	20260903174500	https://thehardtackle.com/transfer-news/2026/09/03/rio-ngumoha-reaches-contract-agreement-with-liverpool-after-bayern-munich-links/
1321339085	20260903	202609	2026	2026.6658	GBR	UNITED KINGDOM	GBR																		1	051	051	05	1	3.4	5	1	5	4.78260869565217	4	East Grinstead, West Sussex, United Kingdom	UK	UKP6	40137	51.1167	-0.016667	-2595176	0								4	East Grinstead, West Sussex, United Kingdom	UK	UKP6	40137	51.1167	-0.016667	-2595176	20260903174500	https://www.propertyweek.com/news/aprirose-scores-134-5m-social-housing-refinancing-package
1321339086	20260903	202609	2026	2026.6658	GBR	SCOTLAND	GBR																		1	090	090	09	2	-2.0	4	1	4	-1.7274472168906	4	Dublin, Dublin, Ireland	EI	EI07	18288	53.3331	-6.24889	-1502554	0								4	Dublin, Dublin, Ireland	EI	EI07	18288	53.3331	-6.24889	-1502554	20260903174500	https://www.indiewire.com/criticism/movies/bucking-fastard-review-werner-herzog-mara-sisters-twins-1235214547/
1321339087	20260903	202609	2026	2026.6658	GBR	SCOTLAND	GBR																		1	090	090	09	2	-2.0	3	1	3	-1.7274472168906	1	Greece	GR	GR		39	22	GR	0								1	Greece	GR	GR		39	22	GR	20260903174500	https://www.indiewire.com/criticism/movies/bucking-fastard-review-werner-herzog-mara-sisters-twins-1235214547/
1321339088	20260903	202609	2026	2026.6658	GBR	BRITISH	GBR																		1	172	172	17	4	-5.0	1	1	1	-1.62074554294976	4	Benidorm, Valenciana, Spain	SP	SP60	25811	38.5392	-0.136386	-373226	0								1	United Kingdom	UK	UK		54	-4	UK	20260903174500	https://www.walesonline.co.uk/lifestyle/tv/death-paradise-creators-new-detective-34564072
1321339089	20260903	202609	2026	2026.6658	GBR	GLASGOW	GBR																		1	173	173	17	4	-5.0	2	1	2	2.77777777777777	4	Robben Island, Western Cape, South Africa	SF	SF11	77317	-33.8064	18.3688	-1277178	0								4	Robben Island, Western Cape, South Africa	SF	SF11	77317	-33.8064	18.3688	-1277178	20260903174500	https://www.glasgowtimes.co.uk/news/scottish-news/26520701.date-confirmed-unveiling-glasgows-nelson-mandela-statue/
1321339090	20260903	202609	2026	2026.6658	GBR	UNITED KINGDOM	GBR																		0	173	173	17	4	-5.0	2	1	2	-0.1628664495114	4	Torquay, Torbay, United Kingdom	UK	UKO4	40104	50.45	-3.5	-2610007	0								4	Torquay, Torbay, United Kingdom	UK	UKO4	40104	50.45	-3.5	-2610007	20260903174500	https://www.lifenews.com/2026/09/03/special-event-will-remember-assassinated-pro-life-mp-ann-widdecombe/
1321339091	20260903	202609	2026	2026.6658	GBR	GLASGOW	GBR								AFR	AFRICA	AFR								1	173	173	17	4	-5.0	10	1	6	2.77777777777777	4	Robben Island, Western Cape, South Africa	SF	SF11	77317	-33.8064	18.3688	-1277178	4	Robben Island, Western Cape, South Africa	SF	SF11	77317	-33.8064	18.3688	-1277178	4	Robben Island, Western Cape, South Africa	SF	SF11	77317	-33.8064	18.3688	-1277178	20260903174500	https://www.glasgowtimes.co.uk/news/scottish-news/26520701.date-confirmed-unveiling-glasgows-nelson-mandela-statue/
1321339092	20260903	202609	2026	2026.6658	GBR	GLASGOW	GBR								AFR	AFRICA	AFR								1	173	173	17	4	-5.0	2	1	2	2.77777777777777	5	Glasgow City, Glasgow City, United Kingdom	UK	UKV2	40176	55.8667	-4.25	6077673	4	Robben Island, Western Cape, South Africa	SF	SF11	77317	-33.8064	18.3688	-1277178	4	Robben Island, Western Cape, South Africa	SF	SF11	77317	-33.8064	18.3688	-1277178	20260903174500	https://www.glasgowtimes.co.uk/news/scottish-news/26520701.date-confirmed-unveiling-glasgows-nelson-mandela-statue/
1321339093	20260903	202609	2026	2026.6658	GBR	UNITED KINGDOM	GBR								AFR	AFRICA	AFR								1	173	173	17	4	-5.0	6	1	4	2.77777777777777	5	Glasgow City, Glasgow City, United Kingdom	UK	UKV2	40176	55.8667	-4.25	6077673	5	Glasgow City, Glasgow City, United Kingdom	UK	UKV2	40176	55.8667	-4.25	6077673	5	Glasgow City, Glasgow City, United Kingdom	UK	UKV2	40176	55.8667	-4.25	6077673	20260903174500	https://www.glasgowtimes.co.uk/news/scottish-news/26520701.date-confirmed-unveiling-glasgows-nelson-mandela-statue/
1321339094	20260903	202609	2026	2026.6658	GBR	BRITAIN	GBR								CAN	CANADA	CAN								0	174	174	17	4	-5.0	1	1	1	-8.40336134453782	3	New Britain, Connecticut, United States	US	USCT	CT003	41.6612	-72.7795	209217	1	Canada	CA	CA		60	-96	CA	2	Connecticut, United States	US	USCT		41.5834	-72.7622	CT	20260903174500	https://www.courant.com/2026/09/03/man-who-fled-to-canada-extradited-back-to-ct-to-face-child-sexual-abuse-charges/
1321339095	20260903	202609	2026	2026.6658	GBR	BRITAIN	GBR								CAN	CANADA	CAN								0	174	174	17	4	-5.0	1	1	1	-8.40336134453782	1	Canada	CA	CA		60	-96	CA	1	Canada	CA	CA		60	-96	CA	1	Canada	CA	CA		60	-96	CA	20260903174500	https://www.courant.com/2026/09/03/man-who-fled-to-canada-extradited-back-to-ct-to-face-child-sexual-abuse-charges/
1321339096	20260903	202609	2026	2026.6658	GBR	BRITAIN	GBR								CVL	HUNTER						CVL			0	174	174	17	4	-5.0	2	1	2	-8.40336134453782	3	New Britain, Connecticut, United States	US	USCT	CT003	41.6612	-72.7795	209217	2	Connecticut, United States	US	USCT		41.5834	-72.7622	CT	2	Connecticut, United States	US	USCT		41.5834	-72.7622	CT	20260903174500	https://www.courant.com/2026/09/03/man-who-fled-to-canada-extradited-back-to-ct-to-face-child-sexual-abuse-charges/
1321339097	20260903	202609	2026	2026.6658	GBR	LIVERPOOL	GBR								DEU	MUNICH	DEU								1	030	030	03	1	4.0	10	1	10	1.77664974619289	1	Germany	GM	GM		51.5	10.5	GM	1	Germany	GM	GM		51.5	10.5	GM	1	Germany	GM	GM		51.5	10.5	GM	20260903174500	https://thehardtackle.com/transfer-news/2026/09/03/rio-ngumoha-reaches-contract-agreement-with-liverpool-after-bayern-munich-links/
1321339098	20260903	202609	2026	2026.6658	GBR	LIVERPOOL	GBR								DEU	MUNICH	DEU								1	190	190	19	4	-10.0	10	1	10	1.77664974619289	1	Germany	GM	GM		51.5	10.5	GM	1	Germany	GM	GM		51.5	10.5	GM	1	Germany	GM	GM		51.5	10.5	GM	20260903174500	https://thehardtackle.com/transfer-news/2026/09/03/rio-ngumoha-reaches-contract-agreement-with-liverpool-after-bayern-munich-links/
1321339099	20260903	202609	2026	2026.6658	GBR	GLASGOW	GBR								GBRCOP	SCOTLAND	GBR					COP			1	040	040	04	1	1.0	6	1	6	-10.2362204724409	4	Glasgow, Glasgow City, United Kingdom	UK	UKV2	40176	55.8333	-4.25	-2597039	4	Glasgow, Glasgow City, United Kingdom	UK	UKV2	40176	55.8333	-4.25	-2597039	4	Glasgow, Glasgow City, United Kingdom	UK	UKV2	40176	55.8333	-4.25	-2597039	20260903174500	https://www.glasgowtimes.co.uk/news/scottish-news/26520377.woman-charged-cyclist-taken-hospital-saracen-street-crash/
1321339100	20260903	202609	2026	2026.6658	GBR	UNITED KINGDOM	GBR								GBRGOV	UNITED KINGDOM	GBR					GOV			1	070	070	07	2	7.0	10	1	10	-2.38805970149254	1	United Kingdom	UK	UK		54	-4	UK	1	United Kingdom	UK	UK		54	-4	UK	1	United Kingdom	UK	UK		54	-4	UK	20260903174500	https://cointelegraph.com/news/bitmex-cofounder-ben-delo-reform-uk-donations
1321339101	20260903	202609	2026	2026.6658	GBR	UNITED KINGDOM	GBR								GBROPP	UNITED KINGDOM	GBR					OPP			0	173	173	17	4	-5.0	1	1	1	-0.1628664495114	4	Torquay, Torbay, United Kingdom	UK	UKO4	40104	50.45	-3.5	-2610007	4	Torquay, Torbay, United Kingdom	UK	UKO4	40104	50.45	-3.5	-2610007	4	Torquay, Torbay, United Kingdom	UK	UKO4	40104	50.45	-3.5	-2610007	20260903174500	https://www.lifenews.com/2026/09/03/special-event-will-remember-assassinated-pro-life-mp-ann-widdecombe/
1321339102	20260903	202609	2026	2026.6658	GBR	UNITED KINGDOM	GBR								GBROPP	UNITED KINGDOM	GBR					OPP			0	190	190	19	4	-10.0	1	1	1	-0.1628664495114	4	Rotherham, Rotherham, United Kingdom	UK	UKL3	40130	53.4333	-1.35	-2606551	4	Rotherham, Rotherham, United Kingdom	UK	UKL3	40130	53.4333	-1.35	-2606551	4	Rotherham, Rotherham, United Kingdom	UK	UKL3	40130	53.4333	-1.35	-2606551	20260903174500	https://www.lifenews.com/2026/09/03/special-event-will-remember-assassinated-pro-life-mp-ann-widdecombe/
1321339103	20260903	202609	2026	2026.6658	GBR	UNITED KINGDOM	GBR								GOV	KING						GOV			1	010	010	01	1	0.0	1	1	1	2.12765957446808	4	Cambridge, Cambridgeshire, United Kingdom	UK	UKC3	40098	52.2	0.116667	-2591658	4	Cambridge, Cambridgeshire, United Kingdom	UK	UKC3	40098	52.2	0.116667	-2591658	4	Cambridge, Cambridgeshire, United Kingdom	UK	UKC3	40098	52.2	0.116667	-2591658	20260903174500	https://literaryreview.co.uk/no-thinking-gentlemen-please
1321339104	20260903	202609	2026	2026.6658	GBR	UNITED KINGDOM	GBR								GOV	KING						GOV			1	010	010	01	1	0.0	1	1	1	2.12765957446808	4	Cambridge, Cambridgeshire, United Kingdom	UK	UKC3	40098	52.2	0.116667	-2591658	4	Cambridge, Cambridgeshire, United Kingdom	UK	UKC3	40098	52.2	0.116667	-2591658	4	Eton, Wandsworth, United Kingdom	UK	UKP1	40097	51.5	-0.6	-2595740	20260903174500	https://literaryreview.co.uk/no-thinking-gentlemen-please
1321339105	20260903	202609	2026	2026.6658	GBR	UNITED KINGDOM	GBR								GOV	KING						GOV			1	010	010	01	1	0.0	2	1	2	2.12765957446808	4	Eton, Wandsworth, United Kingdom	UK	UKP1	40097	51.5	-0.6	-2595740	4	Eton, Wandsworth, United Kingdom	UK	UKP1	40097	51.5	-0.6	-2595740	4	Eton, Wandsworth, United Kingdom	UK	UKP1	40097	51.5	-0.6	-2595740	20260903174500	https://literaryreview.co.uk/no-thinking-gentlemen-please
1321339106	20260903	202609	2026	2026.6658	GBR	UNITED KINGDOM	GBR								GOV	PRESIDENT						GOV			1	042	042	04	1	1.9	2	1	2	4.50704225352113	4	Brixton, Lambeth, United Kingdom	UK	UKH1	40133	51.4667	-0.1	-2590937	4	Brixton, Lambeth, United Kingdom	UK	UKH1	40133	51.4667	-0.1	-2590937	4	Brixton, Lambeth, United Kingdom	UK	UKH1	40133	51.4667	-0.1	-2590937	20260903174500	https://www.geo.tv/latest/680524-queen-camilla-meets-royal-pony-now-helping-brixtons-children-learn-to-ride
1321339107	20260903	202609	2026	2026.6658	GBR	UNITED KINGDOM	GBR								GOVEDU	KING						GOV	EDU		1	042	042	04	1	1.9	4	1	4	2.12765957446808	4	Eton, Wandsworth, United Kingdom	UK	UKP1	40097	51.5	-0.6	-2595740	4	Cambridge, Cambridgeshire, United Kingdom	UK	UKC3	40098	52.2	0.116667	-2591658	4	Eton, Wandsworth, United Kingdom	UK	UKP1	40097	51.5	-0.6	-2595740	20260903174500	https://literaryreview.co.uk/no-thinking-gentlemen-please
1321339108	20260903	202609	2026	2026.6658	GBR	UNITED KINGDOM	GBR								GOVEDU	KING						GOV	EDU		1	042	042	04	1	1.9	2	1	2	2.12765957446808	4	Eton, Wandsworth, United Kingdom	UK	UKP1	40097	51.5	-0.6	-2595740	4	Eton, Wandsworth, United Kingdom	UK	UKP1	40097	51.5	-0.6	-2595740	4	Eton, Wandsworth, United Kingdom	UK	UKP1	40097	51.5	-0.6	-2595740	20260903174500	https://literaryreview.co.uk/no-thinking-gentlemen-please
1321339109	20260903	202609	2026	2026.6658	GBR	BRITAIN	GBR								JUD	ATTORNEY						JUD			0	070	070	07	2	7.0	2	1	2	-8.40336134453782	3	New Britain, Connecticut, United States	US	USCT	CT003	41.6612	-72.7795	209217	3	New Britain, Connecticut, United States	US	USCT		41.6612	-72.7795	209217	2	Connecticut, United States	US	USCT		41.5834	-72.7622	CT	20260903174500	https://www.courant.com/2026/09/03/man-who-fled-to-canada-extradited-back-to-ct-to-face-child-sexual-abuse-charges/
1321339110	20260903	202609	2026	2026.6658	GBR	UNITED KINGDOM	GBR								LEG	PARLIAMENT						LEG			0	010	010	01	1	0.0	10	1	10	-0.1628664495114	4	South Yorkshire, United Kingdom (general), United Kingdom	UK	UK00	40130	53.45	-1.25	-2608379	4	South Yorkshire, United Kingdom (general), United Kingdom	UK	UK00	40130	53.45	-1.25	-2608379	4	South Yorkshire, United Kingdom (general), United Kingdom	UK	UK00	40130	53.45	-1.25	-2608379	20260903174500	https://www.lifenews.com/2026/09/03/special-event-will-remember-assassinated-pro-life-mp-ann-widdecombe/
1321339111	20260903	202609	2026	2026.6658	GBR	LONDON	GBR								NGA	ABUJA	NGA								0	010	010	01	1	0.0	10	1	10	-1.58562367864693	4	Abuja, Abuja Federal Capital Territory, Nigeria	NI	NI11	191147	9.08333	7.53333	-1997013	4	Abuja, Abuja Federal Capital Territory, Nigeria	NI	NI11	191147	9.08333	7.53333	-1997013	4	Abuja, Abuja Federal Capital Territory, Nigeria	NI	NI11	191147	9.08333	7.53333	-1997013	20260903174500	https://techcabal.com/2026/09/03/uber-is-gone-its-users-must-find-another-way-around-nigeria/
1321339112	20260903	202609	2026	2026.6658	GBR	LONDON	GBR								NGA	ABUJA	NGA								0	042	042	04	1	1.9	8	1	8	-1.58562367864693	4	Abuja, Abuja Federal Capital Territory, Nigeria	NI	NI11	191147	9.08333	7.53333	-1997013	4	Abuja, Abuja Federal Capital Territory, Nigeria	NI	NI11	191147	9.08333	7.53333	-1997013	4	Abuja, Abuja Federal Capital Territory, Nigeria	NI	NI11	191147	9.08333	7.53333	-1997013	20260903174500	https://techcabal.com/2026/09/03/uber-is-gone-its-users-must-find-another-way-around-nigeria/
1321339113	20260903	202609	2026	2026.6658	GBR	UNITED KINGDOM	GBR								USA	THE US	USA								0	015	015	01	1	0.0	4	1	4	-2.38805970149254	1	United Kingdom	UK	UK		54	-4	UK	1	United Kingdom	UK	UK		54	-4	UK	1	United Kingdom	UK	UK		54	-4	UK	20260903174500	https://cointelegraph.com/news/bitmex-cofounder-ben-delo-reform-uk-donations
1321339114	20260903	202609	2026	2026.6658	GBR	UNITED KINGDOM	GBR								USA	UNITED STATES	USA								1	030	030	03	1	4.0	2	1	2	-2.23880597014926	1	United Kingdom	UK	UK		54	-4	UK	1	United Kingdom	UK	UK		54	-4	UK	1	United Kingdom	UK	UK		54	-4	UK	20260903174500	https://www.geo.tv/latest/680522-meghan-reopens-old-wounds-with-california-ceo-style-amid-uk-staff-hunt
1321339115	20260903	202609	2026	2026.6658	GBR	BRITAIN	GBR								USA	UNITED STATES	USA								0	070	070	07	2	7.0	1	1	1	-8.40336134453782	3	New Britain, Connecticut, United States	US	USCT	CT003	41.6612	-72.7795	209217	3	New Britain, Connecticut, United States	US	USCT		41.6612	-72.7795	209217	3	New Britain, Connecticut, United States	US	USCT		41.6612	-72.7795	209217	20260903174500	https://www.courant.com/2026/09/03/man-who-fled-to-canada-extradited-back-to-ct-to-face-child-sexual-abuse-charges/
1321339116	20260903	202609	2026	2026.6658	GBR	BRITAIN	GBR								USA	UNITED STATES	USA								0	070	070	07	2	7.0	1	1	1	-8.40336134453782	1	Canada	CA	CA		60	-96	CA	1	Canada	CA	CA		60	-96	CA	1	Canada	CA	CA		60	-96	CA	20260903174500	https://www.courant.com/2026/09/03/man-who-fled-to-canada-extradited-back-to-ct-to-face-child-sexual-abuse-charges/
1321339117	20260903	202609	2026	2026.6658	GBRCOP	SCOTLAND	GBR					COP			GBR	GLASGOW	GBR								1	020	020	02	1	3.0	6	1	6	-10.2362204724409	4	Glasgow, Glasgow City, United Kingdom	UK	UKV2	40176	55.8333	-4.25	-2597039	4	Glasgow, Glasgow City, United Kingdom	UK	UKV2	40176	55.8333	-4.25	-2597039	4	Glasgow, Glasgow City, United Kingdom	UK	UKV2	40176	55.8333	-4.25	-2597039	20260903174500	https://www.glasgowtimes.co.uk/news/scottish-news/26520377.woman-charged-cyclist-taken-hospital-saracen-street-crash/
1321339118	20260903	202609	2026	2026.6658	GBRCOP	SCOTLAND	GBR					COP			GBR	GLASGOW	GBR								1	040	040	04	1	1.0	6	1	6	-10.2362204724409	4	Glasgow, Glasgow City, United Kingdom	UK	UKV2	40176	55.8333	-4.25	-2597039	4	Glasgow, Glasgow City, United Kingdom	UK	UKV2	40176	55.8333	-4.25	-2597039	4	Glasgow, Glasgow City, United Kingdom	UK	UKV2	40176	55.8333	-4.25	-2597039	20260903174500	https://www.glasgowtimes.co.uk/news/scottish-news/26520377.woman-charged-cyclist-taken-hospital-saracen-street-crash/
1321339119	20260903	202609	2026	2026.6658	GBROPP	UNITED KINGDOM	GBR					OPP													0	190	190	19	4	-10.0	1	1	1	-0.1628664495114	4	Rotherham, Rotherham, United Kingdom	UK	UKL3	40130	53.4333	-1.35	-2606551	0								4	Rotherham, Rotherham, United Kingdom	UK	UKL3	40130	53.4333	-1.35	-2606551	20260903174500	https://www.lifenews.com/2026/09/03/special-event-will-remember-assassinated-pro-life-mp-ann-widdecombe/
1321339120	20260903	202609	2026	2026.6658	GBROPP	UNITED KINGDOM	GBR					OPP			GBR	UNITED KINGDOM	GBR								0	173	173	17	4	-5.0	1	1	1	-0.1628664495114	4	Torquay, Torbay, United Kingdom	UK	UKO4	40104	50.45	-3.5	-2610007	4	Torquay, Torbay, United Kingdom	UK	UKO4	40104	50.45	-3.5	-2610007	4	Torquay, Torbay, United Kingdom	UK	UKO4	40104	50.45	-3.5	-2610007	20260903174500	https://www.lifenews.com/2026/09/03/special-event-will-remember-assassinated-pro-life-mp-ann-widdecombe/
1321339121	20260903	202609	2026	2026.6658	GHABUS	GHANA	GHA					BUS													1	017	017	01	1	0.0	15	1	15	1.84185167702153	4	Accra, Greater Accra, Ghana	GH	GH01	190655	5.55	-0.216667	-2067935	0								4	Accra, Greater Accra, Ghana	GH	GH01	190655	5.55	-0.216667	-2067935	20260903174500	https://thebftonline.com/article/bostenergies-profit-surge-sets-stage-for-investment-led-growth
1321339122	20260903	202609	2026	2026.6658	GHABUS	GHANA	GHA					BUS			GOV	KING						GOV			1	017	017	01	1	0.0	15	1	15	1.84185167702153	4	Accra, Greater Accra, Ghana	GH	GH01	190655	5.55	-0.216667	-2067935	4	Accra, Greater Accra, Ghana	GH	GH01	190655	5.55	-0.216667	-2067935	4	Accra, Greater Accra, Ghana	GH	GH01	190655	5.55	-0.216667	-2067935	20260903174500	https://thebftonline.com/article/bostenergies-profit-surge-sets-stage-for-investment-led-growth
1321339123	20260903	202609	2026	2026.6658	GHABUS	GHANA	GHA					BUS			GOV	KING						GOV			1	020	020	02	1	3.0	15	1	15	1.84185167702153	4	Accra, Greater Accra, Ghana	GH	GH01	190655	5.55	-0.216667	-2067935	4	Accra, Greater Accra, Ghana	GH	GH01	190655	5.55	-0.216667	-2067935	4	Accra, Greater Accra, Ghana	GH	GH01	190655	5.55	-0.216667	-2067935	20260903174500	https://thebftonline.com/article/bostenergies-profit-surge-sets-stage-for-investment-led-growth
1321339124	20260903	202609	2026	2026.6658	GHAGOV	JOHN DRAMANI MAHAMA	GHA					GOV			GHA	GHANA	GHA								0	020	020	02	1	3.0	10	1	10	-0.70588235294117	1	Ghana	GH	GH		8	-2	GH	1	Ghana	GH	GH		8	-2	GH	1	Ghana	GH	GH		8	-2	GH	20260903174500	https://thebftonline.com/article/ghana-association-of-banks-culminates-shineyoureye-anti-fraud
1321339125	20260903	202609	2026	2026.6658	GOV	KING						GOV													1	010	010	01	1	0.0	1	1	1	2.12765957446808	4	Eton, Wandsworth, United Kingdom	UK	UKP1	40097	51.5	-0.6	-2595740	0								4	Eton, Wandsworth, United Kingdom	UK	UKP1	40097	51.5	-0.6	-2595740	20260903174500	https://literaryreview.co.uk/no-thinking-gentlemen-please
1321339126	20260903	202609	2026	2026.6658	GOV	CIVIL SERVICE						GOV													0	010	010	01	1	0.0	10	1	10	-1.14942528735633	4	Nahal Oz, HaDarom, Israel	IS	IS01	18315	31.4732	34.4978	-780808	0								4	Nahal Oz, HaDarom, Israel	IS	IS01	18315	31.4732	34.4978	-780808	20260903174500	https://www.israelnationalnews.com/news/432669
1321339127	20260903	202609	2026	2026.6658	GOV	GOVERNMENT						GOV													1	010	010	01	1	0.0	5	1	5	0.38910505836576	1	Cameroon	CM	CM		6	12	CM	0								1	Cameroon	CM	CM		6	12	CM	20260903174500	https://www.businessincameroon.com/finance/0309-16666-commercial-bank-cameroon-s-cfa524-5bn-loan-book-is-heavily-weighted-toward-short-term-credit
1321339128	20260903	202609	2026	2026.6658	GOV	GOVERNMENT						GOV													0	020	020	02	1	3.0	10	1	10	-2.69299820466786	4	Anambra, Nigeria (general), Nigeria	NI	NI00	22911	7.26667	7.4	-1999832	0								4	Anambra, Nigeria (general), Nigeria	NI	NI00	22911	7.26667	7.4	-1999832	20260903174500	https://blueprint.ng/anambra-government-agents-choking-marketers-with-illegal-levies-taxes/
1321339129	20260903	202609	2026	2026.6658	GOV	FIREFIGHTER						GOV													1	0231	023	02	1	3.4	10	1	10	1.01010101010101	0								0								0								20260903174500	https://cbs12.com/news/local/palm-beach-county-firefighters-kick-off-annual-fill-the-boot-drive-for-muscular-dystrophy-florida-news
1321339130	20260903	202609	2026	2026.6658	GOV	GOVERNMENT						GOV													0	0231	023	02	1	3.4	5	1	5	2.58620689655173	2	Tennessee, United States	US	USTN		35.7449	-86.7489	TN	0								2	Tennessee, United States	US	USTN		35.7449	-86.7489	TN	20260903174500	https://www.piworld.com/post/dolly-parton-print-and-mail-superstar/
1321339131	20260903	202609	2026	2026.6658	GOV	GOVERNMENT						GOV													0	030	030	03	1	4.0	6	1	6	-2.68456375838926	4	Hetauda, Nepal (general), Nepal	NP	NP00	22353	27.4284	85.0322	-1022031	0								4	Hetauda, Nepal (general), Nepal	NP	NP00	22353	27.4284	85.0322	-1022031	20260903174500	https://peoplesreview.com.np/2026/09/03/babbles-everyone-becoming-an-expert/
1321339132	20260903	202609	2026	2026.6658	GOV	GOVERNANCE						GOV													1	0311	031	03	1	5.2	5	1	5	12.1359223300971	1	Morocco	MO	MO		32	-5	MO	0								1	Morocco	MO	MO		32	-5	MO	20260903174500	https://northafricapost.com/100003-morocco-escwa-agree-to-strengthen-digital-cooperation.html
1321339133	20260903	202609	2026	2026.6658	GOV	PRESIDENT						GOV													0	033	033	03	1	5.2	6	1	6	0.43290043290043	3	Washington, District of Columbia, United States	US	USDC	DC001	38.8951	-77.0364	531871	0								3	Washington, District of Columbia, United States	US	USDC	DC001	38.8951	-77.0364	531871	20260903174500	https://www.thelocal.no/20260903/norwegian-ngo-to-cut-1700-jobs-after-refusing-us-aid-conditions
1321339134	20260903	202609	2026	2026.6658	GOV	FIRE DEPARTMENT						GOV													1	042	042	04	1	1.9	10	1	10	-0.75187969924812	1	Greece	GR	GR		39	22	GR	0								1	Greece	GR	GR		39	22	GR	20260903174500	https://www.ecr.co.za/news/news/fire-rips-through-popular-windermere-restaurant/
1321339135	20260903	202609	2026	2026.6658	GOV	PRIME MINISTER						GOV													1	043	043	04	1	2.8	6	1	6	-0.238095238095238	1	Gaza Strip	GZ	GZ		31.425074	34.373398	GZ	0								1	Gaza Strip	GZ	GZ		31.425074	34.373398	GZ	20260903174500	https://www.israelnationalnews.com/news/432671
1321339136	20260903	202609	2026	2026.6658	GOV	FIRE DEPARTMENT						GOV													1	043	043	04	1	2.8	10	1	10	0	2	South Dakota, United States	US	USSD		44.2853	-99.4632	SD	0								2	South Dakota, United States	US	USSD		44.2853	-99.4632	SD	20260903174500	https://kikn.com/ixp/481/p/south-dakota-state-fair-1977-fire/
1321339137	20260903	202609	2026	2026.6658	GOV	GOVERNOR						GOV													1	051	051	05	1	3.4	3	1	3	2.24	2	Michigan, United States	US	USMI		43.3504	-84.5603	MI	0								2	Michigan, United States	US	USMI		43.3504	-84.5603	MI	20260903174500	https://www.lifenews.com/2026/09/03/michigan-voters-should-support-john-james-for-governor/
1321339138	20260903	202609	2026	2026.6658	GOV	KING						GOV													0	060	060	06	2	6.0	10	1	10	3.85164051355207	1	Israel	IS	IS		31.5	34.75	IS	0								1	Israel	IS	IS		31.5	34.75	IS	20260903174500	http://www.washingtonjewishweek.com/we-need-each-other-now-and-always/
1321339139	20260903	202609	2026	2026.6658	GOV	AUTHORITIES						GOV													0	084	084	08	2	7.0	4	1	4	-8.43881856540084	1	Northern Mariana Islands	CQ	CQ		19.4355	144.888	CQ	0								1	Northern Mariana Islands	CQ	CQ		19.4355	144.888	CQ	20260903174500	https://www.medicaldaily.com/lianyong-wei-death-ice-custody-saipan-intake-medical-screening-478172
1321339140	20260903	202609	2026	2026.6658	GOV	AUTHORITIES						GOV													1	090	090	09	2	-2.0	10	1	10	0.77220077220077	4	Dindigul, Tamil Nadu, India	IN	IN25	17877	10.35	77.95	-2094985	0								4	Dindigul, Tamil Nadu, India	IN	IN25	17877	10.35	77.95	-2094985	20260903174500	https://www.thehindu.com/news/cities/Madurai/onion-sale-begins-at-fair-price-shops/article71425355.ece
1321339141	20260903	202609	2026	2026.6658	GOV	ADMINISTRATION						GOV													1	110	110	11	3	-2.0	2	1	2	-2.43902439024391	2	North Carolina, United States	US	USNC		35.6411	-79.8431	NC	0								2	North Carolina, United States	US	USNC		35.6411	-79.8431	NC	20260903174500	https://www.moneycontrol.com/world/pentagon-says-its-anthropic-ban-is-on-despite-lutnick-remarks-article-14022259.html
1321339142	20260903	202609	2026	2026.6658	GOV	PRINCE						GOV													0	120	120	12	3	-4.0	8	1	8	0.48289738430584	3	American Film Institute, California, United States	US	USCA	CA037	34.1072	-118.31	2026822	0								3	American Film Institute, California, United States	US	USCA		34.1072	-118.31	2026822	20260903174500	https://listverse.com/2012/08/25/10-triumphs-of-orson-welles/
1321339143	20260903	202609	2026	2026.6658	GOV	ADMINISTRATION						GOV													1	120	120	12	3	-4.0	10	1	10	-0.10351966873706	2	Illinois, United States	US	USIL		40.3363	-89.0022	IL	0								2	Illinois, United States	US	USIL		40.3363	-89.0022	IL	20260903174500	http://www.clevelandstar.com/news/279284210/stephens-fiddes-mcgill-associates-pc-guides-illinois-residents-through-social-security-disability-claim-denials
1321339144	20260903	202609	2026	2026.6658	GOV	SOVEREIGN						GOV													0	138	138	13	3	-7.0	5	1	5	-2.19435736677116	4	Beijing, Beijing, China	CH	CH22	13001	39.9289	116.388	-1898541	0								4	Beijing, Beijing, China	CH	CH22	13001	39.9289	116.388	-1898541	20260903174500	https://www.yahoo.com/news/politics/articles/anti-fast-fashion-law-foreign-170939939.html
1321339145	20260903	202609	2026	2026.6658	GOV	PRESIDENT						GOV													0	162	162	16	4	-5.6	6	1	6	0.43290043290043	3	Washington, District of Columbia, United States	US	USDC	DC001	38.8951	-77.0364	531871	0								3	Washington, District of Columbia, United States	US	USDC	DC001	38.8951	-77.0364	531871	20260903174500	https://www.thelocal.no/20260903/norwegian-ngo-to-cut-1700-jobs-after-refusing-us-aid-conditions
1321339146	20260903	202609	2026	2026.6658	GOV	PRESIDENT						GOV			AZE	AZERBAIJAN	AZE								1	043	043	04	1	2.8	2	1	2	3.51437699680511	1	Azerbaijan	AJ	AJ		40.5	47.5	AJ	1	Azerbaijan	AJ	AJ		40.5	47.5	AJ	1	Azerbaijan	AJ	AJ		40.5	47.5	AJ	20260903174500	https://www.trend.az/azerbaijan/politics/4220469.html
1321339147	20260903	202609	2026	2026.6658	GOV	GOVERNMENT						GOV			CAN	CANADA	CAN								0	190	190	19	4	-10.0	3	1	3	-1.25368731563422	4	Quebec, Quebec, Canada	CA	CA10	12750	47.5	-72	-571850	4	Quebec, Quebec, Canada	CA	CA10	12750	47.5	-72	-571850	4	Quebec, Quebec, Canada	CA	CA10	12750	47.5	-72	-571850	20260903174500	https://edmontonsun.com/opinion/columnists/trudeaus-failed-climate-policies-left-us-captives/wcm/09437800-a7f1-4e26-9982-2ebb8a3d25ed
1321339148	20260903	202609	2026	2026.6658	GOV	FOREIGN MINIST						GOV			CHN	CHINA	CHN								1	120	120	12	3	-4.0	5	1	5	-2.19435736677116	4	Beijing, Beijing, China	CH	CH22	13001	39.9289	116.388	-1898541	4	Beijing, Beijing, China	CH	CH22	13001	39.9289	116.388	-1898541	4	Beijing, Beijing, China	CH	CH22	13001	39.9289	116.388	-1898541	20260903174500	https://www.yahoo.com/news/politics/articles/anti-fast-fashion-law-foreign-170939939.html
1321339149	20260903	202609	2026	2026.6658	GOV	PRIME MINISTER						GOV			CRM	CRIMINAL						CRM			0	173	173	17	4	-5.0	8	1	8	-5.89318600368324	4	Islamabad, Islamabad, Pakistan	PK	PK08	23674	33.7	73.1667	-2762812	4	Islamabad, Islamabad, Pakistan	PK	PK08	23674	33.7	73.1667	-2762812	4	Islamabad, Islamabad, Pakistan	PK	PK08	23674	33.7	73.1667	-2762812	20260903174500	https://www.geo.tv/latest/680513-criminal-cases-to-be-lodged-against-those-responsible-for-pims-fire
1321339150	20260903	202609	2026	2026.6658	GOV	CHANCELLOR						GOV			EDU	UNIVERSITY						EDU			0	051	051	05	1	3.4	3	1	3	4.81171548117155	4	Port Harcourt, Rivers, Nigeria	NI	NI50	191389	4.78917	6.99861	-2025046	4	Port Harcourt, Rivers, Nigeria	NI	NI50	191389	4.78917	6.99861	-2025046	4	Port Harcourt, Rivers, Nigeria	NI	NI50	191389	4.78917	6.99861	-2025046	20260903174500	https://allafrica.com/stories/202609030425.html
1321339151	20260903	202609	2026	2026.6658	GOV	GOVERNMENT						GOV			ELIMIL	RETIRED						ELI	MIL		1	090	090	09	2	-2.0	10	1	10	0.25125628140704	0								0								0								20260903174500	https://www.geo.tv/latest/680514-fact-check-punjabs-recruitment-of-retired-military-personnel-to-monitor-schools-is-not-a-new-policy
1321339152	20260903	202609	2026	2026.6658	GOV	PRIME MINISTER						GOV			GBR	UNITED KINGDOM	GBR								0	013	013	01	1	0.4	2	1	2	-1.22950819672131	1	Argentina	AR	AR		-34	-64	AR	1	United Kingdom	UK	UK		54	-4	UK	1	Argentina	AR	AR		-34	-64	AR	20260903174500	https://www.bbc.co.uk/news/articles/c1kx4m70l4yo
1321339153	20260903	202609	2026	2026.6658	GOV	PRESIDENT						GOV			GBR	UNITED KINGDOM	GBR								1	043	043	04	1	2.8	2	1	2	4.50704225352113	4	Brixton, Lambeth, United Kingdom	UK	UKH1	40133	51.4667	-0.1	-2590937	4	Brixton, Lambeth, United Kingdom	UK	UKH1	40133	51.4667	-0.1	-2590937	4	Brixton, Lambeth, United Kingdom	UK	UKH1	40133	51.4667	-0.1	-2590937	20260903174500	https://www.geo.tv/latest/680524-queen-camilla-meets-royal-pony-now-helping-brixtons-children-learn-to-ride
1321339154	20260903	202609	2026	2026.6658	GOV	PRIME MINISTER						GOV			GOVMIL	DEFENSE MINIST						GOV	MIL		0	040	040	04	1	1.0	8	1	8	-0.238095238095238	4	Gaza, Israel (general), Israel	IS	IS00	18315	31.4167	34.3333	-797156	4	Gaza, Israel (general), Israel	IS	IS00	18315	31.4167	34.3333	-797156	4	Gaza, Israel (general), Israel	IS	IS00	18315	31.4167	34.3333	-797156	20260903174500	https://www.israelnationalnews.com/news/432671
1321339155	20260903	202609	2026	2026.6658	GOV	PRIME MINISTER						GOV			GOVMIL	DEFENSE MINIST						GOV	MIL		0	040	040	04	1	1.0	2	1	2	-0.238095238095238	1	Gaza Strip	GZ	GZ		31.425074	34.373398	GZ	1	Gaza Strip	GZ	GZ		31.425074	34.373398	GZ	1	Gaza Strip	GZ	GZ		31.425074	34.373398	GZ	20260903174500	https://www.israelnationalnews.com/news/432671
1321339156	20260903	202609	2026	2026.6658	GOV	GOVERNMENT						GOV			HIN105	RASHTRIYA SWAYAMSEVAK SANGH				HIN					1	141	141	14	3	-6.5	5	1	5	-3.91304347826087	5	Keralam, Kerala, India	IN	IN13	17699	10	76.5	-2100307	5	Keralam, Kerala, India	IN	IN13	17699	10	76.5	-2100307	5	Keralam, Kerala, India	IN	IN13	17699	10	76.5	-2100307	20260903174500	https://www.thehindu.com/news/national/kerala/keralam-will-not-allow-students-protests-to-be-suppressed-viswam/article71424972.ece
1321339157	20260903	202609	2026	2026.6658	GOV	PRIME MINISTER						GOV			HLH	NURSE						HLH			1	051	051	05	1	3.4	11	1	8	7.10900473933649	4	Islamabad, Islamabad, Pakistan	PK	PK08	23674	33.7	73.1667	-2762812	4	Islamabad, Islamabad, Pakistan	PK	PK08	23674	33.7	73.1667	-2762812	4	Islamabad, Islamabad, Pakistan	PK	PK08	23674	33.7	73.1667	-2762812	20260903174500	https://www.geo.tv/latest/680503-razia-noreen-nurse-who-saved-newborn-in-pims-fire-to-receive-civil-award
1321339158	20260903	202609	2026	2026.6658	GOV	MAYOR						GOV			HLH	NURSE						HLH			1	051	051	05	1	3.4	6	1	6	1.63934426229508	3	Saint Mary Hospital, Illinois, United States	US	USIL	IL001	39.935	-91.3926	417538	3	Saint Mary Hospital, Illinois, United States	US	USIL		39.935	-91.3926	417538	3	Saint Mary Hospital, Illinois, United States	US	USIL		39.935	-91.3926	417538	20260903174500	https://abc7chicago.com/post/prime-healthcare-nurses-saint-mary-nazareth-hospital-chicago-olympia-fields-go-1-day-strike/19785057/
1321339159	20260903	202609	2026	2026.6658	GOV	MAYOR						GOV			HLH	NURSE						HLH			1	051	051	05	1	3.4	2	1	2	1.63934426229508	3	Chicago, Illinois, United States	US	USIL	IL031	41.85	-87.6501	423587	3	Saint Mary Hospital, Illinois, United States	US	USIL		39.935	-91.3926	417538	3	Saint Mary Hospital, Illinois, United States	US	USIL		39.935	-91.3926	417538	20260903174500	https://abc7chicago.com/post/prime-healthcare-nurses-saint-mary-nazareth-hospital-chicago-olympia-fields-go-1-day-strike/19785057/
1321339160	20260903	202609	2026	2026.6658	GOV	SECRETARIAT						GOV			IGOEURSCE	OSCE	EUR	SCE				IGO			1	040	040	04	1	1.0	6	1	6	3.51437699680511	1	Azerbaijan	AJ	AJ		40.5	47.5	AJ	1	Azerbaijan	AJ	AJ		40.5	47.5	AJ	1	Azerbaijan	AJ	AJ		40.5	47.5	AJ	20260903174500	https://www.trend.az/azerbaijan/politics/4220469.html
1321339161	20260903	202609	2026	2026.6658	GOV	PRESIDENT						GOV			IGOEURSCE	OSCE	EUR	SCE				IGO			1	040	040	04	1	1.0	10	1	10	3.51437699680511	1	Kazakhstan	KZ	KZ		48	68	KZ	1	Kazakhstan	KZ	KZ		48	68	KZ	1	Kazakhstan	KZ	KZ		48	68	KZ	20260903174500	https://www.trend.az/azerbaijan/politics/4220469.html
1321339162	20260903	202609	2026	2026.6658	GOV	PRESIDENT						GOV			IGOEURSCE	OSCE	EUR	SCE				IGO			1	043	043	04	1	2.8	3	1	3	3.51437699680511	1	Azerbaijan	AJ	AJ		40.5	47.5	AJ	1	Azerbaijan	AJ	AJ		40.5	47.5	AJ	1	Azerbaijan	AJ	AJ		40.5	47.5	AJ	20260903174500	https://www.trend.az/azerbaijan/politics/4220469.html
1321339163	20260903	202609	2026	2026.6658	GOV	GOVERNMENT						GOV			IND	NEW DELHI	IND								1	036	036	03	1	4.0	4	1	4	0.40899795501023	4	Delhi, Delhi, India	IN	IN07	17911	28.6667	77.2167	-2094230	4	New Delhi, Delhi, India	IN	IN07	17911	28.6	77.2	-2106102	4	Delhi, Delhi, India	IN	IN07	17911	28.6667	77.2167	-2094230	20260903174500	http://www.calcuttanews.net/news/279284076/central-govt-offices-in-delhi-to-remain-closed-on-september-11-for-brics-summit
1321339164	20260903	202609	2026	2026.6658	GOV	CABINET						GOV			INDGOV	HIMACHAL PRADESH	IND					GOV			1	040	040	04	1	1.0	10	1	10	-2.07253886010363	0								0								0								20260903174500	https://www.thehindu.com/news/national/top-congress-leaders-discuss-punjab-factionalism-possible-cabinet-reshuffle-in-himachal-pradesh/article71425037.ece
1321339165	20260903	202609	2026	2026.6658	GOV	REGIME						GOV			ISR	TEL AVIV	ISR								1	010	010	01	1	0.0	2	1	2	-9.04255319148936	1	United States	US	US		39.828175	-98.5795	US	4	Tehran, Tehran, Iran	IR	IR26	41130	35.75	51.5148	10074674	4	Tehran, Tehran, Iran	IR	IR26	41130	35.75	51.5148	10074674	20260903174500	http://www.bignewsnetwork.com/news/279284227/israel-netanyahu-says-toppling-iran-government-within-reach
1321339166	20260903	202609	2026	2026.6658	GOV	REGIME						GOV			ISR	TEL AVIV	ISR								1	010	010	01	1	0.0	8	1	8	-9.04255319148936	1	United States	US	US		39.828175	-98.5795	US	4	Tehran, Tehran, Iran	IR	IR26	41130	35.75	51.5148	10074674	1	United States	US	US		39.828175	-98.5795	US	20260903174500	http://www.bignewsnetwork.com/news/279284227/israel-netanyahu-says-toppling-iran-government-within-reach
1321339167	20260903	202609	2026	2026.6658	GOV	PRESIDENT						GOV			JAM	JAMAICA	JAM								0	020	020	02	1	3.0	10	1	10	-1.5126050420168	1	Jamaica	JM	JM		18.25	-77.5	JM	1	Jamaica	JM	JM		18.25	-77.5	JM	1	Jamaica	JM	JM		18.25	-77.5	JM	20260903174500	http://jamaica-star.com/article/news/20260903/education-stakeholder-cautions-teacher-about-dating-comments
1321339168	20260903	202609	2026	2026.6658	GOV	MAYOR						GOV			JPN	JAPAN	JPN								1	040	040	04	1	1.0	2	1	2	4.83870967741935	4	Punta Gorda, Toledo, Belize	BH	BH06	5860	16.1	-88.8	-1150073	1	Japan	JA	JA		36	138	JA	1	Japan	JA	JA		36	138	JA	20260903174500	https://lovefm.com/belize-and-japan-explore-expanded-cooperation-in-punta-gorda/
1321339169	20260903	202609	2026	2026.6658	GOV	GOVERNMENT						GOV			LAB	WORKER						LAB			1	010	010	01	1	0.0	10	1	10	5.08744038155802	4	Athi, Eastern, Kenya	KE	KE03	18585	-2.26667	38.0667	-2241939	4	Athi, Eastern, Kenya	KE	KE03	18585	-2.26667	38.0667	-2241939	4	Athi, Eastern, Kenya	KE	KE03	18585	-2.26667	38.0667	-2241939	20260903174500	https://www.standardmedia.co.ke/national/article/2001556939/government-to-launch-initiatives-to-empower-informal-workers
1321339170	20260903	202609	2026	2026.6658	GOV	GOVERNMENT						GOV			LAB	WORKER						LAB			1	014	014	01	1	0.0	4	1	4	5.08744038155802	4	Athi, Eastern, Kenya	KE	KE03	18585	-2.26667	38.0667	-2241939	4	Athi, Eastern, Kenya	KE	KE03	18585	-2.26667	38.0667	-2241939	4	Athi, Eastern, Kenya	KE	KE03	18585	-2.26667	38.0667	-2241939	20260903174500	https://www.standardmedia.co.ke/national/article/2001556939/government-to-launch-initiatives-to-empower-informal-workers
1321339171	20260903	202609	2026	2026.6658	GOV	GOVERNMENT						GOV			LAB	WORKER						LAB			1	014	014	01	1	0.0	6	1	6	5.08744038155802	4	Nyota, Rift Valley, Kenya	KE	KE08	18585	-0.35	35.7	-2260161	4	Nyota, Rift Valley, Kenya	KE	KE08	18585	-0.35	35.7	-2260161	4	Nyota, Rift Valley, Kenya	KE	KE08	18585	-0.35	35.7	-2260161	20260903174500	https://www.standardmedia.co.ke/national/article/2001556939/government-to-launch-initiatives-to-empower-informal-workers
1321339172	20260903	202609	2026	2026.6658	GOV	GOVERNMENT						GOV			LEG	DELEGATE						LEG			1	045	045	04	1	5.0	8	1	8	4.16666666666667	4	Hubballi, Karnataka, India	IN	IN19	17686	15.35	75.1667	-2097624	4	Hubballi, Karnataka, India	IN	IN19	17686	15.35	75.1667	-2097624	4	Hubballi, Karnataka, India	IN	IN19	17686	15.35	75.1667	-2097624	20260903174500	https://www.thehindu.com/news/national/karnataka/hdb-region-emerging-as-technology-and-advanced-manufacturing-hub-says-kdem-ceo/article71424586.ece
1321339173	20260903	202609	2026	2026.6658	GOV	PRINCE						GOV			MAR	MOROCCAN	MAR								1	042	042	04	1	1.9	1	1	1	-5.81583198707593	4	Larache, Tanger-Téuan, Morocco	MO	MO57	21811	35.1932	-6.15572	-38278	1	Portugal	PO	PO		39.5	-8	PO	4	Larache, Tanger-Téuan, Morocco	MO	MO57	21811	35.1932	-6.15572	-38278	20260903174500	https://northafricapost.com/100009-on-moroccos-unbroken-claim-to-ceuta-and-melilla.html
1321339174	20260903	202609	2026	2026.6658	GOV	PRINCE						GOV			MAR	MOROCCAN	MAR								1	042	042	04	1	1.9	1	1	1	-5.81583198707593	1	Portugal	PO	PO		39.5	-8	PO	4	Larache, Tanger-Téuan, Morocco	MO	MO57	21811	35.1932	-6.15572	-38278	1	Portugal	PO	PO		39.5	-8	PO	20260903174500	https://northafricapost.com/100009-on-moroccos-unbroken-claim-to-ceuta-and-melilla.html
1321339175	20260903	202609	2026	2026.6658	GOV	MAYOR						GOV			MED	CORRESPONDENT						MED			1	040	040	04	1	1.0	6	1	6	4.83870967741935	1	Japan	JA	JA		36	138	JA	1	Japan	JA	JA		36	138	JA	1	Japan	JA	JA		36	138	JA	20260903174500	https://lovefm.com/belize-and-japan-explore-expanded-cooperation-in-punta-gorda/
1321339176	20260903	202609	2026	2026.6658	GOV	GOVERNMENT						GOV			MED	NEWSPAPER						MED			1	0831	083	08	2	5.0	10	1	10	-2.68456375838926	4	Rasuwa, Nepal (general), Nepal	NP	NP00	22351	28.2812	85.3898	-1022531	4	Rasuwa, Nepal (general), Nepal	NP	NP00	22351	28.2812	85.3898	-1022531	4	Rasuwa, Nepal (general), Nepal	NP	NP00	22351	28.2812	85.3898	-1022531	20260903174500	https://peoplesreview.com.np/2026/09/03/babbles-everyone-becoming-an-expert/
1321339177	20260903	202609	2026	2026.6658	GOV	GOVERNMENT						GOV			MIL	ARMY						MIL			0	111	111	11	3	-2.0	10	1	10	-2.68456375838926	4	Rasuwa, Nepal (general), Nepal	NP	NP00	22351	28.2812	85.3898	-1022531	4	Rasuwa, Nepal (general), Nepal	NP	NP00	22351	28.2812	85.3898	-1022531	4	Rasuwa, Nepal (general), Nepal	NP	NP00	22351	28.2812	85.3898	-1022531	20260903174500	https://peoplesreview.com.np/2026/09/03/babbles-everyone-becoming-an-expert/
1321339178	20260903	202609	2026	2026.6658	GOV	PRESIDENT						GOV			MNCUSA	BANK OF AMERICA	USA					MNC			1	043	043	04	1	2.8	1	1	1	-1.40449438202247	3	Times Square, New York, United States	US	USNY	NY061	40.757	-73.986	967537	3	Times Square, New York, United States	US	USNY		40.757	-73.986	967537	3	Times Square, New York, United States	US	USNY		40.757	-73.986	967537	20260903174500	https://globemagazine.com/fundraiser-for-times-square-murder-victims-infant-daughter-receives-more-than-500k/
1321339179	20260903	202609	2026	2026.6658	GOV	HOME MINIST						GOV			MOS	MUSLIM				MOS					1	043	043	04	1	2.8	2	1	2	-5.77689243027889	4	Diamond Harbour, West Bengal, India	IN	IN28	70294	22.1917	88.1847	-2094871	4	Diamond Harbour, West Bengal, India	IN	IN28	70294	22.1917	88.1847	-2094871	4	Diamond Harbour, West Bengal, India	IN	IN28	70294	22.1917	88.1847	-2094871	20260903174500	https://www.hindustantimes.com/india-news/tmc-mp-mahua-moitra-summoned-by-diamond-harbour-police-in-west-bengal-over-alleged-communal-remarks-101788455068365.html
1321339180	20260903	202609	2026	2026.6658	GOV	MINIST OF PETROLEUM						GOV			NGA	NIGERIA	NGA								1	112	112	11	3	-2.0	4	1	4	-2.69299820466786	4	Anambra, Nigeria (general), Nigeria	NI	NI00	22911	7.26667	7.4	-1999832	4	Anambra, Nigeria (general), Nigeria	NI	NI00	22911	7.26667	7.4	-1999832	4	Anambra, Nigeria (general), Nigeria	NI	NI00	22911	7.26667	7.4	-1999832	20260903174500	https://blueprint.ng/anambra-government-agents-choking-marketers-with-illegal-levies-taxes/
1321339181	20260903	202609	2026	2026.6658	GOV	MINIST OF PETROLEUM						GOV			NGA	NIGERIA	NGA								1	112	112	11	3	-2.0	1	1	1	-2.69299820466786	4	Anambra, Nigeria (general), Nigeria	NI	NI00	22911	7.26667	7.4	-1999832	4	Anambra, Nigeria (general), Nigeria	NI	NI00	22911	7.26667	7.4	-1999832	4	Awka, Anambra, Nigeria	NI	NI25	22655	6.21009	7.07411	-2001023	20260903174500	https://blueprint.ng/anambra-government-agents-choking-marketers-with-illegal-levies-taxes/
1321339182	20260903	202609	2026	2026.6658	GOV	MINIST OF PETROLEUM						GOV			NGA	NIGERIA	NGA								1	112	112	11	3	-2.0	1	1	1	-2.69299820466786	4	Anambra, Nigeria (general), Nigeria	NI	NI00	22911	7.26667	7.4	-1999832	4	Awka, Anambra, Nigeria	NI	NI25	22655	6.21009	7.07411	-2001023	4	Awka, Anambra, Nigeria	NI	NI25	22655	6.21009	7.07411	-2001023	20260903174500	https://blueprint.ng/anambra-government-agents-choking-marketers-with-illegal-levies-taxes/
1321339183	20260903	202609	2026	2026.6658	GOV	PRESIDENT						GOV			NPL	NEPAL	NPL								1	042	042	04	1	1.9	10	1	10	-3.83233532934131	2	Minnesota, United States	US	USMN		45.7326	-93.9196	MN	2	Minnesota, United States	US	USMN		45.7326	-93.9196	MN	2	Minnesota, United States	US	USMN		45.7326	-93.9196	MN	20260903174500	https://www.americamagazine.org/short-take/2026/09/03/compassion-fatigue-bad-news-ignatian-spirituality/
1321339184	20260903	202609	2026	2026.6658	GOV	GOVERNMENT						GOV			OPP	ACTIVIST						OPP			1	111	111	11	3	-2.0	10	1	10	-2.68456375838926	4	Rasuwa, Nepal (general), Nepal	NP	NP00	22351	28.2812	85.3898	-1022531	4	Rasuwa, Nepal (general), Nepal	NP	NP00	22351	28.2812	85.3898	-1022531	4	Rasuwa, Nepal (general), Nepal	NP	NP00	22351	28.2812	85.3898	-1022531	20260903174500	https://peoplesreview.com.np/2026/09/03/babbles-everyone-becoming-an-expert/
1321339185	20260903	202609	2026	2026.6658	GOV	MAYOR						GOV			PHL	CEBU	PHL								1	036	036	03	1	4.0	10	1	10	3.94366197183099	4	Manila, Manila, Philippines	RP	RPD9	24210	14.6042	120.982	-2437894	4	Manila, Manila, Philippines	RP	RPD9	24210	14.6042	120.982	-2437894	4	Manila, Manila, Philippines	RP	RPD9	24210	14.6042	120.982	-2437894	20260903174500	https://www.manilatimes.net/2026/09/04/regions/cebu-city-records-170-rescued-pet-adoptions-in-2026/2417869
1321339186	20260903	202609	2026	2026.6658	GOV	PRIME MINISTER						GOV			PSE	GAZA	PSE								1	043	043	04	1	2.8	4	1	4	-0.238095238095238	1	Gaza Strip	GZ	GZ		31.425074	34.373398	GZ	1	Gaza Strip	GZ	GZ		31.425074	34.373398	GZ	1	Gaza Strip	GZ	GZ		31.425074	34.373398	GZ	20260903174500	https://www.israelnationalnews.com/news/432671
1321339187	20260903	202609	2026	2026.6658	GOV	STATE GOVERNOR						GOV			SAU	JIDDAH	SAU								1	017	017	01	1	0.0	5	1	5	-5.85585585585586	0								0								0								20260903174500	https://blueprint.ng/5-family-members-bodies-recovered-from-ilorin-collapsed-building-buried-in-muslim-cementary/
1321339188	20260903	202609	2026	2026.6658	GOV	STATE GOVERNOR						GOV			SAU	JIDDAH	SAU								1	043	043	04	1	2.8	5	1	5	-5.85585585585586	0								0								0								20260903174500	https://blueprint.ng/5-family-members-bodies-recovered-from-ilorin-collapsed-building-buried-in-muslim-cementary/
1321339189	20260903	202609	2026	2026.6658	GOV	ADMINISTRATION						GOV			SPY	INTELLIGENCE						SPY			1	030	030	03	1	4.0	5	1	5	12.1359223300971	1	Morocco	MO	MO		32	-5	MO	1	Morocco	MO	MO		32	-5	MO	1	Morocco	MO	MO		32	-5	MO	20260903174500	https://northafricapost.com/100003-morocco-escwa-agree-to-strengthen-digital-cooperation.html
1321339190	20260903	202609	2026	2026.6658	GOV	ADMINISTRATION						GOV			SPY	INTELLIGENCE						SPY			1	0311	031	03	1	5.2	5	1	5	12.1359223300971	1	Morocco	MO	MO		32	-5	MO	1	Morocco	MO	MO		32	-5	MO	1	Morocco	MO	MO		32	-5	MO	20260903174500	https://northafricapost.com/100003-morocco-escwa-agree-to-strengthen-digital-cooperation.html
1321339191	20260903	202609	2026	2026.6658	GOV	PRESIDENT						GOV			SYR	SYRIA	SYR								1	020	020	02	1	3.0	2	1	2	-2.61324041811847	4	Red Sea, Djibouti (general), Djibouti	DJ	DJ00	25312	19	39.5	-2037160	4	Tehran, Tehran, Iran	IR	IR26	41130	35.75	51.5148	10074674	4	Tehran, Tehran, Iran	IR	IR26	41130	35.75	51.5148	10074674	20260903174500	https://www.hindustantimes.com/world-news/this-is-great-trump-lauds-syria-pitching-itself-as-alternative-to-strait-of-hormuz-amid-iran-war-101788452482737.html
1321339192	20260903	202609	2026	2026.6658	GOV	PRESIDENT						GOV			SYR	SYRIA	SYR								1	020	020	02	1	3.0	8	1	8	-2.61324041811847	4	Baniyas, Tartus, Syria	SY	SY14	26374	35.1819	35.9487	-2540079	4	Tehran, Tehran, Iran	IR	IR26	41130	35.75	51.5148	10074674	4	Tehran, Tehran, Iran	IR	IR26	41130	35.75	51.5148	10074674	20260903174500	https://www.hindustantimes.com/world-news/this-is-great-trump-lauds-syria-pitching-itself-as-alternative-to-strait-of-hormuz-amid-iran-war-101788452482737.html
1321339193	20260903	202609	2026	2026.6658	GOV	ADMINISTRATION						GOV			USA	NEW YORK	USA								1	012	012	01	1	-0.4	10	1	10	-1.35135135135135	2	New York, United States	US	USNY		42.1497	-74.9384	NY	2	New York, United States	US	USNY		42.1497	-74.9384	NY	2	New York, United States	US	USNY		42.1497	-74.9384	NY	20260903174500	http://www.editorandpublisher.com/stories/trump-administration-says-a-new-york-times-win-in-openai-lawsuit-would-threaten-national,263386
1321339194	20260903	202609	2026	2026.6658	GOV	PRESIDENT						GOV			USABUS	UNITED STATES	USA					BUS			1	043	043	04	1	2.8	2	1	2	-1.40449438202247	3	Times Square, New York, United States	US	USNY	NY061	40.757	-73.986	967537	3	Times Square, New York, United States	US	USNY		40.757	-73.986	967537	3	Times Square, New York, United States	US	USNY		40.757	-73.986	967537	20260903174500	https://globemagazine.com/fundraiser-for-times-square-murder-victims-infant-daughter-receives-more-than-500k/
1321339195	20260903	202609	2026	2026.6658	GOV	PRESIDENT						GOV			USAGOV	UNITED STATES	USA					GOV			0	033	033	03	1	5.2	2	1	2	0.43290043290043	3	Washington, District of Columbia, United States	US	USDC	DC001	38.8951	-77.0364	531871	3	Washington, District of Columbia, United States	US	USDC	DC001	38.8951	-77.0364	531871	3	Washington, District of Columbia, United States	US	USDC	DC001	38.8951	-77.0364	531871	20260903174500	https://www.thelocal.no/20260903/norwegian-ngo-to-cut-1700-jobs-after-refusing-us-aid-conditions
1321339196	20260903	202609	2026	2026.6658	GOV	PRESIDENT						GOV			USAGOV	UNITED STATES	USA					GOV			0	162	162	16	4	-5.6	2	1	2	0.43290043290043	3	Washington, District of Columbia, United States	US	USDC	DC001	38.8951	-77.0364	531871	3	Washington, District of Columbia, United States	US	USDC	DC001	38.8951	-77.0364	531871	3	Washington, District of Columbia, United States	US	USDC	DC001	38.8951	-77.0364	531871	20260903174500	https://www.thelocal.no/20260903/norwegian-ngo-to-cut-1700-jobs-after-refusing-us-aid-conditions
1321339197	20260903	202609	2026	2026.6658	GOVEDU	KING						GOV	EDU												1	043	043	04	1	2.8	2	1	2	2.12765957446808	4	Cambridge, Cambridgeshire, United Kingdom	UK	UKC3	40098	52.2	0.116667	-2591658	0								4	Eton, Wandsworth, United Kingdom	UK	UKP1	40097	51.5	-0.6	-2595740	20260903174500	https://literaryreview.co.uk/no-thinking-gentlemen-please
1321339198	20260903	202609	2026	2026.6658	GOVEDU	KING						GOV	EDU		GBR	UNITED KINGDOM	GBR								1	043	043	04	1	2.8	6	1	6	2.12765957446808	4	Cambridge, Cambridgeshire, United Kingdom	UK	UKC3	40098	52.2	0.116667	-2591658	4	Eton, Wandsworth, United Kingdom	UK	UKP1	40097	51.5	-0.6	-2595740	4	Eton, Wandsworth, United Kingdom	UK	UKP1	40097	51.5	-0.6	-2595740	20260903174500	https://literaryreview.co.uk/no-thinking-gentlemen-please
1321339199	20260903	202609	2026	2026.6658	GOVGOV	MAYOR						GOV	GOV												1	042	042	04	1	1.9	10	1	10	1.08695652173913	0								0								0								20260903174500	https://www.wbrz.com/news/9-new-brpd-officers-graduate-from-basic-training-academy
1321339200	20260903	202609	2026	2026.6658	GOVHLH	HEALTH OFFICIAL						GOV	HLH												1	020	020	02	1	3.0	10	1	10	5.47945205479453	2	Wisconsin, United States	US	USWI		44.2563	-89.6385	WI	0								2	Wisconsin, United States	US	USWI		44.2563	-89.6385	WI	20260903174500	https://www.wsaw.com/2026/09/03/health-officials-urge-families-check-child-vaccination-records-amid-measles-outbreak/
1321339201	20260903	202609	2026	2026.6658	GOVMED	PRESIDENT						GOV	MED												0	042	042	04	1	1.9	10	1	10	5.28846153846154	2	Iowa, United States	US	USIA		42.0046	-93.214	IA	0								2	Iowa, United States	US	USIA		42.0046	-93.214	IA	20260903174500	https://research.uiowa.edu/why-am-i-getting-research-recruitment-emails?utm_id=1479050206.1548781019
1321339202	20260903	202609	2026	2026.6658	GOVMIL	DEFENSE MINIST						GOV	MIL												1	010	010	01	1	0.0	5	1	5	-0.238095238095238	1	Gaza Strip	GZ	GZ		31.425074	34.373398	GZ	0								1	Gaza Strip	GZ	GZ		31.425074	34.373398	GZ	20260903174500	https://www.israelnationalnews.com/news/432671
1321339203	20260903	202609	2026	2026.6658	GOVMIL	DEFENSE MINIST						GOV	MIL												1	040	040	04	1	1.0	5	1	5	-0.238095238095238	1	Gaza Strip	GZ	GZ		31.425074	34.373398	GZ	0								1	Gaza Strip	GZ	GZ		31.425074	34.373398	GZ	20260903174500	https://www.israelnationalnews.com/news/432671
1321339204	20260903	202609	2026	2026.6658	GOVMIL	DEFENSE MINIST						GOV	MIL		GOV	PRIME MINISTER						GOV			0	040	040	04	1	1.0	8	1	8	-0.238095238095238	4	Gaza, Israel (general), Israel	IS	IS00	18315	31.4167	34.3333	-797156	4	Gaza, Israel (general), Israel	IS	IS00	18315	31.4167	34.3333	-797156	4	Gaza, Israel (general), Israel	IS	IS00	18315	31.4167	34.3333	-797156	20260903174500	https://www.israelnationalnews.com/news/432671
1321339205	20260903	202609	2026	2026.6658	GOVMIL	DEFENSE MINIST						GOV	MIL		GOV	PRIME MINISTER						GOV			0	040	040	04	1	1.0	2	1	2	-0.238095238095238	1	Gaza Strip	GZ	GZ		31.425074	34.373398	GZ	1	Gaza Strip	GZ	GZ		31.425074	34.373398	GZ	1	Gaza Strip	GZ	GZ		31.425074	34.373398	GZ	20260903174500	https://www.israelnationalnews.com/news/432671
1321339206	20260903	202609	2026	2026.6658	GOVMIL	DEFENSE MINIST						GOV	MIL		GOV	CHIEF OF STAFF						GOV			0	042	042	04	1	1.9	8	1	8	-0.238095238095238	4	Gaza, Israel (general), Israel	IS	IS00	18315	31.4167	34.3333	-797156	4	Gaza, Israel (general), Israel	IS	IS00	18315	31.4167	34.3333	-797156	4	Gaza, Israel (general), Israel	IS	IS00	18315	31.4167	34.3333	-797156	20260903174500	https://www.israelnationalnews.com/news/432671
1321339207	20260903	202609	2026	2026.6658	GOVMIL	DEFENSE MINIST						GOV	MIL		ISRGOV	ISRAEL	ISR					GOV			0	042	042	04	1	1.9	2	1	2	-0.238095238095238	4	Gaza, Israel (general), Israel	IS	IS00	18315	31.4167	34.3333	-797156	4	Gaza, Israel (general), Israel	IS	IS00	18315	31.4167	34.3333	-797156	4	Gaza, Israel (general), Israel	IS	IS00	18315	31.4167	34.3333	-797156	20260903174500	https://www.israelnationalnews.com/news/432671
1321339208	20260903	202609	2026	2026.6658	GRC	GREEK	GRC								CVL	IMMIGRANT						CVL			1	051	051	05	1	3.4	3	1	3	2.11382113821138	1	Greece	GR	GR		39	22	GR	1	Greece	GR	GR		39	22	GR	1	Greece	GR	GR		39	22	GR	20260903174500	https://www.herald-citizen.com/faith/when-power-masquerades-as-faithfulness/article_c674ac5b-5153-5735-966e-01c195464a60.html
1321339209	20260903	202609	2026	2026.6658	HLH	SURGEON						HLH													1	010	010	01	1	0.0	5	1	5	-7.34883720930232	4	Asahikawa, Hokkaido, Japan	JA	JA12	34194	43.7678	142.37	-225793	0								4	Asahikawa, Hokkaido, Japan	JA	JA12	34194	43.7678	142.37	-225793	20260903174500	https://www.medicaldaily.com/mesenteric-lymphangioma-900-degree-volvulus-child-478176
1321339210	20260903	202609	2026	2026.6658	HLH	NURSE						HLH													1	012	012	01	1	-0.4	10	1	10	1.63934426229508	3	Chicago, Illinois, United States	US	USIL	IL031	41.85	-87.6501	423587	0								3	Chicago, Illinois, United States	US	USIL	IL031	41.85	-87.6501	423587	20260903174500	https://abc7chicago.com/post/prime-healthcare-nurses-saint-mary-nazareth-hospital-chicago-olympia-fields-go-1-day-strike/19785057/
1321339211	20260903	202609	2026	2026.6658	HLH	HOSPITAL						HLH			BGD	SHERPUR	BGD								1	043	043	04	1	2.8	4	1	4	-7.78210116731517	4	Sherpur Kalan, Uttar Pradesh, India	IN	IN36	17931	28.5167	80.2	-2111045	4	Sherpur Kalan, Uttar Pradesh, India	IN	IN36	17931	28.5167	80.2	-2111045	4	Sherpur Kalan, Uttar Pradesh, India	IN	IN36	17931	28.5167	80.2	-2111045	20260903174500	https://www.hindustantimes.com/cities/chandigarh-news/ludhiana-tractor-trolley-runs-over-two-schoolgirls-one-dies-on-spot-101788456246620.html
1321339212	20260903	202609	2026	2026.6658	HLH	HOSPITAL						HLH			COP	POLICE						COP			1	043	043	04	1	2.8	4	1	4	-7.78210116731517	4	Sherpur Kalan, Uttar Pradesh, India	IN	IN36	17931	28.5167	80.2	-2111045	4	Sherpur Kalan, Uttar Pradesh, India	IN	IN36	17931	28.5167	80.2	-2111045	4	Sherpur Kalan, Uttar Pradesh, India	IN	IN36	17931	28.5167	80.2	-2111045	20260903174500	https://www.hindustantimes.com/cities/chandigarh-news/ludhiana-tractor-trolley-runs-over-two-schoolgirls-one-dies-on-spot-101788456246620.html
1321339213	20260903	202609	2026	2026.6658	HLH	HOSPITAL						HLH			LBR	MONROVIA	LBR								1	042	042	04	1	1.9	9	1	9	2.91095890410959	4	Pleebo, Maryland, Liberia	LI	LI13	147243	4.58917	-7.6725	-2134542	4	Pleebo, Maryland, Liberia	LI	LI13	147243	4.58917	-7.6725	-2134542	4	Pleebo, Maryland, Liberia	LI	LI13	147243	4.58917	-7.6725	-2134542	20260903174500	https://allafrica.com/stories/202609030502.html
1321339214	20260903	202609	2026	2026.6658	HUN	HUNGARY	HUN																		1	042	042	04	1	1.9	10	1	10	0.21739130434783	4	Tel Aviv, Tel Aviv, Israel	IS	IS05	18316	32.0667	34.7667	-781545	0								4	Tel Aviv, Tel Aviv, Israel	IS	IS05	18316	32.0667	34.7667	-781545	20260903174500	https://eurovoix.com/2026/09/03/hungary-negotiates-lower-fee-extended-deadline-to-decide-eurovision-return/
1321339215	20260903	202609	2026	2026.6658	HUN	HUNGARY	HUN								MED	MEDIA						MED			0	010	010	01	1	0.0	10	1	10	0.21739130434783	1	Hungary	HU	HU		47	20	HU	1	Hungary	HU	HU		47	20	HU	1	Hungary	HU	HU		47	20	HU	20260903174500	https://eurovoix.com/2026/09/03/hungary-negotiates-lower-fee-extended-deadline-to-decide-eurovision-return/
1321339216	20260903	202609	2026	2026.6658	IGOBUSWTO	WORLD TRADE ORGANIZATION		WTO				IGO	BUS		CMR	CAMEROON	CMR								0	042	042	04	1	1.9	5	1	5	2.11981566820277	4	Garoua, Nord, Cameroon	CM	CM13	12501	9.3	13.4	-3149623	4	Garoua, Nord, Cameroon	CM	CM13	12501	9.3	13.4	-3149623	4	Garoua, Nord, Cameroon	CM	CM13	12501	9.3	13.4	-3149623	20260903174500	https://allafrica.com/stories/202609030599.html
1321339217	20260903	202609	2026	2026.6658	IGOEUREEC	EUROPEAN COMMISSION	EUR	EEC				IGO													0	012	012	01	1	-0.4	5	1	5	-2.19435736677116	4	Beijing, Beijing, China	CH	CH22	13001	39.9289	116.388	-1898541	0								4	Beijing, Beijing, China	CH	CH22	13001	39.9289	116.388	-1898541	20260903174500	https://www.yahoo.com/news/politics/articles/anti-fast-fashion-law-foreign-170939939.html
1321339218	20260903	202609	2026	2026.6658	IGOEUREEC	EUROPEAN COMMISSION	EUR	EEC				IGO													0	012	012	01	1	-0.4	5	1	5	-2.19435736677116	1	France	FR	FR		46	2	FR	0								1	France	FR	FR		46	2	FR	20260903174500	https://www.yahoo.com/news/politics/articles/anti-fast-fashion-law-foreign-170939939.html
1321339219	20260903	202609	2026	2026.6658	IGOEUREEC	EUROPEAN COMMISSION	EUR	EEC				IGO													0	172	172	17	4	-5.0	5	1	5	-2.19435736677116	1	France	FR	FR		46	2	FR	0								1	France	FR	FR		46	2	FR	20260903174500	https://www.yahoo.com/news/politics/articles/anti-fast-fashion-law-foreign-170939939.html
1321339220	20260903	202609	2026	2026.6658	IGOEURSCE	OSCE	EUR	SCE				IGO			AZE	AZERBAIJAN	AZE								1	020	020	02	1	3.0	10	1	10	0.54644808743169	4	Baku, Baki*, Azerbaijan	AJ	AJ09	534	40.3953	49.8822	-2705195	4	Baku, Baki*, Azerbaijan	AJ	AJ09	534	40.3953	49.8822	-2705195	4	Baku, Baki*, Azerbaijan	AJ	AJ09	534	40.3953	49.8822	-2705195	20260903174500	https://www.trend.az/azerbaijan/politics/4220478.html
1321339221	20260903	202609	2026	2026.6658	IGOEURSCE	OSCE	EUR	SCE				IGO			AZE	AZERBAIJAN	AZE								1	042	042	04	1	1.9	3	1	3	3.51437699680511	1	Azerbaijan	AJ	AJ		40.5	47.5	AJ	1	Azerbaijan	AJ	AJ		40.5	47.5	AJ	1	Azerbaijan	AJ	AJ		40.5	47.5	AJ	20260903174500	https://www.trend.az/azerbaijan/politics/4220469.html
1321339222	20260903	202609	2026	2026.6658	IGOEURSCE	OSCE	EUR	SCE				IGO			AZELEG	AZERBAIJANI	AZE					LEG			1	040	040	04	1	1.0	6	1	6	6.06060606060606	1	Azerbaijan	AJ	AJ		40.5	47.5	AJ	1	Azerbaijan	AJ	AJ		40.5	47.5	AJ	1	Azerbaijan	AJ	AJ		40.5	47.5	AJ	20260903174500	https://www.trend.az/azerbaijan/politics/4220473.html
1321339223	20260903	202609	2026	2026.6658	IGOEURSCE	OSCE	EUR	SCE				IGO			CHEEDU	BERN	CHE					EDU			1	040	040	04	1	1.0	8	1	8	1.7274472168906	4	Helsinki, Eteläuomen Läi, Finland	FI	FI13	16230	60.1756	24.9342	-1364995	4	Helsinki, Eteläuomen Läi, Finland	FI	FI13	16230	60.1756	24.9342	-1364995	4	Helsinki, Eteläuomen Läi, Finland	FI	FI13	16230	60.1756	24.9342	-1364995	20260903174500	https://www.osce.org/chairpersonship/667317
1321339224	20260903	202609	2026	2026.6658	IGOEURSCE	OSCE	EUR	SCE				IGO			GOV	SECRETARIAT						GOV			1	040	040	04	1	1.0	16	1	10	3.51437699680511	1	Azerbaijan	AJ	AJ		40.5	47.5	AJ	1	Azerbaijan	AJ	AJ		40.5	47.5	AJ	1	Azerbaijan	AJ	AJ		40.5	47.5	AJ	20260903174500	https://www.trend.az/azerbaijan/politics/4220469.html
1321339225	20260903	202609	2026	2026.6658	IGOEURSCE	OSCE	EUR	SCE				IGO			GOV	PRESIDENT						GOV			1	042	042	04	1	1.9	3	1	3	3.51437699680511	1	Azerbaijan	AJ	AJ		40.5	47.5	AJ	1	Azerbaijan	AJ	AJ		40.5	47.5	AJ	1	Azerbaijan	AJ	AJ		40.5	47.5	AJ	20260903174500	https://www.trend.az/azerbaijan/politics/4220469.html
1321339226	20260903	202609	2026	2026.6658	IGOUNO	UNITED NATIONS		UNO				IGO													0	043	043	04	1	2.8	10	1	10	2.26320201173512	1	Sierra Leone	SL	SL		8.5	-11.5	SL	0								1	Sierra Leone	SL	SL		8.5	-11.5	SL	20260903174500	https://allafrica.com/stories/202609030510.html
1321339227	20260903	202609	2026	2026.6658	IND	TAMIL NADU	IND								AGR	FARMER						AGR			1	043	043	04	1	2.8	6	1	6	1.72166427546628	1	Italy	IT	IT		42.833333	12.833333	IT	1	Italy	IT	IT		42.833333	12.833333	IT	1	Italy	IT	IT		42.833333	12.833333	IT	20260903174500	https://www.boldsky.com/fashion/chief-minister-vijay-gifts-his-christian-dior-sunglasses-to-an-elderly-woman-in-mettur-172627.html
1321339228	20260903	202609	2026	2026.6658	IND	NEW DELHI	IND								BELGOV	BELGIUM	BEL					GOV			1	046	046	04	1	7.0	2	1	2	1.1990407673861	4	New Delhi, Delhi, India	IN	IN07	17911	28.6	77.2	-2106102	1	Belgium	BE	BE		50.833333	4	BE	1	Belgium	BE	BE		50.833333	4	BE	20260903174500	http://www.calcuttanews.net/news/279284096/pm-modi-and-belgian-counterpart-review-ties-reaffirm-commitment-to-deepen-partnership
1321339229	20260903	202609	2026	2026.6658	IND	DELHI	IND								COP	POLICE						COP			1	114	114	11	3	-2.0	2	1	2	-1.69491525423729	4	Delhi, Delhi, India	IN	IN07	17911	28.6667	77.2167	-2094230	4	Delhi, Delhi, India	IN	IN07	17911	28.6667	77.2167	-2094230	4	Delhi, Delhi, India	IN	IN07	17911	28.6667	77.2167	-2094230	20260903174500	https://www.thehindu.com/news/national/supreme-court-asks-lawyers-to-move-delhi-hc-for-probe-into-attack-on-peaceful-protest-in-bci-premises/article71425148.ece
1321339230	20260903	202609	2026	2026.6658	IND	DELHI	IND								COP	POLICE						COP			1	153	153	15	4	-7.2	2	1	2	-1.69491525423729	4	Delhi, Delhi, India	IN	IN07	17911	28.6667	77.2167	-2094230	4	Delhi, Delhi, India	IN	IN07	17911	28.6667	77.2167	-2094230	4	Delhi, Delhi, India	IN	IN07	17911	28.6667	77.2167	-2094230	20260903174500	https://www.thehindu.com/news/national/supreme-court-asks-lawyers-to-move-delhi-hc-for-probe-into-attack-on-peaceful-protest-in-bci-premises/article71425148.ece
1321339231	20260903	202609	2026	2026.6658	INDCOP	DELHI	IND					COP			COP	POLICE						COP			1	114	114	11	3	-2.0	1	1	1	-1.69491525423729	4	Delhi, Delhi, India	IN	IN07	17911	28.6667	77.2167	-2094230	4	Delhi, Delhi, India	IN	IN07	17911	28.6667	77.2167	-2094230	4	Delhi, Delhi, India	IN	IN07	17911	28.6667	77.2167	-2094230	20260903174500	https://www.thehindu.com/news/national/supreme-court-asks-lawyers-to-move-delhi-hc-for-probe-into-attack-on-peaceful-protest-in-bci-premises/article71425148.ece
1321339232	20260903	202609	2026	2026.6658	INDCOP	DELHI	IND					COP			COP	POLICE						COP			1	153	153	15	4	-7.2	1	1	1	-1.69491525423729	4	Delhi, Delhi, India	IN	IN07	17911	28.6667	77.2167	-2094230	4	Delhi, Delhi, India	IN	IN07	17911	28.6667	77.2167	-2094230	4	Delhi, Delhi, India	IN	IN07	17911	28.6667	77.2167	-2094230	20260903174500	https://www.thehindu.com/news/national/supreme-court-asks-lawyers-to-move-delhi-hc-for-probe-into-attack-on-peaceful-protest-in-bci-premises/article71425148.ece
1321339233	20260903	202609	2026	2026.6658	INDGOV	HIMACHAL PRADESH	IND					GOV													1	040	040	04	1	1.0	10	1	10	-2.07253886010363	0								0								0								20260903174500	https://www.thehindu.com/news/national/top-congress-leaders-discuss-punjab-factionalism-possible-cabinet-reshuffle-in-himachal-pradesh/article71425037.ece
1321339234	20260903	202609	2026	2026.6658	INDGOV	HIMACHAL PRADESH	IND					GOV			GOV	CABINET						GOV			1	040	040	04	1	1.0	10	1	10	-2.07253886010363	0								0								0								20260903174500	https://www.thehindu.com/news/national/top-congress-leaders-discuss-punjab-factionalism-possible-cabinet-reshuffle-in-himachal-pradesh/article71425037.ece
1321339235	20260903	202609	2026	2026.6658	INDGOV	UTTAR PRADESH	IND					GOV			GOVHLH	GOVERNMENT						GOV	HLH		1	020	020	02	1	3.0	10	1	10	-5.6047197640118	0								0								0								20260903174500	https://www.hindustantimes.com/cities/lucknow-news/dy-cm-pathak-orders-removal-of-bkt-hospital-doctor-over-alleged-6-000-demand-101788455646243.html
1321339236	20260903	202609	2026	2026.6658	INDJUD	KERALA	IND					JUD													0	110	110	11	3	-2.0	10	1	10	-11.6991643454039	0								0								0								20260903174500	https://www.thehindu.com/news/national/kerala/muttil-tree-felling-case-kerala-high-court-refuses-to-stay-trial-court-proceedings-against-accused/article71425383.ece
1321339237	20260903	202609	2026	2026.6658	INDJUD	KERALA	IND					JUD													1	120	120	12	3	-4.0	10	1	10	-11.6991643454039	0								0								0								20260903174500	https://www.thehindu.com/news/national/kerala/muttil-tree-felling-case-kerala-high-court-refuses-to-stay-trial-court-proceedings-against-accused/article71425383.ece
1321339238	20260903	202609	2026	2026.6658	IRL	DUBLIN	IRL																		0	192	192	19	4	-9.5	2	1	2	-1.7274472168906	4	Dublin, Dublin, Ireland	EI	EI07	18288	53.3331	-6.24889	-1502554	0								4	Dublin, Dublin, Ireland	EI	EI07	18288	53.3331	-6.24889	-1502554	20260903174500	https://www.indiewire.com/criticism/movies/bucking-fastard-review-werner-herzog-mara-sisters-twins-1235214547/
1321339239	20260903	202609	2026	2026.6658	IRL	IRELAND	IRL								GRC	GREEK	GRC								0	193	193	19	4	-10.0	1	1	1	-1.7274472168906	4	Dublin, Dublin, Ireland	EI	EI07	18288	53.3331	-6.24889	-1502554	1	Australia	AS	AS		-25	135	AS	4	Dublin, Dublin, Ireland	EI	EI07	18288	53.3331	-6.24889	-1502554	20260903174500	https://www.indiewire.com/criticism/movies/bucking-fastard-review-werner-herzog-mara-sisters-twins-1235214547/
1321339240	20260903	202609	2026	2026.6658	IRL	IRELAND	IRL								GRC	GREEK	GRC								0	193	193	19	4	-10.0	2	1	2	-1.7274472168906	4	Dublin, Dublin, Ireland	EI	EI07	18288	53.3331	-6.24889	-1502554	1	Greece	GR	GR		39	22	GR	4	Dublin, Dublin, Ireland	EI	EI07	18288	53.3331	-6.24889	-1502554	20260903174500	https://www.indiewire.com/criticism/movies/bucking-fastard-review-werner-herzog-mara-sisters-twins-1235214547/
1321339241	20260903	202609	2026	2026.6658	IRN	IRAN	IRN																		1	120	120	12	3	-4.0	2	1	2	-2.98136645962732	1	Ukraine	UP	UP		49	32	UP	0								1	Iran	IR	IR		32	53	IR	20260903174500	https://www.moneycontrol.com/world/trump-says-us-weapons-stockpile-reports-are-100-wrong-amid-iran-war-article-14022263.html
1321339242	20260903	202609	2026	2026.6658	IRN	IRAN	IRN																		0	138	138	13	3	-7.0	2	1	2	-2.61324041811847	4	Red Sea, Djibouti (general), Djibouti	DJ	DJ00	25312	19	39.5	-2037160	0								4	Tehran, Tehran, Iran	IR	IR26	41130	35.75	51.5148	10074674	20260903174500	https://www.hindustantimes.com/world-news/this-is-great-trump-lauds-syria-pitching-itself-as-alternative-to-strait-of-hormuz-amid-iran-war-101788452482737.html
1321339243	20260903	202609	2026	2026.6658	IRN	IRAN	IRN								CHR	CHRISTIAN				CHR					0	130	130	13	3	-4.4	4	1	4	-3.83233532934131	1	Iran	IR	IR		32	53	IR	1	Iran	IR	IR		32	53	IR	1	Iran	IR	IR		32	53	IR	20260903174500	https://www.americamagazine.org/short-take/2026/09/03/compassion-fatigue-bad-news-ignatian-spirituality/
1321339244	20260903	202609	2026	2026.6658	IRN	IRAN	IRN								IRNGOV	IRAN	IRN					GOV			1	010	010	01	1	0.0	2	1	2	-7.75075987841946	4	Tehran, Tehran, Iran	IR	IR26	41130	35.75	51.5148	10074674	4	Tel Aviv, Tel Aviv, Israel	IS	IS05	18316	32.0667	34.7667	-781545	4	Tehran, Tehran, Iran	IR	IR26	41130	35.75	51.5148	10074674	20260903174500	https://www.moneycontrol.com/world/iran-regime-could-fall-soon-says-netanyahu-as-us-resumes-strikes-article-14022247.html
1321339245	20260903	202609	2026	2026.6658	IRN	IRAN	IRN								IRNMOS	IRAN	IRN			MOS					0	010	010	01	1	0.0	2	1	2	-7.75075987841946	4	Tehran, Tehran, Iran	IR	IR26	41130	35.75	51.5148	10074674	4	Tel Aviv, Tel Aviv, Israel	IS	IS05	18316	32.0667	34.7667	-781545	4	Tel Aviv, Tel Aviv, Israel	IS	IS05	18316	32.0667	34.7667	-781545	20260903174500	https://www.moneycontrol.com/world/iran-regime-could-fall-soon-says-netanyahu-as-us-resumes-strikes-article-14022247.html
1321339246	20260903	202609	2026	2026.6658	IRN	IRAN	IRN								IRNMOS	IRAN	IRN			MOS					0	010	010	01	1	0.0	2	1	2	-7.75075987841946	4	Tehran, Tehran, Iran	IR	IR26	41130	35.75	51.5148	10074674	4	Tehran, Tehran, Iran	IR	IR26	41130	35.75	51.5148	10074674	4	Tehran, Tehran, Iran	IR	IR26	41130	35.75	51.5148	10074674	20260903174500	https://www.moneycontrol.com/world/iran-regime-could-fall-soon-says-netanyahu-as-us-resumes-strikes-article-14022247.html
1321339247	20260903	202609	2026	2026.6658	IRN	IRAN	IRN								ISR	ISRAEL	ISR								1	046	046	04	1	7.0	5	1	5	-2.61324041811847	4	Tehran, Tehran, Iran	IR	IR26	41130	35.75	51.5148	10074674	1	Israel	IS	IS		31.5	34.75	IS	1	Israel	IS	IS		31.5	34.75	IS	20260903174500	https://www.hindustantimes.com/world-news/this-is-great-trump-lauds-syria-pitching-itself-as-alternative-to-strait-of-hormuz-amid-iran-war-101788452482737.html
1321339248	20260903	202609	2026	2026.6658	IRN	IRAN	IRN								ISR	ISRAEL	ISR								1	130	130	13	3	-4.4	2	1	2	-7.75075987841946	4	Tehran, Tehran, Iran	IR	IR26	41130	35.75	51.5148	10074674	4	Tel Aviv, Tel Aviv, Israel	IS	IS05	18316	32.0667	34.7667	-781545	4	Tel Aviv, Tel Aviv, Israel	IS	IS05	18316	32.0667	34.7667	-781545	20260903174500	https://www.moneycontrol.com/world/iran-regime-could-fall-soon-says-netanyahu-as-us-resumes-strikes-article-14022247.html
1321339249	20260903	202609	2026	2026.6658	IRN	IRAN	IRN								MIL	ARMY						MIL			1	111	111	11	3	-2.0	10	1	10	-1.61290322580646	4	Hindustan, India (general), India	IN	IN00	17857	28	76	-3414754	4	Hindustan, India (general), India	IN	IN00	17857	28	76	-3414754	4	Hindustan, India (general), India	IN	IN00	17857	28	76	-3414754	20260903174500	https://www.hindustantimes.com/world-news/us-news/treasonous-wrong-trump-hits-back-at-reports-of-depleting-us-army-munition-stockpile-amid-iran-war-101788453259688.html
1321339250	20260903	202609	2026	2026.6658	IRN	IRAN	IRN								MILMIL	NAVY						MIL	MIL		1	190	190	19	4	-10.0	2	1	2	-3.70370370370371	4	Kurdistan, Khuzestan, Iran	IR	IR15	41008	30.6693	50.2055	-3072067	1	Jordan	JO	JO		31	36	JO	1	Jordan	JO	JO		31	36	JO	20260903174500	http://www.bignewsnetwork.com/news/279284228/6-iranian-army-members-killed-in-latest-us-attacks-media
1321339251	20260903	202609	2026	2026.6658	IRN	IRAN	IRN								MILMIL	NAVY						MIL	MIL		1	190	190	19	4	-10.0	4	1	4	-3.70370370370371	4	Kurdistan, Khuzestan, Iran	IR	IR15	41008	30.6693	50.2055	-3072067	1	Jordan	JO	JO		31	36	JO	1	Kuwait	KU	KU		29.5	47.75	KU	20260903174500	http://www.bignewsnetwork.com/news/279284228/6-iranian-army-members-killed-in-latest-us-attacks-media
1321339252	20260903	202609	2026	2026.6658	IRN	IRAN	IRN								MILMIL	NAVY						MIL	MIL		1	190	190	19	4	-10.0	2	1	2	-3.70370370370371	1	United Arab Emirates	AE	AE		24	54	AE	1	Bahrain	BA	BA		26	50.5	BA	1	Iraq	IZ	IZ		33	44	IZ	20260903174500	http://www.bignewsnetwork.com/news/279284228/6-iranian-army-members-killed-in-latest-us-attacks-media
1321339253	20260903	202609	2026	2026.6658	IRN	IRAN	IRN								MILMIL	NAVY						MIL	MIL		1	190	190	19	4	-10.0	2	1	2	-3.70370370370371	1	Jordan	JO	JO		31	36	JO	4	Kurdistan, Khuzestan, Iran	IR	IR15	41008	30.6693	50.2055	-3072067	4	Kurdistan, Khuzestan, Iran	IR	IR15	41008	30.6693	50.2055	-3072067	20260903174500	http://www.bignewsnetwork.com/news/279284228/6-iranian-army-members-killed-in-latest-us-attacks-media
1321339254	20260903	202609	2026	2026.6658	IRN	IRAN	IRN								MOS	MUSLIM				MOS					0	130	130	13	3	-4.4	4	1	4	-3.83233532934131	1	Iran	IR	IR		32	53	IR	1	Iran	IR	IR		32	53	IR	1	Iran	IR	IR		32	53	IR	20260903174500	https://www.americamagazine.org/short-take/2026/09/03/compassion-fatigue-bad-news-ignatian-spirituality/
1321339255	20260903	202609	2026	2026.6658	IRN	IRAN	IRN								USA	THE US	USA								1	046	046	04	1	7.0	5	1	5	-2.61324041811847	4	Tehran, Tehran, Iran	IR	IR26	41130	35.75	51.5148	10074674	1	Israel	IS	IS		31.5	34.75	IS	1	Israel	IS	IS		31.5	34.75	IS	20260903174500	https://www.hindustantimes.com/world-news/this-is-great-trump-lauds-syria-pitching-itself-as-alternative-to-strait-of-hormuz-amid-iran-war-101788452482737.html
1321339256	20260903	202609	2026	2026.6658	IRQ	IRAQ	IRQ								JEW	RABBI				JEW					0	040	040	04	1	1.0	3	1	3	0.29440628066732	1	Iraq	IZ	IZ		33	44	IZ	3	Washington, District of Columbia, United States	US	USDC	DC001	38.8951	-77.0364	531871	3	Washington, District of Columbia, United States	US	USDC	DC001	38.8951	-77.0364	531871	20260903174500	http://www.washingtonjewishweek.com/the-whys-of-the-high-holidays/
1321339257	20260903	202609	2026	2026.6658	IRQ	IRAQ	IRQ								MILCOPBUS	MILITARY POLICE						MIL	COP	BUS	1	190	190	19	4	-10.0	4	1	4	-4.83091787439614	4	Bayji, Sala? ad Din, Iraq	IZ	IZ18	36838	34.9307	43.4931	-3104002	4	Bayji, Sala? ad Din, Iraq	IZ	IZ18	36838	34.9307	43.4931	-3104002	4	Bayji, Sala? ad Din, Iraq	IZ	IZ18	36838	34.9307	43.4931	-3104002	20260903174500	https://www.wsaw.com/2026/09/03/wisconsin-veterans-museum-opens-dual-exhibits-honoring-911-anniversary-combat-medics/
1321339258	20260903	202609	2026	2026.6658	ISR	ISRAEL	ISR																		1	016	016	01	1	-2.0	4	1	4	-7.12871287128714	1	Israel	IS	IS		31.5	34.75	IS	0								1	Israel	IS	IS		31.5	34.75	IS	20260903174500	http://www.washingtonjewishweek.com/advocacy-by-omission/
1321339259	20260903	202609	2026	2026.6658	ISR	ISRAEL	ISR																		0	080	080	08	2	5.0	10	1	10	-1.14942528735633	4	Nahal Oz, HaDarom, Israel	IS	IS01	18315	31.4732	34.4978	-780808	0								4	Nahal Oz, HaDarom, Israel	IS	IS01	18315	31.4732	34.4978	-780808	20260903174500	https://www.israelnationalnews.com/news/432669
1321339260	20260903	202609	2026	2026.6658	ISR	ISRAEL	ISR																		1	080	080	08	2	5.0	2	1	2	-4.61956521739131	1	Iran	IR	IR		32	53	IR	0								1	Israel	IS	IS		31.5	34.75	IS	20260903174500	https://www.israelnationalnews.com/news/432670
1321339261	20260903	202609	2026	2026.6658	ISR	ISRAEL	ISR																		1	080	080	08	2	5.0	8	1	8	-4.61956521739131	1	Israel	IS	IS		31.5	34.75	IS	0								1	Israel	IS	IS		31.5	34.75	IS	20260903174500	https://www.israelnationalnews.com/news/432670
1321339262	20260903	202609	2026	2026.6658	ISR	ISRAELI	ISR																		1	0874	087	08	2	10.0	10	1	10	-2.01149425287356	1	Lebanon	LE	LE		33.833333	35.833333	LE	0								1	Lebanon	LE	LE		33.833333	35.833333	LE	20260903174500	https://www.mnnonline.org/news/hezbollah-disarmament-raises-fears-of-history-repeating-in-lebanon/
1321339263	20260903	202609	2026	2026.6658	ISR	ISRAEL	ISR																		1	172	172	17	4	-5.0	2	1	2	-7.22433460076046	1	Israel	IS	IS		31.5	34.75	IS	0								1	Israel	IS	IS		31.5	34.75	IS	20260903174500	https://www.theguardian.com/uk-news/2026/sep/03/pro-palestine-activists-who-were-sentenced-as-terrorists-launch-appeal
1321339264	20260903	202609	2026	2026.6658	ISR	ISRAEL	ISR																		1	190	190	19	4	-10.0	1	1	1	-9.04255319148936	4	Tel Aviv, Tel Aviv, Israel	IS	IS05	18316	32.0667	34.7667	-781545	0								4	Tehran, Tehran, Iran	IR	IR26	41130	35.75	51.5148	10074674	20260903174500	http://www.bignewsnetwork.com/news/279284227/israel-netanyahu-says-toppling-iran-government-within-reach
1321339265	20260903	202609	2026	2026.6658	ISR	ISRAEL	ISR																		1	194	194	19	4	-10.0	4	1	4	-9.04255319148936	4	Tel Aviv, Tel Aviv, Israel	IS	IS05	18316	32.0667	34.7667	-781545	0								4	Tel Aviv, Tel Aviv, Israel	IS	IS05	18316	32.0667	34.7667	-781545	20260903174500	http://www.bignewsnetwork.com/news/279284227/israel-netanyahu-says-toppling-iran-government-within-reach
1321339266	20260903	202609	2026	2026.6658	ISR	ISRAEL	ISR																		1	194	194	19	4	-10.0	1	1	1	-9.04255319148936	4	Tehran, Tehran, Iran	IR	IR26	41130	35.75	51.5148	10074674	0								4	Tehran, Tehran, Iran	IR	IR26	41130	35.75	51.5148	10074674	20260903174500	http://www.bignewsnetwork.com/news/279284227/israel-netanyahu-says-toppling-iran-government-within-reach
1321339267	20260903	202609	2026	2026.6658	ISR	ISRAEL	ISR								BUSMIL	COMPANY						BUS	MIL		0	190	190	19	4	-10.0	8	1	8	-1.14942528735633	4	Nahal Oz, HaDarom, Israel	IS	IS01	18315	31.4732	34.4978	-780808	4	Nahal Oz, HaDarom, Israel	IS	IS01	18315	31.4732	34.4978	-780808	4	Nahal Oz, HaDarom, Israel	IS	IS01	18315	31.4732	34.4978	-780808	20260903174500	https://www.israelnationalnews.com/news/432669
1321339268	20260903	202609	2026	2026.6658	ISR	ISRAEL	ISR								CVL	COMMUNITY						CVL			1	010	010	01	1	0.0	4	1	4	-5.35055350553506	4	Gaza, Israel (general), Israel	IS	IS00	18315	31.4167	34.3333	-797156	4	Gaza, Israel (general), Israel	IS	IS00	18315	31.4167	34.3333	-797156	4	Gaza, Israel (general), Israel	IS	IS00	18315	31.4167	34.3333	-797156	20260903174500	https://www.foxnews.com/us/israeli-medics-train-us-synagogues-respond-attacks-high-holidays-approach
1321339269	20260903	202609	2026	2026.6658	ISR	ISRAEL	ISR								CVL	COMMUNITY						CVL			1	012	012	01	1	-0.4	4	1	4	-5.35055350553506	4	Gaza, Israel (general), Israel	IS	IS00	18315	31.4167	34.3333	-797156	4	Gaza, Israel (general), Israel	IS	IS00	18315	31.4167	34.3333	-797156	4	Gaza, Israel (general), Israel	IS	IS00	18315	31.4167	34.3333	-797156	20260903174500	https://www.foxnews.com/us/israeli-medics-train-us-synagogues-respond-attacks-high-holidays-approach
1321339270	20260903	202609	2026	2026.6658	ISR	ISRAEL	ISR								CVL	CITIZEN						CVL			1	173	173	17	4	-5.0	5	1	5	-7.12871287128714	1	Israel	IS	IS		31.5	34.75	IS	1	Israel	IS	IS		31.5	34.75	IS	1	Israel	IS	IS		31.5	34.75	IS	20260903174500	http://www.washingtonjewishweek.com/advocacy-by-omission/
1321339271	20260903	202609	2026	2026.6658	ISR	ISRAELI	ISR								EDU	SCHOOL						EDU			0	042	042	04	1	1.9	8	1	8	1.16731517509728	4	Jerusalem, Israel (general), Israel	IS	IS00	18315	31.7667	35.2333	-797092	4	Jerusalem, Israel (general), Israel	IS	IS00	18315	31.7667	35.2333	-797092	4	Jerusalem, Israel (general), Israel	IS	IS00	18315	31.7667	35.2333	-797092	20260903174500	https://en.idi.org.il/en.idi.org.il/articles/65966
1321339272	20260903	202609	2026	2026.6658	ISR	ISRAEL	ISR								IRN	IRAN	IRN								1	046	046	04	1	7.0	5	1	5	-2.61324041811847	1	Israel	IS	IS		31.5	34.75	IS	4	Tehran, Tehran, Iran	IR	IR26	41130	35.75	51.5148	10074674	1	Israel	IS	IS		31.5	34.75	IS	20260903174500	https://www.hindustantimes.com/world-news/this-is-great-trump-lauds-syria-pitching-itself-as-alternative-to-strait-of-hormuz-amid-iran-war-101788452482737.html
1321339273	20260903	202609	2026	2026.6658	ISR	ISRAEL	ISR								IRN	IRAN	IRN								1	110	110	11	3	-2.0	2	1	2	-7.75075987841946	4	Tel Aviv, Tel Aviv, Israel	IS	IS05	18316	32.0667	34.7667	-781545	4	Tehran, Tehran, Iran	IR	IR26	41130	35.75	51.5148	10074674	4	Tel Aviv, Tel Aviv, Israel	IS	IS05	18316	32.0667	34.7667	-781545	20260903174500	https://www.moneycontrol.com/world/iran-regime-could-fall-soon-says-netanyahu-as-us-resumes-strikes-article-14022247.html
1321339274	20260903	202609	2026	2026.6658	ISR	ISRAEL	ISR								IRN	TEHRAN	IRN								1	190	190	19	4	-10.0	1	1	1	-9.04255319148936	4	Tel Aviv, Tel Aviv, Israel	IS	IS05	18316	32.0667	34.7667	-781545	4	Tel Aviv, Tel Aviv, Israel	IS	IS05	18316	32.0667	34.7667	-781545	4	Tel Aviv, Tel Aviv, Israel	IS	IS05	18316	32.0667	34.7667	-781545	20260903174500	http://www.bignewsnetwork.com/news/279284227/israel-netanyahu-says-toppling-iran-government-within-reach
1321339275	20260903	202609	2026	2026.6658	ISR	ISRAEL	ISR								IRN	IRAN	IRN								1	190	190	19	4	-10.0	8	1	8	-7.75075987841946	4	Tel Aviv, Tel Aviv, Israel	IS	IS05	18316	32.0667	34.7667	-781545	4	Tehran, Tehran, Iran	IR	IR26	41130	35.75	51.5148	10074674	4	Tel Aviv, Tel Aviv, Israel	IS	IS05	18316	32.0667	34.7667	-781545	20260903174500	https://www.moneycontrol.com/world/iran-regime-could-fall-soon-says-netanyahu-as-us-resumes-strikes-article-14022247.html
1321339276	20260903	202609	2026	2026.6658	ISR	ISRAEL	ISR								IRN	TEHRAN	IRN								1	190	190	19	4	-10.0	7	1	7	-9.04255319148936	4	Tel Aviv, Tel Aviv, Israel	IS	IS05	18316	32.0667	34.7667	-781545	4	Tehran, Tehran, Iran	IR	IR26	41130	35.75	51.5148	10074674	1	United States	US	US		39.828175	-98.5795	US	20260903174500	http://www.bignewsnetwork.com/news/279284227/israel-netanyahu-says-toppling-iran-government-within-reach
1321339277	20260903	202609	2026	2026.6658	ISR	ISRAEL	ISR								IRN	IRAN	IRN								1	190	190	19	4	-10.0	2	1	2	-7.75075987841946	3	Washington, District of Columbia, United States	US	USDC	DC001	38.8951	-77.0364	531871	4	Tehran, Tehran, Iran	IR	IR26	41130	35.75	51.5148	10074674	4	Tel Aviv, Tel Aviv, Israel	IS	IS05	18316	32.0667	34.7667	-781545	20260903174500	https://www.moneycontrol.com/world/iran-regime-could-fall-soon-says-netanyahu-as-us-resumes-strikes-article-14022247.html
1321339278	20260903	202609	2026	2026.6658	ISR	YISRAEL	ISR								JEWCVL	JEWISH				JEW		CVL			1	045	045	04	1	5.0	5	1	5	3.85164051355207	1	Israel	IS	IS		31.5	34.75	IS	1	Israel	IS	IS		31.5	34.75	IS	1	Israel	IS	IS		31.5	34.75	IS	20260903174500	http://www.washingtonjewishweek.com/we-need-each-other-now-and-always/
1321339279	20260903	202609	2026	2026.6658	ISR	ISRAEL	ISR								JUD	LAWYER						JUD			1	110	110	11	3	-2.0	2	1	2	-7.12871287128714	1	Israel	IS	IS		31.5	34.75	IS	1	Israel	IS	IS		31.5	34.75	IS	1	Israel	IS	IS		31.5	34.75	IS	20260903174500	http://www.washingtonjewishweek.com/advocacy-by-omission/
1321339280	20260903	202609	2026	2026.6658	ISR	ISRAELI	ISR								PAK	PAKISTAN	PAK								0	010	010	01	1	0.0	2	1	2	-3.48623853211009	1	Israel	IS	IS		31.5	34.75	IS	4	Ankara, Ankara, Turkey	TU	TU68	27516	39.9272	32.8644	-735338	1	Israel	IS	IS		31.5	34.75	IS	20260903174500	http://www.washingtonjewishweek.com/the-turkey-red-line/
1321339281	20260903	202609	2026	2026.6658	ISR	ISRAELI	ISR								PAK	PAKISTAN	PAK								0	010	010	01	1	0.0	2	1	2	-3.48623853211009	1	Israel	IS	IS		31.5	34.75	IS	1	Pakistan	PK	PK		30	70	PK	4	Ankara, Ankara, Turkey	TU	TU68	27516	39.9272	32.8644	-735338	20260903174500	http://www.washingtonjewishweek.com/the-turkey-red-line/
1321339282	20260903	202609	2026	2026.6658	ISR	ISRAEL	ISR								PSE	PALESTINE	PSE								1	172	172	17	4	-5.0	2	1	2	-7.22433460076046	1	Israel	IS	IS		31.5	34.75	IS	1	Israel	IS	IS		31.5	34.75	IS	1	Israel	IS	IS		31.5	34.75	IS	20260903174500	https://www.theguardian.com/uk-news/2026/sep/03/pro-palestine-activists-who-were-sentenced-as-terrorists-launch-appeal
1321339283	20260903	202609	2026	2026.6658	ISR	ISRAELI	ISR								QAT	QATAR	QAT								0	010	010	01	1	0.0	2	1	2	-3.48623853211009	1	Israel	IS	IS		31.5	34.75	IS	4	Ankara, Ankara, Turkey	TU	TU68	27516	39.9272	32.8644	-735338	1	Israel	IS	IS		31.5	34.75	IS	20260903174500	http://www.washingtonjewishweek.com/the-turkey-red-line/
1321339284	20260903	202609	2026	2026.6658	ISR	ISRAELI	ISR								QAT	QATAR	QAT								0	010	010	01	1	0.0	2	1	2	-3.48623853211009	1	Israel	IS	IS		31.5	34.75	IS	1	Qatar	QA	QA		25.5	51.25	QA	4	Ankara, Ankara, Turkey	TU	TU68	27516	39.9272	32.8644	-735338	20260903174500	http://www.washingtonjewishweek.com/the-turkey-red-line/
1321339285	20260903	202609	2026	2026.6658	ISR	ISRAELI	ISR								TUR	TURKEY	TUR								0	010	010	01	1	0.0	2	1	2	-3.48623853211009	1	Israel	IS	IS		31.5	34.75	IS	4	Ankara, Ankara, Turkey	TU	TU68	27516	39.9272	32.8644	-735338	4	Ankara, Ankara, Turkey	TU	TU68	27516	39.9272	32.8644	-735338	20260903174500	http://www.washingtonjewishweek.com/the-turkey-red-line/
1321339286	20260903	202609	2026	2026.6658	ISR	ISRAELI	ISR								TUR	TURKEY	TUR								0	010	010	01	1	0.0	2	1	2	-3.48623853211009	1	Israel	IS	IS		31.5	34.75	IS	4	Ankara, Ankara, Turkey	TU	TU68	27516	39.9272	32.8644	-735338	1	Israel	IS	IS		31.5	34.75	IS	20260903174500	http://www.washingtonjewishweek.com/the-turkey-red-line/
1321339287	20260903	202609	2026	2026.6658	ISR	ISRAEL	ISR								TUR	TURKEY	TUR								1	012	012	01	1	-0.4	2	1	2	-3.48623853211009	4	Ankara, Ankara, Turkey	TU	TU68	27516	39.9272	32.8644	-735338	1	Israel	IS	IS		31.5	34.75	IS	1	Israel	IS	IS		31.5	34.75	IS	20260903174500	http://www.washingtonjewishweek.com/the-turkey-red-line/
1321339288	20260903	202609	2026	2026.6658	ISR	ISRAEL	ISR								TUR	TURKEY	TUR								1	012	012	01	1	-0.4	6	1	6	-3.48623853211009	1	Israel	IS	IS		31.5	34.75	IS	3	Washington, District of Columbia, United States	US	USDC	DC001	38.8951	-77.0364	531871	1	Israel	IS	IS		31.5	34.75	IS	20260903174500	http://www.washingtonjewishweek.com/the-turkey-red-line/
1321339289	20260903	202609	2026	2026.6658	ISR	ISRAEL	ISR								TUR	TURKEY	TUR								1	012	012	01	1	-0.4	2	1	2	-3.48623853211009	1	Israel	IS	IS		31.5	34.75	IS	1	Israel	IS	IS		31.5	34.75	IS	1	Israel	IS	IS		31.5	34.75	IS	20260903174500	http://www.washingtonjewishweek.com/the-turkey-red-line/
1321339290	20260903	202609	2026	2026.6658	ISR	ISRAEL	ISR								TUR	TURKISH	TUR								0	042	042	04	1	1.9	4	1	4	-3.48623853211009	1	Israel	IS	IS		31.5	34.75	IS	4	Ankara, Ankara, Turkey	TU	TU68	27516	39.9272	32.8644	-735338	1	Israel	IS	IS		31.5	34.75	IS	20260903174500	http://www.washingtonjewishweek.com/the-turkey-red-line/
1321339291	20260903	202609	2026	2026.6658	ISR	ISRAEL	ISR								TURGOV	TURKISH	TUR					GOV			0	042	042	04	1	1.9	3	1	3	-3.48623853211009	1	Israel	IS	IS		31.5	34.75	IS	4	Ankara, Ankara, Turkey	TU	TU68	27516	39.9272	32.8644	-735338	1	Israel	IS	IS		31.5	34.75	IS	20260903174500	http://www.washingtonjewishweek.com/the-turkey-red-line/
1321339292	20260903	202609	2026	2026.6658	ISR	ISRAEL	ISR								UAF	TERRORIST						UAF			1	111	111	11	3	-2.0	2	1	2	-7.22433460076046	1	Israel	IS	IS		31.5	34.75	IS	1	Israel	IS	IS		31.5	34.75	IS	1	Israel	IS	IS		31.5	34.75	IS	20260903174500	https://www.theguardian.com/uk-news/2026/sep/03/pro-palestine-activists-who-were-sentenced-as-terrorists-launch-appeal
1321339293	20260903	202609	2026	2026.6658	ISR	ISRAEL	ISR								UAF	TERRORIST						UAF			1	173	173	17	4	-5.0	2	1	2	-7.22433460076046	1	Israel	IS	IS		31.5	34.75	IS	1	Israel	IS	IS		31.5	34.75	IS	1	Israel	IS	IS		31.5	34.75	IS	20260903174500	https://www.theguardian.com/uk-news/2026/sep/03/pro-palestine-activists-who-were-sentenced-as-terrorists-launch-appeal
1321339294	20260903	202609	2026	2026.6658	ISRELI	ISRAELI	ISR					ELI			PAK	PAKISTAN	PAK								0	010	010	01	1	0.0	4	1	4	-3.48623853211009	1	Israel	IS	IS		31.5	34.75	IS	1	Pakistan	PK	PK		30	70	PK	4	Ankara, Ankara, Turkey	TU	TU68	27516	39.9272	32.8644	-735338	20260903174500	http://www.washingtonjewishweek.com/the-turkey-red-line/
1321339295	20260903	202609	2026	2026.6658	ISRELI	ISRAEL	ISR					ELI			PAK	PAKISTAN	PAK								0	010	010	01	1	0.0	2	1	2	-3.48623853211009	1	Israel	IS	IS		31.5	34.75	IS	1	Qatar	QA	QA		25.5	51.25	QA	1	Israel	IS	IS		31.5	34.75	IS	20260903174500	http://www.washingtonjewishweek.com/the-turkey-red-line/
1321339296	20260903	202609	2026	2026.6658	ISRELI	ISRAEL	ISR					ELI			QAT	QATAR	QAT								0	010	010	01	1	0.0	2	1	2	-3.48623853211009	1	Israel	IS	IS		31.5	34.75	IS	4	Ankara, Ankara, Turkey	TU	TU68	27516	39.9272	32.8644	-735338	1	Israel	IS	IS		31.5	34.75	IS	20260903174500	http://www.washingtonjewishweek.com/the-turkey-red-line/
1321339297	20260903	202609	2026	2026.6658	ISRELI	ISRAELI	ISR					ELI			QAT	QATAR	QAT								0	010	010	01	1	0.0	4	1	4	-3.48623853211009	1	Israel	IS	IS		31.5	34.75	IS	1	Qatar	QA	QA		25.5	51.25	QA	4	Ankara, Ankara, Turkey	TU	TU68	27516	39.9272	32.8644	-735338	20260903174500	http://www.washingtonjewishweek.com/the-turkey-red-line/
1321339298	20260903	202609	2026	2026.6658	ISRELI	ISRAELI	ISR					ELI			TUR	TURKEY	TUR								0	010	010	01	1	0.0	4	1	4	-3.48623853211009	1	Israel	IS	IS		31.5	34.75	IS	4	Ankara, Ankara, Turkey	TU	TU68	27516	39.9272	32.8644	-735338	4	Ankara, Ankara, Turkey	TU	TU68	27516	39.9272	32.8644	-735338	20260903174500	http://www.washingtonjewishweek.com/the-turkey-red-line/
1321339299	20260903	202609	2026	2026.6658	ISRELI	ISRAEL	ISR					ELI			TUR	TURKEY	TUR								0	010	010	01	1	0.0	2	1	2	-3.48623853211009	1	Israel	IS	IS		31.5	34.75	IS	4	Ankara, Ankara, Turkey	TU	TU68	27516	39.9272	32.8644	-735338	1	Israel	IS	IS		31.5	34.75	IS	20260903174500	http://www.washingtonjewishweek.com/the-turkey-red-line/
1321339300	20260903	202609	2026	2026.6658	ITA	ITALIAN	ITA																		1	010	010	01	1	0.0	7	1	7	0.628930817610063	4	Mazaro, Sicilia, Italy	IT	IT15	18398	37.65	12.5833	-121420	0								4	Mazaro, Sicilia, Italy	IT	IT15	18398	37.65	12.5833	-121420	20260903174500	https://www.arlnow.com/2026/09/03/il-radicchio-plans-soft-opening-in-clarendon-tomorrow/
1321339301	20260903	202609	2026	2026.6658	ITA	ROME	ITA																		1	010	010	01	1	0.0	10	1	10	0.46189376443418	1	France	FR	FR		46	2	FR	0								1	France	FR	FR		46	2	FR	20260903174500	https://www.saturdayeveningpost.com/2026/09/in-a-word-a-rare-appearance/
1321339302	20260903	202609	2026	2026.6658	ITA	ITALY	ITA																		1	042	042	04	1	1.9	2	1	2	0.48465266558966	3	Long Island City, New York, United States	US	USNY	NY081	40.7448	-73.9487	955863	0								3	Long Island City, New York, United States	US	USNY		40.7448	-73.9487	955863	20260903174500	https://www.gq.com/story/gay-hookup-app-barber-loyalty
1321339303	20260903	202609	2026	2026.6658	ITA	ITALY	ITA								AGR	FARMER						AGR			1	043	043	04	1	2.8	4	1	4	1.72166427546628	1	Italy	IT	IT		42.833333	12.833333	IT	1	Italy	IT	IT		42.833333	12.833333	IT	1	Italy	IT	IT		42.833333	12.833333	IT	20260903174500	https://www.boldsky.com/fashion/chief-minister-vijay-gifts-his-christian-dior-sunglasses-to-an-elderly-woman-in-mettur-172627.html
1321339304	20260903	202609	2026	2026.6658	ITA	ITALIAN	ITA								BUS	BUSINESS						BUS			1	192	192	19	4	-9.5	10	1	10	0.628930817610063	4	Mazaro, Sicilia, Italy	IT	IT15	18398	37.65	12.5833	-121420	4	Mazaro, Sicilia, Italy	IT	IT15	18398	37.65	12.5833	-121420	4	Mazaro, Sicilia, Italy	IT	IT15	18398	37.65	12.5833	-121420	20260903174500	https://www.arlnow.com/2026/09/03/il-radicchio-plans-soft-opening-in-clarendon-tomorrow/
1321339305	20260903	202609	2026	2026.6658	ITA	ITALY	ITA								CHR	CHRISTIAN				CHR					1	040	040	04	1	1.0	2	1	2	1.72166427546628	1	Italy	IT	IT		42.833333	12.833333	IT	1	Italy	IT	IT		42.833333	12.833333	IT	1	Italy	IT	IT		42.833333	12.833333	IT	20260903174500	https://www.boldsky.com/fashion/chief-minister-vijay-gifts-his-christian-dior-sunglasses-to-an-elderly-woman-in-mettur-172627.html
1321339306	20260903	202609	2026	2026.6658	ITA	ITALY	ITA								CRM	FELON						CRM			0	173	173	17	4	-5.0	8	1	4	-15.1862464183381	4	Rome, Lazio, Italy	IT	IT07	18350	41.9	12.4833	-126693	4	Rome, Lazio, Italy	IT	IT07	18350	41.9	12.4833	-126693	4	Rome, Lazio, Italy	IT	IT07	18350	41.9	12.4833	-126693	20260903174500	https://www.1049therebel.com/2026/09/03/arrest-reports-for-september-3rd/
1321339307	20260903	202609	2026	2026.6658	JAM	JAMAICA	JAM																		1	110	110	11	3	-2.0	4	1	4	-1.5126050420168	1	Jamaica	JM	JM		18.25	-77.5	JM	0								1	United States	US	US		39.828175	-98.5795	US	20260903174500	http://jamaica-star.com/article/news/20260903/education-stakeholder-cautions-teacher-about-dating-comments
1321339308	20260903	202609	2026	2026.6658	JAM	JAMAICA	JAM																		1	173	173	17	4	-5.0	4	1	4	-9.32203389830506	4	Petersfield, Saint Thomas, Jamaica	JM	JM14	18431	17.9142	-76.5101	-3753228	0								4	Petersfield, Saint Thomas, Jamaica	JM	JM14	18431	17.9142	-76.5101	-3753228	20260903174500	http://jamaica-star.com/article/news/20260903/600k-%E2%80%98kidnapping%E2%80%99-turns-out-be-fake-woman-charged
1321339309	20260903	202609	2026	2026.6658	JAM	JAMAICA	JAM								BUS	INDUSTRY						BUS			1	100	100	10	3	-5.0	1	1	1	-1.36612021857924	1	Jamaica	JM	JM		18.25	-77.5	JM	1	Jamaica	JM	JM		18.25	-77.5	JM	1	Jamaica	JM	JM		18.25	-77.5	JM	20260903174500	http://jamaica-star.com/article/news/20260903/jamaica-records-more-two-million-visitor-arrivals
1321339310	20260903	202609	2026	2026.6658	JAM	JAMAICA	JAM								GOV	PRESIDENT						GOV			1	120	120	12	3	-4.0	10	1	10	-1.5126050420168	1	Jamaica	JM	JM		18.25	-77.5	JM	1	Jamaica	JM	JM		18.25	-77.5	JM	1	Jamaica	JM	JM		18.25	-77.5	JM	20260903174500	http://jamaica-star.com/article/news/20260903/education-stakeholder-cautions-teacher-about-dating-comments
1321339311	20260903	202609	2026	2026.6658	JAM	JAMAICA	JAM								GOV	PRESIDENT						GOV			1	130	130	13	3	-4.4	10	1	10	-1.5126050420168	1	Jamaica	JM	JM		18.25	-77.5	JM	1	Jamaica	JM	JM		18.25	-77.5	JM	1	Jamaica	JM	JM		18.25	-77.5	JM	20260903174500	http://jamaica-star.com/article/news/20260903/education-stakeholder-cautions-teacher-about-dating-comments
1321339312	20260903	202609	2026	2026.6658	JAM	JAMAICA	JAM								NMR	NORTH AMERICA	NMR								1	020	020	02	1	3.0	1	1	1	-1.5126050420168	1	Jamaica	JM	JM		18.25	-77.5	JM	1	Jamaica	JM	JM		18.25	-77.5	JM	1	Jamaica	JM	JM		18.25	-77.5	JM	20260903174500	http://jamaica-star.com/article/news/20260903/education-stakeholder-cautions-teacher-about-dating-comments
1321339313	20260903	202609	2026	2026.6658	JAM	JAMAICA	JAM								NMR	NORTH AMERICA	NMR								1	020	020	02	1	3.0	1	1	1	-1.5126050420168	1	Jamaica	JM	JM		18.25	-77.5	JM	1	United States	US	US		39.828175	-98.5795	US	1	Jamaica	JM	JM		18.25	-77.5	JM	20260903174500	http://jamaica-star.com/article/news/20260903/education-stakeholder-cautions-teacher-about-dating-comments
1321339314	20260903	202609	2026	2026.6658	JAM	JAMAICA	JAM								USA	UNITED STATES	USA								1	020	020	02	1	3.0	2	1	2	-1.5126050420168	1	Jamaica	JM	JM		18.25	-77.5	JM	1	United States	US	US		39.828175	-98.5795	US	1	Jamaica	JM	JM		18.25	-77.5	JM	20260903174500	http://jamaica-star.com/article/news/20260903/education-stakeholder-cautions-teacher-about-dating-comments
1321339315	20260903	202609	2026	2026.6658	JEW	RABBI				JEW															0	010	010	01	1	0.0	4	1	4	-3.33333333333334	4	Givati, HaDarom, Israel	IS	IS01	18315	31.733	34.6799	-779915	0								4	Givati, HaDarom, Israel	IS	IS01	18315	31.733	34.6799	-779915	20260903174500	https://www.israelnationalnews.com/news/432668
1321339316	20260903	202609	2026	2026.6658	JEW	RABBI				JEW															0	010	010	01	1	0.0	6	1	6	-3.33333333333334	4	Gaza, Israel (general), Israel	IS	IS00	18315	31.4167	34.3333	-797156	0								4	Gaza, Israel (general), Israel	IS	IS00	18315	31.4167	34.3333	-797156	20260903174500	https://www.israelnationalnews.com/news/432668
1321339317	20260903	202609	2026	2026.6658	JEW	RABBI				JEW															1	010	010	01	1	0.0	5	1	5	0.29440628066732	3	Washington, District of Columbia, United States	US	USDC	DC001	38.8951	-77.0364	531871	0								3	Washington, District of Columbia, United States	US	USDC	DC001	38.8951	-77.0364	531871	20260903174500	http://www.washingtonjewishweek.com/the-whys-of-the-high-holidays/
1321339318	20260903	202609	2026	2026.6658	JEW	JEWISH				JEW															1	010	010	01	1	0.0	5	1	5	0.83916083916084	2	Maryland, United States	US	USMD		39.0724	-76.7902	MD	0								2	Maryland, United States	US	USMD		39.0724	-76.7902	MD	20260903174500	http://www.washingtonjewishweek.com/schuster-takes-helm-of-washington-jewish-week/
1321339319	20260903	202609	2026	2026.6658	JEW	RABBI				JEW															1	017	017	01	1	0.0	2	1	2	0.29440628066732	3	Washington, District of Columbia, United States	US	USDC	DC001	38.8951	-77.0364	531871	0								3	Washington, District of Columbia, United States	US	USDC	DC001	38.8951	-77.0364	531871	20260903174500	http://www.washingtonjewishweek.com/the-whys-of-the-high-holidays/
1321339320	20260903	202609	2026	2026.6658	JEW	RABBI				JEW															1	017	017	01	1	0.0	8	1	8	0.29440628066732	1	Iraq	IZ	IZ		33	44	IZ	0								1	Iraq	IZ	IZ		33	44	IZ	20260903174500	http://www.washingtonjewishweek.com/the-whys-of-the-high-holidays/
1321339321	20260903	202609	2026	2026.6658	JEW	RABBI				JEW															0	040	040	04	1	1.0	1	1	1	0.29440628066732	3	Washington, District of Columbia, United States	US	USDC	DC001	38.8951	-77.0364	531871	0								3	Washington, District of Columbia, United States	US	USDC	DC001	38.8951	-77.0364	531871	20260903174500	http://www.washingtonjewishweek.com/the-whys-of-the-high-holidays/
1321339322	20260903	202609	2026	2026.6658	JEW	RABBI				JEW															0	040	040	04	1	1.0	6	1	6	0.29440628066732	1	Iraq	IZ	IZ		33	44	IZ	0								1	Iraq	IZ	IZ		33	44	IZ	20260903174500	http://www.washingtonjewishweek.com/the-whys-of-the-high-holidays/
1321339323	20260903	202609	2026	2026.6658	JEW	JEWISH				JEW															0	1721	172	17	4	-5.0	10	1	10	-5.35055350553506	4	Gaza, Israel (general), Israel	IS	IS00	18315	31.4167	34.3333	-797156	0								4	Gaza, Israel (general), Israel	IS	IS00	18315	31.4167	34.3333	-797156	20260903174500	https://www.foxnews.com/us/israeli-medics-train-us-synagogues-respond-attacks-high-holidays-approach
1321339324	20260903	202609	2026	2026.6658	JEW	RABBI				JEW					IRQ	IRAQ	IRQ								0	040	040	04	1	1.0	3	1	3	0.29440628066732	3	Washington, District of Columbia, United States	US	USDC	DC001	38.8951	-77.0364	531871	1	Iraq	IZ	IZ		33	44	IZ	3	Washington, District of Columbia, United States	US	USDC	DC001	38.8951	-77.0364	531871	20260903174500	http://www.washingtonjewishweek.com/the-whys-of-the-high-holidays/
1321339325	20260903	202609	2026	2026.6658	JEW	JEWISH				JEW					JEWCVL	JEWISH				JEW		CVL			1	010	010	01	1	0.0	10	1	10	-0.92592592592593	0								0								0								20260903174500	http://www.washingtonjewishweek.com/swastikas-found-at-howard-county-elementary-school/
1321339326	20260903	202609	2026	2026.6658	JEW	JEWISH				JEW					USA	TENNESSEE	USA								1	020	020	02	1	3.0	10	1	10	-5.18672199170124	2	Tennessee, United States	US	USTN		35.7449	-86.7489	TN	2	Tennessee, United States	US	USTN		35.7449	-86.7489	TN	2	Tennessee, United States	US	USTN		35.7449	-86.7489	TN	20260903174500	https://baptistnews.com/article/jewish-couple-asks-tennessee-court-to-end-adoption-discrimination/
1321339327	20260903	202609	2026	2026.6658	JEWHSD	HASIDIC JUDAISM				JEW	HSD														1	010	010	01	1	0.0	8	1	8	3.85164051355207	1	Israel	IS	IS		31.5	34.75	IS	0								1	Israel	IS	IS		31.5	34.75	IS	20260903174500	http://www.washingtonjewishweek.com/we-need-each-other-now-and-always/
1321339328	20260903	202609	2026	2026.6658	JEWHSD	HASIDIC JUDAISM				JEW	HSD														1	120	120	12	3	-4.0	8	1	8	3.85164051355207	1	Israel	IS	IS		31.5	34.75	IS	0								1	Israel	IS	IS		31.5	34.75	IS	20260903174500	http://www.washingtonjewishweek.com/we-need-each-other-now-and-always/
1321339329	20260903	202609	2026	2026.6658	JEWHSD	HASIDIC JUDAISM				JEW	HSD				ISR	ISRAEL	ISR								1	010	010	01	1	0.0	2	1	2	3.85164051355207	1	Israel	IS	IS		31.5	34.75	IS	1	Israel	IS	IS		31.5	34.75	IS	1	Israel	IS	IS		31.5	34.75	IS	20260903174500	http://www.washingtonjewishweek.com/we-need-each-other-now-and-always/
1321339330	20260903	202609	2026	2026.6658	JEWHSD	HASIDIC JUDAISM				JEW	HSD				ISR	ISRAEL	ISR								1	120	120	12	3	-4.0	2	1	2	3.85164051355207	1	Israel	IS	IS		31.5	34.75	IS	1	Israel	IS	IS		31.5	34.75	IS	1	Israel	IS	IS		31.5	34.75	IS	20260903174500	http://www.washingtonjewishweek.com/we-need-each-other-now-and-always/
1321339331	20260903	202609	2026	2026.6658	JPN	JAPAN	JPN								BUS	INVESTOR						BUS			1	046	046	04	1	7.0	2	1	2	0.33112582781457	4	Tokyo, Tokyo, Japan	JA	JA40	36340	35.685	139.751	-246227	4	Tokyo, Tokyo, Japan	JA	JA40	36340	35.685	139.751	-246227	4	Tokyo, Tokyo, Japan	JA	JA40	36340	35.685	139.751	-246227	20260903174500	https://www.finanznachrichten.de/nachrichten-2026-09/69489697-poxel-sa-laure-helene-mercier-co-opted-as-chair-of-the-board-of-directors-of-poxel-004.htm
1321339332	20260903	202609	2026	2026.6658	JPN	JAPAN	JPN								GOV	MAYOR						GOV			1	040	040	04	1	1.0	2	1	2	4.83870967741935	1	Japan	JA	JA		36	138	JA	4	Punta Gorda, Toledo, Belize	BH	BH06	5860	16.1	-88.8	-1150073	1	Japan	JA	JA		36	138	JA	20260903174500	https://lovefm.com/belize-and-japan-explore-expanded-cooperation-in-punta-gorda/
1321339333	20260903	202609	2026	2026.6658	JPNMED	JAPAN	JPN					MED			BLZGOV	BELIZE	BLZ					GOV			1	040	040	04	1	1.0	2	1	2	4.83870967741935	1	Japan	JA	JA		36	138	JA	4	Punta Gorda, Toledo, Belize	BH	BH06	5860	16.1	-88.8	-1150073	1	Japan	JA	JA		36	138	JA	20260903174500	https://lovefm.com/belize-and-japan-explore-expanded-cooperation-in-punta-gorda/
1321339334	20260903	202609	2026	2026.6658	JUD	ATTORNEY						JUD													0	010	010	01	1	0.0	10	1	10	-7.12871287128714	1	Israel	IS	IS		31.5	34.75	IS	0								1	Israel	IS	IS		31.5	34.75	IS	20260903174500	http://www.washingtonjewishweek.com/advocacy-by-omission/
1321339335	20260903	202609	2026	2026.6658	JUD	LAWYER						JUD													0	015	015	01	1	0.0	5	1	5	-2	4	Abuja, Abuja Federal Capital Territory, Nigeria	NI	NI11	191147	9.08333	7.53333	-1997013	0								4	Abuja, Abuja Federal Capital Territory, Nigeria	NI	NI11	191147	9.08333	7.53333	-1997013	20260903174500	https://blueprint.ng/businessman-drags-police-service-commission-secretary-to-court-seeks-n50-million-damages/
1321339336	20260903	202609	2026	2026.6658	JUD	LAWYER						JUD													0	027	027	02	1	4.0	5	1	5	-2	4	Abuja, Abuja Federal Capital Territory, Nigeria	NI	NI11	191147	9.08333	7.53333	-1997013	0								4	Abuja, Abuja Federal Capital Territory, Nigeria	NI	NI11	191147	9.08333	7.53333	-1997013	20260903174500	https://blueprint.ng/businessman-drags-police-service-commission-secretary-to-court-seeks-n50-million-damages/
1321339337	20260903	202609	2026	2026.6658	JUD	ATTORNEY						JUD													1	030	030	03	1	4.0	6	1	6	-8.94039735099338	3	Richmond County, Georgia, United States	US	USGA	GA245	33.3668	-82.0998	358024	0								3	Richmond County, Georgia, United States	US	USGA		33.3668	-82.0998	358024	20260903174500	https://www.wrdw.com/2026/09/03/richmond-county-sheriff-calls-friday-news-conference-amid-week-turmoil/
1321339338	20260903	202609	2026	2026.6658	JUD	JUDGE						JUD													0	0841	084	08	2	7.0	5	1	5	-9.07216494845356	2	Michigan, United States	US	USMI		43.3504	-84.5603	MI	0								2	Michigan, United States	US	USMI		43.3504	-84.5603	MI	20260903174500	https://clclt.com/uncategorized/do-first-time-offenders-go-to-jail/
1321339339	20260903	202609	2026	2026.6658	JUD	CHANCERY						JUD													0	110	110	11	3	-2.0	10	1	10	-5.18672199170124	2	Tennessee, United States	US	USTN		35.7449	-86.7489	TN	0								2	Tennessee, United States	US	USTN		35.7449	-86.7489	TN	20260903174500	https://baptistnews.com/article/jewish-couple-asks-tennessee-court-to-end-adoption-discrimination/
1321339340	20260903	202609	2026	2026.6658	JUD	ATTORNEY						JUD			BHS	BAHAMA	BHS								1	120	120	12	3	-4.0	8	1	8	-6.10465116279069	4	Nassau, New Providence, Bahamas, The	BF	BF23	5747	25.0833	-77.35	-1543832	4	Nassau, New Providence, Bahamas, The	BF	BF23	5747	25.0833	-77.35	-1543832	4	Nassau, New Providence, Bahamas, The	BF	BF23	5747	25.0833	-77.35	-1543832	20260903174500	https://www.newsday.com/long-island/investigations/wantagh-fire-department-rape-case-settlement-e8zogcqf
1321339341	20260903	202609	2026	2026.6658	JUD	ATTORNEY						JUD			BHSJUD	NASSAU	BHS					JUD			1	120	120	12	3	-4.0	2	1	2	-6.10465116279069	4	Nassau, New Providence, Bahamas, The	BF	BF23	5747	25.0833	-77.35	-1543832	4	Nassau, New Providence, Bahamas, The	BF	BF23	5747	25.0833	-77.35	-1543832	4	Nassau, New Providence, Bahamas, The	BF	BF23	5747	25.0833	-77.35	-1543832	20260903174500	https://www.newsday.com/long-island/investigations/wantagh-fire-department-rape-case-settlement-e8zogcqf
1321339342	20260903	202609	2026	2026.6658	JUD	JUDGE						JUD			BUS	COMMERCIAL ENTERPRISE						BUS			1	014	014	01	1	0.0	5	1	5	-6.25	0								0								0								20260903174500	https://www.dailymail.com/news/article-16102941/Family-run-bistro-boss-centre-WhatsApp-cocaine-dealing-operation-son-brother-jailed.html
1321339343	20260903	202609	2026	2026.6658	JUD	COUNSEL						JUD			BUS	EMPLOYER						BUS			0	051	051	05	1	3.4	10	1	10	-3.2329988851728	4	Bethlehem, West Bank (general), West Bank	WE	WE00	18315	31.7049	35.2038	-793854	4	Bethlehem, West Bank (general), West Bank	WE	WE00	18315	31.7049	35.2038	-793854	4	Bethlehem, West Bank (general), West Bank	WE	WE00	18315	31.7049	35.2038	-793854	20260903174500	https://natlawreview.com/article/nlrbs-top-prosecutor-puts-13-labor-precedents-crosshairs
1321339344	20260903	202609	2026	2026.6658	JUD	FEDERAL JUDGE						JUD			CHR	CHRISTIAN				CHR					0	084	084	08	2	7.0	6	1	6	-7.64617691154423	2	Texas, United States	US	USTX		31.106	-97.6475	TX	1	Mexico	MX	MX		23	-102	MX	1	Mexico	MX	MX		23	-102	MX	20260903174500	https://www.click2houston.com/news/politics/2026/09/03/ap-source-ice-officer-charged-with-lying-to-investigators-in-the-shooting-of-venezuelan-man/
1321339345	20260903	202609	2026	2026.6658	JUD	FEDERAL JUDGE						JUD			CHR	CHRISTIAN				CHR					0	174	174	17	4	-5.0	6	1	6	-7.64617691154423	2	Texas, United States	US	USTX		31.106	-97.6475	TX	1	Mexico	MX	MX		23	-102	MX	2	Texas, United States	US	USTX		31.106	-97.6475	TX	20260903174500	https://www.click2houston.com/news/politics/2026/09/03/ap-source-ice-officer-charged-with-lying-to-investigators-in-the-shooting-of-venezuelan-man/
1321339346	20260903	202609	2026	2026.6658	JUD	LAWYER						JUD			CRM	CRIMINAL						CRM			1	020	020	02	1	3.0	5	1	5	-6.54761904761904	1	Malaysia	MY	MY		2.5	112.5	MY	1	Malaysia	MY	MY		2.5	112.5	MY	1	Malaysia	MY	MY		2.5	112.5	MY	20260903174500	https://www.freemalaysiatoday.com/category/nation/2026/09/04/coroner-s-bill-must-include-independent-probe-team-says-ngo
1321339347	20260903	202609	2026	2026.6658	JUD	ADVOCATE						JUD			EDU	SCHOOL						EDU			0	071	071	07	2	7.4	5	1	5	-2.82542885973764	3	Columbia County, Georgia, United States	US	USGA	GA073	33.5501	-82.2504	348865	3	Columbia County, Georgia, United States	US	USGA		33.5501	-82.2504	348865	3	Columbia County, Georgia, United States	US	USGA		33.5501	-82.2504	348865	20260903174500	https://www.wrdw.com/2026/09/03/final-forum-augusta-data-center-rules-comes-amid-national-debate/
1321339348	20260903	202609	2026	2026.6658	JUD	ATTORNEY						JUD			GOV	MAYOR						GOV			1	025	025	02	1	-0.3	6	1	6	-2.5	3	Prince William County, Virginia, United States	US	USVA	VA153	38.7001	-77.483	1480161	3	Prince William County, Virginia, United States	US	USVA		38.7001	-77.483	1480161	3	Prince William County, Virginia, United States	US	USVA		38.7001	-77.483	1480161	20260903174500	https://www.arlnow.com/2026/09/03/falls-church-begins-rewriting-rules-for-clearing-snow-from-sidewalks/
1321339349	20260903	202609	2026	2026.6658	JUD	LAWYER						JUD			IND	NEW DELHI	IND								1	141	141	14	3	-6.5	6	1	6	-1.69491525423729	4	Delhi, Delhi, India	IN	IN07	17911	28.6667	77.2167	-2094230	4	Delhi, Delhi, India	IN	IN07	17911	28.6667	77.2167	-2094230	4	Delhi, Delhi, India	IN	IN07	17911	28.6667	77.2167	-2094230	20260903174500	https://www.thehindu.com/news/national/supreme-court-asks-lawyers-to-move-delhi-hc-for-probe-into-attack-on-peaceful-protest-in-bci-premises/article71425148.ece
1321339350	20260903	202609	2026	2026.6658	JUD	JUDGE						JUD			OPP	PRISONER						OPP			0	036	036	03	1	4.0	10	1	10	-7.22433460076046	1	Israel	IS	IS		31.5	34.75	IS	1	Israel	IS	IS		31.5	34.75	IS	1	Israel	IS	IS		31.5	34.75	IS	20260903174500	https://www.theguardian.com/uk-news/2026/sep/03/pro-palestine-activists-who-were-sentenced-as-terrorists-launch-appeal
1321339351	20260903	202609	2026	2026.6658	JUD	JUDGE						JUD			REL	ABBOT									0	120	120	12	3	-4.0	6	1	6	-8.44748858447488	2	Minnesota, United States	US	USMN		45.7326	-93.9196	MN	2	Minnesota, United States	US	USMN		45.7326	-93.9196	MN	2	Minnesota, United States	US	USMN		45.7326	-93.9196	MN	20260903174500	https://www.fox4news.com/news/feds-charges-ice-agent-lying-about-minneapolis-shooting-report
1321339352	20260903	202609	2026	2026.6658	JUD	ATTORNEY						JUD			USA	UNITED STATES	USA								1	030	030	03	1	4.0	1	1	1	-8.94039735099338	3	Richmond County, Georgia, United States	US	USGA	GA245	33.3668	-82.0998	358024	3	Richmond County, Georgia, United States	US	USGA		33.3668	-82.0998	358024	2	Georgia, United States	US	USGA		32.9866	-83.6487	GA	20260903174500	https://www.wrdw.com/2026/09/03/richmond-county-sheriff-calls-friday-news-conference-amid-week-turmoil/
1321339353	20260903	202609	2026	2026.6658	JUD	ATTORNEY						JUD			USA	UNITED STATES	USA								1	030	030	03	1	4.0	1	1	1	-8.94039735099338	2	Georgia, United States	US	USGA		32.9866	-83.6487	GA	2	Georgia, United States	US	USGA		32.9866	-83.6487	GA	2	Georgia, United States	US	USGA		32.9866	-83.6487	GA	20260903174500	https://www.wrdw.com/2026/09/03/richmond-county-sheriff-calls-friday-news-conference-amid-week-turmoil/
1321339354	20260903	202609	2026	2026.6658	JUD	JUDGE						JUD			USA	UNITED STATES	USA								0	120	120	12	3	-4.0	2	1	2	-8.44748858447488	1	Venezuela	VE	VE		8	-66	VE	2	Texas, United States	US	USTX		31.106	-97.6475	TX	2	Minnesota, United States	US	USMN		45.7326	-93.9196	MN	20260903174500	https://www.fox4news.com/news/feds-charges-ice-agent-lying-about-minneapolis-shooting-report
1321339355	20260903	202609	2026	2026.6658	JUD	JUDGE						JUD			USAREL	UNITED STATES	USA								0	120	120	12	3	-4.0	2	1	2	-8.44748858447488	1	Venezuela	VE	VE		8	-66	VE	2	Texas, United States	US	USTX		31.106	-97.6475	TX	2	Texas, United States	US	USTX		31.106	-97.6475	TX	20260903174500	https://www.fox4news.com/news/feds-charges-ice-agent-lying-about-minneapolis-shooting-report
1321339356	20260903	202609	2026	2026.6658	JUD	FEDERAL JUDGE						JUD			VEN	VENEZUELA	VEN								0	084	084	08	2	7.0	2	1	2	-7.64617691154423	2	Texas, United States	US	USTX		31.106	-97.6475	TX	1	Venezuela	VE	VE		8	-66	VE	1	Venezuela	VE	VE		8	-66	VE	20260903174500	https://www.click2houston.com/news/politics/2026/09/03/ap-source-ice-officer-charged-with-lying-to-investigators-in-the-shooting-of-venezuelan-man/
1321339357	20260903	202609	2026	2026.6658	JUD	FEDERAL JUDGE						JUD			VEN	VENEZUELA	VEN								0	084	084	08	2	7.0	2	1	2	-7.64617691154423	1	Venezuela	VE	VE		8	-66	VE	1	Venezuela	VE	VE		8	-66	VE	1	Venezuela	VE	VE		8	-66	VE	20260903174500	https://www.click2houston.com/news/politics/2026/09/03/ap-source-ice-officer-charged-with-lying-to-investigators-in-the-shooting-of-venezuelan-man/
1321339358	20260903	202609	2026	2026.6658	JUD	FEDERAL JUDGE						JUD			VEN	VENEZUELA	VEN								0	174	174	17	4	-5.0	1	1	1	-7.64617691154423	1	Venezuela	VE	VE		8	-66	VE	1	Venezuela	VE	VE		8	-66	VE	1	Mexico	MX	MX		23	-102	MX	20260903174500	https://www.click2houston.com/news/politics/2026/09/03/ap-source-ice-officer-charged-with-lying-to-investigators-in-the-shooting-of-venezuelan-man/
1321339359	20260903	202609	2026	2026.6658	KEN	KENYA	KEN																		0	012	012	01	1	-0.4	5	1	5	-2.18068535825545	5	Nyanza Region, Nyanza, Kenya	KE	KE07	18585	-0.5	34.5	-2260069	0								5	Nyanza Region, Nyanza, Kenya	KE	KE07	18585	-0.5	34.5	-2260069	20260903174500	https://www.standardmedia.co.ke/nyanza/article/2001556938/group-rejects-plans-to-construct-nuclear-power-plant-in-nyanza
1321339360	20260903	202609	2026	2026.6658	KEN	KENYA	KEN								MED	MEDIA						MED			1	010	010	01	1	0.0	4	1	4	5.08744038155802	4	Athi, Eastern, Kenya	KE	KE03	18585	-2.26667	38.0667	-2241939	4	Athi, Eastern, Kenya	KE	KE03	18585	-2.26667	38.0667	-2241939	4	Athi, Eastern, Kenya	KE	KE03	18585	-2.26667	38.0667	-2241939	20260903174500	https://www.standardmedia.co.ke/national/article/2001556939/government-to-launch-initiatives-to-empower-informal-workers
1321339361	20260903	202609	2026	2026.6658	KENCVL	KENYA	KEN					CVL													0	111	111	11	3	-2.0	10	1	10	-2.18068535825545	5	Nyanza Region, Nyanza, Kenya	KE	KE07	18585	-0.5	34.5	-2260069	0								5	Nyanza Region, Nyanza, Kenya	KE	KE07	18585	-0.5	34.5	-2260069	20260903174500	https://www.standardmedia.co.ke/nyanza/article/2001556938/group-rejects-plans-to-construct-nuclear-power-plant-in-nyanza
1321339362	20260903	202609	2026	2026.6658	KOR	SOUTH KOREA	KOR																		1	084	084	08	2	7.0	8	1	8	1.28205128205128	1	Bhutan	BT	BT		27.5	90.5	BT	0								1	Bhutan	BT	BT		27.5	90.5	BT	20260903174500	https://eurovoix.com/2026/09/03/south-korea-koreas-next-wave-rehearsal-snippets-released/
1321339363	20260903	202609	2026	2026.6658	KOR	SOUTH KOREA	KOR																		1	084	084	08	2	7.0	2	1	2	1.28205128205128	1	Bhutan	BT	BT		27.5	90.5	BT	0								1	Cambodia	CB	CB		13	105	CB	20260903174500	https://eurovoix.com/2026/09/03/south-korea-koreas-next-wave-rehearsal-snippets-released/
1321339364	20260903	202609	2026	2026.6658	KWT	KUWAIT	KWT								IRN	IRANIAN	IRN								0	010	010	01	1	0.0	2	1	2	-7.75075987841946	4	Tehran, Tehran, Iran	IR	IR26	41130	35.75	51.5148	10074674	1	Kuwait	KU	KU		29.5	47.75	KU	4	Tehran, Tehran, Iran	IR	IR26	41130	35.75	51.5148	10074674	20260903174500	https://www.moneycontrol.com/world/iran-regime-could-fall-soon-says-netanyahu-as-us-resumes-strikes-article-14022247.html
1321339365	20260903	202609	2026	2026.6658	KWT	KUWAIT	KWT								IRN	IRANIAN	IRN								0	010	010	01	1	0.0	8	1	8	-7.75075987841946	1	Kuwait	KU	KU		29.5	47.75	KU	4	Tehran, Tehran, Iran	IR	IR26	41130	35.75	51.5148	10074674	4	Tehran, Tehran, Iran	IR	IR26	41130	35.75	51.5148	10074674	20260903174500	https://www.moneycontrol.com/world/iran-regime-could-fall-soon-says-netanyahu-as-us-resumes-strikes-article-14022247.html
1321339366	20260903	202609	2026	2026.6658	LAB	WORKER						LAB													0	010	010	01	1	0.0	4	1	4	5.08744038155802	4	Athi, Eastern, Kenya	KE	KE03	18585	-2.26667	38.0667	-2241939	0								4	Athi, Eastern, Kenya	KE	KE03	18585	-2.26667	38.0667	-2241939	20260903174500	https://www.standardmedia.co.ke/national/article/2001556939/government-to-launch-initiatives-to-empower-informal-workers
1321339367	20260903	202609	2026	2026.6658	LAB	WORKER						LAB													0	010	010	01	1	0.0	6	1	6	5.08744038155802	4	Nyota, Rift Valley, Kenya	KE	KE08	18585	-0.35	35.7	-2260161	0								4	Nyota, Rift Valley, Kenya	KE	KE08	18585	-0.35	35.7	-2260161	20260903174500	https://www.standardmedia.co.ke/national/article/2001556939/government-to-launch-initiatives-to-empower-informal-workers
1321339368	20260903	202609	2026	2026.6658	LAB	UNIONS						LAB													0	010	010	01	1	0.0	5	1	5	-5.35055350553506	4	Gaza, Israel (general), Israel	IS	IS00	18315	31.4167	34.3333	-797156	0								4	Gaza, Israel (general), Israel	IS	IS00	18315	31.4167	34.3333	-797156	20260903174500	https://www.foxnews.com/us/israeli-medics-train-us-synagogues-respond-attacks-high-holidays-approach
1321339369	20260903	202609	2026	2026.6658	LAB	EMPLOYEE						LAB													1	010	010	01	1	0.0	10	1	10	-1.34228187919463	3	Miami, Florida, United States	US	USFL	FL086	25.7743	-80.1937	295004	0								3	Miami, Florida, United States	US	USFL	FL086	25.7743	-80.1937	295004	20260903174500	https://cbs12.com/news/local/miami-international-airport-mia-bomb-joke-threat-passenger-arrested-after-bomb-claim-delays-miami-flight-to-cuba-american-airlines-miami-dade-sheriffs-office-
1321339370	20260903	202609	2026	2026.6658	LAB	EMPLOYEE						LAB													1	120	120	12	3	-4.0	10	1	10	-1.34228187919463	3	Miami, Florida, United States	US	USFL	FL086	25.7743	-80.1937	295004	0								3	Miami, Florida, United States	US	USFL	FL086	25.7743	-80.1937	295004	20260903174500	https://cbs12.com/news/local/miami-international-airport-mia-bomb-joke-threat-passenger-arrested-after-bomb-claim-delays-miami-flight-to-cuba-american-airlines-miami-dade-sheriffs-office-
1321339371	20260903	202609	2026	2026.6658	LAB	WORKER						LAB			BUS	EMPLOYER						BUS			1	040	040	04	1	1.0	6	1	6	-4.82315112540193	2	Louisiana, United States	US	USLA		31.1801	-91.8749	LA	2	Louisiana, United States	US	USLA		31.1801	-91.8749	LA	2	Louisiana, United States	US	USLA		31.1801	-91.8749	LA	20260903174500	https://talk1073.com/2026/09/03/louisiana-act-648-how-new-workers-comp-laws-level-the-playing-field/
1321339372	20260903	202609	2026	2026.6658	LAB	WORKER						LAB			CVL	SETTLEMENT						CVL			0	1043	104	10	3	-5.0	10	1	10	-5.85585585585586	2	Texas, United States	US	USTX		31.106	-97.6475	TX	2	Texas, United States	US	USTX		31.106	-97.6475	TX	2	Texas, United States	US	USTX		31.106	-97.6475	TX	20260903174500	https://www.workerscompensation.com/daily-headlines/3-key-cases-on-workers-compensation-settlements/
1321339373	20260903	202609	2026	2026.6658	LAB	WORKER						LAB			JUD	ATTORNEY						JUD			1	114	114	11	3	-2.0	8	1	8	-4.82315112540193	2	Louisiana, United States	US	USLA		31.1801	-91.8749	LA	2	Louisiana, United States	US	USLA		31.1801	-91.8749	LA	2	Louisiana, United States	US	USLA		31.1801	-91.8749	LA	20260903174500	https://talk1073.com/2026/09/03/louisiana-act-648-how-new-workers-comp-laws-level-the-playing-field/
1321339374	20260903	202609	2026	2026.6658	LAB	EMPLOYEE						LAB			MNCUSA	NVIDIA	USA					MNC			0	030	030	03	1	4.0	5	1	5	3.5230352303523	2	Michigan, United States	US	USMI		43.3504	-84.5603	MI	2	Michigan, United States	US	USMI		43.3504	-84.5603	MI	2	Michigan, United States	US	USMI		43.3504	-84.5603	MI	20260903174500	https://cointelegraph.com/news/nvidia-buys-hugging-face-12-9-billion-ai-software
1321339375	20260903	202609	2026	2026.6658	LAB	WORKER						LAB			USA	UNITED STATES	USA								1	040	040	04	1	1.0	4	1	4	-4.82315112540193	2	Louisiana, United States	US	USLA		31.1801	-91.8749	LA	2	Louisiana, United States	US	USLA		31.1801	-91.8749	LA	2	Louisiana, United States	US	USLA		31.1801	-91.8749	LA	20260903174500	https://talk1073.com/2026/09/03/louisiana-act-648-how-new-workers-comp-laws-level-the-playing-field/
1321339376	20260903	202609	2026	2026.6658	LAB	WORKER						LAB			USA	LOUISIANA	USA								1	114	114	11	3	-2.0	10	1	10	5.72519083969466	2	Louisiana, United States	US	USLA		31.1801	-91.8749	LA	2	Louisiana, United States	US	USLA		31.1801	-91.8749	LA	2	Louisiana, United States	US	USLA		31.1801	-91.8749	LA	20260903174500	https://talk1073.com/2026/09/03/how-lwcc-puts-purpose-and-people-first-in-workers-compensation/
1321339377	20260903	202609	2026	2026.6658	LAB	WORKER						LAB			USAJUD	UNITED STATES	USA					JUD			1	114	114	11	3	-2.0	2	1	2	-4.82315112540193	2	Louisiana, United States	US	USLA		31.1801	-91.8749	LA	2	Louisiana, United States	US	USLA		31.1801	-91.8749	LA	2	Louisiana, United States	US	USLA		31.1801	-91.8749	LA	20260903174500	https://talk1073.com/2026/09/03/louisiana-act-648-how-new-workers-comp-laws-level-the-playing-field/
1321339378	20260903	202609	2026	2026.6658	LBR	MONROVIA	LBR																		0	020	020	02	1	3.0	2	1	2	2.91095890410959	5	Grand Gedeh, Grand Gedeh, Liberia	LI	LI19	16848	5.91667	-8.08333	-2132280	0								5	Grand Gedeh, Grand Gedeh, Liberia	LI	LI19	16848	5.91667	-8.08333	-2132280	20260903174500	https://allafrica.com/stories/202609030502.html
1321339379	20260903	202609	2026	2026.6658	LBR	LIBERIA	LBR																		0	036	036	03	1	4.0	8	1	8	2.91095890410959	4	Pleebo, Maryland, Liberia	LI	LI13	147243	4.58917	-7.6725	-2134542	0								4	Pleebo, Maryland, Liberia	LI	LI13	147243	4.58917	-7.6725	-2134542	20260903174500	https://allafrica.com/stories/202609030502.html
1321339380	20260903	202609	2026	2026.6658	LBR	LIBERIA	LBR																		1	050	050	05	1	3.5	6	1	6	2.91095890410959	5	Maryland County, Maryland, Liberia	LI	LI13	147219	4.75	-7.75	-2133808	0								5	Maryland County, Maryland, Liberia	LI	LI13	147219	4.75	-7.75	-2133808	20260903174500	https://allafrica.com/stories/202609030502.html
1321339381	20260903	202609	2026	2026.6658	LBR	LIBERIA	LBR																		1	051	051	05	1	3.4	5	1	5	10.7416879795397	4	Sinkor, Montserrado, Liberia	LI	LI14	147290	6.3	-10.7667	-2135013	0								4	Sinkor, Montserrado, Liberia	LI	LI14	147290	6.3	-10.7667	-2135013	20260903174500	https://allafrica.com/stories/202609030509.html
1321339382	20260903	202609	2026	2026.6658	LBR	MONROVIA	LBR								HLH	HOSPITAL						HLH			1	043	043	04	1	2.8	8	1	8	2.91095890410959	4	Monrovia, Montserrado, Liberia	LI	LI14	147290	6.31056	-10.8047	-2134012	5	Maryland County, Maryland, Liberia	LI	LI13	147219	4.75	-7.75	-2133808	4	Monrovia, Montserrado, Liberia	LI	LI14	147290	6.31056	-10.8047	-2134012	20260903174500	https://allafrica.com/stories/202609030502.html
1321339383	20260903	202609	2026	2026.6658	LBR	MONROVIA	LBR								HLH	HOSPITAL						HLH			1	043	043	04	1	2.8	1	1	1	2.91095890410959	4	Monrovia, Montserrado, Liberia	LI	LI14	147290	6.31056	-10.8047	-2134012	4	Monrovia, Montserrado, Liberia	LI	LI14	147290	6.31056	-10.8047	-2134012	4	Monrovia, Montserrado, Liberia	LI	LI14	147290	6.31056	-10.8047	-2134012	20260903174500	https://allafrica.com/stories/202609030502.html
1321339384	20260903	202609	2026	2026.6658	LEG	GENERAL ASSEMBLY						LEG													0	010	010	01	1	0.0	5	1	5	2.26320201173512	1	Sierra Leone	SL	SL		8.5	-11.5	SL	0								1	Sierra Leone	SL	SL		8.5	-11.5	SL	20260903174500	https://allafrica.com/stories/202609030510.html
1321339385	20260903	202609	2026	2026.6658	LEG	REPRESENTATIVES						LEG													0	020	020	02	1	3.0	3	1	3	-1.31578947368421	1	Senegal	SG	SG		14	-14	SG	0								1	Senegal	SG	SG		14	-14	SG	20260903174500	https://www.theguardian.com/environment/2026/sep/03/un-fish-farms-food-oceans-aquaculture
1321339386	20260903	202609	2026	2026.6658	LEG	LAWMAKER						LEG													1	040	040	04	1	1.0	2	1	2	-3.91363022941971	4	Karachi, Sindh, Pakistan	PK	PK05	40398	24.8667	67.05	-2764584	0								4	Karachi, Sindh, Pakistan	PK	PK05	40398	24.8667	67.05	-2764584	20260903174500	https://www.geo.tv/latest/680538-sindh-assembly-rejects-provincial-division-amid-mqm-p-boycott
1321339387	20260903	202609	2026	2026.6658	LEG	LAWMAKER						LEG													1	040	040	04	1	1.0	4	1	4	-3.91363022941971	4	Sindh Assembly, Sindh, Pakistan	PK	PK05	40395	24.8548	67.02	10525648	0								4	Sindh Assembly, Sindh, Pakistan	PK	PK05	40395	24.8548	67.02	10525648	20260903174500	https://www.geo.tv/latest/680538-sindh-assembly-rejects-provincial-division-amid-mqm-p-boycott
1321339388	20260903	202609	2026	2026.6658	LEG	SENATOR						LEG													0	050	050	05	1	3.5	6	1	6	3.04878048780487	2	West Virginia, United States	US	USWV		38.468	-80.9696	WV	0								2	West Virginia, United States	US	USWV		38.468	-80.9696	WV	20260903174500	https://wvmetronews.com/2026/09/03/justice-100-percent-considering-run-for-governor-in-2028/
1321339389	20260903	202609	2026	2026.6658	LEG	CONGRESS						LEG													1	057	057	05	1	8.0	10	1	10	6.5989847715736	3	Washington, District of Columbia, United States	US	USDC	DC001	38.8951	-77.0364	531871	0								3	Washington, District of Columbia, United States	US	USDC	DC001	38.8951	-77.0364	531871	20260903174500	https://www.journal-advocate.com/2026/09/03/celebrate-the-foundation-of-america/
1321339390	20260903	202609	2026	2026.6658	LEG	GENERAL ASSEMBLY						LEG													0	057	057	05	1	8.0	5	1	5	2.26320201173512	1	Sierra Leone	SL	SL		8.5	-11.5	SL	0								1	Sierra Leone	SL	SL		8.5	-11.5	SL	20260903174500	https://allafrica.com/stories/202609030510.html
1321339391	20260903	202609	2026	2026.6658	LEG	CONGRESS						LEG													1	071	071	07	2	7.4	10	1	10	-0.81833060556465	3	Smithsonian Institution, District of Columbia, United States	US	USDC	DC001	38.8887	-77.0258	531840	0								3	Smithsonian Institution, District of Columbia, United States	US	USDC		38.8887	-77.0258	531840	20260903174500	https://www.artnews.com/art-news/news/trump-accuses-smithsonian-discrimination-threatens-grants-1234796921/
1321339392	20260903	202609	2026	2026.6658	LEG	NATIONAL COUNCIL						LEG													1	090	090	09	2	-2.0	10	1	10	-5.27859237536657	4	Manila, Manila, Philippines	RP	RPD9	24210	14.6042	120.982	-2437894	0								4	Manila, Manila, Philippines	RP	RPD9	24210	14.6042	120.982	-2437894	20260903174500	https://www.manilatimes.net/2026/09/04/news/online-exploitation-of-pwds-flagged/2418177
1321339393	20260903	202609	2026	2026.6658	LEG	LAWMAKER						LEG			BUS	INDUSTRY						BUS			1	090	090	09	2	-2.0	10	1	10	-2.38805970149254	1	United Kingdom	UK	UK		54	-4	UK	1	United Kingdom	UK	UK		54	-4	UK	1	United Kingdom	UK	UK		54	-4	UK	20260903174500	https://cointelegraph.com/news/bitmex-cofounder-ben-delo-reform-uk-donations
1321339394	20260903	202609	2026	2026.6658	LEG	CONGRESS						LEG			CVL	CITIZEN						CVL			1	060	060	06	2	6.0	3	1	3	-7.12871287128714	1	Israel	IS	IS		31.5	34.75	IS	1	Israel	IS	IS		31.5	34.75	IS	1	Israel	IS	IS		31.5	34.75	IS	20260903174500	http://www.washingtonjewishweek.com/advocacy-by-omission/
1321339395	20260903	202609	2026	2026.6658	LEG	LAWMAKER						LEG			EDU	SCHOOL						EDU			1	020	020	02	1	3.0	10	1	10	0.85470085470086	2	Texas, United States	US	USTX		31.106	-97.6475	TX	2	Texas, United States	US	USTX		31.106	-97.6475	TX	2	Texas, United States	US	USTX		31.106	-97.6475	TX	20260903174500	https://www.texastribune.org/2026/09/03/texas-school-voucher-program-2-billion-expansion-budget-comptroller/
1321339396	20260903	202609	2026	2026.6658	LEG	PARLIAMENT						LEG			GBR	GLASGOW	GBR								1	110	110	11	3	-2.0	7	1	7	-3.30097087378641	4	Glasgow, Glasgow City, United Kingdom	UK	UKV2	40176	55.8333	-4.25	-2597039	4	Glasgow, Glasgow City, United Kingdom	UK	UKV2	40176	55.8333	-4.25	-2597039	4	Glasgow, Glasgow City, United Kingdom	UK	UKV2	40176	55.8333	-4.25	-2597039	20260903174500	https://www.glasgowtimes.co.uk/news/scottish-news/26520575.john-swinney-accuses-malcom-offord-spreading-disinformation/
1321339397	20260903	202609	2026	2026.6658	LEG	SENATE						LEG			GOV	GOVERNMENT						GOV			0	020	020	02	1	3.0	10	1	10	-3.91363022941971	4	Karachi, Sindh, Pakistan	PK	PK05	40398	24.8667	67.05	-2764584	4	Sindh Assembly, Sindh, Pakistan	PK	PK05	40395	24.8548	67.02	10525648	4	Sindh Assembly, Sindh, Pakistan	PK	PK05	40395	24.8548	67.02	10525648	20260903174500	https://www.geo.tv/latest/680538-sindh-assembly-rejects-provincial-division-amid-mqm-p-boycott
1321339398	20260903	202609	2026	2026.6658	LEG	CONGRESS						LEG			GOV	SECRETARY OF STATE						GOV			1	060	060	06	2	6.0	3	1	3	-7.12871287128714	1	Israel	IS	IS		31.5	34.75	IS	1	Israel	IS	IS		31.5	34.75	IS	1	Israel	IS	IS		31.5	34.75	IS	20260903174500	http://www.washingtonjewishweek.com/advocacy-by-omission/
1321339399	20260903	202609	2026	2026.6658	LEG	CONGRESS						LEG			GOV	SECRETARY OF STATE						GOV			1	1053	105	10	3	-5.0	4	1	4	-7.12871287128714	1	Israel	IS	IS		31.5	34.75	IS	1	Israel	IS	IS		31.5	34.75	IS	1	Israel	IS	IS		31.5	34.75	IS	20260903174500	http://www.washingtonjewishweek.com/advocacy-by-omission/
1321339400	20260903	202609	2026	2026.6658	LEG	CONGRESS						LEG			ISR	ISRAEL	ISR								1	060	060	06	2	6.0	4	1	4	-7.12871287128714	1	Israel	IS	IS		31.5	34.75	IS	1	Israel	IS	IS		31.5	34.75	IS	1	Israel	IS	IS		31.5	34.75	IS	20260903174500	http://www.washingtonjewishweek.com/advocacy-by-omission/
1321339401	20260903	202609	2026	2026.6658	LEG	CONGRESS						LEG			ISR	ISRAEL	ISR								1	100	100	10	3	-5.0	3	1	3	-7.12871287128714	1	Israel	IS	IS		31.5	34.75	IS	1	Israel	IS	IS		31.5	34.75	IS	1	Israel	IS	IS		31.5	34.75	IS	20260903174500	http://www.washingtonjewishweek.com/advocacy-by-omission/
1321339402	20260903	202609	2026	2026.6658	LEG	CONGRESS						LEG			ISR	ISRAEL	ISR								0	112	112	11	3	-2.0	2	1	2	-7.12871287128714	3	Washington, District of Columbia, United States	US	USDC	DC001	38.8951	-77.0364	531871	3	Washington, District of Columbia, United States	US	USDC	DC001	38.8951	-77.0364	531871	3	Washington, District of Columbia, United States	US	USDC	DC001	38.8951	-77.0364	531871	20260903174500	http://www.washingtonjewishweek.com/advocacy-by-omission/
1321339403	20260903	202609	2026	2026.6658	LEG	CONGRESS						LEG			ISR	ISRAEL	ISR								0	112	112	11	3	-2.0	8	1	8	-7.12871287128714	1	Israel	IS	IS		31.5	34.75	IS	1	Israel	IS	IS		31.5	34.75	IS	1	Israel	IS	IS		31.5	34.75	IS	20260903174500	http://www.washingtonjewishweek.com/advocacy-by-omission/
1321339404	20260903	202609	2026	2026.6658	LEG	CONGRESS						LEG			ISR	ISRAEL	ISR								0	120	120	12	3	-4.0	2	1	2	-7.12871287128714	3	Washington, District of Columbia, United States	US	USDC	DC001	38.8951	-77.0364	531871	3	Washington, District of Columbia, United States	US	USDC	DC001	38.8951	-77.0364	531871	3	Washington, District of Columbia, United States	US	USDC	DC001	38.8951	-77.0364	531871	20260903174500	http://www.washingtonjewishweek.com/advocacy-by-omission/
1321339405	20260903	202609	2026	2026.6658	LEG	CONGRESS						LEG			ISR	ISRAEL	ISR								0	120	120	12	3	-4.0	8	1	8	-7.12871287128714	1	Israel	IS	IS		31.5	34.75	IS	1	Israel	IS	IS		31.5	34.75	IS	1	Israel	IS	IS		31.5	34.75	IS	20260903174500	http://www.washingtonjewishweek.com/advocacy-by-omission/
1321339406	20260903	202609	2026	2026.6658	LEG	CONGRESS						LEG			ISRGOV	ISRAEL	ISR					GOV			1	1053	105	10	3	-5.0	1	1	1	-7.12871287128714	1	Israel	IS	IS		31.5	34.75	IS	1	Israel	IS	IS		31.5	34.75	IS	1	Israel	IS	IS		31.5	34.75	IS	20260903174500	http://www.washingtonjewishweek.com/advocacy-by-omission/
1321339407	20260903	202609	2026	2026.6658	LEG	SENATOR						LEG			KEN	KENYAN	KEN								0	030	030	03	1	4.0	2	1	2	3.00751879699248	4	Rarieda, Nyanza, Kenya	KE	KE07	18585	-0.2	34.3333	-2261509	4	Rarieda, Nyanza, Kenya	KE	KE07	18585	-0.2	34.3333	-2261509	4	Rarieda, Nyanza, Kenya	KE	KE07	18585	-0.2	34.3333	-2261509	20260903174500	https://www.standardmedia.co.ke/national/article/2001556936/oburu-hosts-senators-at-nairobi-home-as-he-recovers
1321339408	20260903	202609	2026	2026.6658	LEG	SENATOR						LEG			KEN	KENYAN	KEN								0	030	030	03	1	4.0	8	1	8	3.00751879699248	4	Siaya, Nyanza, Kenya	KE	KE07	18585	0.061158	34.2882	29069	4	Siaya, Nyanza, Kenya	KE	KE07	18585	0.061158	34.2882	29069	4	Siaya, Nyanza, Kenya	KE	KE07	18585	0.061158	34.2882	29069	20260903174500	https://www.standardmedia.co.ke/national/article/2001556936/oburu-hosts-senators-at-nairobi-home-as-he-recovers
1321339409	20260903	202609	2026	2026.6658	LEG	DELEGATE						LEG			MOS	MUSLIM				MOS					1	020	020	02	1	3.0	5	1	5	3.23624595469255	0								0								0								20260903174500	https://www.freemalaysiatoday.com/category/nation/2026/09/03/time-for-pas-to-lead-with-its-own-pm-candidate-says-youth-leader
1321339410	20260903	202609	2026	2026.6658	LEG	LEGISLATURE						LEG			PAK	PAKISTAN	PAK								0	051	051	05	1	3.4	10	1	10	-3.91363022941971	4	Sindh Assembly, Sindh, Pakistan	PK	PK05	40395	24.8548	67.02	10525648	4	Sindh Assembly, Sindh, Pakistan	PK	PK05	40395	24.8548	67.02	10525648	4	Sindh Assembly, Sindh, Pakistan	PK	PK05	40395	24.8548	67.02	10525648	20260903174500	https://www.geo.tv/latest/680538-sindh-assembly-rejects-provincial-division-amid-mqm-p-boycott
1321339411	20260903	202609	2026	2026.6658	LEG	LAWMAKER						LEG			USA	WASHINGTON	USA								0	010	010	01	1	0.0	6	2	6	-0.96153846153846	1	Iran	IR	IR		32	53	IR	1	Iran	IR	IR		32	53	IR	1	Iran	IR	IR		32	53	IR	20260903174500	https://www.journal-advocate.com/2026/09/03/congress-house-democrats-unity/
1321339412	20260903	202609	2026	2026.6658	LEG	LAWMAKER						LEG			USA	WASHINGTON	USA								0	013	013	01	1	0.4	6	2	6	-0.96153846153846	3	Washington, District of Columbia, United States	US	USDC	DC001	38.8951	-77.0364	531871	3	Washington, District of Columbia, United States	US	USDC	DC001	38.8951	-77.0364	531871	3	Washington, District of Columbia, United States	US	USDC	DC001	38.8951	-77.0364	531871	20260903174500	https://www.journal-advocate.com/2026/09/03/congress-house-democrats-unity/
1321339413	20260903	202609	2026	2026.6658	LEG	DELEGATE						LEG			USA	PENNSYLVANIA	USA								0	042	042	04	1	1.9	10	1	10	-1.30624092888244	2	Pennsylvania, United States	US	USPA		40.5773	-77.264	PA	2	Pennsylvania, United States	US	USPA		40.5773	-77.264	PA	2	Pennsylvania, United States	US	USPA		40.5773	-77.264	PA	20260903174500	https://www.inquirer.com/arts/constitution-signing-1787-philadelphia-20260903.html
1321339414	20260903	202609	2026	2026.6658	LEG	SENATOR						LEG			USA	UNITED STATES	USA								0	050	050	05	1	3.5	2	1	2	3.04878048780487	2	West Virginia, United States	US	USWV		38.468	-80.9696	WV	2	West Virginia, United States	US	USWV		38.468	-80.9696	WV	3	White Sulphur Springs, West Virginia, United States	US	USWV		37.7965	-80.2976	1555971	20260903174500	https://wvmetronews.com/2026/09/03/justice-100-percent-considering-run-for-governor-in-2028/
1321339415	20260903	202609	2026	2026.6658	LEG	DELEGATE						LEG			USA	PENNSYLVANIA	USA								0	057	057	05	1	8.0	4	1	4	-1.30624092888244	2	Pennsylvania, United States	US	USPA		40.5773	-77.264	PA	2	Pennsylvania, United States	US	USPA		40.5773	-77.264	PA	2	New York, United States	US	USNY		42.1497	-74.9384	NY	20260903174500	https://www.inquirer.com/arts/constitution-signing-1787-philadelphia-20260903.html
1321339416	20260903	202609	2026	2026.6658	LEG	DELEGATE						LEG			USALEG	PENNSYLVANIA	USA					LEG			0	057	057	05	1	8.0	6	1	6	-1.30624092888244	2	Pennsylvania, United States	US	USPA		40.5773	-77.264	PA	2	Pennsylvania, United States	US	USPA		40.5773	-77.264	PA	2	Pennsylvania, United States	US	USPA		40.5773	-77.264	PA	20260903174500	https://www.inquirer.com/arts/constitution-signing-1787-philadelphia-20260903.html
1321339417	20260903	202609	2026	2026.6658	MAR	MOROCCO	MAR																		1	061	061	06	2	6.4	2	1	2	-1.11731843575419	1	Morocco	MO	MO		32	-5	MO	0								1	Morocco	MO	MO		32	-5	MO	20260903174500	https://northafricapost.com/99998-moroccan-automotive-exports-climb-14-9-despite-wider-trade-deficit.html
1321339418	20260903	202609	2026	2026.6658	MAR	MOROCCAN	MAR																		1	100	100	10	3	-5.0	3	1	3	-5.81583198707593	4	Sidi Mohammed Ben Abdallah, Region de Chaouia-Ouardigha, Morocco	MO	MO50	21829	32.7805	-7.379	-48016	0								4	Sidi Mohammed Ben Abdallah, Region de Chaouia-Ouardigha, Morocco	MO	MO50	21829	32.7805	-7.379	-48016	20260903174500	https://northafricapost.com/100009-on-moroccos-unbroken-claim-to-ceuta-and-melilla.html
1321339419	20260903	202609	2026	2026.6658	MAR	MOROCCAN	MAR								GOV	PRINCE						GOV			1	043	043	04	1	2.8	1	1	1	-5.81583198707593	4	Larache, Tanger-Téuan, Morocco	MO	MO57	21811	35.1932	-6.15572	-38278	1	Portugal	PO	PO		39.5	-8	PO	1	Portugal	PO	PO		39.5	-8	PO	20260903174500	https://northafricapost.com/100009-on-moroccos-unbroken-claim-to-ceuta-and-melilla.html
1321339420	20260903	202609	2026	2026.6658	MAR	MOROCCAN	MAR								GOV	PRINCE						GOV			1	043	043	04	1	2.8	1	1	1	-5.81583198707593	1	Portugal	PO	PO		39.5	-8	PO	4	Larache, Tanger-Téuan, Morocco	MO	MO57	21811	35.1932	-6.15572	-38278	4	Larache, Tanger-Téuan, Morocco	MO	MO57	21811	35.1932	-6.15572	-38278	20260903174500	https://northafricapost.com/100009-on-moroccos-unbroken-claim-to-ceuta-and-melilla.html
1321339421	20260903	202609	2026	2026.6658	MAR	MOROCCAN	MAR								GOV	PRINCE						GOV			1	100	100	10	3	-5.0	1	1	1	-5.81583198707593	4	Larache, Tanger-Téuan, Morocco	MO	MO57	21811	35.1932	-6.15572	-38278	1	Portugal	PO	PO		39.5	-8	PO	4	Larache, Tanger-Téuan, Morocco	MO	MO57	21811	35.1932	-6.15572	-38278	20260903174500	https://northafricapost.com/100009-on-moroccos-unbroken-claim-to-ceuta-and-melilla.html
1321339422	20260903	202609	2026	2026.6658	MAR	MOROCCAN	MAR								GOV	PRINCE						GOV			1	100	100	10	3	-5.0	1	1	1	-5.81583198707593	1	Portugal	PO	PO		39.5	-8	PO	4	Larache, Tanger-Téuan, Morocco	MO	MO57	21811	35.1932	-6.15572	-38278	1	Portugal	PO	PO		39.5	-8	PO	20260903174500	https://northafricapost.com/100009-on-moroccos-unbroken-claim-to-ceuta-and-melilla.html
1321339423	20260903	202609	2026	2026.6658	MED	SPOKESMAN						MED													0	010	010	01	1	0.0	10	1	10	-3.84615384615385	4	Nassau, New Providence, Bahamas, The	BF	BF23	5747	25.0833	-77.35	-1543832	0								4	Nassau, New Providence, Bahamas, The	BF	BF23	5747	25.0833	-77.35	-1543832	20260903174500	https://www.newsday.com/long-island/nassau/cvs-baldwin-car-crash-mk4p8pc6
1321339424	20260903	202609	2026	2026.6658	MED	MEDIA						MED													1	010	010	01	1	0.0	5	1	5	1.69491525423728	4	Saskatchewan, Manitoba, Canada	CA	CA03	154724	52.15	-97.7167	-575075	0								4	Saskatchewan, Manitoba, Canada	CA	CA03	154724	52.15	-97.7167	-575075	20260903174500	https://www.ckom.com/2026/09/03/saskatchewan-votes-in-support-of-social-media-limits-for-youth/
1321339425	20260903	202609	2026	2026.6658	MED	MEDIA						MED													0	020	020	02	1	3.0	2	1	2	1.69491525423728	4	Saskatchewan, Manitoba, Canada	CA	CA03	154724	52.15	-97.7167	-575075	0								4	Saskatchewan, Manitoba, Canada	CA	CA03	154724	52.15	-97.7167	-575075	20260903174500	https://www.ckom.com/2026/09/03/saskatchewan-votes-in-support-of-social-media-limits-for-youth/
1321339426	20260903	202609	2026	2026.6658	MED	CORRESPONDENT						MED													1	040	040	04	1	1.0	3	1	3	-0.22172949002217	4	Chichen Itza, YucatáMX, Mexico	MX	MX31	21365	20.6667	-88.5667	-1657009	0								4	Chichen Itza, YucatáMX, Mexico	MX	MX31	21365	20.6667	-88.5667	-1657009	20260903174500	https://www.dailymail.com/home/books/article-16103063/They-life-Mars-palaces-ice-build-Space-Station-Jonathan-Morrison-book-review.html
1321339427	20260903	202609	2026	2026.6658	MED	CORRESPONDENT						MED													1	046	046	04	1	7.0	1	1	1	-0.28328611898017	3	White House, District of Columbia, United States	US	USDC		38.8951	-77.0364	531871	0								3	Washington, District of Columbia, United States	US	USDC	DC001	38.8951	-77.0364	531871	20260903174500	https://www.newsday.com/entertainment/tv/norah-odonnell-cbs-mornings-pp2wwbde
1321339428	20260903	202609	2026	2026.6658	MED	PUBLICATION						MED													0	070	070	07	2	7.0	5	1	5	2.26320201173512	1	Sierra Leone	SL	SL		8.5	-11.5	SL	0								1	Sierra Leone	SL	SL		8.5	-11.5	SL	20260903174500	https://allafrica.com/stories/202609030510.html
1321339429	20260903	202609	2026	2026.6658	MED	JOURNALIST						MED													0	090	090	09	2	-2.0	2	1	2	-3.58490566037736	3	Richmond, Virginia, United States	US	USVA	VA760	37.5538	-77.4603	1499957	0								3	Richmond, Virginia, United States	US	USVA	VA760	37.5538	-77.4603	1499957	20260903174500	https://www.wtvr.com/news/local-news/richmond/dominion-energy-outages-sept-3-2026
1321339430	20260903	202609	2026	2026.6658	MED	MEDIA						MED													1	111	111	11	3	-2.0	10	1	10	-1.66666666666667	2	Michigan, United States	US	USMI		43.3504	-84.5603	MI	0								2	Michigan, United States	US	USMI		43.3504	-84.5603	MI	20260903174500	http://www.editorandpublisher.com/stories/mlive-announces-full-turn-into-digital-formats-will-end-printed-editions-in-december,263378
1321339431	20260903	202609	2026	2026.6658	MED	MEDIA						MED													0	172	172	17	4	-5.0	2	1	2	1.69491525423728	4	Saskatchewan, Manitoba, Canada	CA	CA03	154724	52.15	-97.7167	-575075	0								4	Saskatchewan, Manitoba, Canada	CA	CA03	154724	52.15	-97.7167	-575075	20260903174500	https://www.ckom.com/2026/09/03/saskatchewan-votes-in-support-of-social-media-limits-for-youth/
1321339432	20260903	202609	2026	2026.6658	MED	MEDIA						MED			EDU	SCHOOL						EDU			1	010	010	01	1	0.0	10	1	10	-1.26582278481013	0								0								0								20260903174500	https://www.glasgowtimes.co.uk/news/26520792.pupils-sent-home-power-outage-forces-paisley-school-close/
1321339433	20260903	202609	2026	2026.6658	MED	MEDIA						MED			EDU	SCHOOL						EDU			1	090	090	09	2	-2.0	10	1	10	0.25125628140704	0								0								0								20260903174500	https://www.geo.tv/latest/680514-fact-check-punjabs-recruitment-of-retired-military-personnel-to-monitor-schools-is-not-a-new-policy
1321339434	20260903	202609	2026	2026.6658	MED	SPOKESMAN						MED			GOV	PRESIDENT						GOV			1	010	010	01	1	0.0	3	1	3	0.69686411149826	1	Nigeria	NI	NI		10	8	NI	1	Nigeria	NI	NI		10	8	NI	1	Nigeria	NI	NI		10	8	NI	20260903174500	https://dailypost.ng/2026/09/03/atiku-told-me-he-refused-to-support-obasanjos-third-term-agenda-kenneth-okonkwo/
1321339435	20260903	202609	2026	2026.6658	MED	CORRESPONDENT						MED			GOV	MAYOR						GOV			1	040	040	04	1	1.0	6	1	6	4.83870967741935	1	Japan	JA	JA		36	138	JA	1	Japan	JA	JA		36	138	JA	1	Japan	JA	JA		36	138	JA	20260903174500	https://lovefm.com/belize-and-japan-explore-expanded-cooperation-in-punta-gorda/
1321339436	20260903	202609	2026	2026.6658	MED	CORRESPONDENT						MED			MEX	MEXICO	MEX								1	040	040	04	1	1.0	2	1	2	-0.22172949002217	4	Chichen Itza, YucatáMX, Mexico	MX	MX31	21365	20.6667	-88.5667	-1657009	4	Chichen Itza, YucatáMX, Mexico	MX	MX31	21365	20.6667	-88.5667	-1657009	4	Chichen Itza, YucatáMX, Mexico	MX	MX31	21365	20.6667	-88.5667	-1657009	20260903174500	https://www.dailymail.com/home/books/article-16103063/They-life-Mars-palaces-ice-build-Space-Station-Jonathan-Morrison-book-review.html
1321339437	20260903	202609	2026	2026.6658	MED	COMMENTATOR						MED			UKR	UKRAINE	UKR								0	040	040	04	1	1.0	2	1	2	-5.79514824797844	1	France	FR	FR		46	2	FR	1	France	FR	FR		46	2	FR	1	France	FR	FR		46	2	FR	20260903174500	https://dailypost.ng/2026/09/03/george-kimmitt-from-the-sahel-to-nigeria-how-far-will-kyiv-go-in-africa/
1321339438	20260903	202609	2026	2026.6658	MED	MEDIA						MED			USA	UNITED STATES	USA								0	013	013	01	1	0.4	2	1	2	-0.75949367088608	1	United States	US	US		39.828175	-98.5795	US	1	United States	US	US		39.828175	-98.5795	US	1	United States	US	US		39.828175	-98.5795	US	20260903174500	https://www.foxnews.com/media/stephen-smith-explains-why-he-regrets-voting-harris-says-her-loyalty-biden-usurped-everything-else
1321339439	20260903	202609	2026	2026.6658	MED	MAGAZINE						MED			USAMED	THE ASSOCIATED PRESS	USA					MED			1	010	010	01	1	0.0	3	1	3	3.125	1	Belgium	BE	BE		50.833333	4	BE	1	Belgium	BE	BE		50.833333	4	BE	1	Belgium	BE	BE		50.833333	4	BE	20260903174500	https://www.arabnews.com/offbeat/scientists-studying-cockroach-milk-and-nose-blowing-win-ig-nobel-prizes-for-quirky-science-3000418
1321339440	20260903	202609	2026	2026.6658	MED	MAGAZINE						MED			USAMED	THE ASSOCIATED PRESS	USA					MED			1	013	013	01	1	0.4	2	1	2	3.125	1	Belgium	BE	BE		50.833333	4	BE	4	Zurich, ZüSZ, Switzerland	SZ	SZ25	26310	47.3667	8.55	-2554935	4	Zurich, ZüSZ, Switzerland	SZ	SZ25	26310	47.3667	8.55	-2554935	20260903174500	https://www.arabnews.com/offbeat/scientists-studying-cockroach-milk-and-nose-blowing-win-ig-nobel-prizes-for-quirky-science-3000418
1321339441	20260903	202609	2026	2026.6658	MED	CORRESPONDENT						MED			USAMED	WASHINGTON	USA					MED			1	046	046	04	1	7.0	1	1	1	-0.28328611898017	3	White House, District of Columbia, United States	US	USDC		38.8951	-77.0364	531871	3	Washington, District of Columbia, United States	US	USDC	DC001	38.8951	-77.0364	531871	3	Washington, District of Columbia, United States	US	USDC	DC001	38.8951	-77.0364	531871	20260903174500	https://www.newsday.com/entertainment/tv/norah-odonnell-cbs-mornings-pp2wwbde
1321339442	20260903	202609	2026	2026.6658	MEX	MEXICO	MEX																		1	040	040	04	1	1.0	2	1	2	-0.22172949002217	4	Chichen Itza, YucatáMX, Mexico	MX	MX31	21365	20.6667	-88.5667	-1657009	0								4	Chichen Itza, YucatáMX, Mexico	MX	MX31	21365	20.6667	-88.5667	-1657009	20260903174500	https://www.dailymail.com/home/books/article-16103063/They-life-Mars-palaces-ice-build-Space-Station-Jonathan-Morrison-book-review.html
1321339443	20260903	202609	2026	2026.6658	MEX	MEXICO	MEX								MED	CORRESPONDENT						MED			1	040	040	04	1	1.0	2	1	2	-0.22172949002217	4	Chichen Itza, YucatáMX, Mexico	MX	MX31	21365	20.6667	-88.5667	-1657009	4	Chichen Itza, YucatáMX, Mexico	MX	MX31	21365	20.6667	-88.5667	-1657009	4	Chichen Itza, YucatáMX, Mexico	MX	MX31	21365	20.6667	-88.5667	-1657009	20260903174500	https://www.dailymail.com/home/books/article-16103063/They-life-Mars-palaces-ice-build-Space-Station-Jonathan-Morrison-book-review.html
1321339444	20260903	202609	2026	2026.6658	MIL	AIR FORCE						MIL													1	046	046	04	1	7.0	2	1	2	3.81944444444445	3	El Paso, Texas, United States	US	USTX	TX141	31.7587	-106.487	1380946	0								3	El Paso, Texas, United States	US	USTX		31.7587	-106.487	1380946	20260903174500	https://www.wilsoncountynews.com/articles/gary-r-widner-3/
1321339445	20260903	202609	2026	2026.6658	MIL	AIR FORCE						MIL													1	046	046	04	1	7.0	8	1	8	3.81944444444445	3	Irvin High School, Texas, United States	US	USTX	TX141	31.8796	-106.413	2005079	0								3	Irvin High School, Texas, United States	US	USTX		31.8796	-106.413	2005079	20260903174500	https://www.wilsoncountynews.com/articles/gary-r-widner-3/
1321339446	20260903	202609	2026	2026.6658	MIL	AIR FORCE						MIL			BUS	AIRLINE						BUS			1	046	046	04	1	7.0	10	1	10	-0.8298755186722	4	Balakot, North-West Frontier, Pakistan	PK	PK03	40350	34.8563	72.5701	9205744	4	Balakot, North-West Frontier, Pakistan	PK	PK03	40350	34.8563	72.5701	9205744	4	Balakot, North-West Frontier, Pakistan	PK	PK03	40350	34.8563	72.5701	9205744	20260903174500	https://www.moneycontrol.com/news/india/abhinandan-varthaman-joins-fly91-from-downing-a-pakistani-f-16-jet-in-90-seconds-to-flying-commercial-14022227.html
1321339447	20260903	202609	2026	2026.6658	MIL	MILITARY						MIL			BUS	COMPANY						BUS			1	051	051	05	1	3.4	2	1	2	8.54922279792746	4	Manila, Manila, Philippines	RP	RPD9	24210	14.6042	120.982	-2437894	4	Manila, Manila, Philippines	RP	RPD9	24210	14.6042	120.982	-2437894	4	Manila, Manila, Philippines	RP	RPD9	24210	14.6042	120.982	-2437894	20260903174500	https://www.manilatimes.net/2026/09/04/tmt-newswire/globenewswire/liberty-military-housing-announces-new-chief-financial-officer/2418292
1321339448	20260903	202609	2026	2026.6658	MIL	ARMY RESERVE						MIL			MILCOPBUS	MILITARY POLICE						MIL	COP	BUS	1	190	190	19	4	-10.0	6	1	6	-4.83091787439614	4	Bayji, Sala? ad Din, Iraq	IZ	IZ18	36838	34.9307	43.4931	-3104002	4	Bayji, Sala? ad Din, Iraq	IZ	IZ18	36838	34.9307	43.4931	-3104002	4	Bayji, Sala? ad Din, Iraq	IZ	IZ18	36838	34.9307	43.4931	-3104002	20260903174500	https://www.wsaw.com/2026/09/03/wisconsin-veterans-museum-opens-dual-exhibits-honoring-911-anniversary-combat-medics/
1321339449	20260903	202609	2026	2026.6658	MIL	MILITARY						MIL			USA	UNITED STATES	USA								1	051	051	05	1	3.4	2	1	2	8.54922279792746	4	Manila, Manila, Philippines	RP	RPD9	24210	14.6042	120.982	-2437894	4	Manila, Manila, Philippines	RP	RPD9	24210	14.6042	120.982	-2437894	4	Manila, Manila, Philippines	RP	RPD9	24210	14.6042	120.982	-2437894	20260903174500	https://www.manilatimes.net/2026/09/04/tmt-newswire/globenewswire/liberty-military-housing-announces-new-chief-financial-officer/2418292
1321339450	20260903	202609	2026	2026.6658	MILMIL	NAVY						MIL	MIL		IRN	IRAN	IRN								1	190	190	19	4	-10.0	10	1	10	-3.70370370370371	4	Tehran, Tehran, Iran	IR	IR26	41130	35.75	51.5148	10074674	4	Tehran, Tehran, Iran	IR	IR26	41130	35.75	51.5148	10074674	4	Tehran, Tehran, Iran	IR	IR26	41130	35.75	51.5148	10074674	20260903174500	http://www.bignewsnetwork.com/news/279284228/6-iranian-army-members-killed-in-latest-us-attacks-media
1321339451	20260903	202609	2026	2026.6658	MKD	MACEDONIA	MKD																		0	051	051	05	1	3.4	1	1	1	2.3371104815864	4	Skopje, Macedonia (general), Macedonia	MK	MK00	27270	42	21.4333	-95841	0								4	Calcutta, West Bengal, India	IN	IN28	70294	22.5697	88.3697	-2092511	20260903174500	https://economictimes.indiatimes.com/news/international/us/quote-of-the-day-by-mother-teresa-peace-begins-with-life-lessons-from-inspirational-quote-on-kindness-simplicity-connection-inner-warmth-and-harmony/articleshow/133570123.cms
1321339452	20260903	202609	2026	2026.6658	MKD	MACEDONIA	MKD																		0	051	051	05	1	3.4	5	1	4	2.3371104815864	4	Skopje, Macedonia (general), Macedonia	MK	MK00	27270	42	21.4333	-95841	0								4	Skopje, Macedonia (general), Macedonia	MK	MK00	27270	42	21.4333	-95841	20260903174500	https://economictimes.indiatimes.com/news/international/us/quote-of-the-day-by-mother-teresa-peace-begins-with-life-lessons-from-inspirational-quote-on-kindness-simplicity-connection-inner-warmth-and-harmony/articleshow/133570123.cms
1321339453	20260903	202609	2026	2026.6658	MLI	MALI	MLI																		0	080	080	08	2	5.0	8	1	8	-5.79514824797844	1	Nigeria	NI	NI		10	8	NI	0								1	Nigeria	NI	NI		10	8	NI	20260903174500	https://dailypost.ng/2026/09/03/george-kimmitt-from-the-sahel-to-nigeria-how-far-will-kyiv-go-in-africa/
1321339454	20260903	202609	2026	2026.6658	MLI	MALI	MLI								UKR	UKRAINE	UKR								0	080	080	08	2	5.0	2	1	2	-5.79514824797844	1	Nigeria	NI	NI		10	8	NI	4	Kyiv, Kyyiv, Misto, Ukraine	UP	UP12	28554	50.4333	30.5167	-1044367	1	Nigeria	NI	NI		10	8	NI	20260903174500	https://dailypost.ng/2026/09/03/george-kimmitt-from-the-sahel-to-nigeria-how-far-will-kyiv-go-in-africa/
1321339455	20260903	202609	2026	2026.6658	MNCIND	HDFC BANK LIMITED	IND					MNC			BUS	INVESTOR						BUS			0	040	040	04	1	1.0	1	1	1	-3.11572700296736	2	California, United States	US	USCA		36.17	-119.746	CA	2	Pennsylvania, United States	US	USPA		40.5773	-77.264	PA	2	Georgia, United States	US	USGA		32.9866	-83.6487	GA	20260903174500	https://www.pr-inside.com/faruqi-faruqi-llp-urges-hdfc-bank-limited-nyse-hdb-investors-r5219120.htm
1321339456	20260903	202609	2026	2026.6658	MNCIND	HDFC BANK LIMITED	IND					MNC			BUS	INVESTOR						BUS			0	040	040	04	1	1.0	3	1	3	-3.11572700296736	2	Georgia, United States	US	USGA		32.9866	-83.6487	GA	2	Georgia, United States	US	USGA		32.9866	-83.6487	GA	2	Georgia, United States	US	USGA		32.9866	-83.6487	GA	20260903174500	https://www.pr-inside.com/faruqi-faruqi-llp-urges-hdfc-bank-limited-nyse-hdb-investors-r5219120.htm
1321339457	20260903	202609	2026	2026.6658	MNCIND	HDFC BANK LIMITED	IND					MNC			BUS	INVESTOR						BUS			0	040	040	04	1	1.0	1	1	1	-3.11572700296736	2	New York, United States	US	USNY		42.1497	-74.9384	NY	2	New York, United States	US	USNY		42.1497	-74.9384	NY	2	New York, United States	US	USNY		42.1497	-74.9384	NY	20260903174500	https://www.pr-inside.com/faruqi-faruqi-llp-urges-hdfc-bank-limited-nyse-hdb-investors-r5219120.htm
1321339458	20260903	202609	2026	2026.6658	MNCUSA	NVIDIA	USA					MNC													0	013	013	01	1	0.4	3	1	3	3.5230352303523	2	Michigan, United States	US	USMI		43.3504	-84.5603	MI	0								2	Michigan, United States	US	USMI		43.3504	-84.5603	MI	20260903174500	https://cointelegraph.com/news/nvidia-buys-hugging-face-12-9-billion-ai-software
1321339459	20260903	202609	2026	2026.6658	MNCUSA	NVIDIA	USA					MNC													1	020	020	02	1	3.0	15	1	10	3.5230352303523	2	Michigan, United States	US	USMI		43.3504	-84.5603	MI	0								2	Michigan, United States	US	USMI		43.3504	-84.5603	MI	20260903174500	https://cointelegraph.com/news/nvidia-buys-hugging-face-12-9-billion-ai-software
1321339460	20260903	202609	2026	2026.6658	MNCUSA	NVIDIA	USA					MNC													0	030	030	03	1	4.0	1	1	1	1.3	4	Paris, France (general), France	FR	FR00	16282	48.8667	2.33333	-1456928	0								4	Paris, France (general), France	FR	FR00	16282	48.8667	2.33333	-1456928	20260903174500	https://www.moneycontrol.com/artificial-intelligence/hugging-face-s-3-french-founders-become-billionaires-after-nvidia-s-13-billion-acquisition-article-14022237.html
1321339461	20260903	202609	2026	2026.6658	MNCUSA	NVIDIA	USA					MNC													0	030	030	03	1	4.0	4	1	4	1.3	3	Brooklyn, Florida, United States	US	USFL	FL031	30.3236	-81.6745	279437	0								3	Brooklyn, Florida, United States	US	USFL	FL031	30.3236	-81.6745	279437	20260903174500	https://www.moneycontrol.com/artificial-intelligence/hugging-face-s-3-french-founders-become-billionaires-after-nvidia-s-13-billion-acquisition-article-14022237.html
1321339462	20260903	202609	2026	2026.6658	MNCUSA	ARCTIC CAT	USA					MNC													0	030	030	03	1	4.0	10	1	10	-3.61821584529008	1	United States	US	US		39.828175	-98.5795	US	0								1	United States	US	US		39.828175	-98.5795	US	20260903174500	https://natlawreview.com/article/when-npes-license-becomes-marking-problem
1321339463	20260903	202609	2026	2026.6658	MNCUSA	BRANDYWINE REALTY TRUST	USA					MNC													1	040	040	04	1	1.0	6	1	6	3.16622691292876	3	Burlington, Pennsylvania, United States	US	USPA	PA015	41.7798	-76.6074	1170725	0								3	Burlington, Pennsylvania, United States	US	USPA	PA015	41.7798	-76.6074	1170725	20260903174500	https://www.inquirer.com/real-estate/commercial/burlington-philadelphia-headquarters-move-20260903.html
1321339464	20260903	202609	2026	2026.6658	MNCUSA	BANK OF AMERICA	USA					MNC													1	120	120	12	3	-4.0	1	1	1	2.48226950354609	1	United States	US	US		39.828175	-98.5795	US	0								1	United States	US	US		39.828175	-98.5795	US	20260903174500	https://finance.yahoo.com/markets/stocks/articles/snowflake-stock-jumps-accelerating-product-171600190.html
1321339465	20260903	202609	2026	2026.6658	MNCUSA	BANK OF AMERICA	USA					MNC			GOV	PRESIDENT						GOV			1	042	042	04	1	1.9	1	1	1	-1.40449438202247	2	New York, United States	US	USNY		42.1497	-74.9384	NY	2	New York, United States	US	USNY		42.1497	-74.9384	NY	2	New York, United States	US	USNY		42.1497	-74.9384	NY	20260903174500	https://globemagazine.com/fundraiser-for-times-square-murder-victims-infant-daughter-receives-more-than-500k/
1321339466	20260903	202609	2026	2026.6658	MNCUSA	BRANDYWINE REALTY TRUST	USA					MNC			USA	UNITED STATES	USA								1	040	040	04	1	1.0	4	1	4	3.16622691292876	3	Burlington, Pennsylvania, United States	US	USPA	PA015	41.7798	-76.6074	1170725	3	Burlington, Pennsylvania, United States	US	USPA	PA015	41.7798	-76.6074	1170725	3	Burlington, Pennsylvania, United States	US	USPA	PA015	41.7798	-76.6074	1170725	20260903174500	https://www.inquirer.com/real-estate/commercial/burlington-philadelphia-headquarters-move-20260903.html
1321339467	20260903	202609	2026	2026.6658	MNCUSA	BRANDYWINE REALTY TRUST	USA					MNC			USAGOV	UNITED STATES	USA					GOV			1	040	040	04	1	1.0	2	1	2	3.16622691292876	3	Burlington, Pennsylvania, United States	US	USPA	PA015	41.7798	-76.6074	1170725	3	Burlington, Pennsylvania, United States	US	USPA	PA015	41.7798	-76.6074	1170725	3	Burlington, Pennsylvania, United States	US	USPA	PA015	41.7798	-76.6074	1170725	20260903174500	https://www.inquirer.com/real-estate/commercial/burlington-philadelphia-headquarters-move-20260903.html
1321339468	20260903	202609	2026	2026.6658	MNCUSAMED	GOOGLE	USA					MNC	MED												0	010	010	01	1	0.0	3	1	3	1.3	4	Paris, France (general), France	FR	FR00	16282	48.8667	2.33333	-1456928	0								4	Paris, France (general), France	FR	FR00	16282	48.8667	2.33333	-1456928	20260903174500	https://www.moneycontrol.com/artificial-intelligence/hugging-face-s-3-french-founders-become-billionaires-after-nvidia-s-13-billion-acquisition-article-14022237.html
1321339469	20260903	202609	2026	2026.6658	MNCUSAMED	QUALCOMM	USA					MNC	MED												0	111	111	11	3	-2.0	4	1	4	2.60223048327137	4	Santa Monica, Iloilo, Philippines	RP	RP30	24250	10.7364	122.453	-2451679	0								4	Santa Monica, Iloilo, Philippines	RP	RP30	24250	10.7364	122.453	-2451679	20260903174500	https://www.manilatimes.net/2026/09/04/tmt-newswire/pr-newswire/earfun-unveils-flagship-wave-pro-x-the-worlds-first-dual-coaxial-headphones-with-qualcomm-anc-technology-and-auracast/2418261
1321339470	20260903	202609	2026	2026.6658	MNCUSAMED	GOOGLE	USA					MNC	MED		FRA	FRANCE	FRA								0	014	014	01	1	0.0	1	1	1	1.3	4	Paris, France (general), France	FR	FR00	16282	48.8667	2.33333	-1456928	4	Paris, France (general), France	FR	FR00	16282	48.8667	2.33333	-1456928	4	Paris, France (general), France	FR	FR00	16282	48.8667	2.33333	-1456928	20260903174500	https://www.moneycontrol.com/artificial-intelligence/hugging-face-s-3-french-founders-become-billionaires-after-nvidia-s-13-billion-acquisition-article-14022237.html
1321339471	20260903	202609	2026	2026.6658	MOS	MUSLIM				MOS					GOV	HOME MINIST						GOV			1	014	014	01	1	0.0	2	1	2	-5.77689243027889	4	Krishnanagar, West Bengal, India	IN	IN28	17956	23.4	88.5	-2101705	4	Krishnanagar, West Bengal, India	IN	IN28	17956	23.4	88.5	-2101705	4	Krishnanagar, West Bengal, India	IN	IN28	17956	23.4	88.5	-2101705	20260903174500	https://www.hindustantimes.com/india-news/tmc-mp-mahua-moitra-summoned-by-diamond-harbour-police-in-west-bengal-over-alleged-communal-remarks-101788455068365.html
1321339472	20260903	202609	2026	2026.6658	MOS	MUSLIM				MOS					GOV	HOME MINIST						GOV			1	042	042	04	1	1.9	2	1	2	-5.77689243027889	4	Diamond Harbour, West Bengal, India	IN	IN28	70294	22.1917	88.1847	-2094871	4	Diamond Harbour, West Bengal, India	IN	IN28	70294	22.1917	88.1847	-2094871	4	Diamond Harbour, West Bengal, India	IN	IN28	70294	22.1917	88.1847	-2094871	20260903174500	https://www.hindustantimes.com/india-news/tmc-mp-mahua-moitra-summoned-by-diamond-harbour-police-in-west-bengal-over-alleged-communal-remarks-101788455068365.html
1321339473	20260903	202609	2026	2026.6658	MOS	ISLAMIC				MOS					NGACVL	KANO	NGA					CVL			1	0211	021	02	1	3.4	6	1	6	4.48717948717949	4	Kano, Kano, Nigeria	NI	NI29	191030	11.9964	8.51667	-2014610	4	Kano, Kano, Nigeria	NI	NI29	191030	11.9964	8.51667	-2014610	4	Kano, Kano, Nigeria	NI	NI29	191030	11.9964	8.51667	-2014610	20260903174500	https://blueprint.ng/emir-of-kano-partners-afrinvest-commissions-digital-library/
1321339474	20260903	202609	2026	2026.6658	MOS	MUSLIM				MOS					NGOUSAJEWGOV	AMIT	USA			JEW		NGO	GOV		1	014	014	01	1	0.0	8	1	8	-5.77689243027889	4	Krishnanagar, West Bengal, India	IN	IN28	17956	23.4	88.5	-2101705	4	Krishnanagar, West Bengal, India	IN	IN28	17956	23.4	88.5	-2101705	4	Krishnanagar, West Bengal, India	IN	IN28	17956	23.4	88.5	-2101705	20260903174500	https://www.hindustantimes.com/india-news/tmc-mp-mahua-moitra-summoned-by-diamond-harbour-police-in-west-bengal-over-alleged-communal-remarks-101788455068365.html
1321339475	20260903	202609	2026	2026.6658	MOS	MUSLIM				MOS					NGOUSAJEWGOV	AMIT	USA			JEW		NGO	GOV		1	042	042	04	1	1.9	8	1	8	-5.77689243027889	4	Diamond Harbour, West Bengal, India	IN	IN28	70294	22.1917	88.1847	-2094871	4	Diamond Harbour, West Bengal, India	IN	IN28	70294	22.1917	88.1847	-2094871	4	Diamond Harbour, West Bengal, India	IN	IN28	70294	22.1917	88.1847	-2094871	20260903174500	https://www.hindustantimes.com/india-news/tmc-mp-mahua-moitra-summoned-by-diamond-harbour-police-in-west-bengal-over-alleged-communal-remarks-101788455068365.html
1321339476	20260903	202609	2026	2026.6658	MWI	MALAWI	MWI								AFR	AFRICA	AFR								1	073	073	07	2	7.4	2	1	2	-2.74509803921568	1	South Africa	SF	SF		-30	26	SF	1	South Africa	SF	SF		-30	26	SF	1	South Africa	SF	SF		-30	26	SF	20260903174500	https://www.ecr.co.za/news/news/sa-sisters-arrive-home-after-malawi-trafficking-ordeal/
1321339477	20260903	202609	2026	2026.6658	MWI	MALAWI	MWI								ZAF	SOUTH AFRICAN	ZAF								1	073	073	07	2	7.4	3	1	3	-2.74509803921568	1	South Africa	SF	SF		-30	26	SF	1	South Africa	SF	SF		-30	26	SF	1	South Africa	SF	SF		-30	26	SF	20260903174500	https://www.ecr.co.za/news/news/sa-sisters-arrive-home-after-malawi-trafficking-ordeal/
1321339478	20260903	202609	2026	2026.6658	MYS	MALAYSIA	MYS								PHL	PHILIPPINE	PHL								1	042	042	04	1	1.9	4	1	4	-3.87096774193549	4	Philippine, Benguet, Philippines	RP	RP10	24213	16.45	120.55	-2445611	4	Philippine, Benguet, Philippines	RP	RP10	24213	16.45	120.55	-2445611	4	Philippine, Benguet, Philippines	RP	RP10	24213	16.45	120.55	-2445611	20260903174500	https://www.manilatimes.net/2026/09/04/news/national/2-chinese-get-life-for-importing-meth/2418185
1321339479	20260903	202609	2026	2026.6658	NERGOV	NIGER	NER					GOV			UKR	KYIV	UKR								0	112	112	11	3	-2.0	1	1	1	-5.79514824797844	4	Tinzaouaten, Kidal, Mali	ML	ML10	19383	19.9625	2.8575	-489890	4	Tinzaouaten, Kidal, Mali	ML	ML10	19383	19.9625	2.8575	-489890	4	Tinzaouaten, Kidal, Mali	ML	ML10	19383	19.9625	2.8575	-489890	20260903174500	https://dailypost.ng/2026/09/03/george-kimmitt-from-the-sahel-to-nigeria-how-far-will-kyiv-go-in-africa/
1321339480	20260903	202609	2026	2026.6658	NERGOV	NIGER	NER					GOV			UKR	KYIV	UKR								0	112	112	11	3	-2.0	1	1	1	-5.79514824797844	1	Niger	NG	NG		16	8	NG	4	Kyiv, Kyyiv, Misto, Ukraine	UP	UP12	28554	50.4333	30.5167	-1044367	4	Kyiv, Kyyiv, Misto, Ukraine	UP	UP12	28554	50.4333	30.5167	-1044367	20260903174500	https://dailypost.ng/2026/09/03/george-kimmitt-from-the-sahel-to-nigeria-how-far-will-kyiv-go-in-africa/
1321339481	20260903	202609	2026	2026.6658	NGA	NIGERIA	NGA																		1	012	012	01	1	-0.4	4	1	4	-2.51046025104603	4	Port Harcourt, Rivers, Nigeria	NI	NI50	191389	4.78917	6.99861	-2025046	0								4	Port Harcourt, Rivers, Nigeria	NI	NI50	191389	4.78917	6.99861	-2025046	20260903174500	https://dailypost.ng/2026/09/03/adc-to-participate-fully-in-2027-elections-despite-concerns-over-inec/
1321339482	20260903	202609	2026	2026.6658	NGA	NIGERIA	NGA																		0	013	013	01	1	0.4	4	1	4	4.81171548117155	4	Port Harcourt, Rivers, Nigeria	NI	NI50	191389	4.78917	6.99861	-2025046	0								4	Port Harcourt, Rivers, Nigeria	NI	NI50	191389	4.78917	6.99861	-2025046	20260903174500	https://allafrica.com/stories/202609030425.html
1321339483	20260903	202609	2026	2026.6658	NGA	NIGERIA	NGA																		0	020	020	02	1	3.0	2	1	2	4.81171548117155	4	Port Harcourt, Rivers, Nigeria	NI	NI50	191389	4.78917	6.99861	-2025046	0								4	Port Harcourt, Rivers, Nigeria	NI	NI50	191389	4.78917	6.99861	-2025046	20260903174500	https://allafrica.com/stories/202609030425.html
1321339484	20260903	202609	2026	2026.6658	NGA	NIGERIA	NGA																		1	046	046	04	1	7.0	6	1	6	-2.69299820466786	4	Anambra, Nigeria (general), Nigeria	NI	NI00	22911	7.26667	7.4	-1999832	0								4	Anambra, Nigeria (general), Nigeria	NI	NI00	22911	7.26667	7.4	-1999832	20260903174500	https://blueprint.ng/anambra-government-agents-choking-marketers-with-illegal-levies-taxes/
1321339485	20260903	202609	2026	2026.6658	NGA	NIGERIAN	NGA								EDU	STUDENT						EDU			0	051	051	05	1	3.4	10	1	10	4.81171548117155	4	Port Harcourt, Rivers, Nigeria	NI	NI50	191389	4.78917	6.99861	-2025046	4	Port Harcourt, Rivers, Nigeria	NI	NI50	191389	4.78917	6.99861	-2025046	4	Port Harcourt, Rivers, Nigeria	NI	NI50	191389	4.78917	6.99861	-2025046	20260903174500	https://allafrica.com/stories/202609030425.html
1321339486	20260903	202609	2026	2026.6658	NGA	NIGERIA	NGA								EDU	STUDENT						EDU			1	060	060	06	2	6.0	4	1	4	4.81171548117155	4	Port Harcourt, Rivers, Nigeria	NI	NI50	191389	4.78917	6.99861	-2025046	4	Port Harcourt, Rivers, Nigeria	NI	NI50	191389	4.78917	6.99861	-2025046	4	Port Harcourt, Rivers, Nigeria	NI	NI50	191389	4.78917	6.99861	-2025046	20260903174500	https://allafrica.com/stories/202609030425.html
1321339487	20260903	202609	2026	2026.6658	NGA	ABUJA	NGA								GBR	LONDON	GBR								0	043	043	04	1	2.8	8	1	8	-1.58562367864693	4	Abuja, Abuja Federal Capital Territory, Nigeria	NI	NI11	191147	9.08333	7.53333	-1997013	4	Abuja, Abuja Federal Capital Territory, Nigeria	NI	NI11	191147	9.08333	7.53333	-1997013	4	Abuja, Abuja Federal Capital Territory, Nigeria	NI	NI11	191147	9.08333	7.53333	-1997013	20260903174500	https://techcabal.com/2026/09/03/uber-is-gone-its-users-must-find-another-way-around-nigeria/
1321339488	20260903	202609	2026	2026.6658	NGA	NIGERIA	NGA								GOV	MINIST OF PETROLEUM						GOV			1	112	112	11	3	-2.0	2	1	2	-2.69299820466786	4	Anambra, Nigeria (general), Nigeria	NI	NI00	22911	7.26667	7.4	-1999832	4	Anambra, Nigeria (general), Nigeria	NI	NI00	22911	7.26667	7.4	-1999832	4	Anambra, Nigeria (general), Nigeria	NI	NI00	22911	7.26667	7.4	-1999832	20260903174500	https://blueprint.ng/anambra-government-agents-choking-marketers-with-illegal-levies-taxes/
1321339489	20260903	202609	2026	2026.6658	NGA	NIGERIA	NGA								LEG	CONGRESS						LEG			1	130	130	13	3	-4.4	6	1	6	-5.55555555555555	5	Rivers State, Rivers, Nigeria	NI	NI50	23058	4.75	6.83333	-2025387	5	Rivers State, Rivers, Nigeria	NI	NI50	23058	4.75	6.83333	-2025387	5	Rivers State, Rivers, Nigeria	NI	NI50	23058	4.75	6.83333	-2025387	20260903174500	https://dailypost.ng/2026/09/03/2027-adc-vows-to-resist-illegality-intimidation-in-rivers/
1321339490	20260903	202609	2026	2026.6658	NGA	NIGERIA	NGA								MIL	MILITARY						MIL			1	030	030	03	1	4.0	2	1	2	-2	1	Niger	NG	NG		16	8	NG	1	Niger	NG	NG		16	8	NG	1	Niger	NG	NG		16	8	NG	20260903174500	https://dailypost.ng/2026/09/03/nigeria-will-never-support-military-coup-in-niger-fg/
1321339491	20260903	202609	2026	2026.6658	NGA	NIGERIA	NGA								MIL	MILITARY						MIL			1	030	030	03	1	4.0	2	1	2	-2	1	Niger	NG	NG		16	8	NG	1	Nigeria	NI	NI		10	8	NI	1	Nigeria	NI	NI		10	8	NI	20260903174500	https://dailypost.ng/2026/09/03/nigeria-will-never-support-military-coup-in-niger-fg/
1321339492	20260903	202609	2026	2026.6658	NGA	NIGERIA	NGA								MIL	MILITARY						MIL			1	030	030	03	1	4.0	6	1	6	-2	1	Nigeria	NI	NI		10	8	NI	1	Nigeria	NI	NI		10	8	NI	1	Nigeria	NI	NI		10	8	NI	20260903174500	https://dailypost.ng/2026/09/03/nigeria-will-never-support-military-coup-in-niger-fg/
1321339493	20260903	202609	2026	2026.6658	NGA	NIGERIAN	NGA								MOS	ISLAMIC				MOS					0	190	190	19	4	-10.0	10	1	10	-5.79514824797844	1	Nigeria	NI	NI		10	8	NI	1	Nigeria	NI	NI		10	8	NI	1	Nigeria	NI	NI		10	8	NI	20260903174500	https://dailypost.ng/2026/09/03/george-kimmitt-from-the-sahel-to-nigeria-how-far-will-kyiv-go-in-africa/
1321339494	20260903	202609	2026	2026.6658	NGACVL	NIGERIA	NGA					CVL			NGA	KANO	NGA								1	0211	021	02	1	3.4	4	1	4	4.48717948717949	4	Kano, Kano, Nigeria	NI	NI29	191030	11.9964	8.51667	-2014610	4	Kano, Kano, Nigeria	NI	NI29	191030	11.9964	8.51667	-2014610	4	Kano, Kano, Nigeria	NI	NI29	191030	11.9964	8.51667	-2014610	20260903174500	https://blueprint.ng/emir-of-kano-partners-afrinvest-commissions-digital-library/
1321339495	20260903	202609	2026	2026.6658	NGO	ROTARY CLUB						NGO			NPL	KATHMANDU	NPL								0	060	060	06	2	6.0	10	1	10	-2.44988864142539	4	Kathmandu, Bagmati, Nepal	NP	NP01	22353	27.7167	85.3167	-1022136	4	Kathmandu, Bagmati, Nepal	NP	NP01	22353	27.7167	85.3167	-1022136	4	Kathmandu, Bagmati, Nepal	NP	NP01	22353	27.7167	85.3167	-1022136	20260903174500	https://www.ecr.co.za/news/news/kzn-mother-to-search-for-missing-daughter-in-nepal/
1321339496	20260903	202609	2026	2026.6658	NGODEVMED	DEVELOPMENT AGENC						NGO	DEV	MED	AZE	AZERBAIJAN	AZE								1	111	111	11	3	-2.0	10	1	10	-5.55555555555555	1	Azerbaijan	AJ	AJ		40.5	47.5	AJ	1	Azerbaijan	AJ	AJ		40.5	47.5	AJ	1	Azerbaijan	AJ	AJ		40.5	47.5	AJ	20260903174500	https://www.trend.az/azerbaijan/politics/4220476.html
1321339497	20260903	202609	2026	2026.6658	NGOUSAJEWGOV	AMIT	USA			JEW		NGO	GOV		MOS	MUSLIM				MOS					1	043	043	04	1	2.8	8	1	8	-5.77689243027889	4	Diamond Harbour, West Bengal, India	IN	IN28	70294	22.1917	88.1847	-2094871	4	Diamond Harbour, West Bengal, India	IN	IN28	70294	22.1917	88.1847	-2094871	4	Diamond Harbour, West Bengal, India	IN	IN28	70294	22.1917	88.1847	-2094871	20260903174500	https://www.hindustantimes.com/india-news/tmc-mp-mahua-moitra-summoned-by-diamond-harbour-police-in-west-bengal-over-alleged-communal-remarks-101788455068365.html
1321339498	20260903	202609	2026	2026.6658	NOR	NORWEGIAN	NOR																		1	162	162	16	4	-5.6	8	1	8	0.43290043290043	3	Washington, District of Columbia, United States	US	USDC	DC001	38.8951	-77.0364	531871	0								3	Washington, District of Columbia, United States	US	USDC	DC001	38.8951	-77.0364	531871	20260903174500	https://www.thelocal.no/20260903/norwegian-ngo-to-cut-1700-jobs-after-refusing-us-aid-conditions
1321339499	20260903	202609	2026	2026.6658	NOR	OSLO	NOR								CVL	TOURIST						CVL			0	043	043	04	1	2.8	5	1	5	0.34129692832765	4	Oslo, Oslo, Norway	NO	NO12	23413	59.9167	10.75	-273837	4	Oslo, Oslo, Norway	NO	NO12	23413	59.9167	10.75	-273837	4	Oslo, Oslo, Norway	NO	NO12	23413	59.9167	10.75	-273837	20260903174500	https://www.thelocal.no/20260903/norway-sets-up-temporary-border-controls-ahead-of-king-harald-vs-funeral
1321339500	20260903	202609	2026	2026.6658	NPL	NEPAL	NPL								GOV	GOVERNMENT						GOV			0	030	030	03	1	4.0	2	1	2	-2.68456375838926	4	Hetauda, Nepal (general), Nepal	NP	NP00	22353	27.4284	85.0322	-1022031	4	Hetauda, Nepal (general), Nepal	NP	NP00	22353	27.4284	85.0322	-1022031	4	Hetauda, Nepal (general), Nepal	NP	NP00	22353	27.4284	85.0322	-1022031	20260903174500	https://peoplesreview.com.np/2026/09/03/babbles-everyone-becoming-an-expert/
1321339501	20260903	202609	2026	2026.6658	NPL	NEPAL	NPL								GOV	GOVERNMENT						GOV			0	030	030	03	1	4.0	2	1	2	-2.68456375838926	4	Rasuwa, Nepal (general), Nepal	NP	NP00	22351	28.2812	85.3898	-1022531	4	Hetauda, Nepal (general), Nepal	NP	NP00	22353	27.4284	85.0322	-1022031	4	Rasuwa, Nepal (general), Nepal	NP	NP00	22351	28.2812	85.3898	-1022531	20260903174500	https://peoplesreview.com.np/2026/09/03/babbles-everyone-becoming-an-expert/
1321339502	20260903	202609	2026	2026.6658	NPL	NEPAL	NPL								GOV	PRESIDENT						GOV			1	043	043	04	1	2.8	2	1	2	-3.83233532934131	1	Nepal	NP	NP		28	84	NP	2	Minnesota, United States	US	USMN		45.7326	-93.9196	MN	2	Minnesota, United States	US	USMN		45.7326	-93.9196	MN	20260903174500	https://www.americamagazine.org/short-take/2026/09/03/compassion-fatigue-bad-news-ignatian-spirituality/
1321339503	20260903	202609	2026	2026.6658	NPL	NEPAL	NPL								GOV	PRESIDENT						GOV			1	043	043	04	1	2.8	4	1	4	-3.83233532934131	1	Nepal	NP	NP		28	84	NP	2	Minnesota, United States	US	USMN		45.7326	-93.9196	MN	1	Nepal	NP	NP		28	84	NP	20260903174500	https://www.americamagazine.org/short-take/2026/09/03/compassion-fatigue-bad-news-ignatian-spirituality/
1321339504	20260903	202609	2026	2026.6658	NPL	NEPAL	NPL								USA	UNITED STATES	USA								1	042	042	04	1	1.9	4	1	4	-1.20192307692308	1	Nepal	NP	NP		28	84	NP	1	Nepal	NP	NP		28	84	NP	1	Nepal	NP	NP		28	84	NP	20260903174500	https://www.nbcsandiego.com/news/local/san-diego-husband-and-wife-among-the-missing-in-deadly-nepal-flooding/4068944/
1321339505	20260903	202609	2026	2026.6658	OPP	ACTIVIST						OPP													1	010	010	01	1	0.0	10	1	10	2.24	2	Michigan, United States	US	USMI		43.3504	-84.5603	MI	0								2	Michigan, United States	US	USMI		43.3504	-84.5603	MI	20260903174500	https://www.lifenews.com/2026/09/03/michigan-voters-should-support-john-james-for-governor/
1321339506	20260903	202609	2026	2026.6658	OPP	PROTESTER						OPP													0	013	013	01	1	0.4	10	1	10	-8.66141732283465	4	Balkan, Khaskovo, Bulgaria	BU	BU43	11907	41.7667	25.5667	-831934	0								4	Balkan, Khaskovo, Bulgaria	BU	BU43	11907	41.7667	25.5667	-831934	20260903174500	https://www.novinite.com/articles/240451/Bulgaria:+Over+100+Vultures+Killed,+Still+No+Convictions
1321339507	20260903	202609	2026	2026.6658	OPP	ACTIVIST						OPP													0	190	190	19	4	-10.0	6	1	6	-0.1628664495114	4	Rotherham, Rotherham, United Kingdom	UK	UKL3	40130	53.4333	-1.35	-2606551	0								4	South Yorkshire, United Kingdom (general), United Kingdom	UK	UK00	40130	53.45	-1.25	-2608379	20260903174500	https://www.lifenews.com/2026/09/03/special-event-will-remember-assassinated-pro-life-mp-ann-widdecombe/
1321339508	20260903	202609	2026	2026.6658	OPP	ACTIVIST						OPP			GBR	UNITED KINGDOM	GBR								0	173	173	17	4	-5.0	6	1	6	-0.1628664495114	4	Torquay, Torbay, United Kingdom	UK	UKO4	40104	50.45	-3.5	-2610007	4	Torquay, Torbay, United Kingdom	UK	UKO4	40104	50.45	-3.5	-2610007	4	Torquay, Torbay, United Kingdom	UK	UKO4	40104	50.45	-3.5	-2610007	20260903174500	https://www.lifenews.com/2026/09/03/special-event-will-remember-assassinated-pro-life-mp-ann-widdecombe/
1321339509	20260903	202609	2026	2026.6658	OPP	PRISONER						OPP			JUD	JUDGE						JUD			0	036	036	03	1	4.0	10	1	10	-7.22433460076046	1	Israel	IS	IS		31.5	34.75	IS	1	Israel	IS	IS		31.5	34.75	IS	1	Israel	IS	IS		31.5	34.75	IS	20260903174500	https://www.theguardian.com/uk-news/2026/sep/03/pro-palestine-activists-who-were-sentenced-as-terrorists-launch-appeal
1321339510	20260903	202609	2026	2026.6658	PAK	PESHAWAR	PAK																		1	043	043	04	1	2.8	6	1	6	-5.04854368932039	4	Peshawar, North-West Frontier, Pakistan	PK	PK03	40347	34.0078	71.5733	-2771364	0								4	Muzaffarabad, Punjab, Pakistan	PK	PK04	23670	30.1338	71.3685	-2762834	20260903174500	https://www.geo.tv/latest/680533-ndma-forecasts-heavy-rain-potential-flooding-in-kp-gb-and-ajk
1321339511	20260903	202609	2026	2026.6658	PAK	PESHAWAR	PAK																		1	043	043	04	1	2.8	4	1	4	-5.04854368932039	4	Peshawar, North-West Frontier, Pakistan	PK	PK03	40347	34.0078	71.5733	-2771364	0								4	Peshawar, North-West Frontier, Pakistan	PK	PK03	40347	34.0078	71.5733	-2771364	20260903174500	https://www.geo.tv/latest/680533-ndma-forecasts-heavy-rain-potential-flooding-in-kp-gb-and-ajk
1321339512	20260903	202609	2026	2026.6658	PAK	PAKISTANI	PAK																		1	046	046	04	1	7.0	10	1	10	-0.8298755186722	4	Balakot, North-West Frontier, Pakistan	PK	PK03	40350	34.8563	72.5701	9205744	0								4	Balakot, North-West Frontier, Pakistan	PK	PK03	40350	34.8563	72.5701	9205744	20260903174500	https://www.moneycontrol.com/news/india/abhinandan-varthaman-joins-fly91-from-downing-a-pakistani-f-16-jet-in-90-seconds-to-flying-commercial-14022227.html
1321339513	20260903	202609	2026	2026.6658	PAK	PAKISTAN	PAK																		1	120	120	12	3	-4.0	4	1	4	-3.91363022941971	4	Karachi, Sindh, Pakistan	PK	PK05	40398	24.8667	67.05	-2764584	0								4	Karachi, Sindh, Pakistan	PK	PK05	40398	24.8667	67.05	-2764584	20260903174500	https://www.geo.tv/latest/680538-sindh-assembly-rejects-provincial-division-amid-mqm-p-boycott
1321339514	20260903	202609	2026	2026.6658	PAK	PAKISTAN	PAK																		1	120	120	12	3	-4.0	2	1	2	-3.91363022941971	4	Sindh Assembly, Sindh, Pakistan	PK	PK05	40395	24.8548	67.02	10525648	0								4	Sindh Assembly, Sindh, Pakistan	PK	PK05	40395	24.8548	67.02	10525648	20260903174500	https://www.geo.tv/latest/680538-sindh-assembly-rejects-provincial-division-amid-mqm-p-boycott
1321339515	20260903	202609	2026	2026.6658	PAK	PAKISTAN	PAK																		1	163	163	16	4	-8.0	6	1	6	-3.91363022941971	4	Sindh Assembly, Sindh, Pakistan	PK	PK05	40395	24.8548	67.02	10525648	0								4	Sindh Assembly, Sindh, Pakistan	PK	PK05	40395	24.8548	67.02	10525648	20260903174500	https://www.geo.tv/latest/680538-sindh-assembly-rejects-provincial-division-amid-mqm-p-boycott
1321339516	20260903	202609	2026	2026.6658	PAK	PAKISTAN	PAK								LEG	LAWMAKER						LEG			1	040	040	04	1	1.0	2	1	2	-3.91363022941971	4	Sindh Assembly, Sindh, Pakistan	PK	PK05	40395	24.8548	67.02	10525648	4	Sindh Assembly, Sindh, Pakistan	PK	PK05	40395	24.8548	67.02	10525648	4	Sindh Assembly, Sindh, Pakistan	PK	PK05	40395	24.8548	67.02	10525648	20260903174500	https://www.geo.tv/latest/680538-sindh-assembly-rejects-provincial-division-amid-mqm-p-boycott
1321339517	20260903	202609	2026	2026.6658	PAK	ISLAMABAD	PAK								PAKGOV	PAKISTAN	PAK					GOV			1	046	046	04	1	7.0	2	1	2	7.10900473933649	4	Islamabad, Islamabad, Pakistan	PK	PK08	23674	33.7	73.1667	-2762812	4	Islamabad, Islamabad, Pakistan	PK	PK08	23674	33.7	73.1667	-2762812	4	Islamabad, Islamabad, Pakistan	PK	PK08	23674	33.7	73.1667	-2762812	20260903174500	https://www.geo.tv/latest/680503-razia-noreen-nurse-who-saved-newborn-in-pims-fire-to-receive-civil-award
1321339518	20260903	202609	2026	2026.6658	PAKGOV	PAKISTAN	PAK					GOV			CRM	CRIMINAL						CRM			0	173	173	17	4	-5.0	2	1	2	-5.89318600368324	4	Islamabad, Islamabad, Pakistan	PK	PK08	23674	33.7	73.1667	-2762812	4	Islamabad, Islamabad, Pakistan	PK	PK08	23674	33.7	73.1667	-2762812	4	Islamabad, Islamabad, Pakistan	PK	PK08	23674	33.7	73.1667	-2762812	20260903174500	https://www.geo.tv/latest/680513-criminal-cases-to-be-lodged-against-those-responsible-for-pims-fire
1321339519	20260903	202609	2026	2026.6658	PAKGOV	PAKISTAN	PAK					GOV			PAK	ISLAMABAD	PAK								1	046	046	04	1	7.0	2	1	2	7.10900473933649	4	Islamabad, Islamabad, Pakistan	PK	PK08	23674	33.7	73.1667	-2762812	4	Islamabad, Islamabad, Pakistan	PK	PK08	23674	33.7	73.1667	-2762812	4	Islamabad, Islamabad, Pakistan	PK	PK08	23674	33.7	73.1667	-2762812	20260903174500	https://www.geo.tv/latest/680503-razia-noreen-nurse-who-saved-newborn-in-pims-fire-to-receive-civil-award
1321339520	20260903	202609	2026	2026.6658	PAKGOV	PAKISTAN	PAK					GOV			PAKHLH	PAKISTAN	PAK					HLH			1	051	051	05	1	3.4	3	1	2	7.10900473933649	4	Islamabad, Islamabad, Pakistan	PK	PK08	23674	33.7	73.1667	-2762812	4	Islamabad, Islamabad, Pakistan	PK	PK08	23674	33.7	73.1667	-2762812	4	Islamabad, Islamabad, Pakistan	PK	PK08	23674	33.7	73.1667	-2762812	20260903174500	https://www.geo.tv/latest/680503-razia-noreen-nurse-who-saved-newborn-in-pims-fire-to-receive-civil-award
1321339521	20260903	202609	2026	2026.6658	PAKLEG	PAKISTAN	PAK					LEG			LEG	LAWMAKER						LEG			1	040	040	04	1	1.0	2	1	2	-3.91363022941971	4	Sindh Assembly, Sindh, Pakistan	PK	PK05	40395	24.8548	67.02	10525648	4	Sindh Assembly, Sindh, Pakistan	PK	PK05	40395	24.8548	67.02	10525648	4	Sindh Assembly, Sindh, Pakistan	PK	PK05	40395	24.8548	67.02	10525648	20260903174500	https://www.geo.tv/latest/680538-sindh-assembly-rejects-provincial-division-amid-mqm-p-boycott
1321339522	20260903	202609	2026	2026.6658	PAKMIL	PAKISTAN	PAK					MIL			PAK	PAKISTANI	PAK								0	181	181	18	4	-9.0	2	1	2	-0.8298755186722	4	Wagah, Sindh, Pakistan	PK	PK05	23686	26.9833	68.5167	-2776932	4	Wagah, Sindh, Pakistan	PK	PK05	23686	26.9833	68.5167	-2776932	4	Wagah, Sindh, Pakistan	PK	PK05	23686	26.9833	68.5167	-2776932	20260903174500	https://www.moneycontrol.com/news/india/abhinandan-varthaman-joins-fly91-from-downing-a-pakistani-f-16-jet-in-90-seconds-to-flying-commercial-14022227.html
1321339523	20260903	202609	2026	2026.6658	PER	PERUVIAN	PER																		1	010	010	01	1	0.0	10	1	10	-3.28502415458937	1	Egypt	EG	EG		27	30	EG	0								1	Egypt	EG	EG		27	30	EG	20260903174500	https://www.medicaldaily.com/wilson-disease-panda-bright-eyes-mri-sign-478164
1321339524	20260903	202609	2026	2026.6658	PHL	MANILA	PHL																		0	130	130	13	3	-4.4	10	1	10	2.06422018348624	4	Manila, Manila, Philippines	RP	RPD9	24210	14.6042	120.982	-2437894	0								4	Manila, Manila, Philippines	RP	RPD9	24210	14.6042	120.982	-2437894	20260903174500	https://www.manilatimes.net/2026/09/04/regions/lamitan-city-emerges-as-booming-commercial-hub/2417870
1321339525	20260903	202609	2026	2026.6658	PHL	PHILIPPINE	PHL								USA	CALIFORNIA	USA								0	111	111	11	3	-2.0	2	1	2	2.60223048327137	4	Santa Monica, Iloilo, Philippines	RP	RP30	24250	10.7364	122.453	-2451679	4	Santa Monica, Iloilo, Philippines	RP	RP30	24250	10.7364	122.453	-2451679	4	Santa Monica, Iloilo, Philippines	RP	RP30	24250	10.7364	122.453	-2451679	20260903174500	https://www.manilatimes.net/2026/09/04/tmt-newswire/pr-newswire/earfun-unveils-flagship-wave-pro-x-the-worlds-first-dual-coaxial-headphones-with-qualcomm-anc-technology-and-auracast/2418261
1321339526	20260903	202609	2026	2026.6658	PHLGOV	MANILA	PHL					GOV													0	090	090	09	2	-2.0	6	1	6	2.06422018348624	4	Manila, Manila, Philippines	RP	RPD9	24210	14.6042	120.982	-2437894	0								4	Manila, Manila, Philippines	RP	RPD9	24210	14.6042	120.982	-2437894	20260903174500	https://www.manilatimes.net/2026/09/04/regions/lamitan-city-emerges-as-booming-commercial-hub/2417870
1321339527	20260903	202609	2026	2026.6658	PHLGOV	MANILA	PHL					GOV			PHL	PHILIPPINE	PHL								0	090	090	09	2	-2.0	4	1	4	2.06422018348624	4	Manila, Manila, Philippines	RP	RPD9	24210	14.6042	120.982	-2437894	4	Manila, Manila, Philippines	RP	RPD9	24210	14.6042	120.982	-2437894	4	Manila, Manila, Philippines	RP	RPD9	24210	14.6042	120.982	-2437894	20260903174500	https://www.manilatimes.net/2026/09/04/regions/lamitan-city-emerges-as-booming-commercial-hub/2417870
1321339528	20260903	202609	2026	2026.6658	PRT	PORTUGAL	PRT																		1	010	010	01	1	0.0	4	1	4	-5.81583198707593	4	Sidi Mohammed Ben Abdallah, Region de Chaouia-Ouardigha, Morocco	MO	MO50	21829	32.7805	-7.379	-48016	0								4	Sidi Mohammed Ben Abdallah, Region de Chaouia-Ouardigha, Morocco	MO	MO50	21829	32.7805	-7.379	-48016	20260903174500	https://northafricapost.com/100009-on-moroccos-unbroken-claim-to-ceuta-and-melilla.html
1321339529	20260903	202609	2026	2026.6658	PSE	GAZA	PSE								GOV	PRIME MINISTER						GOV			1	042	042	04	1	1.9	2	1	2	-0.238095238095238	4	Gaza, Israel (general), Israel	IS	IS00	18315	31.4167	34.3333	-797156	4	Gaza, Israel (general), Israel	IS	IS00	18315	31.4167	34.3333	-797156	4	Gaza, Israel (general), Israel	IS	IS00	18315	31.4167	34.3333	-797156	20260903174500	https://www.israelnationalnews.com/news/432671
1321339530	20260903	202609	2026	2026.6658	PSE	GAZA	PSE								GOV	PRIME MINISTER						GOV			1	042	042	04	1	1.9	2	1	2	-0.238095238095238	1	Gaza Strip	GZ	GZ		31.425074	34.373398	GZ	1	Gaza Strip	GZ	GZ		31.425074	34.373398	GZ	1	Gaza Strip	GZ	GZ		31.425074	34.373398	GZ	20260903174500	https://www.israelnationalnews.com/news/432671
1321339531	20260903	202609	2026	2026.6658	PSE	PALESTINE	PSE								ISR	ISRAELI	ISR								0	043	043	04	1	2.8	6	1	6	-6.58135283363803	1	Israel	IS	IS		31.5	34.75	IS	1	Israel	IS	IS		31.5	34.75	IS	1	Israel	IS	IS		31.5	34.75	IS	20260903174500	http://www.washingtonjewishweek.com/editorial-is-there-still-a-line/
1321339532	20260903	202609	2026	2026.6658	PSE	PALESTINE	PSE								UAF	TERRORIST						UAF			1	111	111	11	3	-2.0	1	1	1	-7.22433460076046	1	Israel	IS	IS		31.5	34.75	IS	1	Israel	IS	IS		31.5	34.75	IS	1	Israel	IS	IS		31.5	34.75	IS	20260903174500	https://www.theguardian.com/uk-news/2026/sep/03/pro-palestine-activists-who-were-sentenced-as-terrorists-launch-appeal
1321339533	20260903	202609	2026	2026.6658	PTY	POLITICIAN									USA	UNITED STATES	USA								1	111	111	11	3	-2.0	2	1	2	-8.8	1	Israel	IS	IS		31.5	34.75	IS	2	Florida, United States	US	USFL		27.8333	-81.717	FL	2	Florida, United States	US	USFL		27.8333	-81.717	FL	20260903174500	https://www.israelnationalnews.com/news/432666
1321339534	20260903	202609	2026	2026.6658	PTY	POLITICIAN									USA	UNITED STATES	USA								1	111	111	11	3	-2.0	2	1	2	-8.8	1	Israel	IS	IS		31.5	34.75	IS	2	Florida, United States	US	USFL		27.8333	-81.717	FL	1	Israel	IS	IS		31.5	34.75	IS	20260903174500	https://www.israelnationalnews.com/news/432666
1321339535	20260903	202609	2026	2026.6658	REB	REBELLION						REB													0	084	084	08	2	7.0	10	1	10	-0.15974440894569	2	New York, United States	US	USNY		42.1497	-74.9384	NY	0								2	New York, United States	US	USNY		42.1497	-74.9384	NY	20260903174500	https://www.thehindu.com/news/international/gloria-steinem-death-feminist-organiser-indian-connection/article71425460.ece
1321339536	20260903	202609	2026	2026.6658	REB	REBELLION						REB			USA	UNITED STATES	USA								0	051	051	05	1	3.4	1	1	1	2.87206266318538	3	Brooklyn, New York, United States	US	USNY	NY025	42.3442	-75.1704	944840	2	New York, United States	US	USNY		42.1497	-74.9384	NY	2	New York, United States	US	USNY		42.1497	-74.9384	NY	20260903174500	https://www.artnews.com/art-news/news/gloria-steinem-life-in-art-1234796896/
1321339537	20260903	202609	2026	2026.6658	REB	REBELLION						REB			USA	UNITED STATES	USA								0	051	051	05	1	3.4	1	1	1	2.87206266318538	2	New York, United States	US	USNY		42.1497	-74.9384	NY	2	New York, United States	US	USNY		42.1497	-74.9384	NY	2	New York, United States	US	USNY		42.1497	-74.9384	NY	20260903174500	https://www.artnews.com/art-news/news/gloria-steinem-life-in-art-1234796896/
1321339538	20260903	202609	2026	2026.6658	REL	MONK																			1	080	080	08	2	5.0	10	1	10	-1.20192307692308	3	San Diego, California, United States	US	USCA	CA073	32.7153	-117.157	1661377	0								3	San Diego, California, United States	US	USCA		32.7153	-117.157	1661377	20260903174500	https://www.nbcsandiego.com/news/local/san-diego-husband-and-wife-among-the-missing-in-deadly-nepal-flooding/4068944/
1321339539	20260903	202609	2026	2026.6658	REL	ABBOT									CHR	CHRISTIAN				CHR					0	010	010	01	1	0.0	2	1	2	-8.44748858447488	2	Minnesota, United States	US	USMN		45.7326	-93.9196	MN	2	Minnesota, United States	US	USMN		45.7326	-93.9196	MN	2	Minnesota, United States	US	USMN		45.7326	-93.9196	MN	20260903174500	https://www.fox4news.com/news/feds-charges-ice-agent-lying-about-minneapolis-shooting-report
1321339540	20260903	202609	2026	2026.6658	REL	ABBOT									CHR	CHRISTIAN				CHR					0	010	010	01	1	0.0	4	1	4	-8.44748858447488	2	Minnesota, United States	US	USMN		45.7326	-93.9196	MN	2	Texas, United States	US	USTX		31.106	-97.6475	TX	2	Minnesota, United States	US	USMN		45.7326	-93.9196	MN	20260903174500	https://www.fox4news.com/news/feds-charges-ice-agent-lying-about-minneapolis-shooting-report
1321339541	20260903	202609	2026	2026.6658	REL	ABBOT									CHR	CHRISTIAN				CHR					0	0353	035	03	1	7.0	6	1	6	-8.44748858447488	2	Minnesota, United States	US	USMN		45.7326	-93.9196	MN	2	Minnesota, United States	US	USMN		45.7326	-93.9196	MN	2	Minnesota, United States	US	USMN		45.7326	-93.9196	MN	20260903174500	https://www.fox4news.com/news/feds-charges-ice-agent-lying-about-minneapolis-shooting-report
1321339542	20260903	202609	2026	2026.6658	RUSGOV	MOSCOW	RUS					GOV													1	072	072	07	2	8.3	1	1	1	-0.268456375838929	1	China	CH	CH		35	105	CH	0								1	China	CH	CH		35	105	CH	20260903174500	https://www.saturdayeveningpost.com/2026/09/review-mayday-movies-for-the-rest-of-us-with-bill-newcott/
1321339543	20260903	202609	2026	2026.6658	SAU	SAUDI ARABIA	SAU																		0	033	033	03	1	5.2	2	1	2	-2.57589696412144	1	Saudi Arabia	SA	SA		25	45	SA	0								1	Saudi Arabia	SA	SA		25	45	SA	20260903174500	https://www.fox4news.com/news/9-11-declassified-new-secrets-revealed-sons-crusade-forces-buried-evidence-court
1321339544	20260903	202609	2026	2026.6658	SAU	JIDDAH	SAU								GOV	STATE GOVERNOR						GOV			1	020	020	02	1	3.0	5	1	5	-5.85585585585586	0								0								0								20260903174500	https://blueprint.ng/5-family-members-bodies-recovered-from-ilorin-collapsed-building-buried-in-muslim-cementary/
1321339545	20260903	202609	2026	2026.6658	SAU	JIDDAH	SAU								GOV	STATE GOVERNOR						GOV			1	042	042	04	1	1.9	5	1	5	-5.85585585585586	0								0								0								20260903174500	https://blueprint.ng/5-family-members-bodies-recovered-from-ilorin-collapsed-building-buried-in-muslim-cementary/
1321339546	20260903	202609	2026	2026.6658	SPY	INTELLIGENCE						SPY													0	051	051	05	1	3.4	10	1	10	4.57627118644067	4	Manila, Manila, Philippines	RP	RPD9	24210	14.6042	120.982	-2437894	0								4	Manila, Manila, Philippines	RP	RPD9	24210	14.6042	120.982	-2437894	20260903174500	https://www.manilatimes.net/2026/09/04/tmt-newswire/pr-newswire/asus-expands-ai-infrastructure-ecosystem-from-cloud-to-edge/2418272
1321339547	20260903	202609	2026	2026.6658	SPY	INTELLIGENCE						SPY													0	071	071	07	2	7.4	10	1	10	4.14593698175788	4	Manila, Manila, Philippines	RP	RPD9	24210	14.6042	120.982	-2437894	0								4	Manila, Manila, Philippines	RP	RPD9	24210	14.6042	120.982	-2437894	20260903174500	https://www.manilatimes.net/2026/09/04/tmt-newswire/pr-newswire/asus-advances-ai-factories-with-integrated-infrastructure-and-operational-governance/2418271
1321339548	20260903	202609	2026	2026.6658	SYR	SYRIA	SYR																		0	110	110	11	3	-2.0	8	1	8	-3.48623853211009	4	Damascus, Dimashq, Syria	SY	SY13	26324	33.5	36.3	-2541260	0								4	Damascus, Dimashq, Syria	SY	SY13	26324	33.5	36.3	-2541260	20260903174500	http://www.washingtonjewishweek.com/the-turkey-red-line/
1321339549	20260903	202609	2026	2026.6658	SYR	SYRIA	SYR																		0	110	110	11	3	-2.0	2	1	2	-3.48623853211009	4	Ankara, Ankara, Turkey	TU	TU68	27516	39.9272	32.8644	-735338	0								4	Damascus, Dimashq, Syria	SY	SY13	26324	33.5	36.3	-2541260	20260903174500	http://www.washingtonjewishweek.com/the-turkey-red-line/
1321339550	20260903	202609	2026	2026.6658	SYR	SYRIA	SYR								TUR	TURKEY	TUR								1	110	110	11	3	-2.0	2	1	2	-3.48623853211009	4	Damascus, Dimashq, Syria	SY	SY13	26324	33.5	36.3	-2541260	4	Damascus, Dimashq, Syria	SY	SY13	26324	33.5	36.3	-2541260	4	Ankara, Ankara, Turkey	TU	TU68	27516	39.9272	32.8644	-735338	20260903174500	http://www.washingtonjewishweek.com/the-turkey-red-line/
1321339551	20260903	202609	2026	2026.6658	SYR	SYRIA	SYR								TUR	TURKEY	TUR								1	110	110	11	3	-2.0	6	1	6	-3.48623853211009	4	Damascus, Dimashq, Syria	SY	SY13	26324	33.5	36.3	-2541260	4	Ankara, Ankara, Turkey	TU	TU68	27516	39.9272	32.8644	-735338	4	Ankara, Ankara, Turkey	TU	TU68	27516	39.9272	32.8644	-735338	20260903174500	http://www.washingtonjewishweek.com/the-turkey-red-line/
1321339552	20260903	202609	2026	2026.6658	SYR	SYRIA	SYR								TUR	TURKEY	TUR								1	110	110	11	3	-2.0	2	1	2	-3.48623853211009	4	Ankara, Ankara, Turkey	TU	TU68	27516	39.9272	32.8644	-735338	4	Damascus, Dimashq, Syria	SY	SY13	26324	33.5	36.3	-2541260	4	Damascus, Dimashq, Syria	SY	SY13	26324	33.5	36.3	-2541260	20260903174500	http://www.washingtonjewishweek.com/the-turkey-red-line/
1321339553	20260903	202609	2026	2026.6658	TUR	TURKISH	TUR								ISR	ISRAEL	ISR								0	043	043	04	1	2.8	4	1	4	-3.48623853211009	4	Ankara, Ankara, Turkey	TU	TU68	27516	39.9272	32.8644	-735338	1	Israel	IS	IS		31.5	34.75	IS	1	Israel	IS	IS		31.5	34.75	IS	20260903174500	http://www.washingtonjewishweek.com/the-turkey-red-line/
1321339554	20260903	202609	2026	2026.6658	TUR	TURKEY	TUR								SYR	SYRIA	SYR								1	110	110	11	3	-2.0	2	1	2	-3.48623853211009	4	Damascus, Dimashq, Syria	SY	SY13	26324	33.5	36.3	-2541260	4	Damascus, Dimashq, Syria	SY	SY13	26324	33.5	36.3	-2541260	4	Ankara, Ankara, Turkey	TU	TU68	27516	39.9272	32.8644	-735338	20260903174500	http://www.washingtonjewishweek.com/the-turkey-red-line/
1321339555	20260903	202609	2026	2026.6658	TUR	TURKEY	TUR								SYR	SYRIA	SYR								1	110	110	11	3	-2.0	2	1	2	-3.48623853211009	4	Damascus, Dimashq, Syria	SY	SY13	26324	33.5	36.3	-2541260	4	Ankara, Ankara, Turkey	TU	TU68	27516	39.9272	32.8644	-735338	4	Damascus, Dimashq, Syria	SY	SY13	26324	33.5	36.3	-2541260	20260903174500	http://www.washingtonjewishweek.com/the-turkey-red-line/
1321339556	20260903	202609	2026	2026.6658	TUR	TURKEY	TUR								SYR	SYRIA	SYR								1	110	110	11	3	-2.0	6	1	6	-3.48623853211009	4	Ankara, Ankara, Turkey	TU	TU68	27516	39.9272	32.8644	-735338	4	Damascus, Dimashq, Syria	SY	SY13	26324	33.5	36.3	-2541260	4	Ankara, Ankara, Turkey	TU	TU68	27516	39.9272	32.8644	-735338	20260903174500	http://www.washingtonjewishweek.com/the-turkey-red-line/
1321339557	20260903	202609	2026	2026.6658	TURGOV	TURKISH	TUR					GOV			ISR	ISRAEL	ISR								0	043	043	04	1	2.8	3	1	3	-3.48623853211009	4	Ankara, Ankara, Turkey	TU	TU68	27516	39.9272	32.8644	-735338	1	Israel	IS	IS		31.5	34.75	IS	1	Israel	IS	IS		31.5	34.75	IS	20260903174500	http://www.washingtonjewishweek.com/the-turkey-red-line/
1321339558	20260903	202609	2026	2026.6658	TZA	TANZANIA	TZA								CVL	CITIZEN						CVL			1	172	172	17	4	-5.0	1	1	1	-0.23584905660377	1	Kenya	KE	KE		1	38	KE	1	Kenya	KE	KE		1	38	KE	1	Kenya	KE	KE		1	38	KE	20260903174500	https://blueprint.ng/kenyan-president-orders-shutdown-of-foreign-owned-small-businesses/
1321339559	20260903	202609	2026	2026.6658	UAF	MILITANT						UAF													0	020	020	02	1	3.0	1	1	1	-5.79514824797844	4	Kyiv, Kyyiv, Misto, Ukraine	UP	UP12	28554	50.4333	30.5167	-1044367	0								4	Kyiv, Kyyiv, Misto, Ukraine	UP	UP12	28554	50.4333	30.5167	-1044367	20260903174500	https://dailypost.ng/2026/09/03/george-kimmitt-from-the-sahel-to-nigeria-how-far-will-kyiv-go-in-africa/
1321339560	20260903	202609	2026	2026.6658	UAF	MILITANT						UAF													0	020	020	02	1	3.0	4	1	4	-5.79514824797844	4	Kyiv, Kyyiv, Misto, Ukraine	UP	UP12	28554	50.4333	30.5167	-1044367	0								1	France	FR	FR		46	2	FR	20260903174500	https://dailypost.ng/2026/09/03/george-kimmitt-from-the-sahel-to-nigeria-how-far-will-kyiv-go-in-africa/
1321339561	20260903	202609	2026	2026.6658	UAF	TERRORIST						UAF													1	051	051	05	1	3.4	8	1	8	1.75233644859813	3	American Legion Post, New York, United States	US	USNY	NY103	40.8842	-73.4192	2358769	0								3	American Legion Post, New York, United States	US	USNY		40.8842	-73.4192	2358769	20260903174500	https://www.positivelynaperville.com/2026/09/03/naperville-september-11-observance-is-set-to-begin-with-music-at-445pm/160760
1321339562	20260903	202609	2026	2026.6658	UAF	TERRORIST						UAF													1	051	051	05	1	3.4	2	1	2	1.75233644859813	3	United Methodist Church, New York, United States	US	USNY	NY077	42.744	-75.1846	977498	0								3	United Methodist Church, New York, United States	US	USNY		42.744	-75.1846	977498	20260903174500	https://www.positivelynaperville.com/2026/09/03/naperville-september-11-observance-is-set-to-begin-with-music-at-445pm/160760
1321339563	20260903	202609	2026	2026.6658	UAF	TERRORIST						UAF													1	173	173	17	4	-5.0	3	1	3	-7.22433460076046	1	Israel	IS	IS		31.5	34.75	IS	0								1	Israel	IS	IS		31.5	34.75	IS	20260903174500	https://www.theguardian.com/uk-news/2026/sep/03/pro-palestine-activists-who-were-sentenced-as-terrorists-launch-appeal
1321339564	20260903	202609	2026	2026.6658	UAF	TERRORIST						UAF			ISR	ISRAEL	ISR								1	172	172	17	4	-5.0	2	1	2	-7.22433460076046	1	Israel	IS	IS		31.5	34.75	IS	1	Israel	IS	IS		31.5	34.75	IS	1	Israel	IS	IS		31.5	34.75	IS	20260903174500	https://www.theguardian.com/uk-news/2026/sep/03/pro-palestine-activists-who-were-sentenced-as-terrorists-launch-appeal
1321339565	20260903	202609	2026	2026.6658	UAF	TERRORIST						UAF			ISR	ISRAEL	ISR								1	173	173	17	4	-5.0	2	1	2	-7.22433460076046	1	Israel	IS	IS		31.5	34.75	IS	1	Israel	IS	IS		31.5	34.75	IS	1	Israel	IS	IS		31.5	34.75	IS	20260903174500	https://www.theguardian.com/uk-news/2026/sep/03/pro-palestine-activists-who-were-sentenced-as-terrorists-launch-appeal
1321339566	20260903	202609	2026	2026.6658	UAF	TERRORIST						UAF			PSE	PALESTINE	PSE								1	172	172	17	4	-5.0	1	1	1	-7.22433460076046	1	Israel	IS	IS		31.5	34.75	IS	1	Israel	IS	IS		31.5	34.75	IS	1	Israel	IS	IS		31.5	34.75	IS	20260903174500	https://www.theguardian.com/uk-news/2026/sep/03/pro-palestine-activists-who-were-sentenced-as-terrorists-launch-appeal
1321339567	20260903	202609	2026	2026.6658	UAF	TERRORIST						UAF			PSE	PALESTINE	PSE								1	173	173	17	4	-5.0	1	1	1	-7.22433460076046	1	Israel	IS	IS		31.5	34.75	IS	1	Israel	IS	IS		31.5	34.75	IS	1	Israel	IS	IS		31.5	34.75	IS	20260903174500	https://www.theguardian.com/uk-news/2026/sep/03/pro-palestine-activists-who-were-sentenced-as-terrorists-launch-appeal
1321339568	20260903	202609	2026	2026.6658	UKR	UKRAINIAN	UKR																		0	020	020	02	1	3.0	1	1	1	-5.79514824797844	4	Kyiv, Kyyiv, Misto, Ukraine	UP	UP12	28554	50.4333	30.5167	-1044367	0								1	France	FR	FR		46	2	FR	20260903174500	https://dailypost.ng/2026/09/03/george-kimmitt-from-the-sahel-to-nigeria-how-far-will-kyiv-go-in-africa/
1321339569	20260903	202609	2026	2026.6658	UKR	UKRAINE	UKR								FRA	FRENCH	FRA								0	051	051	05	1	3.4	1	1	1	-5.79514824797844	4	Kyiv, Kyyiv, Misto, Ukraine	UP	UP12	28554	50.4333	30.5167	-1044367	4	Kyiv, Kyyiv, Misto, Ukraine	UP	UP12	28554	50.4333	30.5167	-1044367	4	Kyiv, Kyyiv, Misto, Ukraine	UP	UP12	28554	50.4333	30.5167	-1044367	20260903174500	https://dailypost.ng/2026/09/03/george-kimmitt-from-the-sahel-to-nigeria-how-far-will-kyiv-go-in-africa/
1321339570	20260903	202609	2026	2026.6658	UKR	UKRAINE	UKR								FRA	FRENCH	FRA								0	051	051	05	1	3.4	1	1	1	-5.79514824797844	4	Kyiv, Kyyiv, Misto, Ukraine	UP	UP12	28554	50.4333	30.5167	-1044367	1	France	FR	FR		46	2	FR	1	France	FR	FR		46	2	FR	20260903174500	https://dailypost.ng/2026/09/03/george-kimmitt-from-the-sahel-to-nigeria-how-far-will-kyiv-go-in-africa/
1321339571	20260903	202609	2026	2026.6658	UKR	UKRAINE	UKR								MED	COMMENTATOR						MED			0	040	040	04	1	1.0	2	1	2	-5.79514824797844	1	France	FR	FR		46	2	FR	1	France	FR	FR		46	2	FR	1	France	FR	FR		46	2	FR	20260903174500	https://dailypost.ng/2026/09/03/george-kimmitt-from-the-sahel-to-nigeria-how-far-will-kyiv-go-in-africa/
1321339572	20260903	202609	2026	2026.6658	UKRSPY	UKRAINE	UKR					SPY			MLI	MALIAN	MLI								0	120	120	12	3	-4.0	1	1	1	-5.79514824797844	4	Kyiv, Kyyiv, Misto, Ukraine	UP	UP12	28554	50.4333	30.5167	-1044367	4	Kyiv, Kyyiv, Misto, Ukraine	UP	UP12	28554	50.4333	30.5167	-1044367	4	Tinzaouaten, Kidal, Mali	ML	ML10	19383	19.9625	2.8575	-489890	20260903174500	https://dailypost.ng/2026/09/03/george-kimmitt-from-the-sahel-to-nigeria-how-far-will-kyiv-go-in-africa/
1321339573	20260903	202609	2026	2026.6658	UKRSPY	UKRAINE	UKR					SPY			MLI	MALIAN	MLI								0	120	120	12	3	-4.0	1	1	1	-5.79514824797844	4	Kyiv, Kyyiv, Misto, Ukraine	UP	UP12	28554	50.4333	30.5167	-1044367	4	Tinzaouaten, Kidal, Mali	ML	ML10	19383	19.9625	2.8575	-489890	4	Tinzaouaten, Kidal, Mali	ML	ML10	19383	19.9625	2.8575	-489890	20260903174500	https://dailypost.ng/2026/09/03/george-kimmitt-from-the-sahel-to-nigeria-how-far-will-kyiv-go-in-africa/
1321339574	20260903	202609	2026	2026.6658	USA	UNITED STATES	USA																		0	010	010	01	1	0.0	2	1	2	0	3	Jamestown, North Dakota, United States	US	USND	ND093	46.9105	-98.7084	1029648	0								3	Jamestown, North Dakota, United States	US	USND	ND093	46.9105	-98.7084	1029648	20260903174500	https://www.perhamfocus.com/news/local/first-step-corridor-identification-and-development-of-passenger-rail-service-almost-complete
1321339575	20260903	202609	2026	2026.6658	USA	UNITED STATES	USA																		1	010	010	01	1	0.0	4	1	4	3.04878048780487	3	White Sulphur Springs, West Virginia, United States	US	USWV	WV025	37.7965	-80.2976	1555971	0								3	White Sulphur Springs, West Virginia, United States	US	USWV		37.7965	-80.2976	1555971	20260903174500	https://wvmetronews.com/2026/09/03/justice-100-percent-considering-run-for-governor-in-2028/
1321339576	20260903	202609	2026	2026.6658	USA	UNITED STATES	USA																		0	010	010	01	1	0.0	2	1	2	-1.29032258064516	3	Bates College, Maine, United States	US	USME	ME001	44.1056	-70.2023	561719	0								3	Bates College, Maine, United States	US	USME		44.1056	-70.2023	561719	20260903174500	https://www.philanthropy.com/opinion/dei-1-0-was-crazy-a-viral-atlantic-essay-shows-nonprofits-a-way-out/
1321339577	20260903	202609	2026	2026.6658	USA	UNITED STATES	USA																		0	010	010	01	1	0.0	2	1	2	-0.15974440894569	2	New York, United States	US	USNY		42.1497	-74.9384	NY	0								4	Bengaluru, Karnataka, India	IN	IN19	70159	12.9833	77.5833	-2090174	20260903174500	https://www.thehindu.com/news/international/gloria-steinem-death-feminist-organiser-indian-connection/article71425460.ece
1321339578	20260903	202609	2026	2026.6658	USA	UNITED STATES	USA																		1	010	010	01	1	0.0	2	1	2	3.04878048780487	2	West Virginia, United States	US	USWV		38.468	-80.9696	WV	0								3	White Sulphur Springs, West Virginia, United States	US	USWV		37.7965	-80.2976	1555971	20260903174500	https://wvmetronews.com/2026/09/03/justice-100-percent-considering-run-for-governor-in-2028/
1321339579	20260903	202609	2026	2026.6658	USA	AMERICAN	USA																		0	012	012	01	1	-0.4	10	1	10	-2.82542885973764	3	Columbia County, Georgia, United States	US	USGA	GA073	33.5501	-82.2504	348865	0								3	Columbia County, Georgia, United States	US	USGA		33.5501	-82.2504	348865	20260903174500	https://www.wrdw.com/2026/09/03/final-forum-augusta-data-center-rules-comes-amid-national-debate/
1321339580	20260903	202609	2026	2026.6658	USA	NEW YORK	USA																		0	014	014	01	1	0.0	2	1	2	1.3	2	New York, United States	US	USNY		42.1497	-74.9384	NY	0								4	Paris, France (general), France	FR	FR00	16282	48.8667	2.33333	-1456928	20260903174500	https://www.moneycontrol.com/artificial-intelligence/hugging-face-s-3-french-founders-become-billionaires-after-nvidia-s-13-billion-acquisition-article-14022237.html
1321339581	20260903	202609	2026	2026.6658	USA	UNITED STATES	USA																		1	0214	021	02	1	3.4	4	1	4	-4.3859649122807	3	San Diego, California, United States	US	USCA	CA073	32.7153	-117.157	1661377	0								3	San Diego, California, United States	US	USCA		32.7153	-117.157	1661377	20260903174500	https://www.nbcsandiego.com/news/politics/leon-black-skips-epstein-deposition-house-panel/4069087/
1321339582	20260903	202609	2026	2026.6658	USA	ILLINOIS	USA																		0	023	023	02	1	3.4	8	1	8	-3.26340326340327	2	Illinois, United States	US	USIL		40.3363	-89.0022	IL	0								2	Illinois, United States	US	USIL		40.3363	-89.0022	IL	20260903174500	https://www.lifenews.com/2026/09/03/catholic-cardinal-and-nuns-sue-illinois-to-stop-forcing-them-to-help-patients-kill-themselves/
1321339583	20260903	202609	2026	2026.6658	USA	NORTH DAKOTA	USA																		0	030	030	03	1	4.0	1	1	1	0	3	Eau Claire, Wisconsin, United States	US	USWI	WI035	44.8113	-91.4985	1564402	0								2	Minnesota, United States	US	USMN		45.7326	-93.9196	MN	20260903174500	https://www.perhamfocus.com/news/local/first-step-corridor-identification-and-development-of-passenger-rail-service-almost-complete
1321339584	20260903	202609	2026	2026.6658	USA	NORTH DAKOTA	USA																		0	030	030	03	1	4.0	1	1	1	0	2	Illinois, United States	US	USIL		40.3363	-89.0022	IL	0								2	Illinois, United States	US	USIL		40.3363	-89.0022	IL	20260903174500	https://www.perhamfocus.com/news/local/first-step-corridor-identification-and-development-of-passenger-rail-service-almost-complete
1321339585	20260903	202609	2026	2026.6658	USA	PITTSBURGH	USA																		1	030	030	03	1	4.0	10	1	10	1.53846153846154	2	Pennsylvania, United States	US	USPA		40.5773	-77.264	PA	0								2	Pennsylvania, United States	US	USPA		40.5773	-77.264	PA	20260903174500	http://www.editorandpublisher.com/stories/pittsburgh-community-broadcasting-purchase-to-expand-radio-news-service,263384
1321339586	20260903	202609	2026	2026.6658	USA	UNITED STATES	USA																		1	036	036	03	1	4.0	2	1	2	1.98300283286119	3	Macomb, Illinois, United States	US	USIL	IL109	40.4592	-90.6718	412809	0								3	Chandler Park, Illinois, United States	US	USIL		40.4603	-90.6712	405946	20260903174500	https://www.tspr.org/tspr-local-news/2026-09-03/macomb-planning-more-improvements-near-chandler-park
1321339587	20260903	202609	2026	2026.6658	USA	UNITED STATES	USA																		1	036	036	03	1	4.0	4	1	4	-1.78837555886737	2	Iowa, United States	US	USIA		42.0046	-93.214	IA	0								3	Sioux City, Iowa, United States	US	USIA		42.5	-96.4003	461653	20260903174500	http://www.chronicletimes.com/stories/iowa-needs-a-happy-warrior-in-congress,214154
1321339588	20260903	202609	2026	2026.6658	USA	UNITED STATES	USA																		1	037	037	03	1	5.0	2	1	2	-7.45920745920746	2	Massachusetts, United States	US	USMA		42.2373	-71.5314	MA	0								2	Massachusetts, United States	US	USMA		42.2373	-71.5314	MA	20260903174500	https://www.wcvb.com/article/reddington-lindsay-clancy-letters/73604200
1321339589	20260903	202609	2026	2026.6658	USA	UNITED STATES	USA																		1	040	040	04	1	1.0	4	1	4	-1.78837555886737	3	Sioux City, Iowa, United States	US	USIA	IA193	42.5	-96.4003	461653	0								3	Sioux City, Iowa, United States	US	USIA		42.5	-96.4003	461653	20260903174500	http://www.chronicletimes.com/stories/iowa-needs-a-happy-warrior-in-congress,214154
1321339590	20260903	202609	2026	2026.6658	USA	UNITED STATES	USA																		0	042	042	04	1	1.9	4	1	4	0.48289738430584	3	American Film Institute, California, United States	US	USCA	CA037	34.1072	-118.31	2026822	0								3	American Film Institute, California, United States	US	USCA		34.1072	-118.31	2026822	20260903174500	https://listverse.com/2012/08/25/10-triumphs-of-orson-welles/
1321339591	20260903	202609	2026	2026.6658	USA	UNITED STATES	USA																		1	043	043	04	1	2.8	1	1	1	-0.15974440894569	4	Delhi, Delhi, India	IN	IN07	17911	28.6667	77.2167	-2094230	0								2	New York, United States	US	USNY		42.1497	-74.9384	NY	20260903174500	https://www.thehindu.com/news/international/gloria-steinem-death-feminist-organiser-indian-connection/article71425460.ece
1321339592	20260903	202609	2026	2026.6658	USA	UNITED STATES	USA																		1	043	043	04	1	2.8	12	1	6	-4.18410041841005	3	Shockoe, Virginia, United States	US	USVA	VA143	36.8087	-79.2639	1500098	0								3	Shockoe, Virginia, United States	US	USVA	VA143	36.8087	-79.2639	1500098	20260903174500	https://www.wtvr.com/news/local-news/richmond/shockoe-cars-vandalized-update-sept-3-2026
1321339593	20260903	202609	2026	2026.6658	USA	UNITED STATES	USA																		1	043	043	04	1	2.8	4	1	4	-1.44508670520231	3	Letcher County, Kentucky, United States	US	USKY	KY133	37.1334	-82.8665	516913	0								3	Letcher County, Kentucky, United States	US	USKY		37.1334	-82.8665	516913	20260903174500	https://www.courant.com/2026/09/03/dolly-parton-wrote-song-about-this-kentucky-town-once-visited-with-jane-fonda-2/
1321339594	20260903	202609	2026	2026.6658	USA	UNITED STATES	USA																		1	043	043	04	1	2.8	3	1	3	-0.15974440894569	3	Smith College, Massachusetts, United States	US	USMA	MA015	42.3181	-72.6384	601316	0								4	Delhi, Delhi, India	IN	IN07	17911	28.6667	77.2167	-2094230	20260903174500	https://www.thehindu.com/news/international/gloria-steinem-death-feminist-organiser-indian-connection/article71425460.ece
1321339595	20260903	202609	2026	2026.6658	USA	UNITED STATES	USA																		1	043	043	04	1	2.8	1	1	1	-0.15974440894569	3	Smith College, Massachusetts, United States	US	USMA	MA015	42.3181	-72.6384	601316	0								2	New York, United States	US	USNY		42.1497	-74.9384	NY	20260903174500	https://www.thehindu.com/news/international/gloria-steinem-death-feminist-organiser-indian-connection/article71425460.ece
1321339596	20260903	202609	2026	2026.6658	USA	MASSACHUSETTS	USA																		1	043	043	04	1	2.8	2	1	2	-0.15974440894569	2	Massachusetts, United States	US	USMA		42.2373	-71.5314	MA	0								4	Delhi, Delhi, India	IN	IN07	17911	28.6667	77.2167	-2094230	20260903174500	https://www.thehindu.com/news/international/gloria-steinem-death-feminist-organiser-indian-connection/article71425460.ece
1321339597	20260903	202609	2026	2026.6658	USA	SOUTH DAKOTA	USA																		1	043	043	04	1	2.8	10	1	10	0	2	South Dakota, United States	US	USSD		44.2853	-99.4632	SD	0								2	South Dakota, United States	US	USSD		44.2853	-99.4632	SD	20260903174500	https://kikn.com/ixp/481/p/south-dakota-state-fair-1977-fire/
1321339598	20260903	202609	2026	2026.6658	USA	MARYLAND	USA																		1	050	050	05	1	3.5	2	1	2	2.91095890410959	5	Maryland County, Maryland, Liberia	LI	LI13	147219	4.75	-7.75	-2133808	0								5	Maryland County, Maryland, Liberia	LI	LI13	147219	4.75	-7.75	-2133808	20260903174500	https://allafrica.com/stories/202609030502.html
1321339599	20260903	202609	2026	2026.6658	USA	UNITED STATES	USA																		0	051	051	05	1	3.4	6	1	4	1.75233644859813	3	American Legion Post, New York, United States	US	USNY	NY103	40.8842	-73.4192	2358769	0								3	American Legion Post, New York, United States	US	USNY		40.8842	-73.4192	2358769	20260903174500	https://www.positivelynaperville.com/2026/09/03/naperville-september-11-observance-is-set-to-begin-with-music-at-445pm/160760
1321339600	20260903	202609	2026	2026.6658	USA	AMERICAN	USA																		1	051	051	05	1	3.4	7	1	7	8.74403815580286	3	Westchester, Florida, United States	US	USFL	FL086	25.7548	-80.3273	293131	0								3	Westchester, Florida, United States	US	USFL	FL086	25.7548	-80.3273	293131	20260903174500	https://www.woonsocketcall.com/news/mill-town-circus-coming-to-woonsocket/article_f0c1c5fb-560e-41d0-b7c8-e85269338224.html
1321339601	20260903	202609	2026	2026.6658	USA	UNITED STATES	USA																		1	051	051	05	1	3.4	2	1	2	-1.30624092888244	2	Pennsylvania, United States	US	USPA		40.5773	-77.264	PA	0								2	New York, United States	US	USNY		42.1497	-74.9384	NY	20260903174500	https://www.inquirer.com/arts/constitution-signing-1787-philadelphia-20260903.html
1321339602	20260903	202609	2026	2026.6658	USA	UNITED STATES	USA																		1	060	060	06	2	6.0	2	1	2	2.85714285714286	3	Lincolnwood, Illinois, United States	US	USIL	IL031	42.0045	-87.7301	412217	0								3	Lincolnwood, Illinois, United States	US	USIL	IL031	42.0045	-87.7301	412217	20260903174500	https://www.fox4news.com/news/lowes-ceo-says-skilled-trades-can-offer-six-figure-careers-without-4-year-degree
1321339603	20260903	202609	2026	2026.6658	USA	UNITED STATES	USA																		1	060	060	06	2	6.0	4	1	4	2.85714285714286	2	Illinois, United States	US	USIL		40.3363	-89.0022	IL	0								2	Illinois, United States	US	USIL		40.3363	-89.0022	IL	20260903174500	https://www.fox4news.com/news/lowes-ceo-says-skilled-trades-can-offer-six-figure-careers-without-4-year-degree
1321339604	20260903	202609	2026	2026.6658	USA	AMERICAN	USA																		0	061	061	06	2	6.4	6	1	6	-1.25368731563422	4	Ottawa, Ontario, Canada	CA	CA08	12755	45.4167	-75.7	-570760	0								4	Calgary, Alberta, Canada	CA	CA01	12549	51.0833	-114.083	-561990	20260903174500	https://edmontonsun.com/opinion/columnists/trudeaus-failed-climate-policies-left-us-captives/wcm/09437800-a7f1-4e26-9982-2ebb8a3d25ed
1321339605	20260903	202609	2026	2026.6658	USA	AMERICAN	USA																		0	061	061	06	2	6.4	2	1	2	-1.25368731563422	4	Ottawa, Ontario, Canada	CA	CA08	12755	45.4167	-75.7	-570760	0								4	Ottawa, Ontario, Canada	CA	CA08	12755	45.4167	-75.7	-570760	20260903174500	https://edmontonsun.com/opinion/columnists/trudeaus-failed-climate-policies-left-us-captives/wcm/09437800-a7f1-4e26-9982-2ebb8a3d25ed
1321339606	20260903	202609	2026	2026.6658	USA	AMERICAN	USA																		0	061	061	06	2	6.4	2	1	2	-1.25368731563422	4	Ottawa, Ontario, Canada	CA	CA08	12755	45.4167	-75.7	-570760	0								2	New York, United States	US	USNY		42.1497	-74.9384	NY	20260903174500	https://edmontonsun.com/opinion/columnists/trudeaus-failed-climate-policies-left-us-captives/wcm/09437800-a7f1-4e26-9982-2ebb8a3d25ed
1321339607	20260903	202609	2026	2026.6658	USA	UNITED STATES	USA																		0	062	062	06	2	7.4	2	1	2	-0.69808027923211	3	Tuscaloosa County, Alabama, United States	US	USAL	AL125	33.3001	-87.5003	161588	0								3	Tuscaloosa County, Alabama, United States	US	USAL		33.3001	-87.5003	161588	20260903174500	https://953thebear.com/ixp/993/p/brookwoods-data-center-town-hall-debate/
1321339608	20260903	202609	2026	2026.6658	USA	UNITED STATES	USA																		1	071	071	07	2	7.4	8	1	8	1.86666666666666	3	Cinnaminson, New Jersey, United States	US	USNJ	NJ005	39.9968	-74.9927	883020	0								3	Cinnaminson, New Jersey, United States	US	USNJ	NJ005	39.9968	-74.9927	883020	20260903174500	https://www.inquirer.com/south-jersey/evesham-library-renovations-20260903.html
1321339609	20260903	202609	2026	2026.6658	USA	THE US	USA																		1	071	071	07	2	7.4	6	1	6	0.43290043290043	1	Norway	NO	NO		62	10	NO	0								1	Norway	NO	NO		62	10	NO	20260903174500	https://www.thelocal.no/20260903/norwegian-ngo-to-cut-1700-jobs-after-refusing-us-aid-conditions
1321339610	20260903	202609	2026	2026.6658	USA	UNITED STATES	USA																		1	080	080	08	2	5.0	4	1	4	-2.89855072463768	2	Louisiana, United States	US	USLA		31.1801	-91.8749	LA	0								2	Louisiana, United States	US	USLA		31.1801	-91.8749	LA	20260903174500	https://literaryreview.co.uk/cry-freedom-5
1321339611	20260903	202609	2026	2026.6658	USA	SAN FRANCISCO	USA																		1	084	084	08	2	7.0	10	1	10	-1.6260162601626	3	San Francisco, California, United States	US	USCA	CA075	37.7749	-122.419	277593	0								2	California, United States	US	USCA		36.17	-119.746	CA	20260903174500	https://www.fox4news.com/news/uber-lay-off-3300-employees-competition-robotaxis-grow
1321339612	20260903	202609	2026	2026.6658	USA	ILLINOIS	USA																		0	090	090	09	2	-2.0	8	1	8	-0.10351966873706	2	Illinois, United States	US	USIL		40.3363	-89.0022	IL	0								2	Illinois, United States	US	USIL		40.3363	-89.0022	IL	20260903174500	http://www.clevelandstar.com/news/279284210/stephens-fiddes-mcgill-associates-pc-guides-illinois-residents-through-social-security-disability-claim-denials
1321339613	20260903	202609	2026	2026.6658	USA	JACKSONVILLE	USA																		1	091	091	09	2	-2.0	20	1	20	-0.4424778761062	0								0								0								20260903174500	https://forum.metrojacksonville.com/index.php/topic,38467.msg538083.html
1321339614	20260903	202609	2026	2026.6658	USA	MILWAUKEE	USA																		0	110	110	11	3	-2.0	10	1	10	0	3	Milwaukee, Wisconsin, United States	US	USWI	WI079	43.0389	-87.9065	1577901	0								3	Milwaukee, Wisconsin, United States	US	USWI	WI079	43.0389	-87.9065	1577901	20260903174500	https://www.perhamfocus.com/news/local/first-step-corridor-identification-and-development-of-passenger-rail-service-almost-complete
1321339615	20260903	202609	2026	2026.6658	USA	UNITED STATES	USA																		0	110	110	11	3	-2.0	4	1	4	-1.29032258064516	3	Bates College, Maine, United States	US	USME	ME001	44.1056	-70.2023	561719	0								3	Bates College, Maine, United States	US	USME		44.1056	-70.2023	561719	20260903174500	https://www.philanthropy.com/opinion/dei-1-0-was-crazy-a-viral-atlantic-essay-shows-nonprofits-a-way-out/
1321339616	20260903	202609	2026	2026.6658	USA	UNITED STATES	USA																		1	111	111	11	3	-2.0	8	1	8	-10.9467455621302	3	Parker County, Texas, United States	US	USTX	TX367	32.7668	-97.8003	1383969	0								3	Parker County, Texas, United States	US	USTX		32.7668	-97.8003	1383969	20260903174500	https://www.fox4news.com/news/fort-worth-man-arrested-after-poolville-road-rage-shooting-chase
1321339617	20260903	202609	2026	2026.6658	USA	UNITED STATES	USA																		1	114	114	11	3	-2.0	1	1	1	-3.58490566037736	3	Richmond, Virginia, United States	US	USVA	VA760	37.5538	-77.4603	1499957	0								3	Richmond, Virginia, United States	US	USVA	VA760	37.5538	-77.4603	1499957	20260903174500	https://www.wtvr.com/news/local-news/richmond/dominion-energy-outages-sept-3-2026
1321339618	20260903	202609	2026	2026.6658	USA	UNITED STATES	USA																		0	130	130	13	3	-4.4	2	1	2	-7.02576112412178	3	Chilton County, Alabama, United States	US	USAL	AL021	32.8668	-86.6833	161536	0								3	Chilton County, Alabama, United States	US	USAL		32.8668	-86.6833	161536	20260903174500	https://www.wvtm13.com/article/sheriffs-schools-warn-viral-cat-in-the-hat-social-media-trend-threats-alabama/73606565
1321339619	20260903	202609	2026	2026.6658	USA	VIRGINIA	USA																		1	130	130	13	3	-4.4	3	1	3	-4.21892816419612	2	Virginia, United States	US	USVA		37.768	-78.2057	VA	0								2	Virginia, United States	US	USVA		37.768	-78.2057	VA	20260903174500	https://www.arlnow.com/2026/09/03/arlingtons-jobless-rate-stabilizes-despite-a-shrinking-workforce/
1321339620	20260903	202609	2026	2026.6658	USA	UNITED STATES	USA																		1	1712	171	17	4	-9.2	2	1	2	-4.18410041841005	2	Virginia, United States	US	USVA		37.768	-78.2057	VA	0								2	Virginia, United States	US	USVA		37.768	-78.2057	VA	20260903174500	https://www.wtvr.com/news/local-news/richmond/shockoe-cars-vandalized-update-sept-3-2026
1321339621	20260903	202609	2026	2026.6658	USA	UNITED STATES	USA																		1	173	173	17	4	-5.0	2	1	2	-9.29203539823008	3	Denton, Texas, United States	US	USTX	TX121	33.2148	-97.1331	1334260	0								2	Texas, United States	US	USTX		31.106	-97.6475	TX	20260903174500	https://edition.cnn.com/2026/09/03/us/texas-killing-fields-trial-verdict
1321339622	20260903	202609	2026	2026.6658	USA	UNITED STATES	USA																		1	173	173	17	4	-5.0	2	1	2	-10.9467455621302	3	Parker County, Texas, United States	US	USTX	TX367	32.7668	-97.8003	1383969	0								3	Parker County, Texas, United States	US	USTX		32.7668	-97.8003	1383969	20260903174500	https://www.fox4news.com/news/fort-worth-man-arrested-after-poolville-road-rage-shooting-chase
1321339623	20260903	202609	2026	2026.6658	USA	UNITED STATES	USA																		0	173	173	17	4	-5.0	4	1	4	-4.3859649122807	3	San Diego, California, United States	US	USCA	CA073	32.7153	-117.157	1661377	0								3	San Diego, California, United States	US	USCA		32.7153	-117.157	1661377	20260903174500	https://www.nbcsandiego.com/news/politics/leon-black-skips-epstein-deposition-house-panel/4069087/
1321339624	20260903	202609	2026	2026.6658	USA	UNITED STATES	USA																		1	173	173	17	4	-5.0	1	1	1	-10.0961538461539	2	Texas, United States	US	USTX		31.106	-97.6475	TX	0								3	Denton, Texas, United States	US	USTX	TX121	33.2148	-97.1331	1334260	20260903174500	https://www.yahoo.com/news/us/articles/man-sentenced-20-years-over-163411192.html
1321339625	20260903	202609	2026	2026.6658	USA	UNITED STATES	USA																		1	180	180	18	4	-9.0	1	1	1	-10.9467455621302	3	Parker County, Texas, United States	US	USTX	TX367	32.7668	-97.8003	1383969	0								3	Poolville, Texas, United States	US	USTX	TX367	32.9751	-97.8581	1344355	20260903174500	https://www.fox4news.com/news/fort-worth-man-arrested-after-poolville-road-rage-shooting-chase
1321339626	20260903	202609	2026	2026.6658	USA	UNITED STATES	USA																		1	180	180	18	4	-9.0	1	1	1	-10.9467455621302	3	Parker County, Texas, United States	US	USTX	TX367	32.7668	-97.8003	1383969	0								3	Parker County, Texas, United States	US	USTX		32.7668	-97.8003	1383969	20260903174500	https://www.fox4news.com/news/fort-worth-man-arrested-after-poolville-road-rage-shooting-chase
1321339627	20260903	202609	2026	2026.6658	USA	WYOMING	USA																		0	192	192	19	4	-9.5	10	1	10	0	2	Wyoming, United States	US	USWY		42.7475	-107.209	WY	0								2	Wyoming, United States	US	USWY		42.7475	-107.209	WY	20260903174500	https://hpj.com/2026/09/03/state-by-state-hay-markets-39/
1321339628	20260903	202609	2026	2026.6658	USA	UNITED STATES	USA																		1	193	193	19	4	-10.0	2	1	2	-10.9467455621302	3	Poolville, Texas, United States	US	USTX	TX367	32.9751	-97.8581	1344355	0								3	Parker County, Texas, United States	US	USTX		32.7668	-97.8003	1383969	20260903174500	https://www.fox4news.com/news/fort-worth-man-arrested-after-poolville-road-rage-shooting-chase
1321339629	20260903	202609	2026	2026.6658	USA	UNITED STATES	USA																		1	193	193	19	4	-10.0	4	1	4	-10.9467455621302	3	Fort Worth, Texas, United States	US	USTX	TX439	32.7254	-97.3208	1380947	0								3	Poolville, Texas, United States	US	USTX	TX367	32.9751	-97.8581	1344355	20260903174500	https://www.fox4news.com/news/fort-worth-man-arrested-after-poolville-road-rage-shooting-chase
1321339630	20260903	202609	2026	2026.6658	USA	UNITED STATES	USA																		1	193	193	19	4	-10.0	2	1	2	-10.9467455621302	3	Fort Worth, Texas, United States	US	USTX	TX439	32.7254	-97.3208	1380947	0								3	Parker County, Texas, United States	US	USTX		32.7668	-97.8003	1383969	20260903174500	https://www.fox4news.com/news/fort-worth-man-arrested-after-poolville-road-rage-shooting-chase
1321339631	20260903	202609	2026	2026.6658	USA	UNITED STATES	USA																		0	193	193	19	4	-10.0	2	1	2	-7.64617691154423	1	Venezuela	VE	VE		8	-66	VE	0								2	Minnesota, United States	US	USMN		45.7326	-93.9196	MN	20260903174500	https://www.click2houston.com/news/politics/2026/09/03/ap-source-ice-officer-charged-with-lying-to-investigators-in-the-shooting-of-venezuelan-man/
1321339632	20260903	202609	2026	2026.6658	USA	MINNEAPOLIS	USA																		1	193	193	19	4	-10.0	10	1	10	-13.0434782608696	1	Venezuela	VE	VE		8	-66	VE	0								1	Venezuela	VE	VE		8	-66	VE	20260903174500	https://www.wtxl.com/politics/immigration/ice-officer-charged-with-lying-in-minneapolis-shooting-investigation
1321339633	20260903	202609	2026	2026.6658	USA	UNITED STATES	USA								BHR	BAHRAIN	BHR								0	120	120	12	3	-4.0	2	1	2	-2.61324041811847	3	Washington, District of Columbia, United States	US	USDC	DC001	38.8951	-77.0364	531871	3	Washington, District of Columbia, United States	US	USDC	DC001	38.8951	-77.0364	531871	3	Washington, District of Columbia, United States	US	USDC	DC001	38.8951	-77.0364	531871	20260903174500	https://www.hindustantimes.com/world-news/this-is-great-trump-lauds-syria-pitching-itself-as-alternative-to-strait-of-hormuz-amid-iran-war-101788452482737.html
1321339634	20260903	202609	2026	2026.6658	USA	WASHINGTON	USA								BHR	BAHRAIN	BHR								0	120	120	12	3	-4.0	6	1	6	-2.61324041811847	3	Washington, District of Columbia, United States	US	USDC	DC001	38.8951	-77.0364	531871	1	Bahrain	BA	BA		26	50.5	BA	1	Bahrain	BA	BA		26	50.5	BA	20260903174500	https://www.hindustantimes.com/world-news/this-is-great-trump-lauds-syria-pitching-itself-as-alternative-to-strait-of-hormuz-amid-iran-war-101788452482737.html
1321339635	20260903	202609	2026	2026.6658	USA	UNITED STATES	USA								BHR	BAHRAIN	BHR								0	120	120	12	3	-4.0	2	1	2	-2.61324041811847	3	Washington, District of Columbia, United States	US	USDC	DC001	38.8951	-77.0364	531871	1	Kuwait	KU	KU		29.5	47.75	KU	1	Bahrain	BA	BA		26	50.5	BA	20260903174500	https://www.hindustantimes.com/world-news/this-is-great-trump-lauds-syria-pitching-itself-as-alternative-to-strait-of-hormuz-amid-iran-war-101788452482737.html
1321339636	20260903	202609	2026	2026.6658	USA	MIAMI	USA								BLR	BELARUS	BLR								0	174	174	17	4	-5.0	1	1	1	-6.00961538461539	3	Washington, District of Columbia, United States	US	USDC	DC001	38.8951	-77.0364	531871	3	Washington, District of Columbia, United States	US	USDC	DC001	38.8951	-77.0364	531871	3	Washington, District of Columbia, United States	US	USDC	DC001	38.8951	-77.0364	531871	20260903174500	https://newswire.net/news/brian-nelson-booker-case-highlights-first-doj-charge-over-irs-sdop-fraud.html
1321339637	20260903	202609	2026	2026.6658	USA	MIAMI	USA								BLR	BELARUS	BLR								0	174	174	17	4	-5.0	1	1	1	-6.00961538461539	1	Belarus	BO	BO		53	28	BO	1	Belarus	BO	BO		53	28	BO	1	Belarus	BO	BO		53	28	BO	20260903174500	https://newswire.net/news/brian-nelson-booker-case-highlights-first-doj-charge-over-irs-sdop-fraud.html
1321339638	20260903	202609	2026	2026.6658	USA	MIAMI	USA								BLR	BELARUS	BLR								0	174	174	17	4	-5.0	3	1	3	-6.00961538461539	2	Texas, United States	US	USTX		31.106	-97.6475	TX	2	Texas, United States	US	USTX		31.106	-97.6475	TX	2	Texas, United States	US	USTX		31.106	-97.6475	TX	20260903174500	https://newswire.net/news/brian-nelson-booker-case-highlights-first-doj-charge-over-irs-sdop-fraud.html
1321339639	20260903	202609	2026	2026.6658	USA	THE US	USA								BUS	BANK						BUS			0	015	015	01	1	0.0	6	1	6	-2.38805970149254	1	United Kingdom	UK	UK		54	-4	UK	1	United Kingdom	UK	UK		54	-4	UK	1	United Kingdom	UK	UK		54	-4	UK	20260903174500	https://cointelegraph.com/news/bitmex-cofounder-ben-delo-reform-uk-donations
1321339640	20260903	202609	2026	2026.6658	USA	UNITED STATES	USA								BUS	CORPORATION						BUS			1	020	020	02	1	3.0	1	1	1	-3.58490566037736	3	Richmond, Virginia, United States	US	USVA	VA760	37.5538	-77.4603	1499957	2	Virginia, United States	US	USVA		37.768	-78.2057	VA	3	Richmond, Virginia, United States	US	USVA	VA760	37.5538	-77.4603	1499957	20260903174500	https://www.wtvr.com/news/local-news/richmond/dominion-energy-outages-sept-3-2026
1321339641	20260903	202609	2026	2026.6658	USA	UNITED STATES	USA								BUS	BANK						BUS			0	026	026	02	1	4.0	8	2	8	-3.95742201667042	3	Houston, Texas, United States	US	USTX	TX201	29.7633	-95.3633	1380948	3	Houston, Texas, United States	US	USTX	TX201	29.7633	-95.3633	1380948	3	Houston, Texas, United States	US	USTX	TX201	29.7633	-95.3633	1380948	20260903174500	https://www.click2houston.com/news/texas/2026/09/03/texas-food-banks-feel-the-squeeze-of-federal-cuts-drop-in-donations/
1321339642	20260903	202609	2026	2026.6658	USA	UNITED STATES	USA								BUS	COMPANY						BUS			1	030	030	03	1	4.0	2	1	2	5.33642691415314	2	California, United States	US	USCA		36.17	-119.746	CA	2	California, United States	US	USCA		36.17	-119.746	CA	2	California, United States	US	USCA		36.17	-119.746	CA	20260903174500	https://variety.com/2026/biz/news/gal-gadot-goodles-mac-and-cheese-startup-acquired-barilla-1236850624/
1321339643	20260903	202609	2026	2026.6658	USA	NORTH CAROLINA	USA								BUS	COMPANY						BUS			1	040	040	04	1	1.0	10	1	10	-2.43902439024391	2	North Carolina, United States	US	USNC		35.6411	-79.8431	NC	2	North Carolina, United States	US	USNC		35.6411	-79.8431	NC	2	North Carolina, United States	US	USNC		35.6411	-79.8431	NC	20260903174500	https://www.moneycontrol.com/world/pentagon-says-its-anthropic-ban-is-on-despite-lutnick-remarks-article-14022259.html
1321339644	20260903	202609	2026	2026.6658	USA	TEXAS	USA								BUS	BANK						BUS			0	043	043	04	1	2.8	10	2	10	-3.95742201667042	2	Texas, United States	US	USTX		31.106	-97.6475	TX	2	Texas, United States	US	USTX		31.106	-97.6475	TX	2	Texas, United States	US	USTX		31.106	-97.6475	TX	20260903174500	https://www.click2houston.com/news/texas/2026/09/03/texas-food-banks-feel-the-squeeze-of-federal-cuts-drop-in-donations/
1321339645	20260903	202609	2026	2026.6658	USA	UNITED STATES	USA								BUS	COMPANY						BUS			1	051	051	05	1	3.4	6	1	6	8.54922279792746	4	Manila, Manila, Philippines	RP	RPD9	24210	14.6042	120.982	-2437894	4	Manila, Manila, Philippines	RP	RPD9	24210	14.6042	120.982	-2437894	4	Manila, Manila, Philippines	RP	RPD9	24210	14.6042	120.982	-2437894	20260903174500	https://www.manilatimes.net/2026/09/04/tmt-newswire/globenewswire/liberty-military-housing-announces-new-chief-financial-officer/2418292
1321339646	20260903	202609	2026	2026.6658	USA	HOUSTON	USA								BUS	BANK						BUS			0	071	071	07	2	7.4	12	2	12	-3.95742201667042	3	Houston, Texas, United States	US	USTX	TX201	29.7633	-95.3633	1380948	3	Houston, Texas, United States	US	USTX	TX201	29.7633	-95.3633	1380948	3	Houston, Texas, United States	US	USTX	TX201	29.7633	-95.3633	1380948	20260903174500	https://www.click2houston.com/news/texas/2026/09/03/texas-food-banks-feel-the-squeeze-of-federal-cuts-drop-in-donations/
1321339647	20260903	202609	2026	2026.6658	USA	HOUSTON	USA								BUS	BANK						BUS			0	071	071	07	2	7.4	4	2	4	-3.95742201667042	3	Houston, Texas, United States	US	USTX	TX201	29.7633	-95.3633	1380948	3	Houston, Texas, United States	US	USTX	TX201	29.7633	-95.3633	1380948	2	Texas, United States	US	USTX		31.106	-97.6475	TX	20260903174500	https://www.click2houston.com/news/texas/2026/09/03/texas-food-banks-feel-the-squeeze-of-federal-cuts-drop-in-donations/
1321339648	20260903	202609	2026	2026.6658	USA	TEXAS	USA								BUS	BANK						BUS			0	071	071	07	2	7.4	12	2	12	-3.95742201667042	2	Texas, United States	US	USTX		31.106	-97.6475	TX	2	Texas, United States	US	USTX		31.106	-97.6475	TX	3	Houston, Texas, United States	US	USTX	TX201	29.7633	-95.3633	1380948	20260903174500	https://www.click2houston.com/news/texas/2026/09/03/texas-food-banks-feel-the-squeeze-of-federal-cuts-drop-in-donations/
1321339649	20260903	202609	2026	2026.6658	USA	HOUSTON	USA								BUS	BANK						BUS			0	071	071	07	2	7.4	20	2	12	-3.95742201667042	2	Texas, United States	US	USTX		31.106	-97.6475	TX	2	Texas, United States	US	USTX		31.106	-97.6475	TX	2	Texas, United States	US	USTX		31.106	-97.6475	TX	20260903174500	https://www.click2houston.com/news/texas/2026/09/03/texas-food-banks-feel-the-squeeze-of-federal-cuts-drop-in-donations/
1321339650	20260903	202609	2026	2026.6658	USA	TEXAS	USA								BUS	BANK						BUS			0	073	073	07	2	7.4	6	2	6	-3.95742201667042	2	Texas, United States	US	USTX		31.106	-97.6475	TX	2	Texas, United States	US	USTX		31.106	-97.6475	TX	2	Texas, United States	US	USTX		31.106	-97.6475	TX	20260903174500	https://www.click2houston.com/news/texas/2026/09/03/texas-food-banks-feel-the-squeeze-of-federal-cuts-drop-in-donations/
1321339651	20260903	202609	2026	2026.6658	USA	UNITED STATES	USA								BUS	CORPORATION						BUS			0	110	110	11	3	-2.0	4	1	4	1.18906064209275	3	Lycoming County, Pennsylvania, United States	US	USPA	PA081	41.5003	-77.5	1213677	3	Lycoming County, Pennsylvania, United States	US	USPA		41.5003	-77.5	1213677	3	Lycoming County, Pennsylvania, United States	US	USPA		41.5003	-77.5	1213677	20260903174500	https://www.sungazette.com/news/top-news/2026/09/u-s-rep-dan-meuser-talks-data-centers-more-at-tele-town-hall/
1321339652	20260903	202609	2026	2026.6658	USA	UNITED STATES	USA								BUS	COMPANY						BUS			1	111	111	11	3	-2.0	2	1	2	5.33642691415314	2	California, United States	US	USCA		36.17	-119.746	CA	2	California, United States	US	USCA		36.17	-119.746	CA	2	California, United States	US	USCA		36.17	-119.746	CA	20260903174500	https://variety.com/2026/biz/news/gal-gadot-goodles-mac-and-cheese-startup-acquired-barilla-1236850624/
1321339653	20260903	202609	2026	2026.6658	USA	UNITED STATES	USA								BUS	CORPORATION						BUS			1	114	114	11	3	-2.0	2	1	2	-3.58490566037736	3	Richmond, Virginia, United States	US	USVA	VA760	37.5538	-77.4603	1499957	3	Richmond, Virginia, United States	US	USVA	VA760	37.5538	-77.4603	1499957	3	Richmond, Virginia, United States	US	USVA	VA760	37.5538	-77.4603	1499957	20260903174500	https://www.wtvr.com/news/local-news/richmond/dominion-energy-outages-sept-3-2026
1321339654	20260903	202609	2026	2026.6658	USA	UNITED STATES	USA								BUS	CORPORATION						BUS			0	120	120	12	3	-4.0	4	1	4	1.18906064209275	3	Lycoming County, Pennsylvania, United States	US	USPA	PA081	41.5003	-77.5	1213677	3	Lycoming County, Pennsylvania, United States	US	USPA		41.5003	-77.5	1213677	3	Lycoming County, Pennsylvania, United States	US	USPA		41.5003	-77.5	1213677	20260903174500	https://www.sungazette.com/news/top-news/2026/09/u-s-rep-dan-meuser-talks-data-centers-more-at-tele-town-hall/
1321339655	20260903	202609	2026	2026.6658	USA	NORTH CAROLINA	USA								BUS	COMPANY						BUS			1	186	186	18	4	-10.0	6	1	6	-2.43902439024391	3	Washington, District of Columbia, United States	US	USDC	DC001	38.8951	-77.0364	531871	3	Washington, District of Columbia, United States	US	USDC	DC001	38.8951	-77.0364	531871	3	Washington, District of Columbia, United States	US	USDC	DC001	38.8951	-77.0364	531871	20260903174500	https://www.moneycontrol.com/world/pentagon-says-its-anthropic-ban-is-on-despite-lutnick-remarks-article-14022259.html
1321339656	20260903	202609	2026	2026.6658	USA	NORTH CAROLINA	USA								BUS	COMPANY						BUS			1	186	186	18	4	-10.0	1	1	1	-2.43902439024391	2	North Carolina, United States	US	USNC		35.6411	-79.8431	NC	3	San Francisco, California, United States	US	USCA		37.7749	-122.419	277593	3	San Francisco, California, United States	US	USCA		37.7749	-122.419	277593	20260903174500	https://www.moneycontrol.com/world/pentagon-says-its-anthropic-ban-is-on-despite-lutnick-remarks-article-14022259.html
1321339657	20260903	202609	2026	2026.6658	USA	NORTH CAROLINA	USA								BUS	COMPANY						BUS			1	186	186	18	4	-10.0	1	1	1	-2.43902439024391	2	North Carolina, United States	US	USNC		35.6411	-79.8431	NC	3	Washington, District of Columbia, United States	US	USDC	DC001	38.8951	-77.0364	531871	3	Washington, District of Columbia, United States	US	USDC	DC001	38.8951	-77.0364	531871	20260903174500	https://www.moneycontrol.com/world/pentagon-says-its-anthropic-ban-is-on-despite-lutnick-remarks-article-14022259.html
1321339658	20260903	202609	2026	2026.6658	USA	NORTH CAROLINA	USA								BUS	COMPANY						BUS			1	186	186	18	4	-10.0	2	1	2	-2.43902439024391	2	North Carolina, United States	US	USNC		35.6411	-79.8431	NC	2	North Carolina, United States	US	USNC		35.6411	-79.8431	NC	2	North Carolina, United States	US	USNC		35.6411	-79.8431	NC	20260903174500	https://www.moneycontrol.com/world/pentagon-says-its-anthropic-ban-is-on-despite-lutnick-remarks-article-14022259.html
1321339659	20260903	202609	2026	2026.6658	USA	WASHINGTON	USA								CAN	CANADA	CAN								1	070	070	07	2	7.0	5	1	5	5.71428571428572	1	Canada	CA	CA		60	-96	CA	1	Canada	CA	CA		60	-96	CA	1	Canada	CA	CA		60	-96	CA	20260903174500	https://www.probuilder.com/business-management/markets/news/55402688/simpson-strong-tie-donates-25k-toward-wildfire-rebuilding-efforts
1321339660	20260903	202609	2026	2026.6658	USA	AMERICAN	USA								CAN	CANADIAN	CAN								1	173	173	17	4	-5.0	8	1	8	-11.3207547169811	4	Toronto, Ontario, Canada	CA	CA08	12686	43.6667	-79.4167	-574890	4	Toronto, Ontario, Canada	CA	CA08	12686	43.6667	-79.4167	-574890	4	Toronto, Ontario, Canada	CA	CA08	12686	43.6667	-79.4167	-574890	20260903174500	https://www.chroniclejournal.com/news/local/alleged-cocaine-discovery-leads-to-trouble-for-3/article_c33e6b2c-0b49-40af-ae4c-b135086de52b.html
1321339661	20260903	202609	2026	2026.6658	USA	UNITED STATES	USA								CAN	CANADA	CAN								0	174	174	17	4	-5.0	1	1	1	-8.40336134453782	3	New Britain, Connecticut, United States	US	USCT	CT003	41.6612	-72.7795	209217	1	Canada	CA	CA		60	-96	CA	2	Connecticut, United States	US	USCT		41.5834	-72.7622	CT	20260903174500	https://www.courant.com/2026/09/03/man-who-fled-to-canada-extradited-back-to-ct-to-face-child-sexual-abuse-charges/
1321339662	20260903	202609	2026	2026.6658	USA	UNITED STATES	USA								CAN	CANADA	CAN								0	174	174	17	4	-5.0	1	1	1	-8.40336134453782	1	Canada	CA	CA		60	-96	CA	1	Canada	CA	CA		60	-96	CA	1	Canada	CA	CA		60	-96	CA	20260903174500	https://www.courant.com/2026/09/03/man-who-fled-to-canada-extradited-back-to-ct-to-face-child-sexual-abuse-charges/
1321339663	20260903	202609	2026	2026.6658	USA	MINNESOTA	USA								CHR	CHRISTIAN				CHR					0	173	173	17	4	-5.0	3	1	3	-7.64617691154423	2	Minnesota, United States	US	USMN		45.7326	-93.9196	MN	2	Minnesota, United States	US	USMN		45.7326	-93.9196	MN	2	Minnesota, United States	US	USMN		45.7326	-93.9196	MN	20260903174500	https://www.click2houston.com/news/politics/2026/09/03/ap-source-ice-officer-charged-with-lying-to-investigators-in-the-shooting-of-venezuelan-man/
1321339664	20260903	202609	2026	2026.6658	USA	TEXAS	USA								CHR	CHRISTIAN				CHR					0	173	173	17	4	-5.0	2	1	2	-7.64617691154423	2	Texas, United States	US	USTX		31.106	-97.6475	TX	1	Venezuela	VE	VE		8	-66	VE	2	Texas, United States	US	USTX		31.106	-97.6475	TX	20260903174500	https://www.click2houston.com/news/politics/2026/09/03/ap-source-ice-officer-charged-with-lying-to-investigators-in-the-shooting-of-venezuelan-man/
1321339665	20260903	202609	2026	2026.6658	USA	UNITED STATES	USA								COP	TROOPER						COP			1	090	090	09	2	-2.0	4	1	4	-4.26621160409556	2	Massachusetts, United States	US	USMA		42.2373	-71.5314	MA	2	Massachusetts, United States	US	USMA		42.2373	-71.5314	MA	2	Pennsylvania, United States	US	USPA		40.5773	-77.264	PA	20260903174500	https://www.officer.com/features/honoring-the-fallen/news/55402879/family-of-pennsylvania-trooper-michael-pahira-files-lawsuit-after-fatal-i-81-crash
1321339666	20260903	202609	2026	2026.6658	USA	UNITED STATES	USA								CRM	FELON						CRM			1	173	173	17	4	-5.0	2	1	2	-8.8	1	Israel	IS	IS		31.5	34.75	IS	2	Florida, United States	US	USFL		27.8333	-81.717	FL	2	Florida, United States	US	USFL		27.8333	-81.717	FL	20260903174500	https://www.israelnationalnews.com/news/432666
1321339667	20260903	202609	2026	2026.6658	USA	UNITED STATES	USA								CRM	FELON						CRM			1	173	173	17	4	-5.0	2	1	2	-8.8	1	Israel	IS	IS		31.5	34.75	IS	1	Israel	IS	IS		31.5	34.75	IS	2	Florida, United States	US	USFL		27.8333	-81.717	FL	20260903174500	https://www.israelnationalnews.com/news/432666
1321339668	20260903	202609	2026	2026.6658	USA	UNITED STATES	USA								CRM	FELON						CRM			1	190	190	19	4	-10.0	4	1	4	-8.8	2	Florida, United States	US	USFL		27.8333	-81.717	FL	2	Florida, United States	US	USFL		27.8333	-81.717	FL	2	Florida, United States	US	USFL		27.8333	-81.717	FL	20260903174500	https://www.israelnationalnews.com/news/432666
1321339669	20260903	202609	2026	2026.6658	USA	ILLINOIS	USA								CVL	RESIDENTS						CVL			1	036	036	03	1	4.0	2	1	2	-2.11267605633803	2	Illinois, United States	US	USIL		40.3363	-89.0022	IL	3	Galesburg, Illinois, United States	US	USIL	IL095	40.9478	-90.3712	408847	3	Galesburg, Illinois, United States	US	USIL	IL095	40.9478	-90.3712	408847	20260903174500	https://www.tspr.org/tspr-local-news/2026-09-03/why-galesburg-residents-are-getting-a-notice-about-a-forever-chemical-in-raw-water-from-unused-wells
1321339670	20260903	202609	2026	2026.6658	USA	JERSEY	USA								CVL	COMMUNITY						CVL			0	036	036	03	1	4.0	2	1	2	0.69284064665127	1	Jersey	JE	JE		49.216667	-2.116667	JE	1	Jersey	JE	JE		49.216667	-2.116667	JE	1	Jersey	JE	JE		49.216667	-2.116667	JE	20260903174500	https://www.inquirer.com/news/new-jersey/cherry-hill-pta-board-education-candidates-forum-20260903.html
1321339671	20260903	202609	2026	2026.6658	USA	UNITED STATES	USA								CVL	COMMUNITY						CVL			0	043	043	04	1	2.8	2	1	2	1.75233644859813	3	American Legion Post, New York, United States	US	USNY	NY103	40.8842	-73.4192	2358769	3	American Legion Post, New York, United States	US	USNY		40.8842	-73.4192	2358769	3	American Legion Post, New York, United States	US	USNY		40.8842	-73.4192	2358769	20260903174500	https://www.positivelynaperville.com/2026/09/03/naperville-september-11-observance-is-set-to-begin-with-music-at-445pm/160760
1321339672	20260903	202609	2026	2026.6658	USA	UNITED STATES	USA								CVL	COMMUNITY						CVL			0	043	043	04	1	2.8	2	1	2	1.75233644859813	3	United Methodist Church, New York, United States	US	USNY	NY077	42.744	-75.1846	977498	3	United Methodist Church, New York, United States	US	USNY		42.744	-75.1846	977498	3	United Methodist Church, New York, United States	US	USNY		42.744	-75.1846	977498	20260903174500	https://www.positivelynaperville.com/2026/09/03/naperville-september-11-observance-is-set-to-begin-with-music-at-445pm/160760
1321339673	20260903	202609	2026	2026.6658	USA	JERSEY	USA								CVL	COMMUNITY						CVL			0	043	043	04	1	2.8	2	1	2	0.69284064665127	1	Jersey	JE	JE		49.216667	-2.116667	JE	1	Jersey	JE	JE		49.216667	-2.116667	JE	1	Jersey	JE	JE		49.216667	-2.116667	JE	20260903174500	https://www.inquirer.com/news/new-jersey/cherry-hill-pta-board-education-candidates-forum-20260903.html
1321339674	20260903	202609	2026	2026.6658	USA	UNITED STATES	USA								CVL	COMMUNITY						CVL			0	051	051	05	1	3.4	4	1	4	1.18906064209275	3	Lycoming County, Pennsylvania, United States	US	USPA	PA081	41.5003	-77.5	1213677	3	Lycoming County, Pennsylvania, United States	US	USPA		41.5003	-77.5	1213677	3	Lycoming County, Pennsylvania, United States	US	USPA		41.5003	-77.5	1213677	20260903174500	https://www.sungazette.com/news/top-news/2026/09/u-s-rep-dan-meuser-talks-data-centers-more-at-tele-town-hall/
1321339675	20260903	202609	2026	2026.6658	USA	GREENVILLE	USA								CVL	RESIDENTS						CVL			1	060	060	06	2	6.0	2	1	2	3.21428571428571	4	Manila, Manila, Philippines	RP	RPD9	24210	14.6042	120.982	-2437894	4	Manila, Manila, Philippines	RP	RPD9	24210	14.6042	120.982	-2437894	4	Manila, Manila, Philippines	RP	RPD9	24210	14.6042	120.982	-2437894	20260903174500	https://www.manilatimes.net/2026/09/04/tmt-newswire/globenewswire/fg-communities-completes-acquisition-in-easley-sc/2418289
1321339676	20260903	202609	2026	2026.6658	USA	TEXAS	USA								CVL	COMMUNITY						CVL			0	073	073	07	2	7.4	14	2	14	-3.95742201667042	2	Texas, United States	US	USTX		31.106	-97.6475	TX	2	Texas, United States	US	USTX		31.106	-97.6475	TX	2	Texas, United States	US	USTX		31.106	-97.6475	TX	20260903174500	https://www.click2houston.com/news/texas/2026/09/03/texas-food-banks-feel-the-squeeze-of-federal-cuts-drop-in-donations/
1321339677	20260903	202609	2026	2026.6658	USA	UNITED STATES	USA								CVL	HUNTER						CVL			0	174	174	17	4	-5.0	4	1	4	-8.40336134453782	3	New Britain, Connecticut, United States	US	USCT	CT003	41.6612	-72.7795	209217	2	Connecticut, United States	US	USCT		41.5834	-72.7622	CT	2	Connecticut, United States	US	USCT		41.5834	-72.7622	CT	20260903174500	https://www.courant.com/2026/09/03/man-who-fled-to-canada-extradited-back-to-ct-to-face-child-sexual-abuse-charges/
1321339678	20260903	202609	2026	2026.6658	USA	UNITED STATES	USA								DEU	GERMANY	DEU								0	051	051	05	1	3.4	4	1	4	0.48289738430584	3	Hollywood, California, United States	US	USCA	CA037	34.0983	-118.327	1660757	1	Germany	GM	GM		51.5	10.5	GM	3	Hollywood, California, United States	US	USCA	CA037	34.0983	-118.327	1660757	20260903174500	https://listverse.com/2012/08/25/10-triumphs-of-orson-welles/
1321339679	20260903	202609	2026	2026.6658	USA	UNITED STATES	USA								EDU	STUDENT						EDU			0	013	013	01	1	0.4	2	1	2	3.15315315315315	2	Washington, United States	US	USWA		47.3917	-121.571	WA	2	Washington, United States	US	USWA		47.3917	-121.571	WA	2	Washington, United States	US	USWA		47.3917	-121.571	WA	20260903174500	https://news.wsu.edu/news/2026/09/03/from-hawaii-to-florida-future-pharmacists-choose-wsu-to-make-a-difference/
1321339680	20260903	202609	2026	2026.6658	USA	UNITED STATES	USA								EDU	COLLEGE						EDU			1	040	040	04	1	1.0	2	1	2	-1.29032258064516	3	Bates College, Maine, United States	US	USME	ME001	44.1056	-70.2023	561719	3	Bates College, Maine, United States	US	USME		44.1056	-70.2023	561719	3	Bates College, Maine, United States	US	USME		44.1056	-70.2023	561719	20260903174500	https://www.philanthropy.com/opinion/dei-1-0-was-crazy-a-viral-atlantic-essay-shows-nonprofits-a-way-out/
1321339681	20260903	202609	2026	2026.6658	USA	MASSACHUSETTS	USA								EDU	COLLEGE						EDU			1	042	042	04	1	1.9	1	1	1	-0.15974440894569	2	Massachusetts, United States	US	USMA		42.2373	-71.5314	MA	3	Smith College, Massachusetts, United States	US	USMA		42.3181	-72.6384	601316	4	Delhi, Delhi, India	IN	IN07	17911	28.6667	77.2167	-2094230	20260903174500	https://www.thehindu.com/news/international/gloria-steinem-death-feminist-organiser-indian-connection/article71425460.ece
1321339682	20260903	202609	2026	2026.6658	USA	UNITED STATES	USA								EDU	COLLEGE						EDU			1	043	043	04	1	2.8	1	1	1	-0.15974440894569	2	New York, United States	US	USNY		42.1497	-74.9384	NY	4	Delhi, Delhi, India	IN	IN07	17911	28.6667	77.2167	-2094230	2	New York, United States	US	USNY		42.1497	-74.9384	NY	20260903174500	https://www.thehindu.com/news/international/gloria-steinem-death-feminist-organiser-indian-connection/article71425460.ece
1321339683	20260903	202609	2026	2026.6658	USA	UNITED STATES	USA								EDU	COLLEGE						EDU			1	043	043	04	1	2.8	1	1	1	-0.15974440894569	2	New York, United States	US	USNY		42.1497	-74.9384	NY	3	Smith College, Massachusetts, United States	US	USMA		42.3181	-72.6384	601316	2	New York, United States	US	USNY		42.1497	-74.9384	NY	20260903174500	https://www.thehindu.com/news/international/gloria-steinem-death-feminist-organiser-indian-connection/article71425460.ece
1321339684	20260903	202609	2026	2026.6658	USA	WASHINGTON	USA								EDU	STUDENT						EDU			1	043	043	04	1	2.8	18	1	10	3.15315315315315	2	Washington, United States	US	USWA		47.3917	-121.571	WA	2	Washington, United States	US	USWA		47.3917	-121.571	WA	2	Washington, United States	US	USWA		47.3917	-121.571	WA	20260903174500	https://news.wsu.edu/news/2026/09/03/from-hawaii-to-florida-future-pharmacists-choose-wsu-to-make-a-difference/
1321339685	20260903	202609	2026	2026.6658	USA	UNITED STATES	USA								EDU	STUDENT						EDU			1	045	045	04	1	5.0	4	1	4	-1.01781170483461	2	Montana, United States	US	USMT		46.9048	-110.326	MT	2	Montana, United States	US	USMT		46.9048	-110.326	MT	2	Montana, United States	US	USMT		46.9048	-110.326	MT	20260903174500	https://www.kulr8.com/news/gov-gianforte-pushes-for-more-tools-to-protect-montana-kids-online/article_3bdc2657-c0cf-497d-8c5c-b2131e13903f.html
1321339686	20260903	202609	2026	2026.6658	USA	UNITED STATES	USA								EDU	SCHOOL						EDU			1	071	071	07	2	7.4	2	1	2	0.85470085470086	2	Texas, United States	US	USTX		31.106	-97.6475	TX	2	Texas, United States	US	USTX		31.106	-97.6475	TX	2	Texas, United States	US	USTX		31.106	-97.6475	TX	20260903174500	https://www.texastribune.org/2026/09/03/texas-school-voucher-program-2-billion-expansion-budget-comptroller/
1321339687	20260903	202609	2026	2026.6658	USA	KANSAS	USA								EDU	UNIVERSITY						EDU			0	080	080	08	2	5.0	10	1	10	-2.34741784037559	2	Kansas, United States	US	USKS		38.5111	-96.8005	KS	2	Kansas, United States	US	USKS		38.5111	-96.8005	KS	2	Kansas, United States	US	USKS		38.5111	-96.8005	KS	20260903174500	https://hpj.com/2026/09/03/warm-nights-can-take-a-big-bite-out-of-corn-yield/
1321339688	20260903	202609	2026	2026.6658	USA	UNITED STATES	USA								EDU	COLLEGE						EDU			1	100	100	10	3	-5.0	4	1	4	2.85714285714286	3	Lincolnwood, Illinois, United States	US	USIL	IL031	42.0045	-87.7301	412217	3	Lincolnwood, Illinois, United States	US	USIL	IL031	42.0045	-87.7301	412217	3	Lincolnwood, Illinois, United States	US	USIL	IL031	42.0045	-87.7301	412217	20260903174500	https://www.fox4news.com/news/lowes-ceo-says-skilled-trades-can-offer-six-figure-careers-without-4-year-degree
1321339689	20260903	202609	2026	2026.6658	USA	NEW YORK	USA								FRA	FRANCE	FRA								0	090	090	09	2	-2.0	10	1	10	1.3	2	New York, United States	US	USNY		42.1497	-74.9384	NY	4	Paris, France (general), France	FR	FR00	16282	48.8667	2.33333	-1456928	4	Paris, France (general), France	FR	FR00	16282	48.8667	2.33333	-1456928	20260903174500	https://www.moneycontrol.com/artificial-intelligence/hugging-face-s-3-french-founders-become-billionaires-after-nvidia-s-13-billion-acquisition-article-14022237.html
1321339690	20260903	202609	2026	2026.6658	USA	THE US	USA								GBR	UNITED KINGDOM	GBR								0	112	112	11	3	-2.0	4	1	4	-2.38805970149254	1	United Kingdom	UK	UK		54	-4	UK	1	United Kingdom	UK	UK		54	-4	UK	1	United Kingdom	UK	UK		54	-4	UK	20260903174500	https://cointelegraph.com/news/bitmex-cofounder-ben-delo-reform-uk-donations
1321339691	20260903	202609	2026	2026.6658	USA	AUSTIN	USA								GOV	KING						GOV			0	010	010	01	1	0.0	6	1	6	-1.29032258064516	2	Pennsylvania, United States	US	USPA		40.5773	-77.264	PA	2	Pennsylvania, United States	US	USPA		40.5773	-77.264	PA	2	Pennsylvania, United States	US	USPA		40.5773	-77.264	PA	20260903174500	https://www.philanthropy.com/opinion/dei-1-0-was-crazy-a-viral-atlantic-essay-shows-nonprofits-a-way-out/
1321339692	20260903	202609	2026	2026.6658	USA	UNITED STATES	USA								GOV	GOVERNMENT						GOV			0	020	020	02	1	3.0	1	1	1	-1.30624092888244	3	Independence Hall, Pennsylvania, United States	US	USPA	PA101	39.9487	-75.1502	1177722	2	Virginia, United States	US	USVA		37.768	-78.2057	VA	3	Independence Hall, Pennsylvania, United States	US	USPA		39.9487	-75.1502	1177722	20260903174500	https://www.inquirer.com/arts/constitution-signing-1787-philadelphia-20260903.html
1321339693	20260903	202609	2026	2026.6658	USA	UNITED STATES	USA								GOV	GOVERNMENT						GOV			0	020	020	02	1	3.0	1	1	1	-1.30624092888244	3	Independence Hall, Pennsylvania, United States	US	USPA	PA101	39.9487	-75.1502	1177722	2	Virginia, United States	US	USVA		37.768	-78.2057	VA	2	Virginia, United States	US	USVA		37.768	-78.2057	VA	20260903174500	https://www.inquirer.com/arts/constitution-signing-1787-philadelphia-20260903.html
1321339694	20260903	202609	2026	2026.6658	USA	VIRGINIA	USA								GOV	GOVERNMENT						GOV			0	020	020	02	1	3.0	5	1	5	-1.30624092888244	2	Pennsylvania, United States	US	USPA		40.5773	-77.264	PA	2	Pennsylvania, United States	US	USPA		40.5773	-77.264	PA	2	Pennsylvania, United States	US	USPA		40.5773	-77.264	PA	20260903174500	https://www.inquirer.com/arts/constitution-signing-1787-philadelphia-20260903.html
1321339695	20260903	202609	2026	2026.6658	USA	VIRGINIA	USA								GOV	GOVERNMENT						GOV			0	020	020	02	1	3.0	3	1	3	-1.30624092888244	2	Virginia, United States	US	USVA		37.768	-78.2057	VA	2	Virginia, United States	US	USVA		37.768	-78.2057	VA	2	Virginia, United States	US	USVA		37.768	-78.2057	VA	20260903174500	https://www.inquirer.com/arts/constitution-signing-1787-philadelphia-20260903.html
1321339696	20260903	202609	2026	2026.6658	USA	UNITED STATES	USA								GOV	MAYOR						GOV			1	025	025	02	1	-0.3	2	1	2	-2.5	3	Prince William County, Virginia, United States	US	USVA	VA153	38.7001	-77.483	1480161	3	Prince William County, Virginia, United States	US	USVA		38.7001	-77.483	1480161	3	Prince William County, Virginia, United States	US	USVA		38.7001	-77.483	1480161	20260903174500	https://www.arlnow.com/2026/09/03/falls-church-begins-rewriting-rules-for-clearing-snow-from-sidewalks/
1321339697	20260903	202609	2026	2026.6658	USA	TEXAS	USA								GOV	GOVERNOR						GOV			0	030	030	03	1	4.0	4	1	4	-1.80722891566265	2	Texas, United States	US	USTX		31.106	-97.6475	TX	2	Texas, United States	US	USTX		31.106	-97.6475	TX	2	Texas, United States	US	USTX		31.106	-97.6475	TX	20260903174500	https://www.click2houston.com/news/texas/2026/09/02/federal-disaster-assistance-approved-for-some-texas-counties-after-july-floods/
1321339698	20260903	202609	2026	2026.6658	USA	UNITED STATES	USA								GOV	GOVERNOR						GOV			1	051	051	05	1	3.4	2	1	2	2.24	2	Michigan, United States	US	USMI		43.3504	-84.5603	MI	2	Michigan, United States	US	USMI		43.3504	-84.5603	MI	2	Michigan, United States	US	USMI		43.3504	-84.5603	MI	20260903174500	https://www.lifenews.com/2026/09/03/michigan-voters-should-support-john-james-for-governor/
1321339699	20260903	202609	2026	2026.6658	USA	UNITED STATES	USA								GOV	ADMINISTRATION						GOV			0	071	071	07	2	7.4	1	1	1	-1.80722891566265	3	Kerr County, Texas, United States	US	USTX	TX265	30.0502	-99.3003	1383918	3	Kerr County, Texas, United States	US	USTX		30.0502	-99.3003	1383918	3	Kerr County, Texas, United States	US	USTX		30.0502	-99.3003	1383918	20260903174500	https://www.click2houston.com/news/texas/2026/09/02/federal-disaster-assistance-approved-for-some-texas-counties-after-july-floods/
1321339700	20260903	202609	2026	2026.6658	USA	UNITED STATES	USA								GOV	ADMINISTRATION						GOV			0	071	071	07	2	7.4	1	1	1	-1.80722891566265	3	Kerr County, Texas, United States	US	USTX	TX265	30.0502	-99.3003	1383918	2	Texas, United States	US	USTX		31.106	-97.6475	TX	3	Kerr County, Texas, United States	US	USTX		30.0502	-99.3003	1383918	20260903174500	https://www.click2houston.com/news/texas/2026/09/02/federal-disaster-assistance-approved-for-some-texas-counties-after-july-floods/
1321339701	20260903	202609	2026	2026.6658	USA	UNITED STATES	USA								GOV	GOVERNMENT						GOV			0	071	071	07	2	7.4	4	1	4	-0.81833060556465	3	Smithsonian Institution, District of Columbia, United States	US	USDC	DC001	38.8887	-77.0258	531840	3	Smithsonian Institution, District of Columbia, United States	US	USDC		38.8887	-77.0258	531840	3	Smithsonian Institution, District of Columbia, United States	US	USDC		38.8887	-77.0258	531840	20260903174500	https://www.artnews.com/art-news/news/trump-accuses-smithsonian-discrimination-threatens-grants-1234796921/
1321339702	20260903	202609	2026	2026.6658	USA	MISSOURI	USA								GOV	MINIST						GOV			1	173	173	17	4	-5.0	4	1	4	-4.9597855227882	3	Springfield, Missouri, United States	US	USMO	MO077	37.2153	-93.2982	735864	3	Springfield, Missouri, United States	US	USMO	MO077	37.2153	-93.2982	735864	3	Springfield, Missouri, United States	US	USMO	MO077	37.2153	-93.2982	735864	20260903174500	https://baptistnews.com/article/baptist-minister-among-six-jailed-for-protesting-ice-in-missouri/
1321339703	20260903	202609	2026	2026.6658	USA	MISSOURI	USA								GOV	MINIST						GOV			1	173	173	17	4	-5.0	6	1	6	-4.9597855227882	3	Greene County, Missouri, United States	US	USMO	MO077	37.2667	-93.3502	758493	3	Greene County, Missouri, United States	US	USMO		37.2667	-93.3502	758493	3	Greene County, Missouri, United States	US	USMO		37.2667	-93.3502	758493	20260903174500	https://baptistnews.com/article/baptist-minister-among-six-jailed-for-protesting-ice-in-missouri/
1321339704	20260903	202609	2026	2026.6658	USA	UNITED STATES	USA								HLH	NURSE						HLH			1	051	051	05	1	3.4	1	1	1	1.63934426229508	3	Saint Mary Hospital, Illinois, United States	US	USIL	IL001	39.935	-91.3926	417538	3	Saint Mary Hospital, Illinois, United States	US	USIL		39.935	-91.3926	417538	3	Saint Mary Hospital, Illinois, United States	US	USIL		39.935	-91.3926	417538	20260903174500	https://abc7chicago.com/post/prime-healthcare-nurses-saint-mary-nazareth-hospital-chicago-olympia-fields-go-1-day-strike/19785057/
1321339705	20260903	202609	2026	2026.6658	USA	ILLINOIS	USA								HLH	CAREGIVER						HLH			1	051	051	05	1	3.4	3	1	3	-3.26340326340327	2	Illinois, United States	US	USIL		40.3363	-89.0022	IL	2	Illinois, United States	US	USIL		40.3363	-89.0022	IL	2	Illinois, United States	US	USIL		40.3363	-89.0022	IL	20260903174500	https://www.lifenews.com/2026/09/03/catholic-cardinal-and-nuns-sue-illinois-to-stop-forcing-them-to-help-patients-kill-themselves/
1321339706	20260903	202609	2026	2026.6658	USA	THE US	USA								IRN	IRAN	IRN								1	046	046	04	1	7.0	5	1	5	-2.61324041811847	1	Israel	IS	IS		31.5	34.75	IS	4	Tehran, Tehran, Iran	IR	IR26	41130	35.75	51.5148	10074674	1	Israel	IS	IS		31.5	34.75	IS	20260903174500	https://www.hindustantimes.com/world-news/this-is-great-trump-lauds-syria-pitching-itself-as-alternative-to-strait-of-hormuz-amid-iran-war-101788452482737.html
1321339707	20260903	202609	2026	2026.6658	USA	UNITED STATES	USA								IRN	IRAN	IRN								1	100	100	10	3	-5.0	4	1	4	-9.04255319148936	1	United States	US	US		39.828175	-98.5795	US	4	Tehran, Tehran, Iran	IR	IR26	41130	35.75	51.5148	10074674	1	United States	US	US		39.828175	-98.5795	US	20260903174500	http://www.bignewsnetwork.com/news/279284227/israel-netanyahu-says-toppling-iran-government-within-reach
1321339708	20260903	202609	2026	2026.6658	USA	UNITED STATES	USA								IRN	IRAN	IRN								1	100	100	10	3	-5.0	1	1	1	-9.04255319148936	1	United States	US	US		39.828175	-98.5795	US	1	United States	US	US		39.828175	-98.5795	US	1	United States	US	US		39.828175	-98.5795	US	20260903174500	http://www.bignewsnetwork.com/news/279284227/israel-netanyahu-says-toppling-iran-government-within-reach
1321339709	20260903	202609	2026	2026.6658	USA	UNITED STATES	USA								IRN	IRAN	IRN								1	110	110	11	3	-2.0	2	1	2	-7.75075987841946	4	Tel Aviv, Tel Aviv, Israel	IS	IS05	18316	32.0667	34.7667	-781545	4	Tehran, Tehran, Iran	IR	IR26	41130	35.75	51.5148	10074674	4	Tel Aviv, Tel Aviv, Israel	IS	IS05	18316	32.0667	34.7667	-781545	20260903174500	https://www.moneycontrol.com/world/iran-regime-could-fall-soon-says-netanyahu-as-us-resumes-strikes-article-14022247.html
1321339710	20260903	202609	2026	2026.6658	USA	UNITED STATES	USA								IRN	IRAN	IRN								1	190	190	19	4	-10.0	2	1	2	-9.04255319148936	4	Tel Aviv, Tel Aviv, Israel	IS	IS05	18316	32.0667	34.7667	-781545	4	Tehran, Tehran, Iran	IR	IR26	41130	35.75	51.5148	10074674	1	United States	US	US		39.828175	-98.5795	US	20260903174500	http://www.bignewsnetwork.com/news/279284227/israel-netanyahu-says-toppling-iran-government-within-reach
1321339711	20260903	202609	2026	2026.6658	USA	UNITED STATES	USA								IRN	IRAN	IRN								1	190	190	19	4	-10.0	4	1	4	-7.75075987841946	4	Tehran, Tehran, Iran	IR	IR26	41130	35.75	51.5148	10074674	4	Tel Aviv, Tel Aviv, Israel	IS	IS05	18316	32.0667	34.7667	-781545	4	Tehran, Tehran, Iran	IR	IR26	41130	35.75	51.5148	10074674	20260903174500	https://www.moneycontrol.com/world/iran-regime-could-fall-soon-says-netanyahu-as-us-resumes-strikes-article-14022247.html
1321339712	20260903	202609	2026	2026.6658	USA	UNITED STATES	USA								IRN	IRAN	IRN								1	190	190	19	4	-10.0	2	1	2	-7.75075987841946	3	Washington, District of Columbia, United States	US	USDC	DC001	38.8951	-77.0364	531871	4	Tehran, Tehran, Iran	IR	IR26	41130	35.75	51.5148	10074674	4	Tel Aviv, Tel Aviv, Israel	IS	IS05	18316	32.0667	34.7667	-781545	20260903174500	https://www.moneycontrol.com/world/iran-regime-could-fall-soon-says-netanyahu-as-us-resumes-strikes-article-14022247.html
1321339713	20260903	202609	2026	2026.6658	USA	UNITED STATES	USA								JUD	ATTORNEY						JUD			0	070	070	07	2	7.0	4	1	4	-8.40336134453782	3	New Britain, Connecticut, United States	US	USCT	CT003	41.6612	-72.7795	209217	3	New Britain, Connecticut, United States	US	USCT		41.6612	-72.7795	209217	2	Connecticut, United States	US	USCT		41.5834	-72.7622	CT	20260903174500	https://www.courant.com/2026/09/03/man-who-fled-to-canada-extradited-back-to-ct-to-face-child-sexual-abuse-charges/
1321339714	20260903	202609	2026	2026.6658	USA	UNITED STATES	USA								LAB	EMPLOYEE						LAB			1	013	013	01	1	0.4	1	1	1	-1.6260162601626	2	California, United States	US	USCA		36.17	-119.746	CA	2	California, United States	US	USCA		36.17	-119.746	CA	2	California, United States	US	USCA		36.17	-119.746	CA	20260903174500	https://www.fox4news.com/news/uber-lay-off-3300-employees-competition-robotaxis-grow
1321339715	20260903	202609	2026	2026.6658	USA	UNITED STATES	USA								LAB	WORKER						LAB			1	040	040	04	1	1.0	4	1	4	-4.82315112540193	2	Louisiana, United States	US	USLA		31.1801	-91.8749	LA	2	Louisiana, United States	US	USLA		31.1801	-91.8749	LA	2	Louisiana, United States	US	USLA		31.1801	-91.8749	LA	20260903174500	https://talk1073.com/2026/09/03/louisiana-act-648-how-new-workers-comp-laws-level-the-playing-field/
1321339716	20260903	202609	2026	2026.6658	USA	MARYLAND	USA								LBR	LIBERIA	LBR								1	050	050	05	1	3.5	2	1	2	2.91095890410959	5	Maryland County, Maryland, Liberia	LI	LI13	147219	4.75	-7.75	-2133808	5	Maryland County, Maryland, Liberia	LI	LI13	147219	4.75	-7.75	-2133808	5	Maryland County, Maryland, Liberia	LI	LI13	147219	4.75	-7.75	-2133808	20260903174500	https://allafrica.com/stories/202609030502.html
1321339717	20260903	202609	2026	2026.6658	USA	UNITED STATES	USA								LEG	CONGRESS						LEG			0	010	010	01	1	0.0	4	1	4	-0.81833060556465	3	Smithsonian Institution, District of Columbia, United States	US	USDC	DC001	38.8887	-77.0258	531840	3	Smithsonian Institution, District of Columbia, United States	US	USDC		38.8887	-77.0258	531840	3	Smithsonian Institution, District of Columbia, United States	US	USDC		38.8887	-77.0258	531840	20260903174500	https://www.artnews.com/art-news/news/trump-accuses-smithsonian-discrimination-threatens-grants-1234796921/
1321339718	20260903	202609	2026	2026.6658	USA	UNITED STATES	USA								LEG	LEGISLATURE						LEG			0	014	014	01	1	0.0	4	2	4	-3.95742201667042	2	Texas, United States	US	USTX		31.106	-97.6475	TX	2	Texas, United States	US	USTX		31.106	-97.6475	TX	2	Texas, United States	US	USTX		31.106	-97.6475	TX	20260903174500	https://www.click2houston.com/news/texas/2026/09/03/texas-food-banks-feel-the-squeeze-of-federal-cuts-drop-in-donations/
1321339719	20260903	202609	2026	2026.6658	USA	PENNSYLVANIA	USA								LEG	DELEGATE						LEG			0	043	043	04	1	2.8	10	1	10	-1.30624092888244	2	Pennsylvania, United States	US	USPA		40.5773	-77.264	PA	2	Pennsylvania, United States	US	USPA		40.5773	-77.264	PA	2	Pennsylvania, United States	US	USPA		40.5773	-77.264	PA	20260903174500	https://www.inquirer.com/arts/constitution-signing-1787-philadelphia-20260903.html
1321339720	20260903	202609	2026	2026.6658	USA	UNITED STATES	USA								LEG	LEGISLATURE						LEG			0	071	071	07	2	7.4	1	1	1	0	3	Jamestown, North Dakota, United States	US	USND	ND093	46.9105	-98.7084	1029648	3	Jamestown, North Dakota, United States	US	USND	ND093	46.9105	-98.7084	1029648	3	Jamestown, North Dakota, United States	US	USND	ND093	46.9105	-98.7084	1029648	20260903174500	https://www.perhamfocus.com/news/local/first-step-corridor-identification-and-development-of-passenger-rail-service-almost-complete
1321339721	20260903	202609	2026	2026.6658	USA	UNITED STATES	USA								LEG	LEGISLATURE						LEG			0	071	071	07	2	7.4	1	1	1	0	3	Jamestown, North Dakota, United States	US	USND	ND093	46.9105	-98.7084	1029648	2	North Dakota, United States	US	USND		47.5362	-99.793	ND	2	North Dakota, United States	US	USND		47.5362	-99.793	ND	20260903174500	https://www.perhamfocus.com/news/local/first-step-corridor-identification-and-development-of-passenger-rail-service-almost-complete
1321339722	20260903	202609	2026	2026.6658	USA	UNITED STATES	USA								LEG	LEGISLATURE						LEG			0	071	071	07	2	7.4	1	1	1	0	3	Eau Claire, Wisconsin, United States	US	USWI	WI035	44.8113	-91.4985	1564402	3	Eau Claire, Wisconsin, United States	US	USWI		44.8113	-91.4985	1564402	3	Eau Claire, Wisconsin, United States	US	USWI		44.8113	-91.4985	1564402	20260903174500	https://www.perhamfocus.com/news/local/first-step-corridor-identification-and-development-of-passenger-rail-service-almost-complete
1321339723	20260903	202609	2026	2026.6658	USA	UNITED STATES	USA								LEG	LEGISLATURE						LEG			0	071	071	07	2	7.4	1	1	1	0	2	Illinois, United States	US	USIL		40.3363	-89.0022	IL	2	Illinois, United States	US	USIL		40.3363	-89.0022	IL	2	Illinois, United States	US	USIL		40.3363	-89.0022	IL	20260903174500	https://www.perhamfocus.com/news/local/first-step-corridor-identification-and-development-of-passenger-rail-service-almost-complete
1321339724	20260903	202609	2026	2026.6658	USA	UNITED STATES	USA								LEG	LEGISLATURE						LEG			0	071	071	07	2	7.4	4	2	4	-3.95742201667042	2	Texas, United States	US	USTX		31.106	-97.6475	TX	2	Texas, United States	US	USTX		31.106	-97.6475	TX	2	Texas, United States	US	USTX		31.106	-97.6475	TX	20260903174500	https://www.click2houston.com/news/texas/2026/09/03/texas-food-banks-feel-the-squeeze-of-federal-cuts-drop-in-donations/
1321339725	20260903	202609	2026	2026.6658	USA	UNITED STATES	USA								MED	TELEVISION						MED			1	013	013	01	1	0.4	1	1	1	-2.43902439024391	3	San Francisco, California, United States	US	USCA	CA075	37.7749	-122.419	277593	3	San Francisco, California, United States	US	USCA		37.7749	-122.419	277593	3	San Francisco, California, United States	US	USCA		37.7749	-122.419	277593	20260903174500	https://www.moneycontrol.com/world/pentagon-says-its-anthropic-ban-is-on-despite-lutnick-remarks-article-14022259.html
1321339726	20260903	202609	2026	2026.6658	USA	NEW YORK	USA								MED	JOURNALIST						MED			1	042	042	04	1	1.9	6	1	6	2.87206266318538	2	New Mexico, United States	US	USNM		34.8375	-106.237	NM	2	New Mexico, United States	US	USNM		34.8375	-106.237	NM	2	New Mexico, United States	US	USNM		34.8375	-106.237	NM	20260903174500	https://www.artnews.com/art-news/news/gloria-steinem-life-in-art-1234796896/
1321339727	20260903	202609	2026	2026.6658	USA	UNITED STATES	USA								MED	MAGAZINE						MED			1	060	060	06	2	6.0	4	1	4	2.87206266318538	2	New York, United States	US	USNY		42.1497	-74.9384	NY	2	New York, United States	US	USNY		42.1497	-74.9384	NY	2	New York, United States	US	USNY		42.1497	-74.9384	NY	20260903174500	https://www.artnews.com/art-news/news/gloria-steinem-life-in-art-1234796896/
1321339728	20260903	202609	2026	2026.6658	USA	MINNESOTA	USA								MEX	MEXICO	MEX								0	012	012	01	1	-0.4	1	1	1	-8.44748858447488	3	Washington, District of Columbia, United States	US	USDC	DC001	38.8951	-77.0364	531871	3	Washington, District of Columbia, United States	US	USDC	DC001	38.8951	-77.0364	531871	3	Washington, District of Columbia, United States	US	USDC	DC001	38.8951	-77.0364	531871	20260903174500	https://www.fox4news.com/news/feds-charges-ice-agent-lying-about-minneapolis-shooting-report
1321339729	20260903	202609	2026	2026.6658	USA	MINNESOTA	USA								MEX	MEXICO	MEX								0	080	080	08	2	5.0	2	1	2	-7.64617691154423	2	Minnesota, United States	US	USMN		45.7326	-93.9196	MN	3	Cameron County, Texas, United States	US	USTX		26.117	-97.5169	1383816	2	Minnesota, United States	US	USMN		45.7326	-93.9196	MN	20260903174500	https://www.click2houston.com/news/politics/2026/09/03/ap-source-ice-officer-charged-with-lying-to-investigators-in-the-shooting-of-venezuelan-man/
1321339730	20260903	202609	2026	2026.6658	USA	MINNESOTA	USA								MEX	MEXICO	MEX								0	080	080	08	2	5.0	5	1	5	-7.64617691154423	2	Minnesota, United States	US	USMN		45.7326	-93.9196	MN	1	Mexico	MX	MX		23	-102	MX	1	Mexico	MX	MX		23	-102	MX	20260903174500	https://www.click2houston.com/news/politics/2026/09/03/ap-source-ice-officer-charged-with-lying-to-investigators-in-the-shooting-of-venezuelan-man/
1321339731	20260903	202609	2026	2026.6658	USA	UNITED STATES	USA								MNCUSA	NVIDIA	USA					MNC			0	013	013	01	1	0.4	2	1	2	3.5230352303523	2	Michigan, United States	US	USMI		43.3504	-84.5603	MI	2	Michigan, United States	US	USMI		43.3504	-84.5603	MI	2	Michigan, United States	US	USMI		43.3504	-84.5603	MI	20260903174500	https://cointelegraph.com/news/nvidia-buys-hugging-face-12-9-billion-ai-software
1321339732	20260903	202609	2026	2026.6658	USA	UNITED STATES	USA								MNCUSA	BRANDYWINE REALTY TRUST	USA					MNC			1	040	040	04	1	1.0	4	1	4	3.16622691292876	3	Burlington, Pennsylvania, United States	US	USPA	PA015	41.7798	-76.6074	1170725	3	Burlington, Pennsylvania, United States	US	USPA	PA015	41.7798	-76.6074	1170725	3	Burlington, Pennsylvania, United States	US	USPA	PA015	41.7798	-76.6074	1170725	20260903174500	https://www.inquirer.com/real-estate/commercial/burlington-philadelphia-headquarters-move-20260903.html
1321339733	20260903	202609	2026	2026.6658	USA	UNITED STATES	USA								NPL	NEPAL	NPL								1	043	043	04	1	2.8	2	1	2	-1.20192307692308	3	San Diego, California, United States	US	USCA	CA073	32.7153	-117.157	1661377	4	New Delhi, Delhi, India	IN	IN07	17911	28.6	77.2	-2106102	4	New Delhi, Delhi, India	IN	IN07	17911	28.6	77.2	-2106102	20260903174500	https://www.nbcsandiego.com/news/local/san-diego-husband-and-wife-among-the-missing-in-deadly-nepal-flooding/4068944/
1321339734	20260903	202609	2026	2026.6658	USA	UNITED STATES	USA								NPL	NEPAL	NPL								1	043	043	04	1	2.8	2	1	2	-1.20192307692308	3	San Diego, California, United States	US	USCA	CA073	32.7153	-117.157	1661377	1	Nepal	NP	NP		28	84	NP	1	Nepal	NP	NP		28	84	NP	20260903174500	https://www.nbcsandiego.com/news/local/san-diego-husband-and-wife-among-the-missing-in-deadly-nepal-flooding/4068944/
1321339735	20260903	202609	2026	2026.6658	USA	UNITED STATES	USA								RUSGOV	RUSSIA	RUS					GOV			1	072	072	07	2	8.3	2	1	2	-0.268456375838929	1	China	CH	CH		35	105	CH	1	China	CH	CH		35	105	CH	1	China	CH	CH		35	105	CH	20260903174500	https://www.saturdayeveningpost.com/2026/09/review-mayday-movies-for-the-rest-of-us-with-bill-newcott/
1321339736	20260903	202609	2026	2026.6658	USA	UNITED STATES	USA								USABUS	UNITED STATES	USA					BUS			1	010	010	01	1	0.0	2	1	2	3.04878048780487	2	West Virginia, United States	US	USWV		38.468	-80.9696	WV	3	White Sulphur Springs, West Virginia, United States	US	USWV		37.7965	-80.2976	1555971	3	White Sulphur Springs, West Virginia, United States	US	USWV		37.7965	-80.2976	1555971	20260903174500	https://wvmetronews.com/2026/09/03/justice-100-percent-considering-run-for-governor-in-2028/
1321339737	20260903	202609	2026	2026.6658	USA	LOUISIANA	USA								USABUS	UNITED STATES	USA					BUS			1	043	043	04	1	2.8	2	1	2	5.72519083969466	2	Louisiana, United States	US	USLA		31.1801	-91.8749	LA	2	Louisiana, United States	US	USLA		31.1801	-91.8749	LA	2	Louisiana, United States	US	USLA		31.1801	-91.8749	LA	20260903174500	https://talk1073.com/2026/09/03/how-lwcc-puts-purpose-and-people-first-in-workers-compensation/
1321339738	20260903	202609	2026	2026.6658	USA	TEXAS	USA								USACOP	UNITED STATES	USA					COP			1	173	173	17	4	-5.0	4	1	4	-9.40438871473354	2	Texas, United States	US	USTX		31.106	-97.6475	TX	2	Texas, United States	US	USTX		31.106	-97.6475	TX	2	Texas, United States	US	USTX		31.106	-97.6475	TX	20260903174500	https://1025kiss.com/ixp/156/p/texas-death-row-25-years/
1321339739	20260903	202609	2026	2026.6658	USA	UNITED STATES	USA								USACVL	UNITED STATES	USA					CVL			1	036	036	03	1	4.0	4	1	4	-2.11267605633803	2	Illinois, United States	US	USIL		40.3363	-89.0022	IL	3	Galesburg, Illinois, United States	US	USIL	IL095	40.9478	-90.3712	408847	3	Galesburg, Illinois, United States	US	USIL	IL095	40.9478	-90.3712	408847	20260903174500	https://www.tspr.org/tspr-local-news/2026-09-03/why-galesburg-residents-are-getting-a-notice-about-a-forever-chemical-in-raw-water-from-unused-wells
1321339740	20260903	202609	2026	2026.6658	USA	ILLINOIS	USA								USACVL	UNITED STATES	USA					CVL			1	036	036	03	1	4.0	2	1	2	-2.11267605633803	2	Illinois, United States	US	USIL		40.3363	-89.0022	IL	3	Galesburg, Illinois, United States	US	USIL	IL095	40.9478	-90.3712	408847	2	Illinois, United States	US	USIL		40.3363	-89.0022	IL	20260903174500	https://www.tspr.org/tspr-local-news/2026-09-03/why-galesburg-residents-are-getting-a-notice-about-a-forever-chemical-in-raw-water-from-unused-wells
1321339741	20260903	202609	2026	2026.6658	USA	AUSTIN	USA								USAGOV	UNITED STATES	USA					GOV			0	010	010	01	1	0.0	2	1	2	-1.29032258064516	3	Bates College, Maine, United States	US	USME	ME001	44.1056	-70.2023	561719	2	Pennsylvania, United States	US	USPA		40.5773	-77.264	PA	3	Bates College, Maine, United States	US	USME		44.1056	-70.2023	561719	20260903174500	https://www.philanthropy.com/opinion/dei-1-0-was-crazy-a-viral-atlantic-essay-shows-nonprofits-a-way-out/
1321339742	20260903	202609	2026	2026.6658	USA	UNITED STATES	USA								USAGOV	UNITED STATES	USA					GOV			1	025	025	02	1	-0.3	2	1	2	-2.5	3	Prince William County, Virginia, United States	US	USVA	VA153	38.7001	-77.483	1480161	3	Prince William County, Virginia, United States	US	USVA		38.7001	-77.483	1480161	3	Prince William County, Virginia, United States	US	USVA		38.7001	-77.483	1480161	20260903174500	https://www.arlnow.com/2026/09/03/falls-church-begins-rewriting-rules-for-clearing-snow-from-sidewalks/
1321339743	20260903	202609	2026	2026.6658	USA	TEXAS	USA								USAGOV	UNITED STATES	USA					GOV			0	030	030	03	1	4.0	1	1	1	-1.80722891566265	2	Texas, United States	US	USTX		31.106	-97.6475	TX	2	Texas, United States	US	USTX		31.106	-97.6475	TX	2	Texas, United States	US	USTX		31.106	-97.6475	TX	20260903174500	https://www.click2houston.com/news/texas/2026/09/02/federal-disaster-assistance-approved-for-some-texas-counties-after-july-floods/
1321339744	20260903	202609	2026	2026.6658	USA	UNITED STATES	USA								USAGOV	UNITED STATES	USA					GOV			1	040	040	04	1	1.0	2	1	2	3.16622691292876	3	Burlington, Pennsylvania, United States	US	USPA	PA015	41.7798	-76.6074	1170725	3	Burlington, Pennsylvania, United States	US	USPA	PA015	41.7798	-76.6074	1170725	3	Burlington, Pennsylvania, United States	US	USPA	PA015	41.7798	-76.6074	1170725	20260903174500	https://www.inquirer.com/real-estate/commercial/burlington-philadelphia-headquarters-move-20260903.html
1321339745	20260903	202609	2026	2026.6658	USA	MINNESOTA	USA								USAGOV	UNITED STATES	USA					GOV			1	112	112	11	3	-2.0	4	1	4	-13.0434782608696	2	Minnesota, United States	US	USMN		45.7326	-93.9196	MN	2	Minnesota, United States	US	USMN		45.7326	-93.9196	MN	2	Texas, United States	US	USTX		31.106	-97.6475	TX	20260903174500	https://www.wtxl.com/politics/immigration/ice-officer-charged-with-lying-in-minneapolis-shooting-investigation
1321339746	20260903	202609	2026	2026.6658	USA	MINNESOTA	USA								USAGOV	UNITED STATES	USA					GOV			1	112	112	11	3	-2.0	2	1	2	-13.0434782608696	2	Minnesota, United States	US	USMN		45.7326	-93.9196	MN	2	Texas, United States	US	USTX		31.106	-97.6475	TX	2	Minnesota, United States	US	USMN		45.7326	-93.9196	MN	20260903174500	https://www.wtxl.com/politics/immigration/ice-officer-charged-with-lying-in-minneapolis-shooting-investigation
1321339747	20260903	202609	2026	2026.6658	USA	MINNESOTA	USA								USAGOV	TEXAS	USA					GOV			1	112	112	11	3	-2.0	4	1	4	-13.0434782608696	2	Minnesota, United States	US	USMN		45.7326	-93.9196	MN	2	Texas, United States	US	USTX		31.106	-97.6475	TX	2	Texas, United States	US	USTX		31.106	-97.6475	TX	20260903174500	https://www.wtxl.com/politics/immigration/ice-officer-charged-with-lying-in-minneapolis-shooting-investigation
1321339748	20260903	202609	2026	2026.6658	USA	UNITED STATES	USA								USAGOV	UNITED STATES	USA					GOV			1	193	193	19	4	-10.0	2	1	2	-13.0434782608696	2	Minnesota, United States	US	USMN		45.7326	-93.9196	MN	2	Minnesota, United States	US	USMN		45.7326	-93.9196	MN	2	Texas, United States	US	USTX		31.106	-97.6475	TX	20260903174500	https://www.wtxl.com/politics/immigration/ice-officer-charged-with-lying-in-minneapolis-shooting-investigation
1321339749	20260903	202609	2026	2026.6658	USA	MINNESOTA	USA								USAGOV	UNITED STATES	USA					GOV			1	193	193	19	4	-10.0	2	1	2	-13.0434782608696	2	Minnesota, United States	US	USMN		45.7326	-93.9196	MN	2	Texas, United States	US	USTX		31.106	-97.6475	TX	2	Minnesota, United States	US	USMN		45.7326	-93.9196	MN	20260903174500	https://www.wtxl.com/politics/immigration/ice-officer-charged-with-lying-in-minneapolis-shooting-investigation
1321339750	20260903	202609	2026	2026.6658	USA	MINNESOTA	USA								USAGOV	TEXAS	USA					GOV			1	193	193	19	4	-10.0	4	1	4	-13.0434782608696	2	Minnesota, United States	US	USMN		45.7326	-93.9196	MN	2	Texas, United States	US	USTX		31.106	-97.6475	TX	2	Texas, United States	US	USTX		31.106	-97.6475	TX	20260903174500	https://www.wtxl.com/politics/immigration/ice-officer-charged-with-lying-in-minneapolis-shooting-investigation
1321339751	20260903	202609	2026	2026.6658	USA	AMERICAN	USA								USAHLH	UNITED STATES	USA					HLH			0	020	020	02	1	3.0	4	1	4	-7.84463061690785	2	Washington, United States	US	USWA		47.3917	-121.571	WA	2	Washington, United States	US	USWA		47.3917	-121.571	WA	2	Washington, United States	US	USWA		47.3917	-121.571	WA	20260903174500	https://www.medicaldaily.com/washington-raw-milk-e-coli-dungeness-valley-creamery-no-recall-478174
1321339752	20260903	202609	2026	2026.6658	USA	MASSACHUSETTS	USA								USAHRI	AMERICAN CIVIL LIBERTIES UNION	USA					HRI			0	020	020	02	1	3.0	2	1	2	-2.28690228690228	2	Massachusetts, United States	US	USMA		42.2373	-71.5314	MA	2	Massachusetts, United States	US	USMA		42.2373	-71.5314	MA	2	Massachusetts, United States	US	USMA		42.2373	-71.5314	MA	20260903174500	https://www.wcvb.com/article/aclu-massachusetts-state-police-alpr-audit-ruling/73603931
1321339753	20260903	202609	2026	2026.6658	USA	MINNESOTA	USA								USAJUD	UNITED STATES	USA					JUD			0	112	112	11	3	-2.0	4	1	4	-7.64617691154423	2	Minnesota, United States	US	USMN		45.7326	-93.9196	MN	2	Minnesota, United States	US	USMN		45.7326	-93.9196	MN	2	Minnesota, United States	US	USMN		45.7326	-93.9196	MN	20260903174500	https://www.click2houston.com/news/politics/2026/09/03/ap-source-ice-officer-charged-with-lying-to-investigators-in-the-shooting-of-venezuelan-man/
1321339754	20260903	202609	2026	2026.6658	USA	UNITED STATES	USA								USAJUD	UNITED STATES	USA					JUD			1	114	114	11	3	-2.0	2	1	2	-4.82315112540193	2	Louisiana, United States	US	USLA		31.1801	-91.8749	LA	2	Louisiana, United States	US	USLA		31.1801	-91.8749	LA	2	Louisiana, United States	US	USLA		31.1801	-91.8749	LA	20260903174500	https://talk1073.com/2026/09/03/louisiana-act-648-how-new-workers-comp-laws-level-the-playing-field/
1321339755	20260903	202609	2026	2026.6658	USA	KENTUCKY	USA								USAJUD	UNITED STATES	USA					JUD			0	120	120	12	3	-4.0	2	1	2	1.09965635738832	2	Kentucky, United States	US	USKY		37.669	-84.6514	KY	2	Kentucky, United States	US	USKY		37.669	-84.6514	KY	2	Kentucky, United States	US	USKY		37.669	-84.6514	KY	20260903174500	https://www.workerscompensation.com/daily-headlines/ky-supreme-court-rejects-fee-first-rule-in-employer-subrogation-case/
1321339756	20260903	202609	2026	2026.6658	USA	UNITED STATES	USA								USAJUD	UNITED STATES	USA					JUD			1	173	173	17	4	-5.0	1	1	1	-3.90625	2	Pennsylvania, United States	US	USPA		40.5773	-77.264	PA	2	Pennsylvania, United States	US	USPA		40.5773	-77.264	PA	3	Pennsylvania State University, Pennsylvania, United States	US	USPA		40.804	-77.8572	1183543	20260903174500	https://www.abajournal.com/news/article/lawyer-helped-retrieve-hidden-safe-containing-cocaine-after-sons-arrest-in-penn-state-drug-ring-former-frat-brother-testifies
1321339757	20260903	202609	2026	2026.6658	USA	NEW YORK	USA								USAMED	UNITED STATES	USA					MED			1	042	042	04	1	1.9	2	1	2	2.87206266318538	2	New York, United States	US	USNY		42.1497	-74.9384	NY	3	Brooklyn, New York, United States	US	USNY	NY025	42.3442	-75.1704	944840	3	Brooklyn, New York, United States	US	USNY	NY025	42.3442	-75.1704	944840	20260903174500	https://www.artnews.com/art-news/news/gloria-steinem-life-in-art-1234796896/
1321339758	20260903	202609	2026	2026.6658	USA	UNITED STATES	USA								VEN	VENEZUELA	VEN								0	010	010	01	1	0.0	2	1	2	-8.44748858447488	2	Texas, United States	US	USTX		31.106	-97.6475	TX	1	Venezuela	VE	VE		8	-66	VE	2	Texas, United States	US	USTX		31.106	-97.6475	TX	20260903174500	https://www.fox4news.com/news/feds-charges-ice-agent-lying-about-minneapolis-shooting-report
1321339759	20260903	202609	2026	2026.6658	USA	UNITED STATES	USA								VEN	VENEZUELA	VEN								0	0353	035	03	1	7.0	2	1	2	-8.44748858447488	2	Texas, United States	US	USTX		31.106	-97.6475	TX	1	Venezuela	VE	VE		8	-66	VE	2	Texas, United States	US	USTX		31.106	-97.6475	TX	20260903174500	https://www.fox4news.com/news/feds-charges-ice-agent-lying-about-minneapolis-shooting-report
1321339760	20260903	202609	2026	2026.6658	USA	UNITED STATES	USA								VEN	VENEZUELA	VEN								0	060	060	06	2	6.0	1	1	1	-8.44748858447488	1	Venezuela	VE	VE		8	-66	VE	1	Venezuela	VE	VE		8	-66	VE	1	Venezuela	VE	VE		8	-66	VE	20260903174500	https://www.fox4news.com/news/feds-charges-ice-agent-lying-about-minneapolis-shooting-report
1321339761	20260903	202609	2026	2026.6658	USA	MINNESOTA	USA								VEN	VENEZUELA	VEN								0	173	173	17	4	-5.0	2	1	2	-7.64617691154423	2	Minnesota, United States	US	USMN		45.7326	-93.9196	MN	1	Venezuela	VE	VE		8	-66	VE	2	Minnesota, United States	US	USMN		45.7326	-93.9196	MN	20260903174500	https://www.click2houston.com/news/politics/2026/09/03/ap-source-ice-officer-charged-with-lying-to-investigators-in-the-shooting-of-venezuelan-man/
1321339762	20260903	202609	2026	2026.6658	USA	UNITED STATES	USA								bar	BARI			bar						1	036	036	03	1	4.0	2	1	2	-0.28328611898017	3	Washington, District of Columbia, United States	US	USDC	DC001	38.8951	-77.0364	531871	3	Washington, District of Columbia, United States	US	USDC	DC001	38.8951	-77.0364	531871	3	Washington, District of Columbia, United States	US	USDC	DC001	38.8951	-77.0364	531871	20260903174500	https://www.newsday.com/entertainment/tv/norah-odonnell-cbs-mornings-pp2wwbde
1321339763	20260903	202609	2026	2026.6658	USABUS	LOUISIANA	USA					BUS													1	043	043	04	1	2.8	3	1	3	5.72519083969466	2	Louisiana, United States	US	USLA		31.1801	-91.8749	LA	0								2	Louisiana, United States	US	USLA		31.1801	-91.8749	LA	20260903174500	https://talk1073.com/2026/09/03/how-lwcc-puts-purpose-and-people-first-in-workers-compensation/
1321339764	20260903	202609	2026	2026.6658	USABUS	UNITED STATES	USA					BUS													1	120	120	12	3	-4.0	2	1	2	2.48226950354609	1	United States	US	US		39.828175	-98.5795	US	0								1	United States	US	US		39.828175	-98.5795	US	20260903174500	https://finance.yahoo.com/markets/stocks/articles/snowflake-stock-jumps-accelerating-product-171600190.html
1321339765	20260903	202609	2026	2026.6658	USABUS	UNITED STATES	USA					BUS			GOV	PRESIDENT						GOV			1	042	042	04	1	1.9	2	1	2	-1.40449438202247	2	New York, United States	US	USNY		42.1497	-74.9384	NY	2	New York, United States	US	USNY		42.1497	-74.9384	NY	2	New York, United States	US	USNY		42.1497	-74.9384	NY	20260903174500	https://globemagazine.com/fundraiser-for-times-square-murder-victims-infant-daughter-receives-more-than-500k/
1321339766	20260903	202609	2026	2026.6658	USABUS	UNITED STATES	USA					BUS			USA	LOUISIANA	USA								1	042	042	04	1	1.9	2	1	2	5.72519083969466	2	Louisiana, United States	US	USLA		31.1801	-91.8749	LA	2	Louisiana, United States	US	USLA		31.1801	-91.8749	LA	2	Louisiana, United States	US	USLA		31.1801	-91.8749	LA	20260903174500	https://talk1073.com/2026/09/03/how-lwcc-puts-purpose-and-people-first-in-workers-compensation/
1321339767	20260903	202609	2026	2026.6658	USACOP	TEXAS	USA					COP													1	173	173	17	4	-5.0	3	1	3	-9.40438871473354	2	Texas, United States	US	USTX		31.106	-97.6475	TX	0								2	Texas, United States	US	USTX		31.106	-97.6475	TX	20260903174500	https://1025kiss.com/ixp/156/p/texas-death-row-25-years/
1321339768	20260903	202609	2026	2026.6658	USACOP	UNITED STATES	USA					COP			COP	DEPUTIES						COP			1	060	060	06	2	6.0	6	1	6	-2.22222222222222	3	Houston, Texas, United States	US	USTX	TX201	29.7633	-95.3633	1380948	3	Houston, Texas, United States	US	USTX	TX201	29.7633	-95.3633	1380948	3	Houston, Texas, United States	US	USTX	TX201	29.7633	-95.3633	1380948	20260903174500	https://www.click2houston.com/news/local/2026/09/03/19-animals-including-an-alligator-rescued-from-hot-cypress-garage/
1321339769	20260903	202609	2026	2026.6658	USACVL	UNITED STATES	USA					CVL													1	112	112	11	3	-2.0	1	1	1	-7.12871287128714	3	Washington, District of Columbia, United States	US	USDC	DC001	38.8951	-77.0364	531871	0								1	Israel	IS	IS		31.5	34.75	IS	20260903174500	http://www.washingtonjewishweek.com/advocacy-by-omission/
1321339770	20260903	202609	2026	2026.6658	USACVL	UNITED STATES	USA					CVL													1	112	112	11	3	-2.0	1	1	1	-7.12871287128714	1	Israel	IS	IS		31.5	34.75	IS	0								1	Israel	IS	IS		31.5	34.75	IS	20260903174500	http://www.washingtonjewishweek.com/advocacy-by-omission/
1321339771	20260903	202609	2026	2026.6658	USACVL	UNITED STATES	USA					CVL			USA	ILLINOIS	USA								1	036	036	03	1	4.0	6	1	6	-2.11267605633803	2	Illinois, United States	US	USIL		40.3363	-89.0022	IL	2	Illinois, United States	US	USIL		40.3363	-89.0022	IL	2	Illinois, United States	US	USIL		40.3363	-89.0022	IL	20260903174500	https://www.tspr.org/tspr-local-news/2026-09-03/why-galesburg-residents-are-getting-a-notice-about-a-forever-chemical-in-raw-water-from-unused-wells
1321339772	20260903	202609	2026	2026.6658	USAEDU	IOWA	USA					EDU													1	014	014	01	1	0.0	10	1	10	4.49678800856531	0								0								0								20260903174500	https://ai.uiowa.edu/news/2026/09/ai-discovery-initiative-help-ui-faculty-staff-explore-ai
1321339773	20260903	202609	2026	2026.6658	USAEDU	UNITED STATES	USA					EDU			MED	MEDIA						MED			1	112	112	11	3	-2.0	8	1	8	-7.02576112412178	3	Elmore County, Alabama, United States	US	USAL	AL051	32.5835	-86.15	161551	3	Elmore County, Alabama, United States	US	USAL		32.5835	-86.15	161551	3	Elmore County, Alabama, United States	US	USAL		32.5835	-86.15	161551	20260903174500	https://www.wvtm13.com/article/sheriffs-schools-warn-viral-cat-in-the-hat-social-media-trend-threats-alabama/73606565
1321339774	20260903	202609	2026	2026.6658	USAGOV	UNITED STATES	USA					GOV													0	033	033	03	1	5.2	2	1	2	0.43290043290043	3	Washington, District of Columbia, United States	US	USDC	DC001	38.8951	-77.0364	531871	0								3	Washington, District of Columbia, United States	US	USDC	DC001	38.8951	-77.0364	531871	20260903174500	https://www.thelocal.no/20260903/norwegian-ngo-to-cut-1700-jobs-after-refusing-us-aid-conditions
1321339775	20260903	202609	2026	2026.6658	USAGOV	UNITED STATES	USA					GOV													0	162	162	16	4	-5.6	2	1	2	0.43290043290043	3	Washington, District of Columbia, United States	US	USDC	DC001	38.8951	-77.0364	531871	0								3	Washington, District of Columbia, United States	US	USDC	DC001	38.8951	-77.0364	531871	20260903174500	https://www.thelocal.no/20260903/norwegian-ngo-to-cut-1700-jobs-after-refusing-us-aid-conditions
1321339776	20260903	202609	2026	2026.6658	USAGOV	UNITED STATES	USA					GOV			HLH	NURSE						HLH			1	051	051	05	1	3.4	1	1	1	1.63934426229508	3	Chicago, Illinois, United States	US	USIL	IL031	41.85	-87.6501	423587	3	Saint Mary Hospital, Illinois, United States	US	USIL		39.935	-91.3926	417538	3	Saint Mary Hospital, Illinois, United States	US	USIL		39.935	-91.3926	417538	20260903174500	https://abc7chicago.com/post/prime-healthcare-nurses-saint-mary-nazareth-hospital-chicago-olympia-fields-go-1-day-strike/19785057/
1321339777	20260903	202609	2026	2026.6658	USAGOV	UNITED STATES	USA					GOV			MNCUSA	BRANDYWINE REALTY TRUST	USA					MNC			1	040	040	04	1	1.0	2	1	2	3.16622691292876	3	Burlington, Pennsylvania, United States	US	USPA	PA015	41.7798	-76.6074	1170725	3	Burlington, Pennsylvania, United States	US	USPA	PA015	41.7798	-76.6074	1170725	3	Burlington, Pennsylvania, United States	US	USPA	PA015	41.7798	-76.6074	1170725	20260903174500	https://www.inquirer.com/real-estate/commercial/burlington-philadelphia-headquarters-move-20260903.html
1321339778	20260903	202609	2026	2026.6658	USAGOV	UNITED STATES	USA					GOV			USA	UNITED STATES	USA								1	010	010	01	1	0.0	1	1	1	-2.17391304347826	2	Florida, United States	US	USFL		27.8333	-81.717	FL	2	Florida, United States	US	USFL		27.8333	-81.717	FL	2	Florida, United States	US	USFL		27.8333	-81.717	FL	20260903174500	https://www.wesh.com/article/florida-eggs-distributed-food-banks-settlement/73606545
1321339779	20260903	202609	2026	2026.6658	USAGOV	UNITED STATES	USA					GOV			USA	UNITED STATES	USA								1	040	040	04	1	1.0	2	1	2	3.16622691292876	3	Burlington, Pennsylvania, United States	US	USPA	PA015	41.7798	-76.6074	1170725	3	Burlington, Pennsylvania, United States	US	USPA	PA015	41.7798	-76.6074	1170725	3	Burlington, Pennsylvania, United States	US	USPA	PA015	41.7798	-76.6074	1170725	20260903174500	https://www.inquirer.com/real-estate/commercial/burlington-philadelphia-headquarters-move-20260903.html
1321339780	20260903	202609	2026	2026.6658	USAGOVBUS	US TREASURY	USA					GOV	BUS												0	100	100	10	3	-5.0	2	1	2	-7.75075987841946	4	Tehran, Tehran, Iran	IR	IR26	41130	35.75	51.5148	10074674	0								4	Tehran, Tehran, Iran	IR	IR26	41130	35.75	51.5148	10074674	20260903174500	https://www.moneycontrol.com/world/iran-regime-could-fall-soon-says-netanyahu-as-us-resumes-strikes-article-14022247.html
1321339781	20260903	202609	2026	2026.6658	USAGOVBUS	US TREASURY	USA					GOV	BUS		IRN	IRAN	IRN								0	010	010	01	1	0.0	1	1	1	-7.75075987841946	4	Tehran, Tehran, Iran	IR	IR26	41130	35.75	51.5148	10074674	4	Tehran, Tehran, Iran	IR	IR26	41130	35.75	51.5148	10074674	4	Tehran, Tehran, Iran	IR	IR26	41130	35.75	51.5148	10074674	20260903174500	https://www.moneycontrol.com/world/iran-regime-could-fall-soon-says-netanyahu-as-us-resumes-strikes-article-14022247.html
1321339782	20260903	202609	2026	2026.6658	USAGOVBUS	US TREASURY	USA					GOV	BUS		IRN	IRAN	IRN								0	010	010	01	1	0.0	1	1	1	-7.75075987841946	4	Tehran, Tehran, Iran	IR	IR26	41130	35.75	51.5148	10074674	3	Washington, District of Columbia, United States	US	USDC	DC001	38.8951	-77.0364	531871	4	Tehran, Tehran, Iran	IR	IR26	41130	35.75	51.5148	10074674	20260903174500	https://www.moneycontrol.com/world/iran-regime-could-fall-soon-says-netanyahu-as-us-resumes-strikes-article-14022247.html
1321339783	20260903	202609	2026	2026.6658	USAGOVMIL	THE US	USA					GOV	MIL												0	057	057	05	1	8.0	4	1	4	-2.98136645962732	3	Washington, District of Columbia, United States	US	USDC	DC001	38.8951	-77.0364	531871	0								3	Washington, District of Columbia, United States	US	USDC	DC001	38.8951	-77.0364	531871	20260903174500	https://www.moneycontrol.com/world/trump-says-us-weapons-stockpile-reports-are-100-wrong-amid-iran-war-article-14022263.html
1321339784	20260903	202609	2026	2026.6658	USAGOVMIL	THE US	USA					GOV	MIL												0	057	057	05	1	8.0	6	1	6	-2.98136645962732	1	Ukraine	UP	UP		49	32	UP	0								1	Iran	IR	IR		32	53	IR	20260903174500	https://www.moneycontrol.com/world/trump-says-us-weapons-stockpile-reports-are-100-wrong-amid-iran-war-article-14022263.html
1321339785	20260903	202609	2026	2026.6658	USAHLH	AMERICAN	USA					HLH													0	020	020	02	1	3.0	6	1	6	-7.84463061690785	2	Washington, United States	US	USWA		47.3917	-121.571	WA	0								2	Washington, United States	US	USWA		47.3917	-121.571	WA	20260903174500	https://www.medicaldaily.com/washington-raw-milk-e-coli-dungeness-valley-creamery-no-recall-478174
1321339786	20260903	202609	2026	2026.6658	USAJUD	UNITED STATES	USA					JUD													1	030	030	03	1	4.0	1	1	1	-8.94039735099338	3	Richmond County, Georgia, United States	US	USGA	GA245	33.3668	-82.0998	358024	0								3	Richmond County, Georgia, United States	US	USGA		33.3668	-82.0998	358024	20260903174500	https://www.wrdw.com/2026/09/03/richmond-county-sheriff-calls-friday-news-conference-amid-week-turmoil/
1321339787	20260903	202609	2026	2026.6658	USAJUD	UNITED STATES	USA					JUD													1	030	030	03	1	4.0	1	1	1	-8.94039735099338	2	Georgia, United States	US	USGA		32.9866	-83.6487	GA	0								2	Georgia, United States	US	USGA		32.9866	-83.6487	GA	20260903174500	https://www.wrdw.com/2026/09/03/richmond-county-sheriff-calls-friday-news-conference-amid-week-turmoil/
1321339788	20260903	202609	2026	2026.6658	USAJUD	MINNESOTA	USA					JUD													0	112	112	11	3	-2.0	6	1	6	-7.64617691154423	2	Minnesota, United States	US	USMN		45.7326	-93.9196	MN	0								2	Minnesota, United States	US	USMN		45.7326	-93.9196	MN	20260903174500	https://www.click2houston.com/news/politics/2026/09/03/ap-source-ice-officer-charged-with-lying-to-investigators-in-the-shooting-of-venezuelan-man/
1321339789	20260903	202609	2026	2026.6658	USAJUD	KENTUCKY	USA					JUD													0	120	120	12	3	-4.0	6	1	6	1.09965635738832	2	Kentucky, United States	US	USKY		37.669	-84.6514	KY	0								2	Kentucky, United States	US	USKY		37.669	-84.6514	KY	20260903174500	https://www.workerscompensation.com/daily-headlines/ky-supreme-court-rejects-fee-first-rule-in-employer-subrogation-case/
1321339790	20260903	202609	2026	2026.6658	USAJUD	MINNESOTA	USA					JUD			CHR	CHRISTIAN				CHR					1	173	173	17	4	-5.0	2	1	2	-10.05291005291	2	Minnesota, United States	US	USMN		45.7326	-93.9196	MN	1	Venezuela	VE	VE		8	-66	VE	1	Venezuela	VE	VE		8	-66	VE	20260903174500	https://edition.cnn.com/2026/09/03/politics/ice-officer-christian-castro-federal-charges
1321339791	20260903	202609	2026	2026.6658	USAJUD	MINNESOTA	USA					JUD			CHR	CHRISTIAN				CHR					1	180	180	18	4	-9.0	6	1	6	-10.05291005291	2	Minnesota, United States	US	USMN		45.7326	-93.9196	MN	2	Minnesota, United States	US	USMN		45.7326	-93.9196	MN	2	Minnesota, United States	US	USMN		45.7326	-93.9196	MN	20260903174500	https://edition.cnn.com/2026/09/03/politics/ice-officer-christian-castro-federal-charges
1321339792	20260903	202609	2026	2026.6658	USAJUD	TENNESSEE	USA					JUD			JUD	CHANCERY						JUD			0	120	120	12	3	-4.0	10	1	10	-5.18672199170124	2	Tennessee, United States	US	USTN		35.7449	-86.7489	TN	2	Tennessee, United States	US	USTN		35.7449	-86.7489	TN	2	Tennessee, United States	US	USTN		35.7449	-86.7489	TN	20260903174500	https://baptistnews.com/article/jewish-couple-asks-tennessee-court-to-end-adoption-discrimination/
1321339793	20260903	202609	2026	2026.6658	USAJUD	PITTSBURGH	USA					JUD			USA	UNITED STATES	USA								1	173	173	17	4	-5.0	1	1	1	-3.90625	2	Pennsylvania, United States	US	USPA		40.5773	-77.264	PA	3	Pennsylvania State University, Pennsylvania, United States	US	USPA		40.804	-77.8572	1183543	3	Pennsylvania State University, Pennsylvania, United States	US	USPA		40.804	-77.8572	1183543	20260903174500	https://www.abajournal.com/news/article/lawyer-helped-retrieve-hidden-safe-containing-cocaine-after-sons-arrest-in-penn-state-drug-ring-former-frat-brother-testifies
1321339794	20260903	202609	2026	2026.6658	USAJUD	MINNESOTA	USA					JUD			VEN	VENEZUELA	VEN								1	180	180	18	4	-9.0	4	1	4	-10.05291005291	2	Minnesota, United States	US	USMN		45.7326	-93.9196	MN	1	Venezuela	VE	VE		8	-66	VE	1	Venezuela	VE	VE		8	-66	VE	20260903174500	https://edition.cnn.com/2026/09/03/politics/ice-officer-christian-castro-federal-charges
1321339795	20260903	202609	2026	2026.6658	USALEG	UNITED STATES	USA					LEG													0	050	050	05	1	3.5	2	1	2	3.04878048780487	2	West Virginia, United States	US	USWV		38.468	-80.9696	WV	0								3	White Sulphur Springs, West Virginia, United States	US	USWV		37.7965	-80.2976	1555971	20260903174500	https://wvmetronews.com/2026/09/03/justice-100-percent-considering-run-for-governor-in-2028/
1321339796	20260903	202609	2026	2026.6658	USALEG	NORTH DAKOTA	USA					LEG			LEG	LEGISLATURE						LEG			0	071	071	07	2	7.4	6	1	6	0	2	Illinois, United States	US	USIL		40.3363	-89.0022	IL	2	Illinois, United States	US	USIL		40.3363	-89.0022	IL	2	Illinois, United States	US	USIL		40.3363	-89.0022	IL	20260903174500	https://www.perhamfocus.com/news/local/first-step-corridor-identification-and-development-of-passenger-rail-service-almost-complete
1321339797	20260903	202609	2026	2026.6658	USAMED	THE ASSOCIATED PRESS	USA					MED			BEL	BELGIUM	BEL								1	042	042	04	1	1.9	1	1	1	3.125	4	Zurich, ZüSZ, Switzerland	SZ	SZ25	26310	47.3667	8.55	-2554935	1	Belgium	BE	BE		50.833333	4	BE	1	Belgium	BE	BE		50.833333	4	BE	20260903174500	https://www.arabnews.com/offbeat/scientists-studying-cockroach-milk-and-nose-blowing-win-ig-nobel-prizes-for-quirky-science-3000418
1321339798	20260903	202609	2026	2026.6658	USAMED	THE ASSOCIATED PRESS	USA					MED			BEL	BELGIUM	BEL								1	043	043	04	1	2.8	1	1	1	3.125	4	Zurich, ZüSZ, Switzerland	SZ	SZ25	26310	47.3667	8.55	-2554935	1	Belgium	BE	BE		50.833333	4	BE	1	Belgium	BE	BE		50.833333	4	BE	20260903174500	https://www.arabnews.com/offbeat/scientists-studying-cockroach-milk-and-nose-blowing-win-ig-nobel-prizes-for-quirky-science-3000418
1321339799	20260903	202609	2026	2026.6658	USAMED	WASHINGTON	USA					MED			MED	CORRESPONDENT						MED			1	046	046	04	1	7.0	1	1	1	-0.28328611898017	3	Washington, District of Columbia, United States	US	USDC	DC001	38.8951	-77.0364	531871	3	White House, District of Columbia, United States	US	USDC		38.8951	-77.0364	531871	3	Washington, District of Columbia, United States	US	USDC	DC001	38.8951	-77.0364	531871	20260903174500	https://www.newsday.com/entertainment/tv/norah-odonnell-cbs-mornings-pp2wwbde
1321339800	20260903	202609	2026	2026.6658	USAMIL	THE US	USA					MIL													1	040	040	04	1	1.0	5	1	5	2.89855072463769	2	California, United States	US	USCA		36.17	-119.746	CA	0								2	California, United States	US	USCA		36.17	-119.746	CA	20260903174500	https://www.naval-technology.com/news/kongsberg-sonatech-acquisition-us/
1321339801	20260903	202609	2026	2026.6658	USAREL	UNITED STATES	USA								CHR	CHRISTIAN				CHR					0	010	010	01	1	0.0	2	1	2	-8.44748858447488	2	Texas, United States	US	USTX		31.106	-97.6475	TX	1	Venezuela	VE	VE		8	-66	VE	2	Minnesota, United States	US	USMN		45.7326	-93.9196	MN	20260903174500	https://www.fox4news.com/news/feds-charges-ice-agent-lying-about-minneapolis-shooting-report
1321339802	20260903	202609	2026	2026.6658	USAREL	UNITED STATES	USA								VEN	VENEZUELA	VEN								0	0353	035	03	1	7.0	2	1	2	-8.44748858447488	2	Texas, United States	US	USTX		31.106	-97.6475	TX	1	Venezuela	VE	VE		8	-66	VE	2	Texas, United States	US	USTX		31.106	-97.6475	TX	20260903174500	https://www.fox4news.com/news/feds-charges-ice-agent-lying-about-minneapolis-shooting-report
1321339803	20260903	202609	2026	2026.6658	VEN	VENEZUELAN	VEN																		1	015	015	01	1	0.0	10	1	10	-8.13008130081301	1	Venezuela	VE	VE		8	-66	VE	0								1	Venezuela	VE	VE		8	-66	VE	20260903174500	https://www.wbrz.com/news/venezuelan-man-sentenced-to-10-years-in-prison-after-he-tried-to-solicit-sex-from-agent-posing-as-teen
1321339804	20260903	202609	2026	2026.6658	VEN	VENEZUELAN	VEN								COP	PRISON						COP			1	173	173	17	4	-5.0	10	1	10	-8.13008130081301	1	United States	US	US		39.828175	-98.5795	US	1	United States	US	US		39.828175	-98.5795	US	1	United States	US	US		39.828175	-98.5795	US	20260903174500	https://www.wbrz.com/news/venezuelan-man-sentenced-to-10-years-in-prison-after-he-tried-to-solicit-sex-from-agent-posing-as-teen
1321339805	20260903	202609	2026	2026.6658	VEN	VENEZUELA	VEN								COP	PRISON						COP			1	173	173	17	4	-5.0	4	1	4	-8.13008130081301	1	Venezuela	VE	VE		8	-66	VE	1	United States	US	US		39.828175	-98.5795	US	1	United States	US	US		39.828175	-98.5795	US	20260903174500	https://www.wbrz.com/news/venezuelan-man-sentenced-to-10-years-in-prison-after-he-tried-to-solicit-sex-from-agent-posing-as-teen
1321339806	20260903	202609	2026	2026.6658	VEN	VENEZUELAN	VEN								COP	PRISON						COP			1	173	173	17	4	-5.0	6	1	6	-8.13008130081301	1	Venezuela	VE	VE		8	-66	VE	1	United States	US	US		39.828175	-98.5795	US	1	Venezuela	VE	VE		8	-66	VE	20260903174500	https://www.wbrz.com/news/venezuelan-man-sentenced-to-10-years-in-prison-after-he-tried-to-solicit-sex-from-agent-posing-as-teen
1321339807	20260903	202609	2026	2026.6658	VEN	VENEZUELA	VEN								USA	UNITED STATES	USA								0	112	112	11	3	-2.0	1	1	1	-8.44748858447488	1	Venezuela	VE	VE		8	-66	VE	1	Venezuela	VE	VE		8	-66	VE	1	Venezuela	VE	VE		8	-66	VE	20260903174500	https://www.fox4news.com/news/feds-charges-ice-agent-lying-about-minneapolis-shooting-report
1321339808	20260903	202609	2026	2026.6658	VNM	VIETNAM	VNM																		1	042	042	04	1	1.9	10	1	10	0.64102564102564	0								0								0								20260903174500	https://www.wbrz.com/news/vietnam-traveling-memorial-wall-headed-to-zachary-in-november
1321339809	20260903	202609	2026	2026.6658	ZAF	SOUTH AFRICAN	ZAF								MWI	MALAWI	MWI								1	073	073	07	2	7.4	1	1	1	-2.74509803921568	1	South Africa	SF	SF		-30	26	SF	1	South Africa	SF	SF		-30	26	SF	1	South Africa	SF	SF		-30	26	SF	20260903174500	https://www.ecr.co.za/news/news/sa-sisters-arrive-home-after-malawi-trafficking-ordeal/
1321339810	20260903	202609	2026	2026.6658	ZAF	KWAZULU NATAL	ZAF								NPL	NEPAL	NPL								1	090	090	09	2	-2.0	2	1	2	-2.44988864142539	4	Kwazulu, Eastern Cape, South Africa	SF	SF05	77353	-31.2895	29.4551	-1250484	4	Kathmandu, Bagmati, Nepal	NP	NP01	22353	27.7167	85.3167	-1022136	4	Kathmandu, Bagmati, Nepal	NP	NP01	22353	27.7167	85.3167	-1022136	20260903174500	https://www.ecr.co.za/news/news/kzn-mother-to-search-for-missing-daughter-in-nepal/
1321339811	20260903	202609	2026	2026.6658	ZWE	ZIMBABWEAN	ZWE								CHN	CHINA	CHN								1	020	020	02	1	3.0	8	1	8	3.69230769230769	4	Xiangtan, Sichuan, China	CH	CH32	13003	31.4819	106.901	-1931720	4	Xiangtan, Sichuan, China	CH	CH32	13003	31.4819	106.901	-1931720	4	Xiangtan, Sichuan, China	CH	CH32	13003	31.4819	106.901	-1931720	20260903174500	http://www.bignewsnetwork.com/news/279284229/zimbabwean-think-tank-calls-for-greater-china-africa-research-cooperation
1321339812	20260903	202609	2026	2026.6658	bar	BARI			bar																1	036	036	03	1	4.0	3	1	3	-0.28328611898017	3	White House, District of Columbia, United States	US	USDC		38.8951	-77.0364	531871	0								3	White House, District of Columbia, United States	US	USDC		38.8951	-77.0364	531871	20260903174500	https://www.newsday.com/entertainment/tv/norah-odonnell-cbs-mornings-pp2wwbde
1321339813	20260903	202609	2026	2026.6658	bar	BARI			bar						USA	UNITED STATES	USA								1	036	036	03	1	4.0	2	1	2	-0.28328611898017	3	Washington, District of Columbia, United States	US	USDC	DC001	38.8951	-77.0364	531871	3	Washington, District of Columbia, United States	US	USDC	DC001	38.8951	-77.0364	531871	3	Washington, District of Columbia, United States	US	USDC	DC001	38.8951	-77.0364	531871	20260903174500	https://www.newsday.com/entertainment/tv/norah-odonnell-cbs-mornings-pp2wwbde
1321339814	20260903	202609	2026	2026.6658	nep	NEPALI			nep																0	010	010	01	1	0.0	10	1	10	-2.44988864142539	4	Kathmandu, Bagmati, Nepal	NP	NP01	22353	27.7167	85.3167	-1022136	0								4	Kathmandu, Bagmati, Nepal	NP	NP01	22353	27.7167	85.3167	-1022136	20260903174500	https://www.ecr.co.za/news/news/kzn-mother-to-search-for-missing-daughter-in-nepal/
